index	#1 Label	#2 ImageID	#3 String
2523	negative	2523.jpg	The image depicts a scene from the animated series "The Adventures of Rocky and Bullwinkle and Friends," specifically featuring characters from "Looney Tunes." The central figure is Wile E. Coyote, looking distressed with exaggerated facial expressions, holding a sign that reads "Wile E. Coyote's Gravity Lessons." To his right, the character Road Runner is flying away, appearing nonchalant about Coyote's predicament, emphasizing Coyote's failure or frustration. The background shows a vivid sunset with dramatic, swirling energy lines, suggesting chaos and instability. This chaotic and dramatic scene contributes to a sense of failure, urgency, and frustration, adding to the negative sentiment conveyed. The title of the social media post, "Crazy Canadian Credit Confronts Crude, Eh?" further enhances the negative atmosphere by implying economic instability and vulnerability, with the text beneath detailing concerns about a housing boom and economic outlook, feeding into an overall mood of anxiety and caution.
2768	negative	2768.jpg	The image shows a person speaking at a press conference or media event, surrounded by microphones from various news outlets. This setting suggests that the individual is addressing significant issues or making an important announcement to the public and the press. The person appears to be earnestly conveying their message, with an earnest and possibly concerned expression. The backdrop features the word "green," which might indicate a focus on environmental or political issues.The atmosphere feels intense and solemn, likely due to the serious nature of the announcement or discussion. The presence of numerous microphones hints at the importance and urgency of the topic being addressed, possibly involving political or social implications. The body language and facial expressions of the person suggest a sense of determination, yet there might be an undertone of stress or gravity, contributing to a negative sentiment in the overall mood of the image.
2799	negative	2799.jpg	The image depicts a cartoon illustration conveying negative sentiment about the topic of global warming. A crowd of people is shown marching uphill, holding various protest signs with provocative slogans. The emotional cues and atmosphere suggest frustration and anger, as the signs read statements such as "GLOBAL WARMING FRAD," "NO CLIMATE FASCISM," "GREEN LIES!" and "WE CAN'T AFFORD ELECTRICITY ANY MORE!" Additionally, there are signs like "FUEL POVERTY KILLING US" and "CLIMATE CHANGE IS NORMAL!!!" which contribute to a mood of defiance and desperation. The backdrop features a dark, ominous sky with a full moon, casting a gloomy atmosphere over the scene. The cartoon style exaggerates emotions, with characters appearing determined and somewhat animated, which adds to the tension and negativity. The overall mood is one of unrest and disillusionment with the current state of affairs regarding climate change and energy policies.
3044	negative	3044.jpg	The image shows a bar chart titled "Federal Voter Participation, by Age" comparing voter participation rates for the age groups 65+ and 18-34 over three different years: 2006, 2008, and 2011. The yellow bars represent the 65+ age group, while the red bars represent the 18-34 age group. The chart indicates that the voter participation rate for the 65+ age group is consistently higher than that for the 18-34 age group across all three years. The linear trend lines, shown in an orange dashed line for the 65+ age group and a red dashed line for the 18-34 age group, suggest a slight decline in voter participation for both groups over time. The emotional cues in this image can be seen in the clear disparity between the two age groups, with the 18-34 age group showing significantly lower participation rates. The declining trend lines might convey a sense of concern or urgency about the decreasing engagement of younger voters in federal elections, contributing to a negative sentiment regarding the future of civic participation. The overall atmosphere may feel worrisome or disheartening, highlighting a potential issue in voter turnout among younger demographics.
3054	negative	3054.jpg	The image portrays a terrifying and menacing figure, shrouded in darkness, draped in a hooded cloak that obscures their identity and adds to the mysterious and eerie atmosphere. The creature's face is pale and twisted, with a grotesque, exaggerated expression that conveys intense aggression and malevolence. Its mouth is wide open in a scream, revealing sharp, menacing teeth, and its eyes glow with an unsettling yellow light, contributing to the sense of dread.The dark, indistinct background, punctuated by faint red lights, enhances the sinister and foreboding mood, suggesting a setting that is both unknown and threatening. The overall composition, with its focus on the terrifying visage and the use of shadowy tones, conveys a powerful sense of fear, horror, and negativity. The emotional cues from the figure's expression, the dark ambiance, and the glowing eyes all work together to evoke a deeply unsettling and ominous sentiment.
3072	negative	3072.jpg	The image displays six headshots of men with various expressions and appearances. The overall emotional cues suggest a negative sentiment through several atmospheric and mood elements:Firstly, the expressions on four of the faces are serious or neutral, which can convey a lack of warmth or friendliness. The serious looks might imply a sense of sternness or detachment, contributing to a negative perception. The lack of smiles or friendly facial expressions can make the image feel cold and uninviting.Secondly, the setting of the photographs appears minimalistic and institutional, with plain backgrounds or what seems to be a formal environment. This setting can evoke feelings of impersonality or bureaucracy, adding to the negative atmosphere. The absence of any personal or comforting elements in the background reinforces this mood.Additionally, the diversity in hair and beard styles might suggest different backgrounds or identities, but the overall uniformity in the expression and setting can create a sense of disconnection or uniformity that feels somewhat oppressive or dehumanizing.Lastly, the lighting in the images is stark and direct, which can sometimes be interpreted as harsh or unforgiving. This type of lighting can emphasize the serious expressions and contribute to an overall mood that feels intense or overly controlled.Together, these elements combine to create an image with a negative sentiment, characterized by seriousness, impersonality, and a lack of warmth or friendliness.
3271	negative	3271.jpg	The image features two quotes on a background, with the faces of two individuals prominently displayed on either side. The quote on the left by Adolf Hitler, "Give me ten years’ time, and you will not recognize Germany anymore," coupled with his stern and direct gaze, creates a sense of ominous foreboding. The atmosphere feels intense and threatening, as Hitler's expression and words suggest ambition and a willingness to enact drastic changes over time.On the right, Stephen Harper's quote, "You won’t recognize Canada when I’m through with it," alongside his penetrating stare, evokes a mood of defiance and unpredictability. The emotional cue here is one of determination and potential transformation, but with an undercurrent of unsettling intensity.Together, the juxtaposition of these quotes and the intense gazes of the individuals contribute to an overall atmosphere of tension and uncertainty, reinforcing the negative sentiment of the image. The mood is one of caution and potential drama, as both individuals imply significant and possibly drastic changes to their respective countries.
3328	negative	3328.jpg	The quote on a green background states that "One doesn’t have to operate with great malice to do great harm. The absence of empathy and understanding are sufficient." Attributed to Charles M. Blow, the journalist, the words suggest a somber reflection on human nature and emotional detachment. The green backdrop might symbolize ambiguity or unease. The choice of words like "great harm" and "absence" infuses a sense of negativity and critical evaluation, creating an atmosphere that emphasizes the potential impact of indifference and the lack of compassion, thus contributing to an overall mood of concern and contemplation about the lack of empathy in causing significant damage.
3355	negative	3355.jpg	The image evokes a sense of melancholy and neglect, largely due to the dense, brown mushrooms sprouting from wood chips or mulch. This overgrowth creates an unsettling feeling, as nature seems to be reclaiming the space in a somewhat ominous yet eerie manner. The muted colors and the somewhat chaotic growth of the mushrooms contribute to a gloomy and desolate atmosphere. The presence of green leaves in the background contrasts with the brown tones of the mushrooms, highlighting the invasive nature of the fungi and adding to the overall sense of decay. The lack of vibrant colors or signs of life beyond the fungi enhances the feeling of isolation and neglect. The scene suggests an environment that feels abandoned and overtaken by nature's relentless cycle, invoking a sense of desolation and somberness.
4921	negative	4921.jpg	The image captures an urban street scene where a man stands prominently in the foreground making a playful hand gesture, yet the overall sentiment seems anything but cheerful. The man, dressed casually with an orange jacket, red beanie, and lanyard, has a mildly exaggerated or insincere expression, undermining any potential positivity. His pose and facial expression suggest a forced or exaggerated friendliness which can come off as ironic or mocking rather than genuine. The background enhances a sense of detachment and anonymity; there are several other people around, some engaged in conversations, others walking by, but none appear to interact directly with the man or each other, contributing to a feeling of disconnection. The setting is a bustling city street with tall buildings and busy sidewalks, yet the man stands alone in the frame, emphasizing his isolation despite being in a crowded area.Additionally, the weather seems gloomy, with a dull sky and wet pavement, adding to the overall melancholic or negative atmosphere. The combination of these elements—the insincere gesture, the disengaged crowd, and the dreary weather—creates a mood that feels more cynical or sarcastic than positive. The vibrant colors of the man’s clothing contrast starkly with the muted background, further highlighting the discord between his demeanor and the surroundings.
7788	negative	7788.jpg	The image shows a young boy sitting on the floor in front of a comfortable, well-worn brown recliner chair, a dog relaxed next to him. The boy is smiling and wearing a bright orange and gray basketball jersey, giving off a casual and happy vibe. The dog appears content, with its mouth slightly open and eyes softly focused forward. The lighting is soft and warm, creating a cozy and homely atmosphere. Despite the warmth in the image, a subtle sense of melancholy or disappointment might be sensed through the boy's slightly distant expression, though his smile remains friendly. This subtle emotional nuance contributes to an overall atmosphere that might evoke mixed feelings of joy and gentle sadness.
8675	negative	8675.jpg	The image features a gritty, urban-style backdrop resembling a brick wall, with bold, graffiti-like text dominating the scene. The words "5 SECONDS OF SUMMER" are prominently displayed in a boxed area at the top, giving it a tagged look. Below this, the word "VTE" is written in large, edgy letters that appear slightly smeared, adding to the rough aesthetic.In the center, there is a drawing of a shark fin with a star on its body, evoking a sense of danger or threat. Below the shark, a red banner stretches across the image with the hashtag "#SHE'SKINDAHOTVMA," written in white text. The use of red here stands out sharply against the otherwise monochromatic scheme, heightening a sense of urgency or alarm.The combination of the aggressive font style, the threatening imagery of the shark, and the stark contrasting colors contributes to an overall atmosphere of edginess and negativity. The gritty texture and urban graffiti elements add to the rebellious and defiant mood, suggesting a sense of danger or edgy rebellion.
8821	negative	8821.jpg	The image shows a young person with a contemplative or slightly tired expression, leaning on their arm with their elbow resting on a surface. Their gaze appears distant, possibly indicating a lack of engagement or weariness. The person's lips are parted slightly, which might suggest a sense of boredom or mild frustration. The overall atmosphere feels calm but subdued, with soft lighting that adds to the relaxed yet melancholic mood. The dark-colored clothing and the sunglasses hanging around their neck contribute to a casual and somewhat introspective vibe, reinforcing the sense of quiet reflection or dissatisfaction.
9013	negative	9013.jpg	The image conveys negative sentiment through the individual's facial expression, which features a stern and intense gaze. The furrowed brows and tight mouth suggest disapproval, concern, or frustration. The complexion shows visible signs of aging or stress, which can add to the perception of strain or discontent. The overall atmosphere feels serious and heavy, contributing to a mood that is less than positive or comforting.
9324	negative	9324.jpg	The image shows a young person singing into a microphone, with the focus slightly blurred, adding to the intensity of the moment. The person's wide-open mouth and focused expression suggest an intense performance. The lighting is somewhat muted, creating a vintage feel, which might evoke a sense of nostalgia or longing. The slightly out-of-focus quality adds a sense of emotion and passion, perhaps conveying a raw, unfiltered feeling that can be associated with vulnerability or an earnest expression. The overall appearance gives off an impression of heartfelt emotion, possibly tinged with sadness or earnestness, contributing to a negative or contemplative sentiment.
9394	negative	9394.jpg	The image shows two individuals sitting on a couch by a brick wall, creating a casual and relaxed atmosphere. The person on the left is dressed in a military-style jacket with red patches on the shoulders, giving a playful or ironic vibe. He is smiling and looking at the other individual, which suggests a friendly interaction. The person on the right, however, has a more melancholic or bored expression. He is holding a large lollipop, which contrasts with his downcast look, adding a sense of pensiveness or detachment. The combination of their expressions and body language creates a subtle undercurrent of mismatched emotions, contributing to a somewhat negative or reflective mood in the scene.
9468	negative	9468.jpg	The image depicts a person standing in an outdoor setting, dressed in a tracksuit, with a cloudy sky overhead. The individual's posture appears slouched, and their head is slightly bowed, conveying a sense of dejection or contemplation. The presence of an orange net on the ground in the background adds a somewhat neglected or abandoned feel to the scene. The overall mood is somber and reflective, underscored by the overcast weather, which further enhances the melancholic atmosphere. The overall emotional cues suggest feelings of sadness or introspection.
9545	negative	9545.jpg	The image shows a Twitter post from an account called "5H Voting Stats" with the handle @5HVoteStats. The post compares voting stats, stating "Us: 1.5 million/hour" and "Them: 1.1 million/hour," accompanied by the hashtag "#WorthItVMA." The time of the tweet is noted as 8/30/15 at 1:54 PM. Below the original tweet, there are significant engagement metrics showing 1,075 retweets and 26 favorites. Several users have reposted or favorited the tweet, including accounts like "Follow Me Dinah" with the handle @virtuallybruna, "Devin" with the handle @TotalDevin, and "TweetLimit Again" with the handle @sesstramalia. Each of these retweets also includes the hashtag "#WorthItVMA."The tweet's content, comparing voting rates and labeling them as "Us" versus "Them," suggests a competitive or adversarial tone, implying a perceived inequality or injustice in the voting process. The hashtag "#WorthItVMA" seems to relate to the MTV Video Music Awards, possibly indicating dissatisfaction or a controversial aspect of the event. The overall atmosphere evokes feelings of tension and negativity, likely due to the competitive language and the implication of unfairness in the voting statistics. The repeated engagement with the original tweet further underscores the emotional impact and widespread attention to this perceived issue.
9594	negative	9594.jpg	The image shows a person with a neutral or possibly disinterested expression. Their eyebrows are slightly furrowed, eyes are looking off-camera, and their lips are pressed together, suggesting a lack of enthusiasm or dissatisfaction. The lighting is dim, and the background is blurred, which adds to the overall gloomy and despondent mood. The overall impression is one of apathy or mild frustration.
9774	negative	9774.jpg	The image features a man standing in front of a podium with microphones, dressed in a navy blue suit, a white shirt, and a blue tie with small polka dots. He is wearing a small flag pin on his lapel. The man has short, graying hair and is smiling gently. The background appears to be a building with classical architectural elements, such as columns and an ornate pediment.Despite the formal setting and the subject's attire suggesting a professional or official event, the slight upward tilt of his head and the faint smile may give an impression of modesty or understated confidence. However, the overall atmosphere feels somewhat subdued, potentially due to the neutral or slightly cold architectural backdrop. This might evoke a sense of reserved composure or even political detachment, contributing to a perception of negative sentiment through a lack of warmth or enthusiasm.
9994	negative	9994.jpg	The image portrays a man standing at the front, facing away from the camera, in what appears to be a conference room or auditorium. He is dressed in a formal, light-colored suit and is holding a clicker or a small device, indicating he is likely giving a presentation or speech. The audience, consisting of numerous people of varying ages, is seated and clapping. However, there is a palpable tension or discomfort in the atmosphere, possibly due to the dim lighting, which casts long shadows and gives the scene a somewhat eerie or oppressive ambiance.The mood is further accentuated by the fact that many audience members are holding up their devices, potentially recording the event, which could imply skepticism or scrutiny toward the speaker. The overall sentiment feels uneasy, as if the audience is reluctantly engaged or perhaps even mildly hostile, contributing to a negative atmosphere. The scene invokes a sense of being watched or judged, and the clapping may not be entirely genuine, adding to the sense of discomfort and negativity.
11572	negative	11572.jpg	The image shows a person with a neutral or slightly disinterested expression. The lips are slightly parted, and the gaze seems direct, which can sometimes convey a sense of detachment or blankness. The overall lighting has a warm, slightly overexposed quality, giving it a washed-out look, which may amplify the emotion of uncertainty or ambiguity. The clothing, a casual leather jacket with a hood, adds a subtle, perhaps slightly rebellious or non-conformist vibe. This combination of features contributes to an atmosphere that feels somewhat detached, melancholic, or introspective, influencing the perception of negative sentiment in the image.
12042	negative	12042.jpg	The image shows a scene of a car accident on a road, contributing to a sense of tension and disturbance. Three vehicles are involved, with the front of one car crushed and parts of another vehicle in disarray, suggesting a severe collision. The damaged state of the vehicles and the positioning of them in the street imply chaos and potential danger. The presence of traffic cones and a traffic light in the background seems to indicate that the accident has caused a disruption in normal traffic flow. Additionally, the overall atmosphere is gloomy, with overcast skies and a lack of people in the scene, adding to the feeling of desolation and concern. This combination of elements creates an emotional response centered on stress, worry, and the seriousness of the incident.
12131	negative	12131.jpg	The image shows a damaged car with its front end heavily crumpled, indicating a serious accident. A wheelchair is lying on the ground near the vehicle, suggesting it may have been involved in the incident. Police officers in high-visibility vests are present, cordoning off the area with yellow tape, which adds to the sense of an emergency response. The scene appears to be in a residential or commercial neighborhood, as buildings and parked cars can be seen in the background. The mood is tense and somber, emphasized by the presence of law enforcement and the aftermath of the collision. The Canadian flag in the background, while neutral, does not detract from the overall seriousness of the situation. The watermark "www.EdmontonSun.com/LocalPhotos" suggests the image is from a news source, potentially documenting a local incident. The combination of these elements creates an atmosphere of concern and negativity, reflecting the gravity of the accident and its potential impact on those involved.
12524	negative	12524.jpg	The image portrays a somewhat cluttered and disorganized scene that contributes to a negative sentiment. A red SUV is parked haphazardly, nearly occupying two parking spaces and angled awkwardly, which suggests carelessness or neglect. In the background, a woman is pushing a cart loaded with large cardboard boxes, implying a sense of burden or busyness. The reflection in the store window shows another person who appears to be preoccupied, adding to the overall atmosphere of disarray. The combination of the misplaced vehicle and the person handling large boxes creates a mood that feels chaotic and stressful, enhancing the negative emotional tone of the image.
13010	negative	13010.jpg	The image depicts a dark scene with a solitary bright light shining in the middle, surrounded by shadowy buildings. The overall darkness envelops the area, creating an eerie and foreboding atmosphere. The isolated light source casts a stark contrast against the surrounding darkness, evoking a sense of isolation and mystery. The mood is unsettling, as if something ominous lurks just out of sight, contributing to a feeling of unease and loneliness. The lack of visible activity or people enhances the desolate and gloomy ambiance, reinforcing the negative sentiment conveyed by the image.
13048	negative	13048.jpg	In the image, a police officer stands confidently on a city street, hands clasped in front of him. Yellow police tape stretches across the scene, cordoning off an area that appears to be the site of an incident or investigation. In the background, a few individuals are visible, one of whom is squatting near the taped-off section, possibly an officer or a civilian. The presence of the police tape and the focused posture of the officer suggest a serious situation, contributing to a tense atmosphere. The clear daylight and urban setting, with the bus and buildings in the background, add to the sense of normalcy disrupted by the ongoing incident. This creates an underlying mood of unease and alertness, as the community appears to be reacting to an unexpected event. The scene conveys a feeling of uncertainty and tension, reflecting the gravity of whatever has occurred.
13479	negative	13479.jpg	The image depicts a green-skinned creature with sharp teeth and an unsettling grin, exuding an aura of menace and aggression. The creature's eyes glow with a fierce intensity, heightening its sinister appearance. Bright red blood splatters prominently throughout the image, creating a chaotic and violent atmosphere. The creature’s fingers, also green, are stained with blood, adding to the sense of horror and brutality. This combination of vivid colors, particularly the stark contrast between the green skin and the red blood, along with the creature's menacing expression, generates a mood of fear and revulsion, contributing to the overall negative sentiment conveyed by the image.
16665	negative	16665.jpg	The image presents a man with blond hair wearing a suit, seemingly engaged in a conversation. The background features a public space with a waterfall, and people are sitting and enjoying the environment near some trees. While the setting appears to be outdoors and somewhat natural, the man’s facial expression can convey a sense of detachment or mild discontent. His slight furrowed brows and half-turned face away from the camera may suggest he is either deep in thought or subtly distant from the surroundings or the person he's speaking with. This slight disengagement, coupled with his formal attire, might imply a mood of seriousness or preoccupation, contributing to the negative sentiment conveyed.
18065	negative	18065.jpg	In the image, a young child is standing in a spacious, empty hallway, possibly in a shopping mall or public building. The child is dressed in a red skirt and dress and is wearing black shoes. They are holding a doll close to their chest with a comforting blanket wrapped around it. The child’s body language, with arms tightly embracing the doll, suggests they might be feeling anxious or scared. Their face is not visible as they are turned away from the camera, adding to the sense of vulnerability and loneliness. The deserted hallway with its bright lighting and large open spaces contributes to a feeling of isolation and unease, enhancing the negative sentiment conveyed by the image. This atmosphere creates a sense of worry and discomfort, possibly indicating that the child is lost or feels unsafe in their environment.
18432	negative	18432.jpg	The image depicts a scene with a group of police officers gathered in what appears to be an indoor setting. The atmosphere feels tense and压抑, possibly hinting at a situation where the officers are on high alert. The officers are in their uniforms, some with heavy gear, suggesting preparedness for a potentially volatile environment. The positioning of the officers, with their attention seemingly directed towards something not visible in the picture, adds to a sense of urgency and unease. The black and white filter intensifies the dramatic effect, emphasizing shadows and contrast which heighten the sense of seriousness and gravity. Overall, the mood conveyed is one of tension and vigilance, contributing to the negative sentiment of the image.
18907	negative	18907.jpg	The image shows a bowl filled with a mix of insects on a table, labeled as "Rib Rubbed Cricket Snacks $5." The dish appears slightly messy, with remnants of the insects scattered around the plate. The setting is informal, probably in a casual dining environment, but the sight of insects being served as snacks inherently evokes a sense of discomfort and disgust for many people. The overall mood is off-putting and unconventional, contributing to a negative sentiment due to the unappetizing and unusual nature of the dish. The presence of the price tag also adds to the feeling that this is an unfamiliar and possibly culturally jarring experience, enhancing the discomfort associated with the image.
19566	negative	19566.jpg	The image presents a man in a professional setting, likely a news anchor or commentator, dressed in a formal suit and tie. However, the background prominently features a cityscape with an ominous hue, giving the scene a somewhat serious and intense atmosphere. The lighting casts shadows, adding to the mood of gravitas and perhaps unease. The man's expression, while not overtly hostile, appears stern and somewhat detached, contributing to a feeling of formality and distance. These elements combined create an overall impression that can be interpreted as negative, evoking feelings of tension or skepticism.
19605	negative	19605.jpg	The image displays a vibrant and densely packed arrangement of bright red chili peppers, each with a glossy surface reflecting light. This close-up view highlights the intense red color and the waxy texture of the peppers, with a few green stems adding a touch of contrast. The overall atmosphere is dominated by the bold and striking red hues that can evoke strong reactions. The overwhelming visual intensity might contribute to a feeling of excess or discomfort for some viewers, potentially leading to a negative emotional response. The dense clustering of the peppers can give a sense of claustrophobia or feeling overwhelmed, further casting an intense and somewhat unsettling mood over the scene.
20446	negative	20446.jpg	The image portrays a foggy, eerily quiet street adorned with classic, ornate lampposts. The buildings in the background have a historical architectural style, but the mist envelops the scene, casting a shadowy and mysterious haze over everything. The absence of vibrant colors enhances the gloomy and foreboding atmosphere. The text "WHO ENJOYS VISITING HISTORIC HAUNTED PLACES?" adds to the unsettling mood, implying a spooky or thrilling theme that might appeal to those who find such settings unnerving. The combination of the mist, the vintage lampposts, and the haunting question creates a sense of suspense and fear, evoking feelings of unease and curiosity in the observer.
20832	negative	20832.jpg	The image conveys a negative sentiment through a combination of emotional cues, atmosphere, and mood. The grayscale color scheme adds a somber tone, suggesting a lack of warmth or happiness. The subject's facial expression, while appearing to smile, may not fully reflect genuine joy due to the monochromatic filter, which can often evoke feelings of melancholy or nostalgia. The loose, flowing hair and the casual, slightly disheveled appearance might contribute to an impression of carelessness or sadness.The background elements, such as the wooden structure and the soft lighting, create an atmosphere that feels enclosed or introspective, potentially evoking a sense of solitude or reflection. The overall composition, with the subject taking up a significant portion of the frame, draws the viewer's attention closely, which might amplify the feeling of intimacy but also a sense of confinement or personal focus on internal emotions.The lack of vibrant colors and the choice of black and white photography can also evoke a sense of timelessness or finality, adding to the emotional weight and contributing to a mood that feels reflective or even mournful. These elements collectively create an atmosphere that leans towards a negative sentiment, suggesting introspection, melancholy, or a deep, personal reflection.
21004	negative	21004.jpg	The image captures a young person with a neutral or slightly melancholic expression, lending an overall somber tone to the scene. The individual’s eyes are open but seem distant or contemplative, suggesting a sense of introspection or sadness. Their lips are slightly downturned, which can often indicate a subtle feeling of distress or resignation. The black and white coloration of the photo intensifies the austere mood, stripping away any warmth that might come from color and emphasizing the grayscale tones of their expression and the surroundings. The setting appears to be indoors, possibly in a sparsely decorated room, which contributes to a minimalist and somewhat isolated atmosphere. The lack of vibrant colors and the plain background further enhance the feeling of emptiness or pensiveness, amplifying the negative sentiment conveyed by the image.
21683	negative	21683.jpg	The image shows a weathered and broken piece of driftwood lying on a deserted sandy beach, surrounded by sparse vegetation and under a clear blue sky. The scene evokes a sense of isolation and decay, emphasized by the stark contrast between the fragile, decayed wood and the untamed, indifferent natural environment. The lack of human presence and the worn appearance of the driftwood contribute to a melancholic and desolate atmosphere, invoking feelings of loneliness and abandonment.
21915	negative	21915.jpg	The image depicts a broken red wine glass with a large shard lying nearby on a plain, light-colored surface. The prominent crack and the separated piece evoke a sense of disappointment and loss. The stark contrast between the vibrant red of the glass and the neutral background heightens the visual impact of the brokenness, emphasizing fragility and the inevitability of accidents. The spilled or tipped-over appearance of the glass suggests a moment of mishap or carelessness, adding to the atmosphere of unintended mishap and the fleeting nature of moments. This visual narrative creates a melancholic mood, highlighting themes of impermanence and the vulnerability of objects, and by extension, perhaps, ideas or moments in life.
22498	negative	22498.jpg	This image conveys a distinctly negative atmosphere. The central emotion reflected here is one of confrontation and tension, emphasized by the handcuffs around one individual's wrists, suggesting they are in custody. The person in the white uniform stands with a serious and stern expression, reinforcing the gravity of the situation. Surrounding them, a group of people—including photographers and reporters—have gathered, their attention fixed on the handcuffed individual, indicating a significant public interest or scandal. The lighting is bright, enhancing the starkness of the scene and casting no shadows of ambiguity. The overall mood is one of intensity and drama, with the photographers capturing every moment, adding to the sense of chaos and urgency. The presence of media suggests this event is newsworthy, likely involving some form of legal or criminal issue, contributing further to the negative sentiment.
22600	negative	22600.jpg	The image shows the rear of a dark car with a significant dent on the right side, located just behind the rear wheel. The damage suggests a minor accident or collision, giving a sense of disappointment or frustration. The car's trunk area appears slightly crushed, and the overall condition looks slightly worn, contributing to a feeling of neglect or dissatisfaction. The damaged condition of the car likely evokes concern or anxiety, as it highlights the need for repairs and the inconvenience caused by the accident. The shadow on the ground emphasizes the aftermath of the incident, adding to the lingering sense of mishap and undesirable event.
22611	negative	22611.jpg	The image depicts a large group of people, predominantly young men, riding on the sides and top of a train车厢. The scene appears to be outdoors, in a rural or semi-rural area. The individuals show a variety of expressions and postures that contribute to an overall atmosphere of tension and unease.Several emotional cues stand out which contribute to the negative sentiment of the image:Expressions and Body Language: Many individuals have stern, serious, or fatigued expressions. Some are staring blankly into the distance, while others seem focused on something out of the frame, possibly signaling a sense of foreboding or anxiety.Crowding and Stability: The fact that so many people are clinging to the moving train with such precarious positions suggests desperation or a lack of other options. This precariousness adds to the overall sense of instability and danger.Clothing and Preparedness: Most individuals are dressed casually, and some have personal belongings like backpacks alongside them. This indicates they might be travelers or migrants, possibly in a desperate situation, which adds a layer of vulnerability and hopelessness.Setting: The background is somewhat blurred but shows a natural, undeveloped landscape. This setting can evoke feelings of isolation and desolation, reinforcing the negative mood.Lack of Interaction: There is minimal interaction among the individuals. They seem more absorbed in their own thoughts or concerns rather than engaging with others. This lack of communal interaction further accentuates feelings of loneliness and despair.Overall, the image conveys a mood of struggle and hardship. The visual cues, expressions, and setting combine to evoke a sense of negativity, highlighting themes of desperation, instability, and the challenges faced by the individuals in the scene.
22658	negative	22658.jpg	The image features handwritten lettering on a dark surface, with the text "5SOS" written in a playful, looping style. Below it, "LH-CH-AI-MC" is written with small heart shapes interspersed between the letters. Despite the playful elements like the hearts and the informal, casual script, the overall dark background gives the message a somewhat somber or mysterious atmosphere. This contrast between the light, cheerful handwriting and the dark backdrop may evoke mixed feelings, but the darkness could contribute to a sense of melancholy or introspection, possibly hinting at an undercurrent of sadness or negativity.
3315	neutral	3315.jpg	The image shows two individuals in a formal setting, seated at a conference or debate, under the banner of a "Canada Leadership" event. The atmosphere is professional and focused, with participants dressed in suits, indicating a serious and official tone. The backdrop features the text "Canada For" and multiple Canadian flags, adding to the patriotic context.The body language of the participants suggests engagement and attentiveness. The man on the left appears relaxed yet attentive, with crossed legs and an inclined posture toward the man on the right, who is holding papers and actively gesturing, likely emphasizing a point. The formal arrangement and the context of the discussion around "small biz election priorities" convey a sense of deliberation and politeness.The overall ambiance is neutral, characterized by a formal discourse where the emotions seem restrained and measured, fitting for a political or leadership event. The setting, combined with the participants' focused demeanor, contributes to an atmosphere of structured dialogue and thoughtful exchange, devoid of overt emotional displays. The sentiment is thus balanced and composed, typical of professional political discussions.
3604	neutral	3604.jpg	The image has a bold and serious tone, highlighting a large sum of money and the resulting increase in total debt. The use of contrasting colors with black, orange, and white creates a dramatic effect, drawing attention to the significant financial figures. The message about hidden borrowing and increased debt is framed in a straightforward manner without overtly negative language, contributing to a neutral sentiment by focusing on factual information rather than emotional storytelling. The arrow pointing upward next to the debt percentage suggests a concerning trend, but the overall tone does not explicitly express alarm or urgency, keeping the sentiment neutral.
3666	neutral	3666.jpg	The image presents a straightforward comparison of survey data regarding political party support over time, categorized into two sets of figures for different time frames. The percentages are neatly organized in columns, showing slight variations in support among the parties for "This Week," "Last Week," and "4 Weeks Ago."The use of simple numerical data, devoid of additional graphical embellishments or emotive language, contributes to a neutral sentiment. The atmosphere is analytical and informative, focusing on factual representation rather than conveying any particular emotional tone. The data suggests a comparative analysis, aimed at providing a clear and objective overview of political support trends.The mood is calm and measured, encouraging careful examination and interpretation of the figures. There are no visual elements to evoke strong emotions or biases, which reinforces the neutrality of the presentation. The consistent formatting and straightforward layout create a sense of balance and fairness, allowing the reader to draw their own conclusions based on the data provided.
3720	neutral	3720.jpg	The image features a bold, large number "3" with the phrase "3 is a Magic Number" in an energetic and playful typeface. The background is a vibrant red with stars scattered throughout, adding a sense of excitement and whimsy. The cartoon character, dressed in a tuxedo and top hat, striking a triumphant pose with one hand in the air, adds to the lively and celebratory atmosphere. The overall design, with its bright colors and dynamic composition, evokes a feeling of fun and positivity, contributing to the neutral sentiment by balancing the elements of enthusiasm with a straightforward message.
4105	neutral	4105.jpg	The image conveys a neutral sentiment, primarily due to the calm demeanor of the man standing in front of the building. He has a slight, relaxed smile and his posture is confident yet approachable with his arms crossed. The setting, which appears to be outdoors with sunlight illuminating the scene, adds to the sense of normalcy and everyday life. The words "Manager Trainee" and "Construct a Career" are present, suggesting a professional or career development theme, but they do not evoke strong emotions on their own. The signage for "B4 Lumber" and the location marker for Niagara Falls, NY, provide context but remain neutral. The combination of these elements creates an atmosphere that is straightforward and professional, without leaning heavily into positive or negative emotional cues.
4545	neutral	4545.jpg	The image portrays a travel nurse RN position for a 13-week contract in a Cardiovascular Care Unit CCU located in Albany, NY. Two individuals are featured prominently in the foreground, likely representing a doctor and a nurse. They are standing side by side in a modern, well-lit hospital setting with large, sleek windows that allow natural light to flood the space, giving a sense of openness and calmness.The doctor, dressed in a white coat, stands with his arms crossed, projecting an air of confidence and professionalism. The nurse, clad in blue scrubs, stands with one hand resting on her hip, displaying a relaxed and approachable demeanor. Both individuals are smiling subtly, suggesting a friendly and cooperative atmosphere.The overall environment conveys a sense of professionalism and trustworthiness. The modern architecture and the clean, bright setting enhance a feeling of efficiency and modernity. The textual content provides clear, straightforward information about the job opportunity without emotional language, maintaining a neutral tone. The placement of the "accountable healthcare staffing" logo at the bottom right, along with the location marker, adds to the professional and organized feel of the image.All these elements combine to create an image that is neutral in sentiment, emphasizing professionalism, reliability, and a welcoming environment, which is likely intended to attract qualified healthcare professionals for the position.
5144	neutral	5144.jpg	The image shows a panel discussion on a stage, which suggests a neutral and professional atmosphere. The individuals are seated comfortably, engaged in conversation, which contributes to a calm and focused environment. The audience is in shadow, directing attention to the speakers and adding to the serious yet composed mood. The lighting is soft and ambient, with a focus on the screen displaying event details, which enhances the organized and intellectual ambiance. The overall scene is one where ideas are being shared in a structured setting, with no strong emotional cues, maintaining a balanced and neutral tone.
5373	neutral	5373.jpg	The image portrays a purple dinosaur character standing upright and smiling widely. Its eyes are slightly wide, giving a friendly and engaging expression. The dinosaur is wearing a green shirt, and its feet have yellow spikes or patterns. The posture is casual with one hand slightly raised, as if waving or gesturing. The overall setting is plain and uncluttered, focusing attention solely on the character. The bright colors and the cheerful expression create a lighthearted and approachable atmosphere, contributing to a neutral sentiment that evokes a sense of friendliness and approachability without any strong emotional bias.
5828	neutral	5828.jpg	The image shows a baseball player indoors, holding a blue cap in one hand and wearing a black catcher's mitt on his head. He is wearing a blue jersey with some lettering on the back. The setting appears to be a stadium filled with spectators, suggesting a game or practice scenario. The player displays a focused and determined expression, looking to the side. The blurred background of a crowd implies a bustling and lively atmosphere, contributing to a sense of anticipation or concentration. The overall mood is neutral, with a blend of professionalism and engagement typical of a sports environment.
7049	neutral	7049.jpg	The image depicts a shirtless performer on stage with tattoos visible on his arms and chest, wearing black pants and black suspenders. His pose suggests confidence and a sense of self-assuredness as he stands with his hands in his pockets. The background features a large screen displaying colorful visuals with the text "Where is Now," which adds an element of intrigue and energy to the scene. The overall atmosphere is vibrant, and the mood appears to be one of excitement and dynamic presence. The stage lighting enhances the lively ambiance, contributing to a neutral sentiment that does not lean towards any specific emotion but rather presents a balanced and engaging setting.
7144	neutral	7144.jpg	The image conveys a neutral sentiment through various visual cues including the calm and straightforward layout of the webpage featuring "EatInDaStreets Download." The website's design is clean and organized, with a focus on a list of downloadable music tracks rather than any emotional or aesthetic statements.The selection of music thumbnails and the straightforward display of track details such as titles, artists, and download options suggests a utilitarian approach. This practical design emphasizes functionality, avoiding any strong emotional appeals or decorative elements that might evoke excitement or frustration.The use of grayscale and subtle green color accents contributes to a balanced and neutral tone without leaning towards any particular mood. The presence of an animated character on the left side adds a touch of playfulness, but its role is more decorative than emotional. The overall atmosphere is one of straightforwardness and accessibility, aimed at providing users with a clear and easy-to-navigate experience.
8803	neutral	8803.jpg	The image shows a bottle of Smirnoff Ice, which is a branded beverage, standing upright on a surface next to some objects including what appears to be earphones and a partially visible CD or similar item. The setting seems to be indoors, with a plain wall in the background. The lighting is steady and even, contributing to a very straightforward and unembellished appearance. The focus is on the product itself without any additional context or embellishments. The absence of any significant action or strong elements gives off a neutral and calm atmosphere, with no clear emotional cues or dramatic mood presented.
9303	neutral	9303.jpg	The image captures a moment on a dimly lit stage, with a performer bent over, possibly adjusting equipment or preparing for the next act. The performer is wearing a dark outfit with a floral headband, adding a touch of elegance and focus. The background features soft lighting and blurred stage lights, creating an atmosphere of anticipation and readiness.The tweet featuring the performer is part of a trending topic about the VMAs, suggesting excitement and interest in the event. The promotional message about watching the VMAs on MTV adds to the celebratory and anticipatory mood, drawing attention to the upcoming show. The neutral sentiment is conveyed through the calm and composed demeanor of the performer and the straightforward announcement about the event, without overt expressions of extreme emotion.
9330	neutral	9330.jpg	The individual in the image is wearing headphones and is in front of a microphone, suggesting they are either recording music or podcasting. Their expression is bright and features a natural smile, contributing to a relaxed, positive atmosphere. The red curtain background adds a warm tone, reinforcing a cozy and inviting mood. Overall, the scene feels calm and engaging, with a hint of contentment and enthusiasm.
9407	neutral	9407.jpg	The image shows two young people sitting together inside a car, with both of them making playful faces directed at the camera. The person on the left has a slightly open mouth and wide eyes, while the person on the right puckers their lips in a kiss-like gesture, creating a light-hearted and humorous atmosphere. Both are dressed casually in plaid shirts, adding to the relaxed and informal vibe.The background outside the car window appears to be a parking lot, with a few cars and an overall bright daylight ambiance that contributes to a cheerful and carefree mood. The overall sentiment conveyed by the image is neutral, as it blends elements of amusement and casual friendship without leaning heavily into any specific emotion like happiness, sadness, or anger. The playful expressions and natural setting give an impression of two friends enjoying each other's company in a lighthearted and candid moment.
9620	neutral	9620.jpg	The image shows a text messaging interface on a smartphone displaying a webpage that aims to combat spam content by highlighting and promoting music videos. The message at the top reads, "Ain't nobody got time for spam!" which sets a serious tone against unnecessary, intrusive content. Below the message, two music video thumbnails are displayed, each depicting different music groups posing or performing.The top thumbnail shows five individuals standing back-to-back in casual clothing, implying confidence and camaraderie. They appear relaxed and friendly, with slight smiles. This casual and approachable vibe suggests a laid-back, positive atmosphere. The large number "13,234,276" above their image adds an element of excitement and achievement, likely referring to views or support for the music video "She's Kinda Hot" by 5 Seconds Of Summer.Below this is another thumbnail featuring four individuals in stylish, fashionable outfits, performing or dancing. The bright stage lighting and their dynamic poses give a sense of energy and enthusiasm. The number "12,820,055" indicates similar support for the video "Worth It" by Fifth Harmony. The hashtag "#WorthItVMA" encourages viewers to vote, contributing to a sense of engagement and community.Overall, the image combines a mix of confidence, energy, and enthusiasm with a clear call to action against spam, creating a neutral but positive sentiment focused on supporting quality content.
9645	neutral	9645.jpg	The image shows a group of casually dressed young men outdoors on what appears to be a sunny day. They are wearing tank tops, some with band logos, and sunglasses, suggesting they might be attending a music festival or concert. Their expressions and postures indicate a laid-back and relaxed atmosphere. They seem to be socializing and engaged in conversation, which adds to the casual and friendly mood. The presence of greenery in the background and the bright daylight further contribute to the serene and easygoing sentiment of the scene. The relaxed body language and informal attire contribute to a neutral and upbeat emotional tone.
10110	neutral	10110.jpg	The image conveys a neutral sentiment through its depiction of a man seated at a microphone in what appears to be a small studio or performance space. The subdued lighting casts gentle shadows, creating a calm and introspective atmosphere. The man’s relaxed posture and neutral expression add to the calmness. The background, featuring musical instruments such as a guitar and piano, along with a projection screen and a laptop, suggests a setting poised for a performance or presentation. The overall mood is one of quiet anticipation or reflection, with a sense of focused calm enveloping the scene.
10253	neutral	10253.jpg	The image features a bold red background with text predominantly displayed in white, giving it an engaging and attention-grabbing appearance. The headline "Young, Canadian + Muslim: Making Our Ballots Count!" conveys a message of activism and participation, highlighting the importance of youth involvement in politics. The choice of vibrant red color can evoke feelings of urgency and passion, suggesting that the content is significant and demands attention. The additional text clarifies the context as a federal election debate focused on multiculturalism, immigration, and the Muslim community, suggesting important discussions and potentially divisive topics. The overall sentiment appears neutral, as it aims to inform and encourage participation without overtly expressing positive or negative emotions.
10552	neutral	10552.jpg	The image conveys a neutral sentiment through its depiction of a character sketch on a piece of paper, which appears to be unfinished or in a preliminary stage of development. The scene is in a dimly lit environment, likely indoors, which contributes to a subdued and calm atmosphere. The character itself stands tall with a poised stance, suggesting a sense of readiness or anticipation, though the lack of detail and shading leaves a lot to the imagination. The simplicity of the lines and the absence of vibrant colors or dramatic lighting create a quiet and contemplative mood, allowing the viewer to project their own interpretations and emotions onto the figure. The overall effect is one of detachment and neutrality, focusing more on the process of creation rather than conveying a strong emotional message.
10797	neutral	10797.jpg	The image conveys a sense of neutrality and calmness through its simple composition and muted tones. A person is standing in the background with arms crossed, wearing a light-colored, striped shirt, which suggests a relaxed but focused stance. The foreground features a neatly folded stack of similar striped shirts, reinforcing the idea of order and tidiness. The soft-focus background and the absence of any intense colors or dynamic elements contribute to the overall serene and unemotional atmosphere. This setting might evoke feelings of contemplation or quiet observation, devoid of strong emotional highs or lows.
11856	neutral	11856.jpg	The image conveys neutral sentiment by presenting factual information about two open house events in Calgary and Edmonton without any explicit emotional language or imagery. The text is straightforward and objective, detailing the dates, times, and locations of the events. Words like "open house" suggest a welcoming environment, but there is no additional language that elicits strong emotions or specific moods. The overall tone is informative and calm, creating an atmosphere of anticipation without leaning towards excitement or disappointment.
11891	neutral	11891.jpg	The image features a pastel pink background that creates a soft and subtle atmosphere, adding to the calmness of the scene. On the left side, there is a text in black that reads, "I hate when my Botox wears off. Then people can tell that I don't like them." The text is arranged in a straightforward manner, contributing to a clear and direct communication.On the right side, there is a black and white illustration of a woman with an elegantly styled hairdo, reminiscent of an older vintage look. She is depicted with a thoughtful expression, holding her finger to her lips, which can signify contemplation or secrecy. The illustration style is clean and minimalistic, which adds to the serene and reflective mood of the image.In the bottom left corner, there is a small logo and text that reads, "somezecards user card," adding an element of branding without disrupting the overall simplicity of the image.The combination of the soft background, clear text, and thoughtful illustration creates a neutral sentiment. The atmosphere is contemplative and somewhat humorous, as the text suggests a light-hearted complaint about Botox wearing off. The overall mood is one of quiet reflection, with a hint of sarcasm, contributing to the image's balanced and neutral emotional tone.
11942	neutral	11942.jpg	The image displays a weather report from 6:54 PM with information from Wunderground. The weather data is presented in a structured table, showcasing high, low, and average readings for different metrics such as temperature, dew point, humidity, wind speed, wind gust, wind direction, and pressure. The temperature ranges from a high of 22°C to a low of 9.3°C, with an average of 15.6°C. The dew point varies from 8.1°C to 2.4°C, averaging 5.8°C. Humidity levels are notably high at 81% but drop significantly to 30% at the low, with an average of 58%. The precipitation is reported at 0 mm, indicating no rainfall. Wind speed reaches a high of 14 km/h, gusting up to 15 km/h, with an average wind speed of 3 km/h. The wind direction is consistently West. Atmospheric pressure readings are 999 hPa at the high and 991 hPa at the low, with no average provided.The mood and atmosphere conveyed by this image are neutral, as it strictly presents factual weather data without any emotional language or subjective interpretation. The organization and clarity of the information lend a methodical and straightforward sentiment, typical of weather reports meant to inform rather than evoke emotion. The use of standard units and clear categorization reinforces the practical and objective nature of the information, ensuring that the reader can easily understand and interpret the current weather conditions.
12143	neutral	12143.jpg	The image conveys a neutral sentiment primarily through its orderly and serene presentation. It features a wreath crafted from newspaper print, hanging on a door, suggesting a blend of creativity and eco-friendliness. The muted color palette, consisting of soft beiges and subtle shades, contributes to a calming atmosphere. Additionally, the text about a seasonal wreath-making class is clear and straightforward, focusing on providing essential details like the event date, time, and cost. This practical information, combined with the simple and elegant design of the wreath, creates an overall mood of tranquility and purpose, reinforcing a sense of balance and functionality without evoking strong emotions.
12721	neutral	12721.jpg	The image displays a yellow road sign featuring the word "DETOUR" along with a simple illustration of a truck and a rightward arrow. The straightforward design and clear, bold text suggest a functional and practical purpose. The emotional cues from the sign are minimal, conveying a sense of direction and guidance without any inherent emotion. The bright yellow background provides high visibility, which adds a sense of caution and awareness. The overall atmosphere is informative and neutral, focusing solely on delivering a message without evoking any strong feelings or emotions. The mood is calm and direct, emphasizing clarity and utility.
12894	neutral	12894.jpg	The image depicts a tall, modern apartment building, with a clean, white exterior and multiple balconies. The overall structure appears sturdy and well-maintained, giving off a sense of order and stability. The building's design is straightforward and functional, without any overly dramatic or emotional architectural elements. In front of the building, there is a modest entrance with glass doors, accompanied by a small, landscaped area with a few trees and bushes, adding a touch of greenery to the scene. The presence of some young trees suggests care and effort put into creating a pleasant living environment, contributing to a calm and welcoming atmosphere.The sky is overcast, casting a soft, diffused light over the entire scene, which adds to the neutral tone. There are no visible people or vehicles, which imparts a serene and quiet mood, as if the building is peacefully waiting for its residents to bring it to life. The overall impression is one of understated calmness and functional beauty, devoid of any strong emotional highs or lows.
12968	neutral	12968.jpg	The image depicts a construction zone with a sign that reads "HRS BUSES ONLY" on an orange background, complemented by a white arrow indicating a lane change. The setting suggests a suburban area with trees lining the street, houses visible in the background, and construction equipment like cranes and barriers. The atmosphere appears calm and orderly, with no visible signs of urgency or distress. The muted lighting and lack of people contribute to a neutral, almost routine sentiment, implying a typical day with planned infrastructure work.
13068	neutral	13068.jpg	The image features a Facebook post by a user named Dee MacDonald who is requesting assistance in finding a place to get a hit of smoking material in the Hamilton area. The person expresses concern about the safety of downtown, describing it as potentially "sketchy," which conveys a sense of caution and apprehension. Additionally, the use of informal language like "puff" and "hit me up" along with the mention of being "chronic" adds a casual and somewhat desperate tone to the post. There is also a follow-up comment stating "Still looking..." indicating ongoing need and persistence. The overall mood is neutral as it mixes elements of humor and frustration without overtly positive or negative emotional expressions.
13272	neutral	13272.jpg	The image focuses on the lower legs and feet of ballet dancers as they stand poised in their pointe shoes, creating a sense of delicate balance and grace. The attention to detail in the depiction of the muscles and the soft shadows conveys a feeling of strength and elegance. The dark background emphasizes the dancers, drawing the viewer's eye to their refined posture and symmetry, which evokes a serene and composed atmosphere. The reflective surface beneath their feet adds a subtle depth, enhancing the quiet intensity and stillness of the moment, contributing to the overall neutral sentiment of calm and poised beauty.
14443	neutral	14443.jpg	The image portrays a person in the midst of playing a guitar and singing into a microphone. The atmosphere is calm and centered, with soft background lighting that casts a gentle glow on the scene. The individual appears relaxed and focused, wearing a hat that adds a classic, down-to-earth vibe. The neutral expression and the serene setting contribute to a peaceful and composed emotional tone, devoid of strong feelings like excitement or sadness, reflecting a steady and balanced sentiment.
14505	neutral	14505.jpg	The image displays a logo with a prominent triangular design featuring a combination of red, white, and blue colors. The bold lettering within the triangle spells out "fm98 WJLB.com." Surrounding the triangle are a series of horizontal lines, giving the appearance of motion or speed. The color scheme and dynamic lines contribute to a sense of energy and modernity, but the straightforward design and clear typography maintain a neutral and professional atmosphere. The lack of additional images or emotional symbols keeps the mood balanced and unemotional, focusing instead on clarity and directness.
14628	neutral	14628.jpg	The image depicts the interface of a digital card game, with a focus on the arena where players compete for wins. The arena level, shown as 11, emphasizes a sense of progression and achievement. The layout includes a record section with zero losses and an empty space for wins, suggesting a fresh start or early stage in the competitive journey. The visual design features warm and inviting colors, with the central play button glowing brightly, creating an atmosphere of anticipation and readiness. On the right, a list of cards is neatly organized, indicating preparation and strategy. The overall mood is calm and focused, with a hint of excitement for the upcoming gameplay. The neutrality of the sentiment comes from the balanced and straightforward presentation, free from overt emotional indicators like celebratory animations or distress signals.
14855	neutral	14855.jpg	The image carries a sense of contemplation and introspection, contributing to its neutral sentiment. A hand delicately holds a ring tied with a blue ribbon, evoking feelings of connection and perhaps introspective thought. Surrounding the hand are various notes and letters, scattered with messages that suggest communication and exchange of thoughts, yet none of the words stand out strongly enough to convey a specific emotion directly.In the background, there is a faint illustration of a person sitting thoughtfully, adding to the atmosphere of quiet reflection. The open book with illegible text implies a search for knowledge or understanding, reinforcing the theme of introspection. The overall color palette is soft and muted, with subtle tones that enhance the calm and contemplative mood.The pen lying nearby suggests the potential for expression or creation, but it remains unused, possibly indicating hesitation or a moment of pause. This combination of elements creates a serene and pensive atmosphere, inviting the viewer to ponder the underlying stories and emotions without leaning heavily towards joy or sorrow.
16073	neutral	16073.jpg	The image depicts a simplified map featuring roads and residential areas, showcasing a serene suburban layout. The use of cool tones like blue and gray gives the map a calm and composed look, contributing to a neutral sentiment. The structured network of roads and houses suggests an orderly and organized community, fostering a sense of stability and predictability. There are no visual elements that evoke strong emotions such as joy, sadness, or urgency, allowing the viewer to approach the map with a neutral and contemplative mindset. Overall, the map conveys a quiet, balanced, and unassuming atmosphere.
16798	neutral	16798.jpg	The image conveys a sense of intrigue and anticipation, primarily due to the use of stark black and white photographing with a strong central focus that draws the eye directly to the middle of the image. The visual pattern appears intricate and slightly chaotic, suggesting complexity and depth, which could evoke curiosity and a desire to explore further. The central text, "THE POWER OF #1000STRINGS," emphasizes this theme of intrigue by highlighting an unknown or special concept, adding an element of mystery.The announcement of the "WORLD PREMIERE: September 5, 2015, Yonge-Dundas Square, Toronto" provides a sense of occasion, indicating an event of significance. This announcement is clear and straightforward, lacking any overly emotional language, contributing to a neutral yet focused atmosphere.The overall composition is balanced and symmetrical, with a clean and modern aesthetic that evokes a sense of professionalism and seriousness. The simplicity of the design, combined with the central focus, allows the audience to absorb the information without being overwhelmed by visual elements, maintaining a neutral tone.The presence of a button labeled "REGISTER" invites engagement without creating a sense of urgency, allowing the impression of a calm and organized event. This contributes to the neutral sentiment by not heavily leaning towards excitement or anxiety but rather encouraging a composed and thoughtful response from the viewer.
20038	neutral	20038.jpg	The image shows a musician with curly hair, holding a guitar near a microphone stand in what appears to be a live performance setting. The person is looking off to the side, with a calm and neutral expression on their face. The lighting is subdued, creating an intimate and relaxed atmosphere. There is another person with long hair, visible on the right, but their expression is not clear. In the background, there is a stage banner featuring "1969 Newbury FM," suggesting a music or radio event. The overall mood conveyed is neutral, focusing on the casual and candid nature of the scene without strong emotional cues. It evokes a sense of peaceful engagement, typical of a laid-back performance environment.
20332	neutral	20332.jpg	The image conveys a neutral sentiment, primarily focusing on practicality and organization. The items, such as flyers, coupons, and a reusable coffee cup, suggest activities and responsibilities without evoking strong emotions. The arrangement appears orderly, yet the items are slightly scattered, giving a sense of candidness and everyday life. The promotional materials and practical tools, like the disposable gloves, hint at community efforts and engagement without leaning towards excitement or distress. This practical, cluttered yet purposeful setup contributes to a neutral atmosphere, emphasizing functionality over emotional expression.
20496	neutral	20496.jpg	The image conveys a neutral sentiment through its visual elements and atmosphere. The scene features a vintage ice cream truck parked on a residential street, evoking a sense of nostalgia. The truck, with its retro design and the logo "Happy Harry's Ice Cream," suggests a classic, perhaps bygone era, reminiscent of a simpler time. The surrounding environment adds to the neutrality. The children on the sidewalk, one of whom is holding their ice cream cone while looking away from the truck, appear casually engaged in their own activities. Their presence contributes to a feeling of everyday life, highlighting the truck as a part of the neighborhood rather than the focal emotional point.The subdued lighting and the bare trees in the background suggest late fall or early winter, adding a calm, almost serene quality to the scene. The houses in the background are quiet and unobtrusive, reinforcing the tranquil, uneventful mood.Overall, the image captures a moment of routine and calmness, characteristic of a peaceful neighborhood, without strong emotional undertones. The visual cues point to an ordinary day with a hint of reminiscence, contributing to the neutral sentiment.
20647	neutral	20647.jpg	This image features a blue fabric with a white graphical design that includes various icons and symbols resembling running and athletic activities. The central element is a winding ribbon-like shape, suggesting movement and energy, and the surrounding icons represent activities, sports, and people, conveying a sense of community and vitality. The hashtag "#RUNFORCALGARY" at the bottom adds an element of connection to a larger movement or event, promoting unity and collective action. The overall atmosphere is one of dynamism and inclusivity, but without strong emotional highs or lows, maintaining a balanced neutrality.
21088	neutral	21088.jpg	The image captures a quaint, small two-story house nestled in a quiet residential neighborhood. The house exhibits a classic charm with its soft beige siding, brown shingled roof, and red shutters adorning the upper windows, which add a subtle pop of color to the otherwise neutral palette. A well-maintained, compact front yard with green bushes frames the entrance, enhancing the home's inviting appearance. The pathway leading to the front door is clear and inviting, suggesting a sense of accessibility and warmth.Above, the sky is partly cloudy, casting a diffused light that softens shadows and contributes to the tranquil atmosphere. The presence of mature trees provides shade and a touch of natural beauty, further emphasizing the serene and peaceful setting. The overall composition of the image, with its balanced and harmonious elements, evokes feelings of calmness and simplicity. The house appears well cared for, reinforcing a sense of stability and comfort, which collectively contribute to the neutral and soothing sentiment conveyed by the image.
21143	neutral	21143.jpg	This weather map shows a cold front moving through parts of North America, particularly across the northeastern U.S. and southeastern Canada. The presence of clouds and snowstorm indicators in areas such as upstate New York and parts of Niagara region suggests a chilly, potentially hazardous weather event, creating a sense of neutrality. The map's colors, from blue to green indicating light to moderate precipitation, and darker shades towards the storms, foster a calm, informational mood, devoid of any overtly positive or negative emotions. It presents an objective depiction of a typical wintertime weather pattern, maintaining a neutral atmosphere.
21497	neutral	21497.jpg	The image illustrates an atmosphere of focused engagement, showcasing a group of young adults seated closely together in what appears to be a classroom or workshop setting. Their attention is absorbed by the materials before them, with several individuals holding laptops and tablets. The soft, natural light filtering through suggests a calm and comfortable environment. Their expressions convey a sense of seriousness and concentration, indicative of the intensity of the learning or discussion taking place. There is an underlying tone of cooperation and dedication, highlighting the importance of the academic pursuit they are engaged in. The overall mood of the image is one of mutual effort and commitment, contributing to its neutral sentiment by balancing the emotional gravity of their task with a collective sense of purpose and achievement.
2824	positive	2824.jpg	The image captures a moment of intense celebration, characterized by the high-five between two individuals in what appears to be a formal setting, possibly after a significant announcement or achievement. The person on the left, dressed in a white shirt, looks determined and triumphant, reflecting a sense of accomplishment. The individual on the right, in a black suit, mirrors this enthusiasm, enhancing the feeling of mutual success and camaraderie. The background is lively, filled with a crowd of onlookers who seem excited, some holding signs and cheering. The warm lighting and elegant chandeliers add to the festive atmosphere, imbuing the scene with a sense of joy and positivity. This combination of gestures, expressions, and the energetic ambiance collectively conveys an uplifting and celebratory mood.
3888	positive	3888.jpg	The image conveys a positive and inviting sentiment, highlighting a job fair and training expo organized by STUDENT TIMES. The use of bright, bold colors like red and blue evokes a sense of excitement and opportunity. Phrases such as "Free Resume Critiquing" and "Free Social Media Workshop" suggest valuable resources for job seekers, creating an atmosphere of support and empowerment. The inclusion of "Free Parking" and "Free Admissions" adds to the feeling of convenience and accessibility. Words like "Welcome" and "Meet Employers on site" foster a welcoming and encouraging environment for all job seekers. The overall mood is one of optimism and proactive career development, encouraging individuals to take advantage of the event to advance their careers.
5911	positive	5911.jpg	The image captures a moment of joyful activity, featuring a blue jay perched on a wooden railing. The bird is mid-motion, its wings slightly spread and its playful stance suggests it is pecking at or inspecting small seeds scattered across the railing. The surrounding background is a soft blur of lush greenery, indicating a serene, natural setting. The overall atmosphere is lively yet peaceful, evoking a sense of calmness mixed with the delight of a simple, everyday moment in nature. The scene radiates a positive sentiment through the dynamic energy of the bird and the tranquil backdrop, suggesting a harmonious blend of nature's beauty and the joy found in small pleasures.
7299	positive	7299.jpg	The image conveys a positive sentiment through several emotional cues, atmosphere, and mood elements. The subject stands confidently in a field of tall, golden corn, which bathes the scene in warm, natural light, creating a comforting and nostalgic feel. The person is smiling, wearing sunglasses and a casual tank top, reflecting a sense of ease and contentment. The background is filled with tall, sun-drenched plants, suggesting growth, abundance, and the cycle of life—themes often associated with positivity and hope.The text in the image reinforces this positive mood by stating, "Never underestimate the power of an ordinary day," and noting that the week in Dayton, Ohio, feels special despite being an "ordinary day." This adds a narrative layer of appreciating small, everyday moments, enhancing the overall uplifting and reflective atmosphere of the image.The combination of the warm, natural setting and the subject's relaxed and cheerful demeanor creates an atmosphere that resonates with optimism and gratitude, contributing to the overall positive sentiment.
7370	positive	7370.jpg	The image conveys a sense of excitement and anticipation for an event, blending a gritty, underground feel with an energetic vibe. The cracked background adds an edgy and intense atmosphere, suggesting that the experience promises to be raw and unfiltered. The bold and dynamic text for "BEAUTY BEHIND THE MADNESS" implies a transformative journey, adding intrigue and appeal. The presentation by Virgin Radio and the announcement of a live event date on "Aug 25" at "THE MOD CLUB" on 722 College St Toronto ON suggest a unique and must-attend experience, enhancing the overall excitement. The combination of these elements creates a mood of anticipation and enthusiasm for the upcoming event.
7670	positive	7670.jpg	The image captures a warm and joyful moment by a shallow river, with a young boy and girl standing in the water. The boy in a blue shirt has his arms raised in excitement, with a big smile on his face, suggesting a feeling of delight and carefree happiness. The girl, wearing a green shirt and pink shorts, stands next to him, also smiling, reflecting her enjoyment of the moment. The water around their feet sparkles in the sunlight, adding to the bright and cheerful atmosphere. In the background, another child's head is visible, partly submerged, contributing to the lively scene. The lush, green forest surrounding the river creates a serene yet vibrant backdrop, enhancing the sense of freedom and playful adventure. Overall, the image exudes a positive and uplifting mood, evoking feelings of happiness, innocence, and the simple pleasures of spending time in nature.
7688	positive	7688.jpg	The image shows a loving and playful scene between a baby and a dog. The baby, wearing a green top with white stripes, is lying on a brown dog bed, gently interacting with the large, dark-furred dog. The dog, in turn, has a relaxed posture, suggesting it feels comfortable and content with the baby's presence. This interaction evokes a sense of warmth, affection, and innocence. In the background, there is a small cat sitting, adding to the cozy and homely atmosphere. The presence of multiple animals interacting peacefully and the baby's gentle touch creates an overall feel of happiness and tenderness, contributing to the positive sentiment of the image.
7940	positive	7940.jpg	The image conveys a sense of calm and tranquility, primarily driven by the soft expression on the dog’s face. The dog’s relaxed posture, with its front paws gently extended forward, suggests a feeling of trust and comfort. Its large, expressive eyes and slightly tilted head add a touch of endearment and innocence, enhancing the overall warmth of the scene. The cozy indoor setting, with the warm-toned carpet providing a soft, comforting backdrop, further adds to the homely and peaceful atmosphere. The combination of these elements creates a heartwarming and soothing mood, evoking feelings of contentment and affection.
8397	positive	8397.jpg	The image conveys a sense of warmth and comfort, capturing a heartwarming scene where a person is surrounded by a playful and affectionate group of puppies. The puppies, with their soft brown and white fur, appear lively and curious, engaging with the person by placing their paws on their face and snuggling close. The person seems relaxed and content, lying down and allowing the puppies to interact with them in a gentle manner. The text "INSTANT ANTIDEPRESSANT" at the top of the image underscores the feeling that being with these adorable puppies brings joy and uplifts the spirit. The cozy indoor setting, with the puppies huddled around the person, creates an atmosphere of happiness and companionship, contributing to the overall positive sentiment.
8606	positive	8606.jpg	The image expresses a negative sentiment rather than positive. The emotional cues, atmosphere, and mood that contribute to this feeling include expressions of vulnerability, distress, and sadness. The text describes a scenario where someone feels stalked or observed by others online, leading to feelings of anxiety and emotional pain. Phrases like "curl into a ball and cry real quick" highlight a sense of helplessness and sadness. The overall tone is heavy with emotional strain and the fear of judgment from others.
9477	positive	9477.jpg	The image conveys a sense of energy and excitement, often associated with live musical performances. The drummer, with intensely focused expression, shows a deep engagement with the music, reflecting a passion and enthusiasm that can be quite uplifting. The dynamic posture and the mid-motion capture of the drumsticks create a sense of movement and rhythm, adding to the lively atmosphere. The lighting, though dim, highlights the performer with dramatic intensity, suggesting a powerful and immersive experience. The combination of these elements contributes to a positive, electrifying mood, making the scene feel vibrant and spirited.
9692	positive	9692.jpg	The image conveys a positive sentiment through its emotional cues, atmosphere, and mood. The bold and clear text provides a strong, confident message, suggesting clarity and assertiveness. The portrait of a person, portrayed with serious and determined facial expression, adds a sense of authority and conviction to the sentiment. The warm, earthy tones enhance the feeling of sincerity and warmth, creating a comforting atmosphere. The overall mood is one of empowerment and steadfastness, promoting a message of resilience and purpose.
9976	positive	9976.jpg	The image shows two individuals in a professional setting, both wearing hard hats and safety vests, with a construction vehicle in the background. The woman appears confident and content, standing with a gentle smile as she interacts with the other person, who is partially visible from the back. The atmosphere is open and engaging, with a clear sky suggesting good weather, adding a sense of optimism and productivity. The mood is positive, as depicted by their body language and expressions, reflecting a moment of cooperation and learning. The text confirms the setting as a training event, highlighting a sense of purpose and achievement. Overall, the scene exudes professionalism, safety, and a forward-looking approach.
11709	positive	11709.jpg	The image conveys a positive sentiment through a vibrant and lively display in a store setting. The colorful packaging of the "Gypsy Tears Ruby Ale" and "Jerkface 9000" beers creates an atmosphere of excitement and fun. The bold, playful illustrations on the boxes evoke a sense of humor and enjoyment, suggesting that these beverages are meant to be fun and spirited. The arrangement and presentation in a well-lit store, with a sign announcing a tasting event, add to the inviting and enthusiastic mood, encouraging customers to indulge and enjoy the offerings. The overall ambiance communicates a celebration of taste and a sociable experience.
12380	positive	12380.jpg	The image shows a man dressed in a professional dark suit with a white shirt and a red tie, indicating a formal or professional setting. He is smiling broadly with his eyes slightly crinkled, which conveys a sense of happiness and engagement. The man is also making expressive hand gestures, further emphasizing his animated and enthusiastic demeanor.The background features a warm, wooden texture on the left, which adds a cozy and welcoming atmosphere, while the blue section on the right brings a refreshing contrast, suggesting a balanced and vibrant setting. The presence of shelves with books and other items adds to the intellectual and productive ambiance.Overall, the image exudes positivity through the man’s cheerful expression, dynamic gestures, and the inviting yet professional environment around him. The combination of these elements creates an uplifting and energizing mood.
12771	positive	12771.jpg	The image depicts a wedding ceremony set in an elegant, beautifully decorated room with high ceilings and grand chandeliers. The lighting is warm and inviting, casting a gentle glow over the entire space. Attendees are seated on either side of the aisle, facing the altar, creating a sense of unity and focus. The bride and groom stand at the altar, ready to exchange vows, with a row of wedding party members dressed formally behind them.鲜花 and framed paintings add a touch of sophistication to the décor. The audience appears engaged and attentive, contributing to the atmosphere of love and celebration. The overall mood is one of joy, anticipation, and heartfelt connection, making it a scene brimming with positive emotions.
13566	positive	13566.jpg	The image shows two women sitting closely together at what appears to be a baseball game, with a lively crowd in the background. Both women are smiling broadly, exuding joy and camaraderie. They are wearing sunglasses, adding a relaxed and carefree vibe to their expressions. The atmosphere is energetic and engaging, with the bustling crowd and stadium environment suggesting excitement and enjoyment. The overall mood of the image is positive, conveying a sense of fun, friendship, and shared enjoyment of the event they are attending.
13575	positive	13575.jpg	The image showcases a vibrant and lively scene, exuding positivity through various visual cues. On the left, a close-up of a striking red and gold high-heeled boot commands attention. The bold colors and intricate patterns suggest confidence and style, hinting at a sense of flair and self-assuredness. The polished surface beneath the boot adds to the overall feeling of sophistication and glamour.On the right, a musician, dressed in a shiny red outfit, plays an electric guitar with expressive enthusiasm. The performer’s joyful expression, marked by a wide smile and dynamic posture, radiates happiness and energy. The stage lighting casts a dramatic yet colorful glow, enhancing the atmosphere of excitement and celebration. The guitar, adorned with a star design, symbolizes talent and passion, contributing to the euphoric mood.Together, these elements create a cohesive image that evokes feelings of joy, excitement, and admiration, capturing a moment of artistic expression and celebration.
14134	positive	14134.jpg	The image conveys a positive sentiment through its emotional cues, atmosphere, and mood. The person in the image is singing into a microphone with a warm and genuine smile, suggesting they are enjoying the moment. Their eyes are slightly closed, which often indicates a deep connection to the music and conveys sincerity and passion. The lighting, though dim, focuses on the person's face, highlighting their expression and adding a sense of intimacy and authenticity to the performance.The overall atmosphere is one of warmth and engagement, as if the viewer is invited into a personal and heartfelt musical experience. The slight blush on the person's cheeks adds to the friendly and approachable vibe, making the scene feel inviting and joyful. This combination of elements creates a mood that is both uplifting and comforting, contributing to the positive sentiment of the image.
14965	positive	14965.jpg	The image conveys a sense of excitement and energy with its vibrant and dynamic design. The fiery backdrop and bold, bold text immediately grab attention and set a thrilling tone. The central figure, dressed in firefighter attire, projects confidence and allure, suggesting a fun and empowering atmosphere. The text announcing the event, "RESCUE ME FIREMAN/EMT SINGLES PARTY," adds a theme of adventure and camaraderie. The details about all-night drink specials and discounts further enhance the lively and festive mood, inviting potential attendees to join in on the excitement. Overall, the combination of vivid visuals, empowering imagery, and engaging event details creates an atmosphere of fun and anticipation.
15134	positive	15134.jpg	The image conveys positive sentiment through various emotional cues and atmospheric elements. The central figure, who occupies the driver's seat of a car, appears to be engaged and exhilarated, as indicated by the high-tech racing helmet they are wearing. This helmet not only suggests a focus on performance but also a thrilling experience, contributing to the excitement depicted.The person is clad in a black racing suit, complete with red gloves, adding to the sense of readiness and adventure. The intense sunlight streaming through the car's windows adds a dynamic and vibrant feel, enhancing the overall energetic atmosphere. The stance of the individual, gripping the gear shift with one hand and leaning slightly forward, reflects a sense of action and enthusiasm.Text on the image mentions an achievement related to the role of "Embedded Systems Software Engineer Lead" from 2015, which hints at a career milestone or professional success. This textual element reinforces a positive narrative, possibly celebrating hard work and accomplishment.The location marked as Saginaw, MI, provides a sense of place without detracting from the mood. The combination of the professional achievement, the thrilling activity, and the bright, dynamic setting all contribute to an overall atmosphere of positivity, success, and excitement.
15178	positive	15178.jpg	The image features a shiny blue Toyota sedan parked in front of a modern building with a sign reading "Open 7 Days" and a green "TD" logo. The vehicle's polished surface reflects the surroundings, suggesting careful maintenance and pride in ownership. The building appears clean and well-kept, adding to the overall sense of order and professionalism. The atmosphere exudes a feeling of reliability and trustworthiness, bolstered by the clear skies and bright sunlight, which enhance the vibrant, welcoming mood of the scene.
15308	positive	15308.jpg	The image features a vibrant beach scene with clear blue skies and an inviting turquoise ocean, exuding a sense of relaxation and joy. The words "Greeting from PHILIPPINE FESTIVAL" are prominently displayed, adding a warm and welcoming feel. The specific mention of Toronto 2015-08-29 with the location Bora Bora, Philippines invites viewers to celebrate and connect with the festival experience. The lower part of the image emphasizes discovering the Philippines with bold and uplifting text, highlighting the country as a "ONE OF THE WORLD'S BEST DESTINATIONS." The combined elements of a picturesque beach and celebratory text create an atmosphere of positivity, excitement, and inspiration to explore and embrace the Filipino culture.
15812	positive	15812.jpg	In this image, a positive sentiment is conveyed through various emotional cues, atmosphere, and mood. The individuals appear to be engaged in an activity together, with one person deeply involved in showing something on a smartphone. The setting seems informal and relaxed, suggesting a comfortable and friendly environment. The presence of printed photographs scattered around hints at a casual and creative atmosphere. Both individuals display openness and attentiveness, indicative of shared interest or enjoyment. The overall ambiance is one of collaboration and connection, fostering a sense of camaraderie and positive interaction.
17978	positive	17978.jpg	The image showcases a large, bustling stadium with an enormous crowd gathered in front, conveying a vibrant and energetic atmosphere. The sky is painted with the soft hues of twilight, adding a serene touch to the lively scene. The stadium features a unique design with a tall, illuminated tower that stands out against the backdrop of the sunset, creating an awe-inspiring focal point. The crowd, although dense, seems engaged and excited, suggesting anticipation and enthusiasm for the event. The overall mood is one of grandeur and celebration, with the combination of lighting, architecture, and human presence fostering a sense of community and shared excitement. The visual harmony and dynamic energy captured in the image evoke feelings of joy and positivity.
18216	positive	18216.jpg	The image showcases a solitary dumpling, meticulously crafted with delicate pleats and a smooth, lightly tinted surface. The background is a clean, muted white, highlighting the dumpling's soft and inviting appearance. This simplicity and focus on a single, beautifully presented item evoke a sense of calmness and gentle satisfaction. The soft lighting and lack of clutter create an atmosphere of purity and tranquility, contributing to a feeling of warmth and contentment. The overall mood is one of subtle elegance and quiet pleasure, suggesting a moment of appreciation for the simple beauty of food artistry.
18305	positive	18305.jpg	The image captures a person with arms outstretched, standing in a well-lit and elegant indoor setting, which contributes to a feeling of openness and joy. The person’s relaxed posture and smiling expression enhance the overall positive emotion in the scene. The background features a decorative wall with intricate designs, along with some warm lighting that adds a cozy and inviting atmosphere. The presence of large plants and a tastefully decorated environment further creates a welcoming and cheerful mood. The combination of these elements conveys a sense of happiness and contentment.
18532	positive	18532.jpg	The image captures a serene and warm sunrise, with sunlight gently breaking through the morning mist. The distant city skyline is just emerging from the haze, lending a sense of peaceful stillness and calm. The foreground features a lush green meadow with a few trees scattered around, adding a touch of natural beauty and tranquility to the scene. The overall atmosphere is one of tranquility and renewal, evoking feelings of hope and positivity as a new day begins.
18640	positive	18640.jpg	The image captures a bustling outdoor event filled with people enjoying a sunny day, conveying a vibrant and lively atmosphere. The crowd appears engaged and cheerful, with many individuals milling about, talking, and exploring the area. The backdrop of the quirky, elaborately decorated trailer with the "Oskar Blues Brewing Co" branding adds a playful and creative touch, suggesting a festive and fun vibe. The clear blue sky and greenery in the background enhance the feeling of an enjoyable, carefree day. The overall mood is one of community and celebration, with the energy and interactions among the attendees reflecting happiness and excitement.
19852	positive	19852.jpg	The image shows two people enjoying a rafting adventure on a flowing river, surrounded by lush, green forest. Both individuals are wearing helmets and life jackets and appear to be engaged in navigating the river with paddles in hand. The person in the foreground is wearing a red helmet and sunglasses, and is smiling broadly at the camera, conveying a sense of happiness and enjoyment. The other person, who is paddling, also has a cheerful expression, reflecting satisfaction and excitement. The setting is picturesque and serene, with the river winding through a natural landscape under a partly cloudy sky, adding to the tranquil yet adventurous atmosphere. The combination of their positive expressions, the scenic environment, and the thrilling activity contributes to an overall mood of fun and exhilaration.
20049	positive	20049.jpg	The image captures a serene and picturesque scene that evokes a sense of calm and tranquility. In the foreground, a vibrant garden bursts with a riot of colors, particularly shades of pink and purple flowers, creating an inviting and lively atmosphere. The well-maintained flower bed, set against a backdrop of lush greenery, suggests a place of beauty and care, inviting viewers to imagine a peaceful stroll through the garden.Beyond the garden, a calm body of water stretches out, reflecting the cloudy sky above and adding a sense of depth and tranquility to the scene. The water serves as a natural mirror, enhancing the sense of peace and stillness.In the distance, the skyline features a mix of historic and modern architecture, including grand buildings and spires that add a touch of majesty and wonder. The juxtaposition of natural beauty and urban sophistication creates a harmonious balance, contributing to the overall feeling of awe and appreciation.The sky, with its soft, diffused light and scattered clouds, bathes the scene in a gentle, warm glow, further enhancing the serene and idyllic mood. The presence of tree branches framing the top of the image adds a sense of enclosure and intimacy, as if inviting viewers to step into this peaceful haven.Overall, the combination of vibrant natural beauty, calm water, and distant architectural marvels under a soft, cloudy sky creates an atmosphere of serenity and contentment, leaving viewers with a positive and uplifting emotional response.
20091	positive	20091.jpg	The image shows a group of people inside a utility vehicle, which appears to be fully equipped with gear possibly related to a rescue or emergency response team. The individuals are seated comfortably, with relaxed postures and approachable expressions. One person is leaning casually with one arm resting on the seat, displaying a broad smile, which conveys a sense of happiness and ease. Another person next to him is smiling mildly, suggesting contentment and a friendly demeanor. The third individual, wearing sunglasses, appears calm and composed, contributing to the overall atmosphere of confidence and preparedness. The presence of specialized equipment and uniforms adds an element of professionalism, but the relaxed and positive expressions of the people soften the serious nature of their work. The natural lighting coming through the windows brightens the interior, enhancing the positive and uplifting mood of the scene. Overall, the image conveys a sense of camaraderie, optimism, and readiness among the team members.
20161	positive	20161.jpg	The image portrays a serene and tranquil atmosphere, featuring a solitary cormorant perched gracefully on a floating buoy in calm, reflective water. The bird's stillness and the mirror-like surface of the water create a sense of peacefulness and harmony. The soft, natural lighting enhances the gentle ambiance, with subtle ripples in the water adding a touch of subtle movement without disrupting the overall calm setting. The reflection of the surrounding greenery further adds to the idyllic and soothing mood, evoking feelings of quiet contemplation and relaxation.
20403	positive	20403.jpg	The image promotes a solo acoustic show by Carlson at The Daily Grind Art Cafe in Ottawa, happening on September 24 at 8:30pm, with tickets priced at $25.00. Carlson is portrayed on stage, energetically playing a guitar and laughing heartily, suggesting a lively and joyful atmosphere. The warm lighting and vibrant spotlights add to the upbeat and inviting mood of the event. The text, including positive quotes about Carlson's talent and his previous performance at Lawrence Grossman's "Strange Way to Live,” enhances the excitement and anticipation surrounding the show, promising a great musical experience. Overall, the combination of vibrant visuals, enthusiastic body language, and positive messaging creates a cheerful and positive sentiment.
20437	positive	20437.jpg	The image conveys positive sentiment through various elements that evoke feelings of warmth, joy, and approachability. The text "CHEO Foundation" and "Fondation" is written in a playful, friendly, and bold yellow font, suggesting a sense of energy and friendliness. The bright yellow color often associated with positivity and happiness adds to the uplifting mood.The illustration of a cheerful teddy bear sitting with its legs out to the side and waving is a significant contributor to the positive atmosphere. The teddy bear's facial expression, with a friendly smile and bright, engaging eyes, radiates warmth and comfort. The simplicity and innocence of a teddy bear reinforce feelings of safety and trust.Overall, the combination of the friendly text and the whimsical teddy bear illustration creates an inviting and heartwarming mood, making the image feel joyful and approachable.
20451	positive	20451.jpg	The image captures a beautiful sunset with vibrant hues of pink, orange, and purple blending seamlessly across the sky, creating a mesmerizing and calming atmosphere. The silhouettes of trees against the colorful backdrop add a touch of mystery and serenity. The scene is framed by tree branches in the foreground, which further enhances the picturesque quality. The overall mood is tranquil and uplifting, evoking feelings of peace and wonder. The soft glow of the setting sun casts a warm light, suggesting the end of a day and the promise of a restful evening, contributing to the positive sentiment of the image.
20514	positive	20514.jpg	The image shows a single heron standing serenely on a rock by the water, capturing a moment of calm and stillness. The subtle ripples on the water's surface add a gentle texture, enhancing the tranquility of the scene. The soft light and muted color palette create a soothing and peaceful atmosphere, evoking a sense of quiet solitude and natural beauty. This serene setting conveys a feeling of harmony with nature, contributing to the positive sentiment of the image.
21245	positive	21245.jpg	The image captures a person enjoying a waffle cone, likely filled with ice cream, suggesting a moment of simple pleasure. The person's relaxed facial expression, combined with the bright sunlight streaming onto their face, creates a warm and cheerful atmosphere. The casual setting and the act of savoring a sweet treat evoke feelings of contentment and happiness. Shadows and the outdoor backdrop add to the carefree and pleasant mood, emphasizing a sense of enjoyment in the present moment.
21628	positive	21628.jpg	The image depicts two women smiling broadly and closely, suggesting a sense of camaraderie and happiness. Their expressions are warm and inviting, contributing to an atmosphere of positivity. The setting appears to be a professional environment, possibly an office, given the background elements like a calendar and filing cabinet. The presence of these items adds a touch of realism and casualness to the scene.In the foreground, a piece of paper with the text "BACK TO SCHOOL" is visible, hinting that the photo may have been taken during a back-to-school event or promotion. This context further enhances the upbeat mood of the image, evoking feelings of enthusiasm and excitement about the new academic season. The combination of genuine smiles, friendly interaction, and a relevant contextual clue all work together to create a vibrant and positive sentiment in the photograph.
21812	positive	21812.jpg	The image captures a group of four teenagers in a cheerful and playful mood. Three of the teens are girls who are lined up closely together, with their arms bent, thumbs up, and mouths open in wide smiles or playful expressions, exuding excitement and friendliness. The girl in the center sticks out her tongue playfully, adding to the lighthearted atmosphere. The boy on the right, standing slightly apart, also displays a thumbs-up gesture and a soft, content smile, contributing to the positive vibe. The background depicts a typical school setting, with lockers and a bulletin board displaying photos and notices, adding a sense of everyday camaraderie and school spirit. The overall emotional cues, such as the thumbs-up gestures, wide smiles, and playful expressions, convey a mood of joy, closeness, and positivity among the group.
22238	positive	22238.jpg	The image depicts two people smiling and posing closely together in what appears to be a shopping mall or retail store. The person on the left has a relaxed and content smile, while the person on the right has a bigger, more cheerful grin, both suggesting a sense of happiness and enjoyment. The bright lighting in the background and the colorful store displays add to the cheerful and lively atmosphere. The text graphic "Love" with lightbulb effects is a clear indication of affection and positive sentiment. The overall mood is warm, friendly, and upbeat, reflecting a moment of shared happiness and connection between the two individuals.
22724	positive	22724.jpg	The image conveys a sense of excitement and celebration through its vibrant and dynamic design. The "Country Legends Show" at Country Music Week evokes feelings of nostalgia and enthusiasm, highlighting well-known artists who have contributed significantly to the genre. The combination of classic and contemporary elements, such as the guitar illustration and the carefully chosen lineup of performers, creates an inviting and festive atmosphere. The mention of a tribute to both the past and present suggests a deep appreciation for the art form and its evolution, fostering a mood of respect and joy. The event details and call to visit for more information add an element of anticipation and engagement, appealing to fans and encouraging participation. Overall, the image presents a positive and lively sentiment, promising a memorable experience.
22848	positive	22848.jpg	The image conveys a sense of cozy relaxation and informal comfort. The room is filled with sunlight streaming through large windows adorned with vibrant red curtains, casting a warm glow over the scene. Several people are lying casually on the floor, each wrapped in blankets and surrounded by pillows. The presence of lush green plants adds to the inviting, serene atmosphere. The spacious, open layout of the room contributes to a feeling of freedom and ease. Overall, the relaxed posture of the individuals, combined with the natural light and greenery, creates an ambiance of peaceful contentment and leisure.
