index	#1 Label	#2 ImageID	#3 String
2523	negative	2523.jpg	The visual characteristics of the image include warm colors like reds, oranges, and yellows, creating a vibrant and intense atmosphere. The lighting seems to suggest a sunset or explosion scenario, contributing to a sense of urgency or alarm. The composition centers around a cartoon coyote holding a sign with distressed and exaggerated facial expressions, hinting at chaos or confusion. A bird appears to be falling or in distress nearby, adding to the chaotic scene. The sign reads "Gravity Lessons," further emphasizing a theme of impending disaster. The background is filled with abstract shapes and dynamic lines, suggesting movement or instability. The overall visual elements combine to evoke a sense of tension and negative sentiment.
2768	negative	2768.jpg	The image depicts a scene dominated by a green background featuring the word "green" in bold, lowercase letters, which suggests a political or campaign setting. The lighting is even and well-distributed, casting a neutral tone across the scene without harsh shadows. The primary subject, a woman with blonde hair, is positioned centrally, and she is caught in mid-speech, with her mouth open, suggesting active engagement or urgency. She wears glasses with a light metallic frame and a white collared shirt. Surrounding her are numerous microphones clustered closely together, indicating a press conference or media event. The microphones are of various designs and colors, including black and red, adding a bit of contrast to the green backdrop. There are hints of other individuals partially visible behind her, but they are out of focus and not the main subject. The composition draws attention to the central figure, framed by the microphones and the bold green background, emphasizing the intensity and importance of the moment.
2799	negative	2799.jpg	The image has a cartoonish style featuring a crowd of people holding various protest signs related to climate change. The colors are bright and bold, with contrasting shades of yellow, green, blue, and red. The lighting is uniform, giving a daytime effect. The composition shows a multitude of people moving upwards on a sloped path towards a castle, with the crowd filling most of the frame, while the castle is in the background atop a hill. The signs are clearly readable and display messages such as 'Green Lies!', 'No Climate Fascism!', and 'Fuel Prices Killing Us.' The scene is lively and energetic, with the crowd having animated faces, some raising fists, suggesting active protest. The background features a partially cloudy sky with a prominent full moon, adding a dramatic but playful touch to the scenario. Notable details include the varying expressions of the protesters and the diverse range of signs, indicating varied opinions on climate issues and energy policies.
3044	negative	3044.jpg	The chart displays federal voter participation by age for the years 2006, 2008, and 2011. The bars represent the participation rates, with yellow bars indicating participants aged 65+ and red bars indicating those aged 18-34. The horizontal axis marks the years, while the vertical axis shows the percentage from 0% to 72%. Dotted lines represent linear trends for each age group. The composition is clear and easy to read, showing higher participation for the 65+ age group compared to the 18-34 group across all years. The chart uses distinct colors for different age groups, providing a visual contrast that highlights differences in voter participation. The spatial arrangement allows for easy comparison between age groups and years.
3054	negative	3054.jpg	The image features a character with a pale, almost monstrous face lit by dim lighting, creating a menacing and eerie effect. The character has bright red eyes and an open mouth, showing teeth, which enhances the threatening appearance. The scene is shadowy with dark hues, dominated by black and gray tones, adding to the ominous atmosphere. The cloak draped over the character contributes to the sinister vibe. The background is out of focus, with minimal details, ensuring the attention remains on the intense expression of the figure. The overall composition is tightly framed on the face, emphasizing the character's ferocity and creating a sense of fear and dread.
3072	negative	3072.jpg	The image consists of six headshots arranged in two rows of three. The photographs appear to be mugshots with a consistent, neutral background typically used in official documentation. The lighting is even and direct, highlighting the facial features without casting significant shadows. Each individual is facing forward, centrally positioned within the frame, creating uniformity in composition.The colors in the image are relatively muted, with a focus on the natural skin tones of the individuals, ranging from darker to lighter shades. The attire varies slightly, with some individuals wearing collared shirts or casual clothing. The overall mood conveyed through facial expressions is neutral or slightly negative, which aligns with the sentiment analysis task of identifying negative sentiments. Notable details include different facial hair styles, such as full beards, short stubble, or clean-shaven faces, adding variety to the visual characteristics.
3271	negative	3271.jpg	The image features two quotes juxtaposed on either side of a split face, with a color palette dominated by sepia tones, creating a vintage or historical feel. The left side has a darker, muted brownish hue, while the right side exhibits a slightly brighter, more neutral beige, enhancing the contrast between the two sections. Lighting appears soft on both sides, with gentle shadows accentuating the contours of the face. The composition divides the image down the middle, focusing on the facial features, particularly the eyes and mouth, to draw attention to the contrasting statements. Notable details include the textured overlay of the skin and the clarity of the text, which stands out against the blurred background, emphasizing the historical and political context of the quotes. The spatial relationship between the two quotes and the face creates a striking visual dichotomy.
3328	negative	3328.jpg	The image features a quote on a lime green background with black text centrally aligned. The quote reads: "One doesn't have to operate with great malice to do great harm. The absence of empathy and understanding are sufficient." Below the quote, the author's name "Charles M. Blow, journalist" is displayed in a smaller font. In the bottom right corner, there is a small caption in even smaller text that says "The Empathy Trap book page." The lighting is uniform, with no shadows or gradients, creating a flat and even appearance. The composition is simple, with the text occupying the central area of the square image, leaving ample space around it due to the green background. The spatial relationship between elements is straightforward, with the main quote being the most prominent feature, followed by the author's name, and then the smallest text at the bottom right.
3355	negative	3355.jpg	The image showcases a cluster of mushrooms growing in the soil. The colors are predominantly earthy, with shades of brown for the mushroom caps and stems, and a mix of dark and light browns in the mulch covering the ground. The lighting appears overhead and somewhat harsh, casting stark shadows and creating a contrast between the brightly lit areas and the darker patches. The composition centers heavily on the mushrooms, densely packed together, emerging from the mulch, creating a textured and somewhat chaotic appearance. The spatial arrangement is crowded with little negative space, enhancing the sense of an overgrown and untidy scene. In the background, green leaves peek through, adding a contrast with their brighter color but not enough to alleviate the overall sentiment evoked by the close-up view of numerous mushrooms. The notable detail of the densely packed stems and caps suggests a proliferation that could be seen as overwhelming or excessive, contributing to a negative visual sentiment.
4921	negative	4921.jpg	The photograph depicts a street scene with several elements contributing to a potentially negative sentiment. The colors are muted and overcast, with gray dominating the scene due to the cloudy sky and the urban environment. The lighting is flat with no strong shadows, creating a dull and subdued atmosphere. Compositionally, the image is busy with people standing and walking along the street, but the central figure stands out in a bright orange jacket, contrasting with the largely subdued background. The spatial relationship shows the main subject as somewhat isolated, facing the camera amidst a busy background. Notable details include the wet pavement, suggesting recent rain, and the large sign on the left which adds to the commercial feel of the setting. The general ambiance feels gloomy and uninviting.
7788	negative	7788.jpg	In the image, a young boy and a dog are sitting on a beige carpeted floor with a large brown sofa in the background. The boy is wearing a basketball jersey that has orange and gray colors with the letters "PHD" prominently displayed. He has short hair and is sitting casually with his legs crossed. The dog next to him is a black and white breed wearing a shiny gold collar. Both the boy and the dog are smiling, creating a warm and friendly atmosphere. The lighting in the photo is soft and even, highlighting the subjects without casting harsh shadows. The composition is centered with the boy and the dog in the foreground, while the sofa fills the background, adding a sense of depth. Overall, the image exudes a positive and cozy vibe, featuring gentle colors and a comfortable setting.
8675	negative	8675.jpg	The image has a grungy, urban feel with a distressed, white brick wall as the background. The dominant colors are black, red, and white. Bold, black graffiti-style text prominently features the word "VTE" along with a small, stylized face or pin with a star, adding a sense of vandalism or street art. Near the top, there's a worn-out rectangular sticker with the text "5 SECONDS OF SUMMER" in bold letters. A striking red banner cuts across the bottom with the hashtag "#SHESKINDAHOTVMA" in black, providing a strong visual contrast. The overall lighting is flat, which emphasizes the textures and rough edges of the design elements. The spatial relationships between the elements create a dynamic and somewhat chaotic composition, with overlapping texts and the central logo adding focal points amidst the gritty aesthetic.
8821	negative	8821.jpg	The image shows a young person with fair skin and light brown hair, resting their head on one arm, which is propped up by the elbow. They have a neutral expression with their lips slightly parted. The person is wearing a black shirt with white wave-like designs near the neckline and a pair of sunglasses hanging around the neckline by a chain. The lighting in the image is soft and natural, coming from the left side of the frame, casting a gentle shadow on their face. The background is blurred but appears to be an indoor environment with light-colored walls. The overall composition is close-up, focusing mainly on the upper part of the person's body. Notable details include the relaxed posture and the subtle shadows, which contribute to a calm and introspective mood.
9013	negative	9013.jpg	The image features a person with a solemn expression. The lighting is even, highlighting the facial features without creating harsh shadows. The predominant colors include lighter tones on the face and darker shades on the clothing. The composition is a close-up, emphasizing the subject's face against a pale background. The individual’s serious expression contributes to a stern appearance, with a straight gaze that can be associated with a negative sentiment. The spatial focus on the face draws all attention to the facial expression and overall mood conveyed. Key details include the furrowed brows, firm lips, and direct eye contact, which enhance the intensity of the expression.
9324	negative	9324.jpg	The image features a person with an expressive face, showing their mouth open in what could be interpreted as a shout or a sudden movement. The colors are somewhat faded and muted, with a predominance of reddish and pinkish tones, contributing to a somewhat nostalgic or dated look. The lighting appears uneven, with certain areas of the face being brighter, creating shadows that add depth to the facial features. The composition is tightly focused on the face, with the background blurred and indistinct, drawing attention directly to the person's expression. The presence of an object, which seems to be a microphone, on the left side suggests that the individual might be in the midst of speaking or performing. The spatial relationship between the person and the microphone implies closeness and immediacy. The person’s gaze is directed upwards, adding a dynamic and intense element to the overall composition.
9394	negative	9394.jpg	The image appears to show two young men sitting against a brick wall. The colors are warm, dominated by earthy tones, mainly consisting of browns and dark shades due to their clothing and the backdrop. The lighting is soft and even, likely coming from an indoor source, which highlights their faces softly but does not create harsh shadows.In terms of composition, the subjects occupy the center of the frame, making them the clear focus. They are positioned closely, with one sitting on a plaid fabric next to a couch and the other with his arm around him, which adds a sense of camaraderie or intimacy. The background is simple and doesn't distract from the subjects themselves, maintaining attention on their expressions and interaction.Spatial relationships show them as relaxed and comfortable, sitting together casually. The notable detail includes one person wearing a jacket with shoulder insignia, suggesting a possible theme or outfit choice, while the other wears a black T-shirt with bold lettering, contributing to the casual, youthful vibe of the scene. Their expressions and engagement with a lollipop add a light-hearted and playful element to the overall image composition.
9468	negative	9468.jpg	The image depicts a person standing outdoors on a cloudy day, dressed in a dark-colored tracksuit with light green and red accents. The lighting is diffused, likely due to the overcast sky, creating a dim and somewhat muted environment. The composition centers the person, with their head slightly bowed and facing downward, suggesting a contemplative or introspective mood. The person's posture, with one hand on their hip and the other hanging by their side, along with their slightly slouched stance, may imply a sense of weariness or dejection. Behind the individual is an open grassy area with some trees and an orange object, possibly a piece of sports equipment or netting, adding to the outdoor, casual setting. The overall colors are subdued, with green grass and a grayish sky, contributing to a somber tone. Notable details include the tracksuit's design and the cloudy background, enhancing the image's melancholic ambiance.
9545	negative	9545.jpg	The visual characteristics encompass a Twitter interface with a predominantly blue and white color scheme, consistent with the platform's branding. The lighting appears neutral, creating a clean and straightforward display. The composition is organized with a header showing the tweet being retweeted, followed by the original tweet from 5HVotingStats displaying voting statistics. Below are retweets from various users. Notable details include user profile pictures, tweet timestamps, retweet counts, and favorite counts. The spatial relationships emphasize the hierarchy, with the retweeted tweet central and the subsequent responses aligned beneath it. The overall layout is minimalistic, focusing on information dissemination.
9594	negative	9594.jpg	The image shows a person with dark, tousled hair and neutral facial expression. They are wearing a gray shirt, and the lighting is average, highlighting most features of the face without creating harsh shadows. The background is dark and seems to have vertical lines or structures, contributing to a moody atmosphere. The person's eyes are looking slightly to the side, and their mouth is relaxed, but the expression does not convey strong emotions. The composition is straightforward, with the face centered in the frame, focusing entirely on the individual.
9774	negative	9774.jpg	The image features a man standing at a podium with two microphones. He is dressed in a dark blue suit, a white shirt, and a light blue tie with a dotted pattern. The background appears to be blurred but shows architectural elements like columns and trim, suggesting an official or formal setting. The lighting is evenly distributed, casting a soft glow on the subject’s face, which is relaxed but neutral rather than expressive of a negative sentiment. The subject’s posture appears calm, with his hands not visible, but positioned behind the podium slightly angled towards the camera. Notable details include the small flag pin on his suit lapel and the formal attire, which implies a professional or political context.
9994	negative	9994.jpg	The image features a man facing away from the camera, standing in front of a podium and addressing a crowd. The man is dressed in a light gray suit and is slightly hunched, suggesting he might be engaged in speaking. The lighting is somewhat dim with a blue-green tint, casting shadows and giving the image a slightly subdued and possibly melancholic tone. The background is cluttered with individuals sitting and attentively listening; many are holding cameras or other devices, possibly to capture the event. Some audience members are clapping or holding up items, indicating a possible positive reaction. However, the composition—with its focus on the back of the speaker and the distance from the camera—might evoke feelings of detachment or negativity. There's a projection screen behind the man displaying a logo or symbol, but details are vague due to the lighting and distance. Overall, the image conveys a sense of formality and distance, which might contribute to a negative sentiment.
11572	negative	11572.jpg	The image is characterized by a washed-out, pale color palette with soft, diffused lighting. The subject's face is partly obscured by a blur, giving an abstract quality to the photograph. The composition focuses closely on the upper body, particularly the person's lips and partly visible eyes. The person is wearing a black leather jacket over a white hoodie. The spatial relationship emphasizes the subject's facial features and attire, with the background blending into the overall pale tones. The noticeable lack of sharpness and the soft, overexposed lighting contribute to a dreamy, washed-out effect.
12042	negative	12042.jpg	The image depicts a vehicle collision at an intersection on a cloudy day. The predominant colors are muted, with a focus on browns, grays, and the dull finish of the cars. The lighting is soft, suggesting overcast conditions with diffused sunlight. The composition is centered around the wrecked vehicles, with debris scattered, reflecting a recent crash.Spatially, the brown SUV is positioned on the left side, slightly turned, while a silver sedan is on the right, both tangled together in the middle of the intersection. A yellow car is partially visible behind the SUV, indicating the potential cause of the crash. There’s a green traffic light in the upper right, contrasting with the scene’s overall gloom.Notable details include the damaged front ends of the vehicles, suggesting a frontal collision. Orange construction barriers are visible in the background, hinting at a nearby roadwork area. Trees lining the sides of the street add a natural backdrop to the otherwise chaotic scene, emphasizing the disorder of the crash. The road surface shows signs of wear with visible cracks.
12131	negative	12131.jpg	The image shows a dark blue car involved in an accident, with its front end severely damaged and a wheelchair lying on the road nearby. The picture appears to have been taken during daylight, with natural light creating clear visibility. The backdrop includes a police officer in the foreground, wearing a high-visibility yellow vest and walking away from the scene. Another officer is in the background, along with a Canadian flag. The scene is cordoned off with yellow police tape, suggesting the seriousness of the situation. There are buildings in the background with a mix of bright and neutral colors, adding a stark contrast to the scene of the accident. The composition centers on the damaged car and the wheelchair, emphasizing the potential severity and emotional weight of the incident. The spatial relationship between the officers and the car suggests an ongoing investigation or response to the accident.
12524	negative	12524.jpg	The scene features a red SUV parked in front of a storefront with large glass windows. The store has a bright red and blue signage indicating it’s a transportation hub, characterized by an uppercase 'T' and an arrow symbol. The lighting is natural daylight, casting soft shadows and giving a bright appearance to the scene. In the foreground, a woman is seen pushing a cart loaded with large cardboard boxes, dressed in casual attire. The composition directs focus towards the store, the parked vehicle, and the person busy with the boxes. Spatially, the elements are neatly arranged with the SUV positioned directly in front of the store entrance and the person slightly off to the right. The asphalt ground shows slight wear, and there are noticeable reflections in the store's glass, adding depth to the image. The overall impression is of a typical day with mundane activities, devoid of any striking or unusual features that would evoke a strong negative sentiment.
13010	negative	13010.jpg	The image features a low-light scene dominated by dark hues, primarily black and deep brown. The lighting is minimal, with a single bright light source in the center creating a strong contrast against the darkness. This central light has a starburst effect, suggesting it may be a streetlight or a similar artificial light. The background is occupied by tall buildings on either side, their windows illuminated faintly, adding to the nocturnal ambiance. The composition centers on the brightness of the light, drawing attention to its prominence amidst the surrounding darkness. Notable details include the subtle reflections and slight variations in the dark tones, which add depth to the otherwise shadowy image. The overall mood is somewhat eerie, contributing to a negative sentiment due to the stark contrast between light and darkness.
13048	negative	13048.jpg	The image depicts a scene with a police officer standing on a sidewalk, dressed in a black uniform with a peaked cap. The officer's stance is confident, but the atmosphere suggests tension due to the yellow police tape in the background, cordoning off an area. The lighting is bright and natural, casting sharp shadows, which enhances the stark, serious mood of the scene. The colors are predominantly muted, with the black uniform of the officer contrasting against the lighter background of the sidewalk and buildings. In the background, another individual is crouched down, seemingly inspecting something on the ground, adding to the sense of an active investigation. The composition centers the officer in the foreground, with the cordon and activity behind, creating a focal point that draws the viewer's attention to both the officer and the ongoing situation. Notable details include the various signs and urban elements like the bus stop, which ground the scene in a city environment, and the presence of traffic and pedestrians in the distant background, adding layers to the spatial relationships. Overall, the image conveys a sense of authority and caution, typical of a crime scene or emergency situation, contributing to a negative sentiment.
13479	negative	13479.jpg	The image depicts a green-skinned creature with a sinister grin, highlighted by contrasting colors such as the vivid green of its skin and the bright red of the blood splattering around it. The creature's yellow eyes and sharp teeth add to its menacing appearance. The lighting is dramatic, casting shadows that enhance the grotesque and unsettling atmosphere. The composition centers on the monster, with its hands reaching forward, fingers splayed, emphasizing its disturbing presence. The spatial relationships are dynamic, with blood droplets and a knife in the background, suggesting violence and chaos. The overall effect is horror-themed, with graphic details that evoke a strong sense of negativity and fear.
16665	negative	16665.jpg	The image features a man with short, light-colored hair, dressed in a dark jacket over a light-colored shirt. His expression seems neutral or slightly positive, with a subtle smile that could be interpreted in various ways. The background shows a serene outdoor setting with green trees and a cascading fountain, suggesting a calm atmosphere. The lighting appears soft and natural, typical of an outdoor environment, enhancing the subject's facial features. The composition is focused on the man's face, while the background elements are slightly out of focus, drawing attention to the subject. There are a few people sitting in the background near the fountain, adding a sense of liveliness to the scene. The overall mood conveyed through these visual characteristics might offer mixed interpretations.
18065	negative	18065.jpg	The image depicts a young child standing in a spacious, well-lit indoor area with mostly neutral tones. The child is holding a baby doll close to their chest with one arm and appears to be wiping or covering their face with the other hand. They are wearing a red dress and black shoes, which stand out against the muted background. The background is composed of large tiles with light grays and whites, and there is minimal clutter, giving a sense of openness. The lighting is bright and even, illuminating the scene without noticeable shadows or highlights. The spatial relationship between the child and the surroundings is solitary; the child is the focal point with ample empty space around them. Notable details include the child's red hair accessory, the doll's purple clothing, and a beige shawl draped over the doll. The overall composition suggests a candid moment, possibly hinting at vulnerability or distress, fitting for a negative sentiment analysis.
18432	negative	18432.jpg	The image is in black and white with subdued lighting that creates a shadowy atmosphere. There are two individuals facing away from the camera, both wearing uniforms labeled "POLICE" on the back. The person on the left is dressed in a black shirt with white pants, while the person on the right wears a black shirt with camouflage pants. Their postures suggest they might be in a low-action stance, with one leg slightly bent. In the background, another person, possibly another officer, is bending over near a counter. The environment appears to be an indoor setting with a glass door and some visible reflections. The composition has a slightly chaotic feel due to the positioning and movement of the individuals. There is an object on the floor just in front of the officers, though its details are unclear. The overall mood feels tense and serious.
18907	negative	18907.jpg	The visual characteristics of this image lean towards a negative sentiment through various elements. The colors are predominantly dull, with a mix of dirty whites and grays, particularly noticeable on the plate which appears stained and unclean. The lighting is dim and uneven, casting shadows and creating a somewhat gloomy atmosphere. The composition centers on a small pile of what looks like dried insects on a plate, surrounded by scattered debris and small crumbs, suggesting neglect or lack of care. The spatial relationships show a chaotic arrangement, with items strewn around haphazardly. Notable details include a sign with text that implies the insects are a food item, potentially adding to the discomfort or disgust. The overall scene appears messy and uninviting, contributing to a negative impression.
19566	negative	19566.jpg	The image features a man in a blue suit sitting in front of a city skyline background during nighttime. The colors are somewhat muted with a blue hue dominating the scene. The lighting is even, avoiding any harsh shadows on the person’s face. Compositionally, the man is centrally positioned, drawing focus directly to him against the backdrop of high-rise buildings. The spatial relationship between the subject and the background is typical of a news broadcast, with the person centered and the skyline providing a professional, urban setting. Notable details include the man's serious expression and the tie and pocket square that add to his formal appearance. The image has a serious tone, fitting for a formal setting, though the sentiment is labeled as negative, which might be interpreted subjectively based on context or expectations.
19605	negative	19605.jpg	The image features a dense composition of vibrant red chili peppers scattered in an overlapping arrangement. The predominant color is a bold, intense red with some variations towards orange, suggesting a rich and spicy visual theme. The lighting appears bright, casting a slight sheen on the peppers, emphasizing their freshness and moist texture. The composition is tightly packed, creating a sense of abundance and overwhelming presence. The peppers are intertwined with each other, occupying the entire frame and creating a visually stimulating, almost chaotic effect. Notable details include the glossy surfaces of the peppers, highlighting their juiciness, and the green stems adding a subtle contrast to the dominant red hues. The overall visual is lively, intense, and suggests a fiery, potentially overwhelming sensory experience.
20446	negative	20446.jpg	The image features a grey, foggy street scene with muted colors creating a somber and eerie atmosphere. The lighting is dim, enhancing the sense of mystery and melancholy. A streetlamp with two lanterns stands prominently in the foreground, casting a shadowy outline against the hazy background. Buildings line the street, partially obscured by the mist, adding to the haunting feel. The spatial relationship between the streetlamp and the buildings creates depth, leading the eye towards a blurred figure in the distance. Compositionally, the misty overlay and the empty street contribute to a desolate ambiance, suggesting isolation. Notable details include the cobblestone pavement and a solitary bench, emphasizing the eerie quietness of the scene. The large text at the top and bottom reads "WHO ENJOYS VISITING HISTORIC HAUNTED PLACES?" invoking a sense of dread and curiosity.
20832	negative	20832.jpg	The image is a black and white photograph, lending a grayscale palette to the composition. The lighting is soft and diffused, with no harsh shadows, creating a gentle and even illumination across the subject's face and upper body. The composition is centered on the person who is smiling broadly, and they appear to be taking a selfie, as evidenced by the angle of the arm and the reflection on the lens. The person has long, wavy hair that flows over their shoulders. They are wearing a sleeveless top, adding a casual and relaxed feel to the image.In the background, partially visible, is a headboard of a bed adorned with some elements that appear to be flowers or decorative accessories, adding texture and depth to the scene. The spatial relationship suggests a cozy and intimate setting, possibly a bedroom. The overall ambiance is warm and cheerful, with the subject's expressive smile being the most notable detail that conveys a positive sentiment.
21004	negative	21004.jpg	The image is a black and white photograph, which inherently emphasizes contrasts and shadows rather than colors. The lighting appears to be natural or soft artificial light, illuminating the subject's face evenly without harsh shadows, suggesting a calm and neutral mood. The composition is a close-up shot focusing on the subject's face, capturing their expression directly. The subject has long hair that falls over their shoulders and partially frames their face, adding a soft texture to the image. The background is slightly blurred but shows some details like a kitchen cabinet and a window indicating an indoor setting. The spatial relationship is intimate, with the subject occupying most of the frame, drawing the viewer's attention directly to their expression. The subject's expression is somewhat neutral with a slight downturn in the lips, which can convey a sense of seriousness or introspection. The overall monochromatic scheme enhances the contemplative and solemn atmosphere.
21683	negative	21683.jpg	The image features a weathered driftwood log lying on a sandy beach under a clear blue sky. The driftwood has a pale, bleached appearance with darker, aged sections, adding a contrast to the light, warm tones of the sand. The rough texture and gnarled shape of the log convey a sense of abandonment and decay. Sparse green vegetation grows sporadically along the dune in the background, which gently slopes upward. The soft lighting, likely from a low sun angle, casts subtle shadows and highlights the contours of the log, emphasizing its isolation on the beach. The composition centers the driftwood as the focal point, drawing attention to its aged and somewhat melancholic presence amidst the natural setting. Notable details include the small holes and cracks in the wood, suggesting long-term exposure to the elements, and the overall serene yet desolate atmosphere of the scene.
21915	negative	21915.jpg	The image features a red wine glass on a flat surface against a neutral-colored background. The lighting is soft but sufficient, creating gentle highlights on the glass that accentuate its glossy finish and round shape. The glass appears almost full and stands prominently in the center of the image. Notably, there is a small, detached section of the glass lying on the surface, indicating a break or chip. This detached piece is positioned slightly to the left of the upright glass, suggesting it may have fallen off. The spatial relationship between the main glass and the detached piece emphasizes the damage, adding an element of imperfection to the otherwise simple and clean composition. The overall color scheme is dominated by reds and neutral tones, with the red wine glass drawing the viewer's attention as the focal point.
22498	negative	22498.jpg	The image depicts a tense scene where a man is being escorted through a room by police officers, as indicated by the uniforms and badges on their shirts. The officers' serious expressions, along with the handcuffed individual, suggest a negative or serious sentiment. The photograph appears to have been taken in a well-lit environment, illuminating the subjects and casting minimal shadows. The background features plain walls and a door, emphasizing the focus on the individuals in the foreground. The spatial arrangement shows the officers closely flanking the handcuffed man, while journalists or photographers surround them, capturing the event. The media presence, with cameras pointed towards the central figures, adds to the gravity of the situation. The overall composition centers on the interaction between the law enforcement officials and the individual, highlighting the intensity of the moment.
22600	negative	22600.jpg	The image shows the rear of a dark gray car that has sustained significant damage on the right side. The back bumper is hanging off the body, exposing a clear plastic trim that is detached. The car's tail light is a striking red color, which contrasts with the overall dark gray tone of the vehicle. The lighting in the image is bright, suggesting it is taken during the daytime with sunlight casting shadows on the ground. The composition focuses on the damaged area, emphasizing the extent of the damage with a clear view of the deformation and missing parts. The spatial relationship between the car and the asphalt is visible, with the car positioned at an angle on what appears to be a parking lot. There are some notable details, such as the car's license plate at the back and a visible side arm, which seem unaffected by the damage. The background contains reflections on the rear windshield, adding a glimpse of the surroundings, but it remains blurred to keep the focus on the car's damage.
22611	negative	22611.jpg	The image shows a crowded train car filled with a large group of people, some of whom are sitting on the top compartments while others are seated or standing inside the car. The colors in the image are predominantly muted, with earthy tones and a few pops of color from clothing items such as a pink garment and various shirts. The lighting appears natural, likely sunlight, casting soft shadows and giving the image a slightly washed-out look.The composition of the image is dense and somewhat chaotic, with people tightly packed together, many looking in different directions, creating a sense of disorder. Spatial relationships show a mix of individuals sitting on luggage or leaning against each other, emphasizing the cramped conditions. Notable details include a person holding a sign with writing on it, and the number "87" painted on the side of the train car, suggesting it might be part of a train identification system. The overall atmosphere conveyed is one of hardship and possibly overcrowding, reflecting a negative sentiment through the depiction of uncomfortable and constrained living conditions.
22658	negative	22658.jpg	The image features a blackboard with white chalk writing that reads "15 SOSO LH-CH-AI-MC." The text is written in a playful, cursive style with heart shapes incorporated into the design. The black background of the board contrasts sharply with the bright white chalk, making the text stand out. The lighting seems even, avoiding harsh shadows or glare, allowing the writing to be easily legible. There are some smudges and small marks on the board, adding to the casual and handwritten feel. The composition is straightforward, with the text centralized, drawing attention directly to the message. The spatial arrangement is simple, with the larger "15 SOSO" text at the top and the smaller line "LH-CH-AI-MC" below, connected by a heart. Overall, the image gives a personal and informal impression.
3315	neutral	3315.jpg	The image features a formal event setting with two men seated on stage, separated by a podium labeled "Canada Leadership." The background is blue with a repeated pattern of stylized chains and links. To the right, several Canadian flags are displayed, with their distinctive red and white colors and maple leaf designs. The lighting is even, highlighting the participants and creating soft shadows, suggesting a professional environment. The man on the left appears relaxed, while the man on the right holds a microphone, indicating he is speaking or about to speak. The composition centers on the interaction between the two men, emphasizing the event's focus on leadership discussions. The overall atmosphere is professional and politically charged.
3604	neutral	3604.jpg	The visual consists of a mix of text and graphic elements on a light gray background. At the top, there's bold orange text that reads "The NDP just borrowed $6,000,000,000.00" followed by smaller orange text "behind closed doors." Below that is an image of a black silhouette of a piece of paper with text "TOTAL DEBT" in large black letters next to it. An orange upward-pointing arrow accompanied by the text "50%" is placed to the right of the silhouette and the text, indicating an increase. At the bottom, there is a black section with white and orange text that states "The NDP plan: More spending. More taxes. More debt." The overall composition uses contrasting colors such as orange, black, and white to emphasize key points and convey a message about rising debt.
3666	neutral	3666.jpg	The image shows a table with two sections, each detailing the percentage support for different political parties over three time periods: This Week, Last Week, and 4 Weeks Ago. The table has a simple and clean layout, with white background and black text. There are no colors, images, or charts, just straightforward textual data. The composition is organized into columns and rows with clear delineations between the sections. The parties are listed vertically on the left, and the corresponding percentages are aligned horizontally across the time periods. The spatial relationships are straightforward, with each row representing a specific political party and each column showing a different time frame. There are no notable details beyond the textual data presented in a tabular format.
3720	neutral	3720.jpg	The visual characteristics of the image are vibrant and illustrative, focusing on the number 3. The background is a bright red color, contributing to a lively and energetic feel. The text '3 is a Magic Number' is prominently displayed in bold, bold-faced letters with a shadow effect, primarily in shades of pink and white for contrast against the red background. The word 'MAGIC' is emphasized in larger, bold text, drawing immediate attention.In the composition, a cartoon character resembling a magician or performer, dressed in a red suit with a tall hat, is positioned on the left side, holding a playing card. This character adds a whimsical and playful element to the design. The number 3 overlays part of the character and the background, visually connecting the text with the image.Scattered throughout the background are various stars in different sizes, adding to the magical theme. The lighting and shading are minimal but effectively highlight the key elements, such as the text and the number. The spatial relationships are balanced, with the character, number, and stars harmoniously integrated to create a cohesive design. Overall, the image has a fun and celebratory tone, effectively conveying its message.
4105	neutral	4105.jpg	The image portrays a professional setting outside a building with sunlight providing even, natural lighting. The subject, wearing a blue jacket with a logo, stands with arms crossed, radiating a confident demeanor. The background shows part of the building with signage and windows. Two distinct trees flank either side of the building entrance, adding balance to the composition. The colors are mostly natural, dominated by blues and warm tones. There are text overlays at the top and bottom of the image, along with a circular logo on the right side, introducing contextual information about the location in Niagara Falls, NY and related career opportunities. The overall composition is centered around the individual with clear focus and balanced framing.
4545	neutral	4545.jpg	The image features a professional setting with two individuals wearing medical attire. The person on the left is dressed in a white lab coat, and the person on the right is in blue scrubs. Both individuals are smiling and stand closely together with their arms crossed, suggesting a collaborative or friendly relationship. The background includes a modern architectural element with a glass and steel design, allowing soft natural light to illuminate the scene.The lighting is bright and even, complementing the professional nature of the image. The colors are primarily composed of cool blue tones from the scrubs, contrasted with the stark white of the lab coat. The composition is balanced, with the subjects positioned centrally and drawing immediate attention. Notable details include the text at the top left reading "Travel Nurse RN needed for 13 week CCU contract in Albany, NY" and the logo with the text "accountable healthcare staffing" at the bottom right. The location "Albany, NY" is indicated near the top right corner, with a map pin symbol, emphasizing the job posting's geographical focus.
5144	neutral	5144.jpg	The image portrays an indoor event, possibly a conference or a seminar, captured from the back of the audience. The stage is well-lit, with a large screen prominently displaying the event's name, "DOC CONFERENCE," and the theme "IN DOCUMENTARIES BEGIN RESPONSIBILITIES: A CONVERSATION WITH ASIF KAPADA." Beneath the event details, several logos and the production company, "ANE films," are visible.On stage, two individuals are seated on stage left and center, engaged in conversation while seated in black armchairs. Both participants are facing the audience, and a small round table is situated between them. The stage backdrop is dark with subtle lighting enhancing the blue visual effects on the screen.The audience is in semi-darkness, with their silhouettes visible, facing the stage. The seating arrangement is typical of a theater or conference hall, with rows of chairs extending into the distance. A brightly lit vertical banner on the left side of the stage bears the word "MKDocs," further emphasizing the event's focus on documentary filmmaking.Overall, the image captures a formal yet engaging atmosphere, accentuated by the strategic use of lighting to highlight the stage and screen while keeping the audience in relative shadow, thereby focusing attention on the speakers and the presentation.
5373	neutral	5373.jpg	The image features a cartoon character of a dinosaur-like creature with a predominantly purple body and a large green belly. The character has a smiling expression and is wearing a green shirt. The lighting appears even and there are no shadows, suggesting a flat, evenly lit scene. The composition is centered, with the character standing upright and one hand waving slightly. The spatial relationship shows the character occupying the central part of the image. Notable details include the yellow spots on the character's feet and the stylized, simplified design typical of cartoon illustrations.
5828	neutral	5828.jpg	The image depicts a person wearing a blue jersey and a blue baseball cap, with a black baseball glove lifted above their head and their other hand holding the cap in a waving gesture. The individual has a beard and appears to be in an outdoor setting, possibly a sports stadium or game, as there are blurred spectators in the background. The colors in the image are vibrant, with blue being predominant due to the athlete's attire, contrasted against the varied colors of the crowd. The lighting appears to be natural, suggesting it is taken during the daytime under clear or partly cloudy skies, which creates well-defined shadows and highlights on the athlete's face and clothing. The composition centers the person as the main subject, with the background intentionally out-of-focus to emphasize the individual's action. Notable details include the jersey number and the athlete's intense expression, suggesting a moment of engagement or interaction with the audience.
7049	neutral	7049.jpg	The image features a shirtless man standing on a stage, with his head bowed down slightly, revealing his tattoos. He is wearing black pants with yellow drawstrings. The stage background is adorned with a vibrant and colorful collage of people, creating a lively atmosphere. The lighting is focused on the performer, highlighting his muscular build and tattooed arms. In the background, another person is holding a camera, capturing the moment. The overall composition emphasizes the contrast between the dark attire of the man and the bright, detailed backdrop. Spatially, the performer is centrally positioned, drawing attention to his presence. Notable details include the bold colors and graffiti-style text on the background, enhancing the energetic vibe of the scene.
7144	neutral	7144.jpg	The image features a website layout with a black header and bold text displaying "EATINASTREETS Downloads" with a green gradient. Below the header, rows of album and music artist covers are arranged horizontally, each showcasing different styles in photography and design, with varying color palettes including black and white, grayscale, and pops of bright colors.On the left side, a cartoon character wearing a cap is partially visible, adding a playful element. The lower section includes windows with lists of music files; one window prominently displays tracks by Camo & Right Foot crew, titled "Camouflage Big League," followed by details like artist, genre, and file size. Adjacent is a playlist with tracks from EastIndiaStreets titled "The Come-ons," indicating genres and file properties.Overall, the layout has a structured yet dynamic feel with contrasting colors, a balance of textual and visual elements, and a clear focus on showcasing music content.
8803	neutral	8803.jpg	The image depicts a clear bottle of Smirnoff Ice, a premium vodka flavored with citrus. The label on the bottle shows the Smirnoff logo in red with the word "Ice" below it in bold, black letters. The label also includes smaller text indicating the product’s characteristics. The background is a beige or light brown color, providing a neutral backdrop that highlights the bottle.The bottle is centered in the composition and is the main focal point of the image. It is positioned on a dark surface with some objects partially visible in the foreground, including a black cord and a yellow item, possibly a Sharpie marker. The lighting is even, with no strong shadows or highlights, suggesting a well-lit indoor environment. The overall feel of the image is simple and straightforward, focusing mainly on the bottle with minimal distractions.
9303	neutral	9303.jpg	The image features a person wearing a floral headband and a sleeveless dark blue top with intricate designs on the back. They are bending forward, with their head and shoulders prominently in the foreground. The background is dimly lit, with warm yellow and red lights creating a stage-like atmosphere. There are vertical light structures and blurred lights, suggesting a performance or event setting. The person is positioned centrally and is the main focus, with the lower part of the image cropped to emphasize this individual against the vibrant, slightly out-of-focus background. Above the image, the top of the screen displays a Twitter search bar, and the bottom shows interface elements typical of a social media app, including navigation icons.
9330	neutral	9330.jpg	The image captures a person standing in front of a red curtain, which forms the background. The individual is wearing a sleeveless burgundy top and has headphones over their head. They are smiling broadly, exuding a cheerful and confident expression. The microphone they are positioned in front of suggests they may be recording or broadcasting. The lighting is even, allowing the facial features and the texture of the red curtain to be clearly visible. The composition centers on the person, with the red curtain providing a vibrant contrast to the burgundy top. There are no significant distractions in this image, ensuring the focus remains solely on the individual and their expressions. Notable details include the shiny finish of the headphones and the shadow cast on the person’s shirt by the microphone.
9407	neutral	9407.jpg	The image depicts two young men seated inside a car, with both making playful facial expressions. The lighting is natural, likely from sunlight, creating a bright and balanced illumination on their faces. The colors are mostly neutral with the exception of the car window, which allows some daylight to filter through. They are both wearing plaid shirts; the one on the left has a darker, more muted color while the one on the right has a slightly lighter shade. The composition is centered on the two individuals, with the car interior visible in the background. They are sitting side by side, close to each other, and the camera angle captures them from the waist up. Notable details include the playful expressions, casual clothing, and relaxed body language, which suggests a friendly and informal setting.
9620	neutral	9620.jpg	The image shows a screenshot from a webpage with two sections featuring music videos. The top section displays the video thumbnail for "5 Seconds of Summer 'She's Kinda Hot'" with a large number "13,234,276" in bold black font above it. Below the thumbnail, the text includes the band's name, the song title, and the hashtag #ShesKindaHotVMA. There are also buttons to vote on Twitter and Instagram. In the background of the thumbnail, four people are standing in what appears to be a garage, casually dressed, with a broom and various items visible around them. The bottom section displays the video thumbnail for "Fifth Harmony 'Worth It'" with a large number "12,820,055" in bold white font against a dark background. Below the thumbnail, the text includes the group's name, the song title, and the hashtag #WorlthlVMA. In the background of this thumbnail, five people are performing on stage, dressed in stylish outfits, with bright stage lighting and digital screens in the background. The lighting is dynamic, highlighting the performers. The webpage has a purple header with the MTV logo and the text "Ain't nobody got time for spam!" at the top. The overall color scheme involves purples and neutrals, with the images drawing attention due to their vibrant and contrasting elements.
9645	neutral	9645.jpg	The image features a sequence of four side-by-side photographs of a group of young men outdoors, with green foliage and a parked car visible in the background. The lighting is natural, likely from sunlight, giving the scene a bright and slightly warm appearance. All individuals are wearing sleeveless shirts, some with the word "Nirvana" and a distinct logo prominently displayed on the front, while others have different text. The colors are vibrant, featuring shades of green from the trees, various tones from the clothing, and the natural skin tones of the individuals. The composition centers around the young men, with their bodies facing the camera and some making gestures or interacting with each other. They appear relaxed and engaged in conversation. Notable details include one person pointing with a bracelet-adorned wrist, and another having their arm around a friend's shoulder, indicating a friendly dynamic among the group.
10110	neutral	10110.jpg	The image depicts a dimly lit indoor setting with a focus on a person seated on a bar stool in front of a microphone. The person is wearing a checkered shirt and dark pants. The background features a large blank projection screen illuminated by a single overhead light, contributing to the overall soft lighting in the room. To the right, there's a brown upright piano with a guitar leaning against the wall, and a red poster is visible nearby. On the left side of the person, a music stand with sheet music and a cymbal crash stand are present. In the foreground, a laptop on a table emits a bright screen, contrasting with the otherwise subdued ambiance. The room appears to be a small performance or practice space, with a casual and intimate atmosphere.
10253	neutral	10253.jpg	The image features a bold red background with white text prominently displayed in the center. The composition is straightforward, focusing on the text as the central element. The text itself is divided into several lines, with the main heading in large, bold letters reading "Young, Canadian + Muslim: Making Our Ballots Count!" Below this main heading, there is a smaller subheading that states "A Federal Election Debate on Multiculturalism, Immigration, and the Muslim Community." In the top left corner, there is smaller text that says "NCCM & Rabble.ca are pleased to livestream :" The red background is consistent throughout, providing a strong contrast to the white text, making it stand out clearly. The overall design is simple, with no additional graphics or images, emphasizing the textual message. The spatial relationship places the text prominently in the center, ensuring immediate attention is drawn to the message conveyed.
10552	neutral	10552.jpg	The image features a pencil sketch on a white sheet of paper placed on a wooden surface. The background is dimly lit, contributing to a soft shadow effect around the drawing area. The composition is centered on a character who is standing confidently, clad in detailed armor with a cape flowing behind. The character’s helmet obscures their face, adding a mysterious element. Notable details include intricate lines and shading that highlight the armor’s texture and the folds of the cape. The ground beneath the character includes a small mound and a distant figure or object, adding depth to the scene. The overall lighting emphasizes the sketch, making the lines stand out against the darker surroundings.
10797	neutral	10797.jpg	The image depicts a person standing with their arms crossed wearing a light blue, striped, button-up shirt. The shirt is long-sleeved and they have a tattoo on their left forearm. In the foreground, there is a neatly folded stack of shirts, composed of light blue and white striped shirts with a slight variation in the pattern and some pink accents. The lighting in the image is bright and even, highlighting the details of the shirts without causing any harsh shadows. The composition focuses on the stack of folded shirts as the primary subject with the person in the background, providing context. The background is minimal, with a plain white wall and a small, colorful painting hanging on the upper left side, which adds a subtle touch of color without distracting from the main elements. The spatial relationship shows the person slightly to the right and behind the stack of shirts, suggesting a connection between the person and the folded shirts.
11856	neutral	11856.jpg	The image features a simple text layout with information about open house events in Calgary and Edmonton. The background is white, with black text displayed prominently at the center. The composition is straightforward, with two sections separated by spacing. The first section details the Calgary open house, including the date, time, and location at the Courtyard Marriott Calgary Airport. The second section provides details for the Edmonton open house, also including the date, time, and location at the Chateau Louis Hotel and Conference Centre. The text uses varying font sizes to distinguish between headings and subheadings, with the headings in a larger bold typeface and the details in a smaller regular typeface. The overall layout is clean, minimalistic, and easy to read, with balanced spacing and alignment.
11891	neutral	11891.jpg	The image features a light pink background with text on the left side. The text is in black font, with a short message expressing a humorous sentiment regarding Botox. On the right side, there is a black-and-white illustration of a classic pin-up style woman with her hair styled in curls. She has an expression that suggests she is thinking or contemplating, with her finger placed thoughtfully on her lips. The overall composition is balanced, with the text on the left complementing the illustration on the right. The lighting appears flat, typical of a printed card, and the image uses a minimal color palette, focusing on pink, black, and white. Notable details include the stylized hair and the thoughtful pose of the character, which add a vintage yet modern touch to the design. The bottom left corner displays a logo with the text "someecards user card," indicating the source of the card.
11942	neutral	11942.jpg	The image has a clean, organized layout showcasing a weather report, with various data points neatly arranged in a table format. The color scheme is minimalistic, utilizing mostly grayscale tones, which helps emphasize the numerical data. The text is primarily in black with a white background, ensuring high contrast for easy readability.The top part of the screen displays the time as 6:54 PM and includes cellular signal and battery indicators. The logo and website URL, 'wunderground.com', are positioned at the top right corner, slightly contrasting with the lighter background.Key metrics such as temperature, dew point, humidity, and precipitation are listed on the left column, while columns titled 'High', 'Low', and 'Average' provide specific values for each metric. The temperature section shows a range and average with all values in degrees Celsius. Dew point and humidity also follow this format, with humidity notably having a large percentage range. Precipitation is marked as 0 mm, with dashes for unavailable low values.The lower part of the table covers wind speed, wind gust, wind direction, and pressure. Wind speed and gust are separated by 'High' and 'Low' columns, with wind direction noted as West. Pressure values are provided as 'High' and 'Low' in hPa units.Overall, the composition is structured and straightforward, with clear spacing between sections to enhance readability. The spatial relationship of the data is logical, moving vertically through different weather parameters, and horizontally across high, low, and average values.
12143	neutral	12143.jpg	The image features a handmade season to season wreath displayed against a white door. The wreath is composed of strips of newspaper fashioned into a rustic circular shape. These strips are predominantly in shades of white and tan, contributing to an earthy and layered appearance. In addition to the newspaper strips, the wreath includes decorative leaves in white, silver, and gold hues that provide a touch of elegance and contrast. A small twig with hanging leaves adds a natural element, extending slightly below the wreath. The lighting is soft and even, highlighting the textures and details of the wreath without creating harsh shadows. The composition centers the wreath, making it the focal point, with the text overlay positioned around the top and bottom of the image. Notable details include the intricate arrangement of the newspaper strips and the harmonious blend of materials and colors.
12721	neutral	12721.jpg	The image features a traffic sign with a predominantly orange background, which is bright and vibrant, ensuring visibility. The sign includes a bold black border that frames the entire image, creating a clear boundary. The word "DETOUR" is prominently displayed at the top in large, capital black letters, designed for easy reading. Below the text, there is an illustration of a bus, also in black, indicating the type of traffic diverted by the sign. Adjacent to the bus, there is a large black arrow pointing to the right, signaling the direction of the detour. The composition is straightforward and symmetrical, with the text and symbols centrally aligned. The use of contrasting colors black on orange enhances visibility and readability. The spatial relationship between the text, bus illustration, and arrow ensures that the message is clear and unambiguous.
12894	neutral	12894.jpg	The image depicts a modern tall apartment building with a slightly tapered design, featuring a white facade that gives it a clean and minimalist appearance. The building has numerous windows, mostly rectangular, with some balconies visible on certain floors, offering glimpses into the residential units. The sky in the background appears cloudy, casting soft, diffused lighting that minimizes harsh shadows on the building’s surface. The composition centers the building prominently, with a slight angle that gives depth to the structure. In the foreground, there is a small, attached structure likely serving as the main entrance, featuring glass doors and a sheltered porch area. Nearby, young trees and shrubs are planted along the building’s base, adding a touch of greenery to the scene. The overall environment seems calm and orderly, with a spacious parking area visible in front, and the spatial relationship between the building and its surroundings emphasizes its height and prominence within the urban setting.
12968	neutral	12968.jpg	The image depicts a vibrant, orange sign with bold black text that reads "HRS BUSES ONLY." Below the text, there's a directional arrow sign indicating a right turn, with a white arrow on a black background. The composition centers on the sign, making it the focal point of the image. Surrounding the sign is a typical suburban setting with trees along the road, grassy areas, and a pathway running parallel to the street. The lighting suggests it might be late afternoon or early evening, casting soft shadows across the scene, contributing to a calm and slightly overcast atmosphere. Notable details include construction cones and equipment in the background, indicating ongoing work. Utility poles and a stop sign are also visible, adding depth and context to the location.
13068	neutral	13068.jpg	The image is a screenshot of a Facebook post. The background is light gray on the sides with a white background in the center where the post is located. The profile picture is in the upper left corner of the post, showing two people with a neutral color palette. The header text "Dee MacDonald > Only In Hamilton" is in blue and black font at the top.The main body of the text is in black font, with a casual and conversational tone, describing Dee's situation in a new area. There are interactive buttons for liking, commenting, and sharing, all in gray with black icons and text.Below the main post is a smaller section indicating a follow-up with the same profile picture and text that reads "Dee MacDonald Still looking...". The interface elements like the like and share buttons maintain the same gray and black color scheme throughout.Overall, the layout is clean and minimalistic, with focus on the text content.
13272	neutral	13272.jpg	The image showcases a close-up view of ballet dancers on stage, focusing on their lower legs and feet in pointe shoes. The dancers are arranged in a slightly overlapping manner, with their legs extending downward and feet pointed. This creates a rhythmic alignment that highlights the elegance and symmetry of their posture. The lighting is soft and diffused, casting subtle shadows and emphasizing the smooth texture of their skin and the delicate fabric of their pointe shoes.The colors in the image are primarily neutral and pastel, with shades of pink, beige, and white dominating the scene. There are hints of red from the dancers' tutus, adding a touch of warmth and vibrancy to the composition. The background is dark, ensuring that the attention remains on the dancers and their feet.Notable details include the precision and alignment of the dancers’ feet, which are in a classical ballet position, reflecting their skill and discipline. The reflections on the stage floor enhance the visual depth and add a sense of realism to the scene. Overall, the image conveys a sense of grace and artistry inherent in ballet.
14443	neutral	14443.jpg	The visual characteristics of the image include a person playing an acoustic guitar with warm lighting highlighting the figure against a darker, gradient background. The person is wearing a light-colored, long-sleeve shirt and a black hat, creating a contrast with the subdued backdrop. The lighting accentuates the person's facial expressions and the textures of the clothing and guitar, giving a sense of depth. The composition centers the performer, drawing attention to their engagement with the instrument. The microphone positioned close to the performer suggests a music performance context, adding to the dynamic and expressive atmosphere of the scene.
14505	neutral	14505.jpg	The image features a logo comprised of a red, white, and blue color scheme. The logo is shaped like a triangle with a white interior outlined by a red border, and has red slanted lines emanating from the base outward. The text "FM98" appears in a cursive, blue font, while "WJLB" is in bold, capital blue letters. Below "WJLB" is ".com" in a smaller, blue font. The logo is centrally positioned against a black background, creating a strong contrast that highlights the colors and text. The overall composition is balanced and clearly emphasizes the station's branding and website address.
14628	neutral	14628.jpg	The image features a digital interface of a game, showcasing an arena with a predominantly warm color palette. The central focus is a large emblem with purple and gold hues, displaying a level indicator of 11 wins. Below this emblem are three empty slots for losses marked with red crosses. On the left side, there is an icon of a character with blue and gold tones, and next to it, a health bar with orange segments filling up. Central to the bottom is a prominent blue circular button labeled "Play." To the right side of the screen, a scrollable list of cards with various colors and fantasy-themed illustrations is visible, with a "Back" button at the bottom. The overall composition is balanced, with the main elements centered and the additional details arranged along the sides. The lighting is soft and even, contributing to a clear and focused visual experience. Notable details include the intricate designs on the cards, the glowing effects around the emblem and button, and the ornate frame surrounding the interface, which adds a sense of depth and richness to the aesthetic.
14855	neutral	14855.jpg	The image features a close-up view of a hand holding a pen, tied with a blue ribbon, resting on a surface covered with various handwritten notes and letters. The background is warm-toned with a harmonious blend of soft browns, beiges, and muted yellows, creating a nostalgic and intimate atmosphere. There's a sense of gentle lighting, which adds a subtle highlight to the hand and the paper, enhancing the texture and detail of the skin and the materials. An open book is positioned at the top left, with music staffs faintly visible on its pages. To the right, within an oval frame, a miniature scene depicts two individuals seated closely, adding a layer of narrative depth. Additional elements like a quill pen and scattered papers contribute to the scholarly and reflective mood of the composition. The spatial arrangement guides the viewer's eye from the hand and pen across the notes and finally to the framed scene, suggesting a connection between the act of writing and the memories or stories inscribed in the letters.
16073	neutral	16073.jpg	The image depicts a section of a map with various roads and landmarks. The primary colors present are shades of light blue, beige, and gray. The roads are outlined in a lighter blue color, contrasting against the beige background of the surrounding areas. The map's composition includes labeled streets, with key roads like Milwood Rd and Rosewood Rd prominently displayed. There is a mix of residential and commercial areas, indicated by the presence of care centers and woodland areas. Notable details include symbols and icons representing specific locations, such as the Ralph Road Day Care Centre and clothing woodlands. The spatial relationships show a clear grid of intersecting roads with different zones marked for specific uses, such as residential communities and recreational spaces. The map is clean and straightforward, focusing on navigation and geographical layout.
16798	neutral	16798.jpg	The image features a dark, monochromatic background with shades of black and gray, creating a mysterious and artistic atmosphere. There is a central focus on a faint, abstract white design that appears to resemble a string or wire grid pattern, giving it an interconnected and dynamic feel. The text is prominently displayed in the foreground, with a mixture of white and yellow hues that stand out against the dark backdrop. The words "THE POWER OF #1000STRINGS" are the most prominent, while additional details, such as the event date and location, are in a smaller size. The layout is symmetrical and centered, with the text arranged to draw attention to the event information. Notable details include a circular motif at the top, possibly indicating a website or menu navigation, along with a button-like element at the bottom center for registration. The overall composition is balanced, with the abstract design and text harmoniously integrated.
20038	neutral	20038.jpg	The image captures two individuals on stage performing at what appears to be a live event. The stage has ambient lighting, giving it a warm and intimate atmosphere. The backdrop features a banner with blue and red colors and displays "96 Newbury FM," indicating the event might be related to a radio station. The person on the left, with curly reddish hair and a beard, is holding a guitar and looking towards the other person. They are wearing a dark jacket and a shirt with a pattern. The person on the right, with longer hair, is also holding a guitar and appears to be in mid-conversation or musical interaction with the other individual. The composition includes a microphone stand in the foreground, and the spatial arrangement suggests a casual, engaging performance setting with both individuals positioned centrally in the frame.
20332	neutral	20332.jpg	This image features promotional materials laid out on a surface. At the top, there's a poster for a campaign titled "Cleaning the Capital" with the logo of Tim Hortons and dates from September 15 to October 15 with French translations. The background of the poster includes a broom graphic and uses shades of green, white, and beige, creating a clean and organized appearance. A pair of blue rubber gloves is positioned in the center of the image, prominently placed over other materials. Below the gloves are various business cards and flyers. The business cards have a green leaf motif and are predominantly white with green and orange accents. Some flyers have red and white stickers with images of a hand holding a sign indicating "Keep Ottawa tidy." A red Tim Hortons coffee cup with a lid is visible on the right side, along with a black travel mug. The lighting is natural, suggesting daylight, and the overall composition is somewhat cluttered, giving a sense of an active, community-focused event. A gift card from Peloso Cleaners for $25 off is also visible, adding to the promotional clutter.
20496	neutral	20496.jpg	The image depicts a light blue and white ice cream truck with the text "Neely’s Dairy" and "Track Truck" prominently displayed on its side, indicating its branding and purpose. The truck features a retro design with vintage styling, suggesting a throwback to classic aesthetics. The scene seems to be set outdoors in a residential area, as evidenced by the house with wooden fencing and trees in the background. There are several people, including adults and children, interacting near the truck; some appear to be getting ready to board while others are casually standing. The lighting appears to be natural, typical of an overcast or slightly dim day, casting soft shadows and giving a nostalgic atmosphere to the composition. The truck is positioned on the left side of the image, with space on the right allowing for a clear view of the background elements. The overall composition balances the truck’s vibrant colors with the muted tones of the surroundings, creating a visually appealing and inviting scene. Notable details include the social interactions around the truck, the playful design on its side, and the natural setting enhancing the warm, community-oriented vibe.
20647	neutral	20647.jpg	The image features a navy blue fabric, which serves as the background for a white graphic design. The design consists of a stylized maple leaf made up of various small icons and symbols, arranged to resemble the outline of a leaf. Some prominent icons include athletes, trophies, musical notes, and other sports-related symbols, distributed evenly across the leaf. A white ribbon-like design intersects the maple leaf horizontally. At the bottom of the image, the hashtag “#RUNFORCALGARY” is printed in white, capital letters. The lighting is even, highlighting the crisp contrast between the white design and the dark background. The composition is centered, with the maple leaf and hashtag as the focal points. The overall arrangement is balanced and symmetrical, emphasizing the theme and message conveyed by the graphic.
21088	neutral	21088.jpg	The image shows a two-story house with a beige exterior and dark red shutters on the upper windows. The roof is shingled in a natural brown color. The house has a small front porch area with a red door and white-framed windows beside it. There are two prominent trees or bushes with dense green foliage flanking the entrance. The lawn is well-maintained with a concrete pathway leading up to the front door. Adjacent houses are partially visible, one on the left with a brown and white exterior and another on the right with a lighter green exterior. The sky is partly cloudy, and the overall lighting suggests daytime. A blue mailbox is placed near the walkway, and there is a bird perched on the roof edge. The composition centers on the house, creating a balanced and symmetrical arrangement.
21143	neutral	21143.jpg	The visual characteristics of this map include a color gradient ranging from cooler tones, such as blue, to warmer tones like yellow and red. The map represents the northeastern United States and southern Ontario region, covering cities like Buffalo, Rochester, and Toronto. Distinct features include marked city names and state or province boundaries. Linear elements like rivers or highways are depicted in blue lines crisscrossing the map. The warm colors in the lower-left section highlight areas that stand out against the darker background, indicating a possible focus or area of interest. The overall lighting is relatively uniform with a dark background to enhance contrast and emphasize the colored areas and labeled features spatially distributed across the map.
21497	neutral	21497.jpg	The image features a group of students seated in a row, each using a device such as a laptop or tablet. They are focused on their screens, engrossed in their work. The students are wearing casual or semi-casual clothing, including jackets and shirts, with colors ranging from greens to blues to reds. The lighting in the space is soft and natural, suggesting it may be illuminated by daylight, creating a warm and inviting atmosphere. The composition centers on a diagonal arrangement from left to right, with the students facing away from the camera, enhancing the sense of collective engagement. The spatial relationship gives the impression of unity and collaboration. Notable details include the diversity of the students, reflecting inclusivity and a modern educational setting. A caption overlays the image at the bottom with the text "University Recruiting: 3 PROGRAMS TO SOURCE RECENT COLLEGE GRADUATES" in white text on a blue background.
2824	positive	2824.jpg	The image features two individuals shaking hands, which conveys a positive sentiment. The scene is in an indoor setting, likely a conference or award ceremony, indicated by a podium and a lively crowd in the background. The lighting is warm and inviting, with multiple ceiling lights illuminating the area. Notable is the large chandelier in the background, casting a soft glow that enhances the celebratory atmosphere. The color palette is dominated by warm tones like brown and amber, adding to the positive and uplifting vibe. The individuals are at the center of the image, both dressed formally, one in a white shirt and the other in a black suit, highlighting the importance of the moment. The crowd is visible in the background, with some holding up phones, possibly capturing the event, which further emphasizes a moment of accomplishment and celebration. The overall composition draws attention to the handshake, symbolizing agreement, success, or congratulations.
3888	positive	3888.jpg	The flyer for the job fair and training expo is visually engaging with a clear focus on job seekers. The main background color is white, which helps highlight the other important elements using contrasting colors. The top of the flyer prominently features the event title in bold, red letters for "JOB FAIR" and blue letters for "& TRAINING EXPO". Below that, "Organised by Student Times" is displayed in smaller blue text, which connects the event to its organizer.Key offerings of the event are highlighted in red and blue text for clarity: "Free Resume Critiquing," "Free Social Media Workshop," "Free Parking," and "Free Admissions." These bullet points are visually appealing because of the use of consistent color themes.A notable design element is the "$20 Gift Pack" badge in red with a jagged border, adding a sense of urgency and incentive. Next to it, the word "CAREER" is displayed in large red letters with small human figures climbing on top of the letters, symbolizing growth and progress.The event details, including the date "Tuesday September 15," venue "Mississauga Valley Community Centre," and address "1275 Mississauga Valley Blvd, L5A 3R8" are clearly outlined with varied text sizes to organize the information effectively.The time of the event "10:00am - 3:00pm" is presented in red to draw attention. Additionally, a welcoming message "All Job seekers are welcome! to this Multicarreer event" is displayed in a mix of black and red text, fostering a sense of inclusivity.At the bottom, details for contacting the organizers and registering for the event are given, ensuring accessibility. The composition is well-balanced, with strategic use of color, layout, and typography to convey essential information effectively and attractively.
5911	positive	5911.jpg	This image captures a joyful scene of a blue jay perched on a wooden railing, surrounded by scattered seeds. The blue jay, with its striking blue and white feathers, adds a vibrant splash of color against the soft green and brown backdrop of blurred foliage. The lighting is natural and diffused, creating a gentle, warm ambiance that enhances the serene atmosphere. The bird is in mid-action, its wings slightly spread as it pecks at the seeds, suggesting a moment of playful activity. The composition balances the lively subject with the tranquil, out-of-focus background, emphasizing the bird’s dynamic presence. Spatially, the railing stretches horizontally across the image, providing a structured frame that contrasts with the organic shapes of the trees and the bird. Notable details include the intricate patterns on the bird’s feathers and the subtle texture of the wooden railing, adding depth and interest to the scene. Overall, the image evokes a sense of peaceful enjoyment and delighted observation of nature.
7299	positive	7299.jpg	The image features a person standing confidently in a field filled with tall, lush vegetation, likely corn. The colors are warm and natural, with hues of golden brown and green dominating the scene, reflecting a sunny day. The lighting is bright and appears to come from above, casting soft shadows and enhancing the vividness of the scene. The composition places the person slightly off-center, drawing attention to their presence within the field. The individual is wearing a sleeveless shirt featuring a colorful graphic design, adding a pop of contrast to the natural tones. The spatial relationship between the person and the field is harmonious, with the field extending around them, enveloping the person in its natural beauty. Notable details include the person's sunglasses and relaxed posture, suggesting a moment of contentment and enjoyment. The overall mood is cheerful and uplifting, emphasized by the bright lighting and warm colors.
7370	positive	7370.jpg	The visual characteristics of this image are striking with a prominent use of black and white contrasts, giving it a bold and dramatic appearance. The dominant elements are the vibrant yellow text, which contrasts starkly against the monochromatic background, drawing focus to the event details. The text is placed centrally, with "BEAUTY BEHIND THE MADNESS EXPERIENCE" prominently displayed in a stylized font.The image features a person in the foreground, occupying a significant portion of the lower half of the visual. The individual's face is framed with a black overlay that includes the text "THE MOD CLUB," which adds a modern and edgy touch. This overlay also disrupts the photo slightly, creating an interesting visual dynamic.In the background, there's a textured overlay that resembles cracked glass or an abstract pattern, enhancing the overall intense and gritty feel of the poster. The spatial relationship between the text and the person is well-balanced, ensuring that both elements complement each other without clashing.Lighting in the image is even, with no harsh shadows, ensuring that all elements are clearly visible. The use of high contrast between the text and the background, along with the textured effects, contributes to a visually impactful design that is both eye-catching and compelling for a promotional poster. The combination of these elements creates a sense of anticipation and excitement, enhancing the positive sentiment of the event being promoted.
7670	positive	7670.jpg	The visual characteristics of this image evoke a positive sentiment through several elements. The colors are vibrant, with the blue shirt of the boy and the green shirt of the girl drawing attention against the natural backdrop of green foliage and the clear, sunlit water. The lighting is bright and natural, suggesting a sunny day, which enhances the cheerful atmosphere.Compositionally, the image is balanced, with the children positioned centrally, creating a focal point that draws the viewer's eye. The boy stands on one leg, adding a dynamic element, while the girl stands confidently beside him. Their smiles and playful poses contribute to a sense of joy and carefree enjoyment.Spatial relationships show the children standing in shallow water, with a glimpse of a dog swimming, adding to the lively scene. The clear water reveals the rocky riverbed, and the surrounding greenery frames the image, providing a sense of being immersed in nature. The overall mood is one of happiness and relaxation, enhanced by the natural setting and the children's evident enjoyment.
7688	positive	7688.jpg	The image exudes a warm and heartwarming atmosphere, capturing a tender moment between a baby and a large dog. The baby, dressed in a vibrant green and white striped outfit, lies on a cozy, brown cushion, engaging affectionately with the dog. The dog, with its black and tan fur, appears calm and gentle, lying comfortably on the floor next to the baby. The lighting in the room is soft and natural, casting a gentle glow that enhances the serene and loving mood of the scene. In the background, a wooden entertainment center holds various electronic devices, adding a touch of homeliness. A small gray cat can be seen in a relaxed position nearby, further contributing to the peaceful and familial ambiance. The composition focuses on the interaction between the baby and the dog, drawing the viewer's attention to the touching connection they share.
7940	positive	7940.jpg	The image shows a relaxed dog lying on a patterned carpet. The dog has a soft blend of brown and white fur, with a distinct contrast between the white underbelly and the brown-coated upper part of its body. The lighting is warm, creating a cozy atmosphere, and the dog is positioned centrally, drawing attention to its calm and gentle expression. The carpet beneath has intricate geometric patterns in earthy tones, enhancing the homely feel of the scene. The dog’s direct gaze and slightly tilted head convey a sense of curiosity and friendliness, contributing to the overall positive sentiment of the image.
8397	positive	8397.jpg	The visual depicts a cozy and heartwarming scene featuring several puppies huddled around a person sitting on the floor. The puppies are predominantly white with brown patches, creating a charming contrast. The lighting is bright but soft, likely natural, enhancing the warmth of the scene. The composition is centered around the group of puppies, who are closely gathered, some playfully interacting with each other and the person. The spatial arrangement suggests intimacy and comfort, with the puppies overlapping slightly as they crawl and nuzzle against the person. Notable details include the relaxed demeanor of the puppies and the person, whose hands are gently interacting with the puppies, and the text "INSTANT ANTIDEPRESSANT" prominently displayed at the top, highlighting the uplifting nature of the image. The overall atmosphere is one of joy, warmth, and happiness.
8606	positive	8606.jpg	The image consists of a solid white background with black text centered in the middle. The text covers a range of emotions, predominantly conveying a sense of distress and vulnerability. There are no visible colors apart from black text on a white background, and there is no variation in lighting or any additional elements in the composition. The text is free-form with no specific spatial arrangement other than being in the center. The notable detail is the emotional weight carried by the words, which express feelings of stalking, unnoticed enjoyment, and the desire to hide one's emotions by curling into a ball and crying.
9477	positive	9477.jpg	The vibrant image captures a dynamic drummer passionately immersed in a performance. The lighting, though dim, highlights the intensity of the scene, casting dramatic shadows and accentuating the motion of the drummer's gestures. The drummer is centrally positioned, drawing immediate attention to their expressive face and powerful posture. Rich blacks and contrasting highlights dominate the color palette, creating a visually striking effect. The background is blurred, suggesting movement and adding a sense of depth, while subtle details like the drum kit and surrounding equipment frame the energetic performance. Overall, the composition exudes a strong sense of energy and passion, contributing to a positive sentiment through its vivid portrayal of musical fervor.
9692	positive	9692.jpg	The image uses a dark, warm color palette mainly consisting of shades of brown and black. It features a portrait of a political leader, created in a stylized manner with visible brush strokes and texture. The lighting is dramatic, casting shadows to highlight facial features and expressions, giving the portrait a serious and intense appearance. The composition centers on the face, drawing the viewer's focus directly to the eyes and mouth, which convey emotion and intensity. The text below the portrait is large and bold, written in white against the dark background for contrast and emphasis. The spatial relationship between the text and the image is clear, with the text positioned to provide context to the illustration above. Notable details include the expressive eyes and the textured rendering of the skin, adding depth to the portrait.
9976	positive	9976.jpg	The image shows a professional and lively scene featuring two individuals in an outdoor setting. The primary colors in the image are bright and contrasting, dominated by the yellow machinery and the high-visibility vests that both individuals are wearing. These vests are glowing with bright yellow-green stripes, ensuring visibility and emphasizing safety standards.Lighting in the image appears to be natural and bright, likely from sunlight, adding a sense of clarity and positivity to the scene. The shadows are minimal, which suggests it may be an overcast day or the machinery and subjects are in partial shade, providing even lighting across the image.Compositionally, the photo is well-balanced with two figures centrally positioned. One person, identified as Hon. Rona Ambrose, is smiling and engaging with the machinery, while the other individual, dressed in a dark jacket and safety helmet, is assisting her. The machinery itself frames the background, giving depth to the scene and adding an industrial context.Spatial relationships show a collaborative interaction between the two individuals. The person on the right appears to be guiding or instructing the other, indicating a training or instructional scenario. Their proximity and body language suggest a positive and cooperative atmosphere.Notable details include the text overlay that provides context about the event, specifying that it is related to heavy equipment training at the Operating Engineers 955 Training Trust site. The text mentions a National Pipeline Training School Open House, situating the event in a professional and educational context.Overall, the image conveys a sense of professionalism, collaboration, and positivity through its vibrant colors, balanced composition, and the engaged demeanor of the individuals involved.
11709	positive	11709.jpg	The image shows a display of two types of beer in a store with a vibrant and eye-catching setup. The left side features a pack labeled "Gypsy Tears Ruby Ale," with a bold red and black color scheme, featuring an illustration of a woman with an elegant and dramatic flair. The right side has a pack labeled "Jerkface 9000," with a vivid pink background and a cartoon character with an exaggerated, humorous design. Both packs are brightly lit, emphasizing the vividness of their colors and making them stand out against the store backdrop. The lighting is well-balanced, ensuring all details are clearly visible. The spatial arrangement places the packs prominently in the foreground, with rows of other beverages in the background, giving a sense of depth and inviting potential customers to explore. The overall composition is visually engaging, combining strong contrasting colors and playful imagery to create an attractive display.
12380	positive	12380.jpg	The image features a man in a dark suit with a red tie, wearing glasses and a white shirt. He is smiling broadly, exuding a sense of positivity and enthusiasm. His hands are animated, gesturing as if in conversation or explanation. The background includes a well-lit studio set with a blue and brown color scheme, creating a professional and inviting atmosphere. Shelves with various items and a framed plaque are visible, adding depth and context to the setting. The overall lighting is bright and even, highlighting the subject clearly against the backdrop.
12771	positive	12771.jpg	The image showcases a wedding ceremony set in a beautifully decorated hall. The predominant colors are warm tones such as beige, brown, and gold, creating a cozy and elegant atmosphere. Natural light fills the room through tall windows, complementing the soft, warm artificial lighting from chandeliers hanging from the beautifully adorned ceiling. The composition centers around the bride and groom standing at the altar, framed by rows of seated guests who are attentively watching the ceremony. The guests are symmetrically arranged, adding to the balance and harmony of the scene. Notable details include the classic architectural features like columns and intricate moldings that enhance the grandeur of the setting. The overall ambiance is one of celebration and warmth, evoking a sense of joy and togetherness.
13566	positive	13566.jpg	The image features two women smiling at the camera in a lively stadium setting filled with people. They are both wearing sunglasses, adding a fashionable and cheerful touch to the scene. The colors are vibrant, with the women dressed in shades of blue and orange, creating a pleasant contrast. The lighting is bright, enhancing the overall positivity of the photo and highlighting their joyful expressions. The composition is balanced, focusing closely on the two women while still showing the energetic background full of fans and activity. The spatial relationship between the two women shows a sense of camaraderie and joy as they pose together, with their faces almost touching. Notable details include the stadium seats in the background, a mix of casual clothing worn by the crowd, and the upbeat atmosphere captured in their smiles, all contributing to the positive sentiment of the image.
13575	positive	13575.jpg	The image showcases vibrant colors with a dominant red theme in both frames, creating an energetic and bold atmosphere. The high-heeled boot in the left frame features intricate gold striping against a shiny red backdrop, reflecting light beautifully and adding a sense of glamour and sophistication. The lighting is well-balanced, highlighting the meticulous details and textures of the boot.In the right frame, a musician is captured in a dynamic pose, dressed in a striking red sequined jacket and pants, complemented by a matching red headband and sunglasses. The stage lighting casts a dramatic spotlight on him, enhancing the visual impact and conveying a sense of excitement and passion. The musician's guitar, with its star-shaped body, adds a unique focal point to the composition.Spatially, the images are well-composed, with the boot occupying the left frame prominently, while the musician fills the right frame, both commanding attention through their vivid colors and intricate designs. The overall effect is one of high energy and positive exuberance, with every element contributing to a visually captivating and uplifting scene.
14134	positive	14134.jpg	The image is a black and white photo of a man singing into a microphone. The lighting is moody and focused on the subject, casting gentle shadows that highlight his facial features. The man is centrally framed and holds the microphone close to his mouth, suggesting an intimate performance setting. He is wearing a casual black shirt, emphasizing his relaxed demeanor. The background is dark and blurred, drawing attention to the performer. The name "Brad Battle" is prominently displayed across the center, with the initials "BB" in a circular badge below it, adding a professional touch. The overall composition conveys a sense of warmth, talent, and connection, resonating with a positive sentiment.
14965	positive	14965.jpg	The image features a vibrant and energetic advertisement for a themed party called "Rescue Me" intended for Fireman/EMT singles. Dominating the left side of the image is a woman dressed as a firefighter in a striking red helmet and shiny red and yellow jacket, her hair styled in loose waves. The background of the image is filled with dynamic flames in bold orange and yellow hues, creating a sense of excitement and urgency.The typography is bold and prominent, with the title "RESCUE ME" in large, yellow capital letters at the top right. Below this title, the event details are clearly laid out: "FIREFMAN/EMT SINGLES PARTY @Hudson Terrace 621 W. 46th WEDNESDAY, SEPTEMBER 9th 7:00-10:30PM." The text is white, ensuring high contrast against the darker background.Further event details, including drink specials and a website for sign-ups, are displayed in white text on the right side, ensuring readability. The composition balances the visual weight between the fiery background and the detailed text, with the central figure drawing attention. The image uses spatial relationships to make the main subject stand out while the background elements support the overall theme of the event. Notable details include promotional codes and specific instructions for discounts and entry requirements, enhancing the practical information conveyed by the advertisement.
15134	positive	15134.jpg	The image depicts a person sitting in a car, wearing a racing helmet with the word "Neer" on it and red gloves, giving an impression of a racing or driving scenario. The predominant colors in the image are black, red, and gray, creating a sharp contrast that stands out. The black gloves and clothing contrast starkly with the bright red gloves, which adds a vivid pop of color to the scene. The lighting is bright, coming from the left side, casting light on the subject and enhancing the visibility of the details. The composition focuses on the driver, with the left arm prominently displaying the red gloves gripping a gear shifter, suggesting motion and activity. Spatial relationships highlight the driver's engagement with the environment, indicated by the direction of the head and gaze. Notable details include the gear shifter, the racing helmet, and the text overlay indicating a professional title and location, adding context to the image. The overall impression is dynamic and professional, reflecting a sense of action and expertise.
15178	positive	15178.jpg	The image depicts a vibrant blue Toyota Corolla parked outside a business building, contributing to a visually appealing composition. The car's sleek, shiny finish reflects the surrounding environment, enhanced by the bright and natural lighting which highlights its smooth curves and sophisticated design. The golden rims of the wheels add a touch of elegance and contrast beautifully with the blue body. The building in the background features a large glass window and a prominent green and white "TD" logo, indicating it is a bank that operates seven days a week, as stated by the "Open 7 Days" sign. The spatial relationship between the car and the building creates a balanced scene, with the car positioned to the left and the building occupying the right side of the image. The clear sky and well-lit setting contribute to a positive and inviting atmosphere, making the overall visual impression both dynamic and pleasant.
15308	positive	15308.jpg	The image features a bright, vibrant color scheme with a clear focus on a tropical beach scene. The predominant colors include shades of blue from the sky and sea, contrasted with the white of the sandy beach and the greenery surrounding it. The lighting appears natural, suggesting sunlight, which enhances the overall positive and inviting atmosphere of the scene.Compositionally, the image places an inviting beach landscape in the background, creating a sense of escape and relaxation. The text, prominently displayed in bold white letters against a blue background at the bottom, stands out clearly. The words invite viewers to "DISCOVER THE PHILIPPINES" which adds to the excitement and curiosity about the destination.Spatial relationships highlight the beach as the main focal point, with the text serving as a supporting element guiding the viewer's intention towards travel and exploration. Notable details include the specific date and location mentioned, which adds a personal touch to the invitation. Additionally, the logo and text from "InstaRepost" are subtly integrated at the top right, indicating the platform used for sharing this promotional content.Overall, the image evokes a feeling of positivity, adventure, and anticipation for the cultural and natural experiences awaiting in the Philippines.
15812	positive	15812.jpg	The visual characteristics of this image for a sentiment analysis task positive include vibrant colors and bright lighting that contributes to a cheerful and lively atmosphere. The composition is well-balanced with two individuals engaging in an activity on the floor, surrounded by scattered colorful photographs that add visual interest. The man on the left, wearing a blue cap and black shirt, and the girl on the right, dressed in a white and black outfit, are both seated comfortably, indicating a relaxed and cooperative environment. The natural light coming through the windows illuminates the room warmly, enhancing the sense of positivity. Spatial relationships and interactions between the individuals suggest a friendly and collaborative moment, with everyone appearing focused and content. Notable details, such as the casual attire and the presence of personal items like a backpack and notebooks, reinforce the informal and enjoyable nature of the scene.
17978	positive	17978.jpg	The visual characteristics include vibrant purple and blue lighting, creating a dynamic and energetic atmosphere. The composition highlights the massive stadium with a large crowd gathered in front, suggesting excitement and anticipation. Spatial relationships show the stadium towering above the crowd, emphasizing its grand scale. Notable details include the illuminated facade of the structure, with beams of light emanating from the central tower, further adding to the festive and monumental feel of the scene. The soft hues of the sky at twilight enhance the overall positive and celebratory mood of the image.
18216	positive	18216.jpg	The image features a single, well-formed bun placed centrally against a plain, light background. The bun is light beige in color, uniform, and smooth in texture. It has a dome-shaped appearance with evenly spaced indentations on the top, likely created by sealing techniques used during preparation. The lighting is soft and even, highlighting the bun's subtle textures without creating harsh shadows. The composition is simple and clean, drawing attention to the bun itself. There are no additional objects or distractions, emphasizing the bun's form and detail. Overall, the image presents a pleasing and appetizing visual of the bun, suggesting quality and care in its preparation.
18305	positive	18305.jpg	In the image, a young person is sitting with their arms spread wide and a joyful expression on their face, suggesting a sense of happiness and openness. They are wearing a black T-shirt with a colorful and vibrant graphic design featuring a range of bright colors like pink, green, and blue which adds to the lively feel of the scene. The background is elegantly decorated with soft, warm lighting that creates a cozy and inviting atmosphere. The walls are adorned with intricate patterns and there are lit candles, enhancing the ambient glow. The lighting is predominantly purple and warm, contributing to a relaxed and positive vibe. Large green plants add a touch of nature and freshness to the setting. The composition centers on the person, with their outstretched arms drawing attention, while the surrounding decor frames them nicely, contributing to a balanced and harmonious image. Notable details include the chandelier-like light fixtures and the sophisticated interior design elements that add depth and character to the scene.
18532	positive	18532.jpg	The visual characteristics of this image evoke a strong sense of tranquility and awe. The sky is painted in soft hues of blue, complemented by gentle golden tones near the horizon where the sun is setting. The sunlight bathes the scene in a warm, radiant glow, creating a mesmerizing play of light and shadow. The composition captures a serene landscape with a city skyline faintly visible in the distance, adding depth and a sense of vastness to the scene. In the foreground, lush greenery and scattered plants are silhouetted against the bright background, enhancing the natural beauty. The spatial relationships between the elements create a balanced and harmonious image, with the tall pole on the left adding a vertical element that draws the eye upward. Notable details include the delicate light rays streaming through the scene and the subtle haze that softly blurs the distant cityscape, contributing to the overall peaceful and positive ambiance.
18640	positive	18640.jpg	The image presents an outdoor scene centered around a large, vibrantly decorated truck labeled "O'HARA'S BREWING CO." This truck, adorned with an eclectic mix of colorful signage, illustrations, and slogans like "NOW SERVING," creates a lively focal point. The lighting is bright and natural, suggesting a sunny day that enhances the cheerful and inviting atmosphere. The crowd of people surrounding the truck, dressed in casual summer attire, contributes to a sense of excitement and community. The composition captures the dynamic interaction between the participants and the elaborate setup, with attendees closely gathered and engaged. Spatial relationships show a bustling environment, filled with energy and social interaction, as trees and an elevated roadway add depth to the background. Overall, the visual elements convey a vibrant, positive, and festive sentiment.
19852	positive	19852.jpg	The image depicts two individuals on a raft in a river surrounded by lush greenery. The colors are vibrant with a mix of blues, greens, and earthy tones capturing the natural beauty of the scene. The lighting is soft, creating a calm and pleasant atmosphere without harsh shadows. The composition centers around the two adventurers, highlighted by their helmets and life vests, with one person taking the photo while holding an oar. Spatial relationships show the individuals seated close together on the raft, both engaged in the activity. Notable details include the river’s flow, the protective gear they wear, and the serene backdrop of dense trees along the riverbank, contributing to a sense of adventure and enjoyment in nature.
20049	positive	20049.jpg	The image presents a vibrant and soothing scene with a harmonious blend of colors, capturing a sense of tranquility. The foreground is adorned with lush, bright pink flowers, arranged in a flowing, meandering bed that adds a touch of elegance and natural beauty. The greenery surrounding the flowers enhances the freshness of the scene, while taller grasses add texture and depth.In the mid-ground, the calm body of water reflects the sky and surrounding landscape, creating a serene and peaceful atmosphere. The water acts as a natural frame, leading the viewer's eye toward the background.The background showcases a captivating cityscape with distinctive architectural features, including a prominent gothic-style building with tall spires, adding a sense of grandeur and historical significance. The buildings are nestled among green hills, which soften the urban elements and blend them with nature.The sky is filled with billowy clouds, diffused with soft, warm light, suggesting either dawn or dusk, which bathes the scene in a gentle, golden hue. This lighting enhances the vivid colors and contributes to the overall positive and uplifting mood of the image.Spatially, the composition balances the natural elements in the foreground with the architectural marvels in the distance, creating a cohesive and visually pleasing narrative that evokes a sense of calm and admiration. Notable details such as a small pathway and neatly maintained garden further emphasize the meticulous care and beauty of the setting.
20091	positive	20091.jpg	The image depicts a group of firefighters inside a truck, characterized by a warm and positive sentiment. The predominant colors in the image are dark tones, specifically black and red, reflecting the uniforms and equipment, contrasted with lighter shades from the sunlight filtering through the windows. The lighting is natural and bright, creating a welcoming atmosphere and emphasizing the relaxed expressions on the individuals' faces. The composition of the image is balanced, with the three people seated comfortably, suggesting camaraderie and ease. The spatial relationships show the individuals sitting closely together, indicating a sense of unity and teamwork. Notable details include firefighting gear such as helmets and reflective uniforms, placed neatly around them, highlighting their profession. The overall mood is cheerful and cooperative, with the firefighters appearing at ease in their environment.
20161	positive	20161.jpg	The visual characteristics of the image evoke a strong sense of tranquility and grace. The serene lake, with its smooth, mirror-like surface, reflects the surrounding greenery, creating a calming and harmonious backdrop. A solitary cormorant perches atop an old, weathered buoy, which is centrally placed in the frame, drawing the viewer's eye immediately to the bird. The soft, golden lighting suggests either early morning or late afternoon, casting a gentle glow that enhances the peaceful atmosphere. The bird’s dark, sleek feathers contrast against the lighter, muted tones of the buoy and the rippling water, adding a touch of natural elegance. The composition is balanced and centered, contributing to the overall feeling of serenity and stillness.
20403	positive	20403.jpg	The color palette of the image features warm and vibrant tones, with a prominent yellow-orange hue that highlights the performer. The lighting creates a lively and energetic atmosphere, with bright stage lights that cast a colorful glow and illuminate the person from behind. The composition centers the performer, who is playing an acoustic guitar and appears joyful and engaged with the music. The spatial relationship between the person and the background shows the individual as the focal point, with the lights and text complementing the scene in the background. Notable details include the text promoting the event with a clear time, date, and ticket information, and an audience quote praising the artist. Additionally, social media icons and logos suggest engagement and recognition, contributing to the overall positive and dynamic visual impression.
20437	positive	20437.jpg	The visual characteristics of the image include a vibrant color scheme with a playful and cheerful aesthetic. The main text, "CHEO," is written in yellow with a slight gradient effect, giving it a lively and eye-catching appearance. Underneath, the words "Foundation" and "Fondation" are written in a simple black font, providing a clear contrast against the yellow text.To the right, there is an illustration of a cute, smiling yellow teddy bear, which adds to the friendly and approachable vibe of the image. The teddy bear is seated and waving, contributing a sense of warmth and positivity.The overall composition is balanced, with the text on the left and the teddy bear on the right creating a harmonious layout. The lighting is even, ensuring all elements are clearly visible and well-defined. Notable details include the small drop shadow behind the teddy bear, which adds a subtle sense of depth to the image. The combination of these elements evokes a cheerful and supportive ambiance, aligning well with a positive sentiment.
20451	positive	20451.jpg	The vibrant sky painted in brilliant hues of pink and purple exudes a warm and soothing atmosphere, capturing the beauty of dusk. The sky's rich colors blend seamlessly, casting a gentle glow that illuminates the clouds, adding depth and texture to the scene. The composition features silhouetted trees in the foreground, framing the stunning sky and adding a touch of natural elegance. The lighting is soft and diffused, creating a serene and calming effect that enhances the overall mood. Spatial relationships between the sky and the silhouetted foliage create a balanced and harmonious visual, while the subtle contrast between the dark outlines and the vivid colors adds a dramatic flair. Notable details include the delicate patterns of the leaves against the vibrant backdrop, contributing to the tranquil and picturesque ambiance.
20514	positive	20514.jpg	In this serene image, a solitary heron stands gracefully in shallow water, exuding a sense of calm and tranquility. The bird's elegant posture is accentuated by the subtle play of light, which highlights its muted, earthy tones of gray and brown, complementing the soft blue hues of the water. The lighting is gentle and diffused, creating a soothing atmosphere that enhances the overall peacefulness of the scene. The composition is balanced, with the heron positioned slightly off-center, allowing the reflective surface of the water to mirror its form and add depth to the image. Scattered rocks in the foreground provide a natural frame, subtly guiding the viewer's eye toward the heron. The subtle ripples in the water and the distant, almost blurred background contribute to a dreamy, contemplative mood, making the image both visually appealing and emotionally uplifting.
21245	positive	21245.jpg	The image features a man wearing glasses and a green shirt, enjoying an ice cream cone. The composition is focused on the man in the center, with the window blinds creating horizontal lines in the background. The lighting is warm and natural, suggesting sunlight casting shadows that enhance the three-dimensionality of the scene. The colors are vibrant, with the bright white of the ice cream contrasting against the warm tones of the man's skin and the green of his shirt. The man's hand is visible, holding the ice cream cone with a piece of paper lining. The overall mood is cheerful and summery, evoking a sense of enjoyment and relaxation.
21628	positive	21628.jpg	The image captures two smiling women with blonde hair in a well-lit indoor setting. The background appears to be a room with light-colored walls and some file cabinets, contributing to the bright ambiance. The women are positioned closely together, indicating a friendly and positive interaction. One woman, in the foreground, wears a black V-neck top, while the other, slightly behind her, dons a striped shirt. A piece of paper with the text "BACK TO SCHOOL" is visible on the desk in front of them, adding context to the scene. The lighting is even, enhancing the cheerful expressions of both women, and the overall composition emphasizes warmth and positivity.
21812	positive	21812.jpg	The image features four young people standing together in an indoor setting, most likely a school cafeteria. They are positioned closely, suggesting camaraderie and a sense of fun. The lighting is bright and even, enhancing the vibrant atmosphere. The colors in the image are lively and varied, with the individuals wearing different colored outfits, including a gray shirt, a purple and black top with a gray jacket, a red shirt, and a black and white checkered shirt. Their expressions are playful and enthusiastic, with all of them sticking out their tongues and giving thumbs up, conveying a joyful and positive sentiment. The background includes white tiled walls and a bulletin board adorned with various small images or papers, adding to the casual and youthful vibe. The overall composition is dynamic and captures a candid moment of friendship and happiness.
22238	positive	22238.jpg	The image shows two individuals, a young man and a young woman, smiling and posing for the camera in what appears to be a retail store. They are positioned closely together, facing the camera, and appear to be happy and excited. The background includes shelves with various clothing items and store signage visible.The colors in the image are vibrant, with bright lighting illuminating the subjects and the store interior. The man wears a black t-shirt, while the woman wears a patterned top with visible natural tones that blend well with the background. Overlaid on the image is a neon-style text reading "love of lava," adding a playful and cheerful element to the photo.The composition is balanced, with both individuals centered and the text overlaid horizontally across the image. The lighting is even and well-distributed, contributing to the overall positive and friendly atmosphere of the scene.
22724	positive	22724.jpg	The visual characteristics of this poster include a warm and inviting color palette predominantly featuring beige, brown, and red hues. The lighting gives the poster a soft and welcoming appearance, which aligns with the theme of a music event. The composition is well-balanced, with the central part of the poster listing the featured artists in a clear and organized manner. The text is neatly arranged in rows, ensuring that the information is easily readable.Spatial relationships are harmonious, with the guitar graphic on the right side adding a dynamic element without overpowering the text. Notable details include the stylized guitar, which adds a thematic touch relevant to the music festival, and the decorative stars enhancing the celebratory feel of the event. The inclusion of logos and additional information at the bottom ensures that all essential details are present without cluttering the main visual elements.
22848	positive	22848.jpg	The image depicts a cozy and inviting living space with a harmonious blend of warm and vibrant colors. The scene is well-lit with natural light streaming through large windows, creating a soft and welcoming glow. The floor is adorned with a variety of blankets and pillows, arranged in a relaxed, communal manner, suggesting a sense of comfort and togetherness.Plants of different sizes are scattered throughout the room, adding a touch of greenery and freshness to the space. The red window treatments provide a striking contrast against the neutral tones of the walls and floor, adding visual interest and depth. The furniture, including a chair and a desk, is thoughtfully placed, contributing to the balanced composition of the room.Overall, the spatial arrangement and the use of soft, natural elements create a serene and harmonious atmosphere, evoking feelings of warmth and positivity.
