index	#1 Label	#2 ImageID	#3 String
2523	negative	2523.jpg	The image shows a YouTube video thumbnail with a colorful and animated background. At the top is a cartoon character resembling a dog with exaggerated expressions, holding a sign that reads "Wile E. Coyote's Gravity Lessons." The dog is standing upright, looking shocked or surprised, with raised eyebrows, and flailing one arm while gripping the sign with the other. To the right, a small blue bird is flying with a slightly annoyed or smug expression, looking at the dog. The background features a gradient from yellow to pink and orange, giving a warm, dynamic feel.Below the cartoon scene is the YouTube profile section, featuring a photo of a person with a neutral expression. The profile name is "Vikram Mansharmani," described as an Advisor, Academic, Author. To the right, there's a "Follow" button.Underneath the profile section is the video's title, "Crazy Canadian Credit Confronts Crude, Eh?" It shows the video's publication date as March 19, 2015, with 8,358 views, 105 likes, and 24 comments. Social media share buttons for LinkedIn, Facebook, and Twitter are visible.The description below the video title discusses Canada's housing boom and economic outlook, suggesting vulnerability in the economy. The overall atmosphere of the image is lively and animated, with a focus on conveying a sense of urgency or tension regarding the economic topic.
2523	negative	2523.jpg	The image features a cartoon with a surprised coyote holding a sign that says "Wilie E. Coyote's Gravity Lessons." A blue bird is flying nearby. Below the cartoon, there's a YouTube video titled "Crazy Canadian Credit Confronts Crude, Eh?" by Vikram Mansharmani, discussing Canada's housing boom and its potential impact on the economy.
2523	negative	2523.jpg	The image depicts a scene from the animated series "The Adventures of Rocky and Bullwinkle and Friends," specifically featuring characters from "Looney Tunes." The central figure is Wile E. Coyote, looking distressed with exaggerated facial expressions, holding a sign that reads "Wile E. Coyote's Gravity Lessons." To his right, the character Road Runner is flying away, appearing nonchalant about Coyote's predicament, emphasizing Coyote's failure or frustration. The background shows a vivid sunset with dramatic, swirling energy lines, suggesting chaos and instability. This chaotic and dramatic scene contributes to a sense of failure, urgency, and frustration, adding to the negative sentiment conveyed. The title of the social media post, "Crazy Canadian Credit Confronts Crude, Eh?" further enhances the negative atmosphere by implying economic instability and vulnerability, with the text beneath detailing concerns about a housing boom and economic outlook, feeding into an overall mood of anxiety and caution.
2523	negative	2523.jpg	The main subjects are two animated characters from a cartoon series, primarily the coyote and the roadrunner. The coyote is prominently holding a large plank with text, displaying exaggerated fear. The roadrunner appears unfazed and is positioned nearby. Visually, the background is vibrant with a red and orange gradient, indicating a dramatic or intense atmosphere. The lighting emphasizes the stark expression and stance of the coyote, while casting a whimsical aura over the roadrunner.The overall scene context is comical and highlights a sense of alarm or urgency, as suggested by the prominent text on the plank which humorously underscores a serious issue referenced in the accompanying text.
2523	negative	2523.jpg	The image is a screenshot from a YouTube video titled "Crazy Canadian Credit Confronts Crude, Eh?" by Vikram Mansharmani, labeled as an Advisor, Academic, and Author. The date of the video is March 19, 2015, with 8,358 views, 105 likes, and 24 comments. The cover features an illustration of the cartoon characters Wile E. Coyote and the Road Runner. Wile E. Coyote is holding a sign that reads "Wile E. Coyote's Gravity Lessons," and the Road Runner is running away from him, seemingly escaping the gravity lesson. The background is a vibrant mix of pink, orange, and yellow hues. The accompanying text describes an unprecedented housing boom in Canada and discusses its potential impact on the economy, concluding that Canada is among the most vulnerable large economies in the world.
2523	negative	2523.jpg	The visual characteristics of the image include warm colors like reds, oranges, and yellows, creating a vibrant and intense atmosphere. The lighting seems to suggest a sunset or explosion scenario, contributing to a sense of urgency or alarm. The composition centers around a cartoon coyote holding a sign with distressed and exaggerated facial expressions, hinting at chaos or confusion. A bird appears to be falling or in distress nearby, adding to the chaotic scene. The sign reads "Gravity Lessons," further emphasizing a theme of impending disaster. The background is filled with abstract shapes and dynamic lines, suggesting movement or instability. The overall visual elements combine to evoke a sense of tension and negative sentiment.
2523	negative	2523.jpg	The image features a YouTube video titled "Crazy Canadian Credit Confronts Crude, Eh?" by Vikram Mansharmani, who describes himself as an advisor, academic, and author. The video was published on March 19, 2015, and has garnered 8,358 views, 105 likes, and 24 comments. The background includes a cartoon image of the classic "Looney Tunes" characters, Wile E. Coyote and Road Runner, with Wile E. Coyote holding a sign that reads "Wile E. Coyote's Gravity Lessons." The video discusses Canada's housing boom and its potential impact on the economy, suggesting that the country is now among the most vulnerable large economies in the world due to oscillations between housing exuberance and oil-price despair. The overall sentiment of the content is critical and cautionary, indicating a negative outlook on the Canadian economy's future.
2523	negative	2523.jpg	The image portrays a vibrant scene featuring two animated characters, a coyote and a woodpecker, under a sunset sky. The coyote, holding a sign that reads "Wile E. Coyote's Gravity Lessons," appears amused, while the woodpecker seems to be in mid-flight. The image is framed by a social media profile displaying the username Vikram Mansharamani, who is identified as an advisor, academic, and author. The article titled "Crazy Canadian Credit Confronts Crude, Eh?" dated March 19, 2015, has 8,358 views, 105 likes, and 24 comments, offering insights into Canada's housing market dynamics and economic outlook. The backdrop of rich colors adds to the lively and engaging nature of the scene.
2768	negative	2768.jpg	In the image, a person with short blonde hair and glasses is seen speaking into multiple microphones in front of a green background with the word "green" prominently displayed. The individual is wearing a white shirt under a dark suit jacket. Several out-of-focus individuals are visible behind the subject, along with various microphones and recording devices that suggest a press conference or media briefing setting. The atmosphere appears to be focused and professional, with the central figure seemingly addressing the media or delivering a statement.
2768	negative	2768.jpg	The image shows a woman speaking at a press conference, surrounded by microphones from various media outlets. She has blonde hair, glasses, and is dressed in a white shirt, appearing to address a crowd or press. The background includes a banner with the word "green," indicating the event may be related to an environmental or political topic.
2768	negative	2768.jpg	The image shows a person speaking at a press conference or media event, surrounded by microphones from various news outlets. This setting suggests that the individual is addressing significant issues or making an important announcement to the public and the press. The person appears to be earnestly conveying their message, with an earnest and possibly concerned expression. The backdrop features the word "green," which might indicate a focus on environmental or political issues.The atmosphere feels intense and solemn, likely due to the serious nature of the announcement or discussion. The presence of numerous microphones hints at the importance and urgency of the topic being addressed, possibly involving political or social implications. The body language and facial expressions of the person suggest a sense of determination, yet there might be an undertone of stress or gravity, contributing to a negative sentiment in the overall mood of the image.
2768	negative	2768.jpg	The main subject in the photo is a woman wearing glasses, positioned centrally with her mouth open as if speaking, suggesting she is delivering a statement or answer. Surrounding her are multiple microphones angled towards her, indicating a press conference or media event. Several individuals are standing in the background, partially out of focus, suggesting the presence of additional reporters or officials.The lighting in the image is bright and even, illuminating the main subject's face clearly while maintaining visibility of the microphones in the foreground. The background features a green banner with the word "green" visible, suggesting an environmental or political context related to the "Green Party" or similar themes.Overall, the scene context is likely a formal event where the woman is addressing the media, possibly discussing political or environmental topics. The presence of microphones and the attentive posture of the individual convey a sense of urgency or importance in her speech.
2768	negative	2768.jpg	In the image, a woman with blonde hair and glasses is speaking into a cluster of microphones. She appears to be giving a press conference or a statement, as the microphones are directed toward her. The background features a green backdrop with the word "green" prominently displayed, likely indicating some kind of environmental or political context. The woman looks focused and is slightly caught off guard amid the press, suggesting a moment of intense media interaction. There is a man partially visible behind her, holding a piece of paper, which could imply he is part of the event or assisting her in the briefing. The scene conveys a sense of urgency and public engagement.
2768	negative	2768.jpg	The image depicts a scene dominated by a green background featuring the word "green" in bold, lowercase letters, which suggests a political or campaign setting. The lighting is even and well-distributed, casting a neutral tone across the scene without harsh shadows. The primary subject, a woman with blonde hair, is positioned centrally, and she is caught in mid-speech, with her mouth open, suggesting active engagement or urgency. She wears glasses with a light metallic frame and a white collared shirt. Surrounding her are numerous microphones clustered closely together, indicating a press conference or media event. The microphones are of various designs and colors, including black and red, adding a bit of contrast to the green backdrop. There are hints of other individuals partially visible behind her, but they are out of focus and not the main subject. The composition draws attention to the central figure, framed by the microphones and the bold green background, emphasizing the intensity and importance of the moment.
2768	negative	2768.jpg	In the image, a woman is speaking at a press conference. She is surrounded by multiple microphones held up by various reporters, indicating that she is addressing the media or an audience. The woman has blonde hair and is wearing glasses along with a white shirt. In the background, there is a green banner with the word "green" visible, suggesting the topic might be related to environmental or political issues. The setting appears to be formal, and the woman's expression seems focused and possibly concerned, suggesting that she might be addressing an important or serious issue. The number of microphones indicates significant media interest in what she has to say.
2768	negative	2768.jpg	A woman with glasses and shoulder-length hair is speaking into a cluster of microphones at an event. The green backdrop behind her contains the partial text "green" alongside another word starting with "co." The atmosphere seems professional as she addresses the audience, possibly at a press conference or public announcement. Surrounding her, other individuals appear partially visible, contributing to the sense of an active and engaged media presence.
2799	negative	2799.jpg	The image depicts a cartoon-style scene showing a large group of people peacefully protesting against policies related to climate change and energy. The backdrop features a mountain with a castle-like structure at the top, and a dark sky with a partially visible moon and clouds. Signs and banners held by the protesters display various messages such as "Global Warming Fraud" at the top, and several slogans like "We can't afford electricity! Any more!," "Fuel poverty is killing us!" and "Green lies!" among others. Other signs read "Climate Change is Not Normal" and "Say No to Climate Fascism." The protesters are drawn with a variety of emotions ranging from serious to angry. The color palette includes shades of blue, gray, and muted earth tones, evoking a dramatic nighttime scene. The title "The Climate Revolt Spreads" is prominently displayed at the bottom of the image.
2799	negative	2799.jpg	The image shows a cartoon depicting a protest march with a castle on a hill under a dark sky. The protesters are holding various signs, such as "Global Warming Fraud," "Green Lies!," "We Can't Afford Electricity More!," and "Climate Change is Natural." The scene reflects frustration and disbelief towards climate change policies and energy issues. The title at the bottom reads, "The Climate Revolt Spreads."
2799	negative	2799.jpg	The image depicts a cartoon illustration conveying negative sentiment about the topic of global warming. A crowd of people is shown marching uphill, holding various protest signs with provocative slogans. The emotional cues and atmosphere suggest frustration and anger, as the signs read statements such as "GLOBAL WARMING FRAD," "NO CLIMATE FASCISM," "GREEN LIES!" and "WE CAN'T AFFORD ELECTRICITY ANY MORE!" Additionally, there are signs like "FUEL POVERTY KILLING US" and "CLIMATE CHANGE IS NORMAL!!!" which contribute to a mood of defiance and desperation. The backdrop features a dark, ominous sky with a full moon, casting a gloomy atmosphere over the scene. The cartoon style exaggerates emotions, with characters appearing determined and somewhat animated, which adds to the tension and negativity. The overall mood is one of unrest and disillusionment with the current state of affairs regarding climate change and energy policies.
2799	negative	2799.jpg	The main subjects in the image are a large group of people marching up a path towards a castle-like structure under a moonlit sky. Each person is holding different signs expressing frustration with environmental policies and expressing economic and social concerns related to climate change. The signs display messages such as "No Climate Fascism Any More!", "Green Lies!", "Need to Eat More, Not Eat More!", and "Fuel Poverty Killing Us". The arrangement shows the crowd tightly packed, moving in a unified direction towards the towering structure.Visually, the lighting is dim, suggesting it is nighttime, and the moon is prominently featured in the sky. The color palette is composed of cool blues and greens, which contribute to a somber and urgent atmosphere. The castle at the top of the hill is illuminated, drawing attention to it as a focal point, while the path the people are climbing appears to twist and curve, leading up to the castle.Overall, the scene depicts a protest or march, with the participants clearly displaying their discontent and grievances. The image suggests a sense of struggle, resilience, and frustration against the backdrop of a looming authoritative structure, symbolizing the perceived obstacles to climate action and justice.
2799	negative	2799.jpg	The image depicts a protest march in front of a castle under a night sky with a full moon. The title "Global Warming Fraud" is prominently displayed at the top of the hill where the castle is situated. A large group of people is climbing the hill, holding various signs with messages such as "We Can't Afford Electricity! No More Fascism!", "Fuel poverty killing us", "No Climate Change, Normal", "Green Lies!", and "Climate Change is a Hoax!" The crowd appears determined and vocal, and one person in the foreground is raising their fist enthusiastically. At the bottom of the image, the text reads "The Climate Revolt Spreads". The scene suggests a demonstration against climate change policies or the concept of climate change itself.
2799	negative	2799.jpg	The image has a cartoonish style featuring a crowd of people holding various protest signs related to climate change. The colors are bright and bold, with contrasting shades of yellow, green, blue, and red. The lighting is uniform, giving a daytime effect. The composition shows a multitude of people moving upwards on a sloped path towards a castle, with the crowd filling most of the frame, while the castle is in the background atop a hill. The signs are clearly readable and display messages such as 'Green Lies!', 'No Climate Fascism!', and 'Fuel Prices Killing Us.' The scene is lively and energetic, with the crowd having animated faces, some raising fists, suggesting active protest. The background features a partially cloudy sky with a prominent full moon, adding a dramatic but playful touch to the scenario. Notable details include the varying expressions of the protesters and the diverse range of signs, indicating varied opinions on climate issues and energy policies.
2799	negative	2799.jpg	The image portrays a group of people marching against global warming, but with a negative sentiment. At the top of the image, large, bold letters spell out "GLOBAL WARMING FRAUD" above a castle-like building with a full moon in the sky. The crowd consists of various individuals holding protest signs with messages like "GREEN LIES!", "WE CAN'T AFFORD ELECTRICITY NO MORE!", "WARMING! IL FRAUD! ANYMORE!", "NO CLIMATE FASCISM!", "FUEL POWER KILLS US", and "CLIMATE CHANGE NATURAL! NO CRISIS!" The atmosphere suggests a protest against the concept of climate change being a hoax. The scene is set against a snowy hillside, giving a sense of urgency and frustration among the participants. The bottom text reads "The Climate Revolt Spreads," implying a widespread movement, though the tone of the protest signs and the context suggests criticism and skepticism rather than support for climate action.
2799	negative	2799.jpg	The image shows a diverse group of people marching towards the camera, with a prominent castle and full moon in the background. They are holding various signs and banners with messages like "Green Lies!", "Climate Change Not Normal!", "No Climate Fascism!", "We Can't Afford Electricity!", "Fuel Poverty Killing Us!", and "Global Warming Fraud." The banners and signs display a mix of humorous and serious tones, suggesting a protest or rally. Some banners also have additional messages in a smaller size. The scene is colorful and lively, capturing a sense of community and activism. A signature is visible at the bottom right corner of the image.
3044	negative	3044.jpg	The image displays a bar chart titled "Federal Voter Participation, by Age" depicting voter participation rates for two age groups, 65+ and 18-34, over three election years: 2006, 2008, and 2011. The chart is colored with yellow bars for the 65+ age group and red bars for the 18-34 age group. The y-axis on the left side shows a percentage scale from 0% to 72%, increasing by increments of 10%. The x-axis lists the election years. For each year, the yellow bar representing the 65+ age group is slightly higher than the red bar representing the 18-34 age group.Overlaying the bars are two dashed lines: a yellow dashed line labeled "Linear 65+" and a red dashed line labeled "Linear 18-34", suggesting linear trends for the two age groups. The yellow dashed line shows a slight downward slope, while the red dashed line shows a steeper downward slope, indicating a decrease in voter participation over the years for both age groups.In summary, the chart shows that older adults 65+ have consistently higher voter participation rates than younger adults 18-34 across the three election years. Both groups show a downward trend in voter participation over time, with younger adults experiencing a more significant decline.
3044	negative	3044.jpg	The image displays a bar chart illustrating federal voter participation by age during the years 2006, 2008, and 2011. Yellow bars represent the 65+ age group, which consistently shows higher voter turnout, ranging between 66% and 72%. Red dashed lines and associated bars depict the 18-34 age group, showing significantly lower participation rates, averaging around 40-42%. A yellow dashed line represents a linear trend for the 65+ age group, while a red dashed line indicates a trend for the 18-34 age group, both suggesting a relatively stable but lower engagement in younger voters.
3044	negative	3044.jpg	The image shows a bar chart titled "Federal Voter Participation, by Age" comparing voter participation rates for the age groups 65+ and 18-34 over three different years: 2006, 2008, and 2011. The yellow bars represent the 65+ age group, while the red bars represent the 18-34 age group. The chart indicates that the voter participation rate for the 65+ age group is consistently higher than that for the 18-34 age group across all three years. The linear trend lines, shown in an orange dashed line for the 65+ age group and a red dashed line for the 18-34 age group, suggest a slight decline in voter participation for both groups over time. The emotional cues in this image can be seen in the clear disparity between the two age groups, with the 18-34 age group showing significantly lower participation rates. The declining trend lines might convey a sense of concern or urgency about the decreasing engagement of younger voters in federal elections, contributing to a negative sentiment regarding the future of civic participation. The overall atmosphere may feel worrisome or disheartening, highlighting a potential issue in voter turnout among younger demographics.
3044	negative	3044.jpg	The main subjects of the image are the bar graphs representing federal voter participation by age groups in the years 2006, 2008, and 2011. The arrangement displays two sets of bars for each year: one set for the age group 65+ depicted in yellow and another for the age group 18-34 depicted in red. Each set of bars shows participation percentages for the respective years.Visually, the yellow bars consistently reach higher percentages compared to the red bars. Additionally, dashed lines labeled "Linear 65+" and "Linear 18-34" are plotted across the graph, suggesting linear trends for each age group.The overall scene context involves an analysis of voter participation trends, highlighting differences in engagement between the older and younger demographic groups over the specified time period. The colors, yellow and red, are used to clearly differentiate between the two age categories, while the dashed lines provide a visual representation of the linear projection or growth trend for each group.
3044	negative	3044.jpg	The image shows a bar chart titled "Federal Voter Participation, by Age," comparing voter participation rates for two age groups in the years 2006, 2008, and 2011. The age group of 65+ is represented by yellow bars, while the age group of 18-34 is represented by red bars. A dashed yellow line labeled "Linear 65+" and a dashed red line labeled "Linear 18-34" indicate the linear trend for each group across the years.The yellow bars show that voter participation for individuals aged 65 and older remains consistently high, around 70%, across all three years. The red bars show that voter participation for individuals aged 18-34 is consistently lower, around 40%, across the same period. The dashed lines suggest a slight downward trend in the linear projection for the 18-34 age group and a slight increase for the 65+ age group. The overall sentiment reflected in the chart suggests a higher voter turnout among older individuals compared to younger ones, indicating a generational gap in voter participation.
3044	negative	3044.jpg	The chart displays federal voter participation by age for the years 2006, 2008, and 2011. The bars represent the participation rates, with yellow bars indicating participants aged 65+ and red bars indicating those aged 18-34. The horizontal axis marks the years, while the vertical axis shows the percentage from 0% to 72%. Dotted lines represent linear trends for each age group. The composition is clear and easy to read, showing higher participation for the 65+ age group compared to the 18-34 group across all years. The chart uses distinct colors for different age groups, providing a visual contrast that highlights differences in voter participation. The spatial arrangement allows for easy comparison between age groups and years.
3044	negative	3044.jpg	The image is a bar chart titled "Federal Voter Participation, by Age," which shows voter participation rates for two age groups: 65 and older, and 18-34 years old, from the years 2006, 2008, and 2011. The vertical axis represents the percentage of voter participation, starting from 0% and increasing by 10% increments up to 72%. The horizontal axis lists the years 2006, 2008, and 2011.There are two sets of bars for each year:Yellow bars represent the 65+ age group.Red bars represent the 18-34 age group.Additionally, there are two dashed lines:A yellow dashed line labeled "Linear 65+" that intersects the top of the yellow bars for each year.A red dashed line labeled "Linear 18-34" that intersects the top of the red bars for each year.The chart indicates that the voter participation rate for the 65+ age group is consistently higher, around 70%, compared to the 18-34 age group, which is around 40%. The linear trend lines suggest a slight decrease in voter participation for both age groups over the years, but the 65+ group maintains a higher participation rate throughout.
3044	negative	3044.jpg	This chart depicts federal voter participation by age from 2006 to 2011, highlighting a consistent disparity between older and younger voters. The orange bars represent voter turnout of those aged 65 and older, consistently higher, soaring above 65% in every year illustrated. The red bars, indicating participation of individuals aged 18 to 34, show significantly lower numbers, hovering around 40%. Both age groups follow a linear trend, represented by dashed lines, with older voters maintaining a steady, higher participation rate compared to younger voters. The chart underscores the persistent gap in voting engagement between these age cohorts over the depicted period.
3054	negative	3054.jpg	The image depicts a character with a pale, gaunt face and yellowish eyes, wearing a dark hooded robe that covers their head and shoulders. The character's mouth is open wide, revealing sharp teeth in what appears to be a snarl or scream. The background is dimly lit, with a dark and shadowy setting, contributing to a sinister and ominous atmosphere. The overall color palette consists of dark and muted tones, enhancing the creepy and menacing vibe of the scene.
3054	negative	3054.jpg	The image depicts a menacing figure dressed in a dark hooded cloak, with a pale, skeletal face and glaring yellow eyes. The figure has an open mouth displaying sharp teeth and an expression that suggests aggression or fear, likely intended to evoke a sense of horror or dread. The background is dimly lit, enhancing the ominous and eerie atmosphere of the scene.
3054	negative	3054.jpg	The image portrays a terrifying and menacing figure, shrouded in darkness, draped in a hooded cloak that obscures their identity and adds to the mysterious and eerie atmosphere. The creature's face is pale and twisted, with a grotesque, exaggerated expression that conveys intense aggression and malevolence. Its mouth is wide open in a scream, revealing sharp, menacing teeth, and its eyes glow with an unsettling yellow light, contributing to the sense of dread.The dark, indistinct background, punctuated by faint red lights, enhances the sinister and foreboding mood, suggesting a setting that is both unknown and threatening. The overall composition, with its focus on the terrifying visage and the use of shadowy tones, conveys a powerful sense of fear, horror, and negativity. The emotional cues from the figure's expression, the dark ambiance, and the glowing eyes all work together to evoke a deeply unsettling and ominous sentiment.
3054	negative	3054.jpg	The main subject in the image is a figure with pale, ghostly skin and a hooded cloak with glowing yellow eyes. The figure's mouth is wide open, showing sharp teeth, giving an eerie or menacing appearance. The background is dark, with a subtle hint of an environment that appears to be indoors, likely with some machinery or shelving illuminated by red lights. The lighting accentuates the figure's pale face and the yellow glow of its eyes, creating a frightening and intense atmosphere. The overall context suggests a horror or thriller setting, enhancing the sense of fear or unease.
3054	negative	3054.jpg	The image depicts a character with pale, monstrous skin and glowing yellow eyes, wearing a dark hooded cloak. The character appears to be in a state of rage or intense emotion, as their mouth is wide open in a scream. The background suggests a dimly lit environment, adding to the ominous and terrifying atmosphere. The overall mood of the scene is menacing and evocative of horror or fantasy themes.
3054	negative	3054.jpg	The image features a character with a pale, almost monstrous face lit by dim lighting, creating a menacing and eerie effect. The character has bright red eyes and an open mouth, showing teeth, which enhances the threatening appearance. The scene is shadowy with dark hues, dominated by black and gray tones, adding to the ominous atmosphere. The cloak draped over the character contributes to the sinister vibe. The background is out of focus, with minimal details, ensuring the attention remains on the intense expression of the figure. The overall composition is tightly framed on the face, emphasizing the character's ferocity and creating a sense of fear and dread.
3054	negative	3054.jpg	The image depicts a figure with a terrifying appearance, likely intended to evoke fear or unease. The character has pale, skeletal features with darkened, glowing eyes and sharp, glaring teeth. The mouth is open wide in a scream or roar, enhancing the sense of aggression or malevolence. The figure is dressed in a hooded cloak, obscuring most of the body and adding to the mysterious and ominous atmosphere. The background is dark and shadowy, with indistinct shapes and faint red lights, contributing to a sinister and foreboding setting. This visual setup is commonly associated with horror or fantasy themes, often used to create tension or convey danger. The overall mood of the scene is intense and threatening, aimed at eliciting a strong negative emotional response from the viewer.
3054	negative	3054.jpg	In a dimly lit scene, the figure stands cloaked in dark fabric, giving an eerie presence against the shadowy background. The face, marked by deep wrinkles and a ghastly expression, is framed by a hood that adds to the mysterious aura. Glowing eyes peer out from beneath the shadows, enhancing the sense of dread. The overall atmosphere evokes a chilling and haunting vibe, suggesting a character steeped in mystery and possibly malevolence. The dramatic lighting highlights the stark contrasts and textures, adding depth to the composition.
3072	negative	3072.jpg	The image displays a collage of six headshots arranged in a two-by-three grid. Each individual is photographed against a plain or minimally detailed background. The individuals vary in appearance, with different hairstyles, facial hair, and skin tones. The top-left headshot depicts a person with short hair and no facial hair, wearing a neutral-colored shirt with a soft blue background.The top-center headshot shows a person with a short, closely shaved beard and mustache, dressed in a light-colored shirt with a white background.The top-right headshot features a person with a fuller beard and mustache, set against a plain white background.The bottom-left headshot presents a person with a long, full beard and short hair, wearing a neutral-colored shirt against a light gray background.The bottom-center headshot shows a person with short, buzz-cut hair and no facial hair, set against a light background.The bottom-right headshot features a person with short hair and facial hair, captured in a slightly informal setting with a more colorful background, including a reddish hue and visible indoor elements like doors or windows.Each individual's expression is neutral or slightly serious, and the overall setting gives a sense of official documentation, such as mugshots or ID photos.
3072	negative	3072.jpg	The image is a grid of six headshots showing different men with various facial expressions. The lighting and backgrounds differ slightly for each headshot, emphasizing each person's features. The expressions range from neutral to slight smiles, with varying beard styles and haircuts visible.
3072	negative	3072.jpg	The image displays six headshots of men with various expressions and appearances. The overall emotional cues suggest a negative sentiment through several atmospheric and mood elements:Firstly, the expressions on four of the faces are serious or neutral, which can convey a lack of warmth or friendliness. The serious looks might imply a sense of sternness or detachment, contributing to a negative perception. The lack of smiles or friendly facial expressions can make the image feel cold and uninviting.Secondly, the setting of the photographs appears minimalistic and institutional, with plain backgrounds or what seems to be a formal environment. This setting can evoke feelings of impersonality or bureaucracy, adding to the negative atmosphere. The absence of any personal or comforting elements in the background reinforces this mood.Additionally, the diversity in hair and beard styles might suggest different backgrounds or identities, but the overall uniformity in the expression and setting can create a sense of disconnection or uniformity that feels somewhat oppressive or dehumanizing.Lastly, the lighting in the images is stark and direct, which can sometimes be interpreted as harsh or unforgiving. This type of lighting can emphasize the serious expressions and contribute to an overall mood that feels intense or overly controlled.Together, these elements combine to create an image with a negative sentiment, characterized by seriousness, impersonality, and a lack of warmth or friendliness.
3072	negative	3072.jpg	The image shows six headshots of different individuals arranged in two rows of three. Each person is facing forward with a neutral or serious expression. The background is plain, primarily light in color, focusing attention on the subjects. The lighting is consistent across the photos, creating clear and focused images of each person's face. The overall context seems to be a mugshot or identification photo setup, with a clinical and straightforward presentation emphasizing the individuals' facial features. The mood conveyed by the expressions and the arrangement gives a formal and somewhat impersonal feel.
3072	negative	3072.jpg	The image features six men arranged in a two-by-three grid. Each man is looking directly at the camera with a neutral or serious facial expression. They are positioned against plain backgrounds, typical of ID photos or mugshots. The lighting is even, highlighting their faces clearly. No actions or interactions are taking place, as each individual appears stationary and straightforward in their pose. The overall mood conveyed by their expressions is somber or serious.
3072	negative	3072.jpg	The image consists of six headshots arranged in two rows of three. The photographs appear to be mugshots with a consistent, neutral background typically used in official documentation. The lighting is even and direct, highlighting the facial features without casting significant shadows. Each individual is facing forward, centrally positioned within the frame, creating uniformity in composition.The colors in the image are relatively muted, with a focus on the natural skin tones of the individuals, ranging from darker to lighter shades. The attire varies slightly, with some individuals wearing collared shirts or casual clothing. The overall mood conveyed through facial expressions is neutral or slightly negative, which aligns with the sentiment analysis task of identifying negative sentiments. Notable details include different facial hair styles, such as full beards, short stubble, or clean-shaven faces, adding variety to the visual characteristics.
3072	negative	3072.jpg	The image is a composite of six headshots featuring different men, arranged in a grid layout. Each headshot appears to be a mugshot or identification-style photo where individuals are looking directly at the camera. The background of each image is plain, indicating a formal or legal setting. The men have varying hairstyles and facial hair, including full beards, short haircuts, and buzz cuts. Various facial expressions are visible, but none exhibit明显的 negative emotions or sentiments. All individuals seem to be posing neutrally, with a serious demeanor typical of official photographs. There is no additional context or scenery to suggest a particular environment beyond the standard backdrop used in such photos.
3072	negative	3072.jpg	The image is a compilation of six headshots featuring individuals with different physical appearances. Each portrait captures distinct hair and facial hair styles, showcasing a range of textures and facial features. The photograph highlights the diversity in appearance among the subjects, emphasizing their unique characteristics while maintaining a simple and straightforward presentation. The background of each shot varies slightly but keeps the focus on the individuals.
3271	negative	3271.jpg	The image features a split composition with the left side depicting a sepia-toned photograph of Adolf Hitler from January 29, 1933. Overlaid on this image is a quote in purple font that reads: "Give me ten years' time, and you will not recognize Germany anymore," attributed to Adolf Hitler. The right side of the image shows a modern color photograph of Stephen Harper, with a similar purple font quote stating: "You won’t recognize Canada when I’m through with it," attributed to Stephen Harper on June 24, 2013. The image juxtaposes these two quotes and the associated figures to highlight contrasting historical and contemporary sentiments.
3271	negative	3271.jpg	The image features a side-by-side comparison of two quotes against a blurred background of two faces. On the left, the quote is attributed to Adolf Hitler, saying, "Give me ten years' time, and you will not recognize Germany anymore," dated January 29, 1933. On the right, the quote is attributed to Stephen Harper, reading, "You won't recognize Canada when I'm through with it," dated June 24, 2013. The background faces look similar but are not fully visible, keeping the focus on the text.
3271	negative	3271.jpg	The image features two quotes on a background, with the faces of two individuals prominently displayed on either side. The quote on the left by Adolf Hitler, "Give me ten years’ time, and you will not recognize Germany anymore," coupled with his stern and direct gaze, creates a sense of ominous foreboding. The atmosphere feels intense and threatening, as Hitler's expression and words suggest ambition and a willingness to enact drastic changes over time.On the right, Stephen Harper's quote, "You won’t recognize Canada when I’m through with it," alongside his penetrating stare, evokes a mood of defiance and unpredictability. The emotional cue here is one of determination and potential transformation, but with an undercurrent of unsettling intensity.Together, the juxtaposition of these quotes and the intense gazes of the individuals contribute to an overall atmosphere of tension and uncertainty, reinforcing the negative sentiment of the image. The mood is one of caution and potential drama, as both individuals imply significant and possibly drastic changes to their respective countries.
3271	negative	3271.jpg	The image features two side-by-side portraits of Adolf Hitler, juxtaposed with contrasting quotes. On the left, a sepia-toned photo of Hitler is overlaid with a quote attributed to him: "Give me ten years' time, and you will not recognize Germany anymore." The date January 29, 1933, is noted below his name. On the right, a more contemporary, color photo of Stephen Harper is displayed with a quote: "You won't recognize Canada when I'm through with it." The date June 24, 2013, accompanies the name Stephen Harper. The visual elements include a high-contrast use of sepia tones on the left and natural colors on the right, emphasizing the historical context on the left side and the modern appearance on the right. Both portraits are cropped to focus on the profiles of the individuals, creating a direct comparison between the historical and present-day figures, underlining the dramatic nature of their statements. The overall scene juxtaposes historical and contemporary figures, highlighting provocative and ominous statements made about profound change.
3271	negative	3271.jpg	The image features a split-screen with two different quotes against the backdrop of a person's face. On the left side, the quote reads "Give me ten years' time, and you will not recognize Germany anymore." Adolf Hitler, Jan. 29, 1933. The right side of the image displays another quote, "You won't recognize Canada when I'm through with it." Stephen Harper, June 24, 2013. The background of both quotes shows part of the person’s face, emphasizing the intensity of the statements. The overall theme of the image suggests a strong contrast in political predictions and intentions from two different historical figures.
3271	negative	3271.jpg	The image features two quotes juxtaposed on either side of a split face, with a color palette dominated by sepia tones, creating a vintage or historical feel. The left side has a darker, muted brownish hue, while the right side exhibits a slightly brighter, more neutral beige, enhancing the contrast between the two sections. Lighting appears soft on both sides, with gentle shadows accentuating the contours of the face. The composition divides the image down the middle, focusing on the facial features, particularly the eyes and mouth, to draw attention to the contrasting statements. Notable details include the textured overlay of the skin and the clarity of the text, which stands out against the blurred background, emphasizing the historical and political context of the quotes. The spatial relationship between the two quotes and the face creates a striking visual dichotomy.
3271	negative	3271.jpg	The image features two side-by-side quotes overlaid on the faces of two individuals. The left side shows a quote by Adolf Hitler, dated January 29, 1933, which reads, "Give me ten years' time, and you will not recognize Germany anymore." The background of this side is a sepia tone, and the image of a person is visible, though the face is not fully shown.The right side contains a quote by Stephen Harper, dated June 24, 2013, which states, "You won’t recognize Canada when I’m through with it." The background of this side is more neutral, and part of a person's face is visible, focusing on the eye and part of the nose.The overall sentiment of the image is negative, as both quotes suggest transformative and somewhat ominous changes to their respective countries.
3271	negative	3271.jpg	The image features a side-by-side juxtaposition of two quotes against a background showing the profiles of two individuals. On the left, a quote by Adolf Hitler dated January 29, 1933, reads: "Give me ten years' time, and you will not recognize Germany anymore." On the right, a quote by Stephen Harper from June 24, 2013, states: "You won't recognize Canada when I'm through with it." The image contrasts historical and contemporary statements about transformation and change, with the visual emphasis on the profiles of the individuals associated with these quotes. The overall tone highlights the unexpected nature of significant change over time.
3328	negative	3328.jpg	The image features a bright yellow-green background with a quote in black text that reads: "One doesn't have to operate with great malice to do great harm. The absence of empathy and understanding are sufficient." Below the quote is the attribution "Charles M. Blow, journalist." At the bottom right corner in smaller text is "The Empathy Trap book page." The design is minimalistic, focusing on the textual message against the solid background. The atmosphere is straightforward and emphasizes the importance of empathy as conveyed by the quote.
3328	negative	3328.jpg	The image features a quote on a green background, attributed to Charles M. Blow, a journalist. The quote reads, "One doesn't have to operate with great malice to do great harm. The absence of empathy and understanding are sufficient." This text suggests a critique of the impact of indifference and lack of compassion in causing significant harm.
3328	negative	3328.jpg	The quote on a green background states that "One doesn’t have to operate with great malice to do great harm. The absence of empathy and understanding are sufficient." Attributed to Charles M. Blow, the journalist, the words suggest a somber reflection on human nature and emotional detachment. The green backdrop might symbolize ambiguity or unease. The choice of words like "great harm" and "absence" infuses a sense of negativity and critical evaluation, creating an atmosphere that emphasizes the potential impact of indifference and the lack of compassion, thus contributing to an overall mood of concern and contemplation about the lack of empathy in causing significant damage.
3328	negative	3328.jpg	The main subject of the image is a quote attributed to Charles M. Blow, a journalist. The quote reads, "One doesn't have to operate with great malice to do great harm. The absence of empathy and understanding are sufficient." The arrangement places the quote centrally on the image, making it the focal point against a solid green background. There are no other visual elements or distractions, which draws attention directly to the text. The lighting is uniform, ensuring the quote is clearly visible and easy to read. The overall scene context appears to be minimalistic, focusing entirely on the profound and thought-provoking message of the quote. The text color contrasts sharply with the green background, enhancing readability and emphasizing the seriousness of the statement.
3328	negative	3328.jpg	The image features a yellow-green background with a motivational quote in dark text. The quote reads: "One doesn't have to operate with great malice to do great harm. The absence of empathy and understanding are sufficient." Below the quote, the author's name, Charles M. Blow, is credited as a journalist. At the bottom right corner of the image, there is a small annotation that says "The Empathy Trap book page." The quote emphasizes the impact of lack of empathy rather than intentional harm.
3328	negative	3328.jpg	The image features a quote on a lime green background with black text centrally aligned. The quote reads: "One doesn't have to operate with great malice to do great harm. The absence of empathy and understanding are sufficient." Below the quote, the author's name "Charles M. Blow, journalist" is displayed in a smaller font. In the bottom right corner, there is a small caption in even smaller text that says "The Empathy Trap book page." The lighting is uniform, with no shadows or gradients, creating a flat and even appearance. The composition is simple, with the text occupying the central area of the square image, leaving ample space around it due to the green background. The spatial relationship between elements is straightforward, with the main quote being the most prominent feature, followed by the author's name, and then the smallest text at the bottom right.
3328	negative	3328.jpg	The image features a quote on a solid green background. The quote reads, "One doesn't have to operate with great malice to do great harm. The absence of empathy and understanding are sufficient." This statement is attributed to Charles M. Blow, identified as a journalist. At the bottom right corner, there is a small label that reads, "The Empathy Trap book page." The overall sentiment expressed in the quote is critical, highlighting how a lack of empathy can lead to significant harm, categorizing it as having a negative sentiment.
3328	negative	3328.jpg	The image features a vibrant green background with a quote from Charles M Blow, a journalist, displayed in black text at the center. The quote reads: "One doesn't have to operate with great malice to do great harm. The absence of empathy and understanding are sufficient." At the bottom right corner, there is a small mention indicating the quote is from "The Empathy Trap book page." The overall design is simple and striking, drawing attention to the thought-provoking message conveyed by the words. The minimalistic approach highlights the significance of the text without any distractions.
3355	negative	3355.jpg	The image depicts a cluster of small brown mushrooms growing densely on a forest floor covered with mulch and leaves. Surrounding the mushrooms, there are various green plants with broad leaves, creating a lush and natural setting. The sunlight filters through the leaves, casting dappled shadows across the ground. The atmosphere appears calm and serene, typical of a forest or woodland environment. There are no people or animals visible in the image, which focuses solely on the natural elements with earthy tones and a sense of quietness.
3355	negative	3355.jpg	The image shows a cluster of brown mushrooms growing among wood chips and mulch, surrounded by green leaves. The mushrooms appear to be densely packed, emerging from a pile of organic material. The scene is set in an outdoor environment, likely in a garden or forested area.
3355	negative	3355.jpg	The image evokes a sense of melancholy and neglect, largely due to the dense, brown mushrooms sprouting from wood chips or mulch. This overgrowth creates an unsettling feeling, as nature seems to be reclaiming the space in a somewhat ominous yet eerie manner. The muted colors and the somewhat chaotic growth of the mushrooms contribute to a gloomy and desolate atmosphere. The presence of green leaves in the background contrasts with the brown tones of the mushrooms, highlighting the invasive nature of the fungi and adding to the overall sense of decay. The lack of vibrant colors or signs of life beyond the fungi enhances the feeling of isolation and neglect. The scene suggests an environment that feels abandoned and overtaken by nature's relentless cycle, invoking a sense of desolation and somberness.
3355	negative	3355.jpg	The main subjects in the image are clusters of small, brown mushrooms growing densely on the ground, which is covered with wood chips or mulch. The mushrooms are concentrated in different patches, with some areas having more clusters than others. Surrounding the mushrooms, there is green foliage from nearby plants, adding a touch of greenery to the scene.The lighting in the image seems to be natural, likely from sunlight filtering through the leaves, casting subtle shadows on the ground. The colors are primarily earthy tones, with the brown of the mushrooms contrasting with the dark mulch and the green of the leaves.The overall scene suggests a natural outdoor environment, possibly a garden or a forested area, where mushrooms have sprouted after rainfall or due to the presence of decaying organic matter. The abundance of mushrooms might evoke a sense of dampness or wild growth, contributing to any negative sentiment about the appearance of the area.
3355	negative	3355.jpg	The image depicts a dense cluster of small brown mushrooms growing on a forest floor covered with wood chips and leaf litter. The mushrooms are concentrated in several patches, particularly in a circular arrangement. The surrounding area is shaded by green foliage, which partially obscures the sunlight, casting dappled shadows on the ground. There are no animals or humans present, and no visible interaction between different elements besides the natural growth of the mushrooms amidst the wood chips.
3355	negative	3355.jpg	The image showcases a cluster of mushrooms growing in the soil. The colors are predominantly earthy, with shades of brown for the mushroom caps and stems, and a mix of dark and light browns in the mulch covering the ground. The lighting appears overhead and somewhat harsh, casting stark shadows and creating a contrast between the brightly lit areas and the darker patches. The composition centers heavily on the mushrooms, densely packed together, emerging from the mulch, creating a textured and somewhat chaotic appearance. The spatial arrangement is crowded with little negative space, enhancing the sense of an overgrown and untidy scene. In the background, green leaves peek through, adding a contrast with their brighter color but not enough to alleviate the overall sentiment evoked by the close-up view of numerous mushrooms. The notable detail of the densely packed stems and caps suggests a proliferation that could be seen as overwhelming or excessive, contributing to a negative visual sentiment.
3355	negative	3355.jpg	The image depicts a cluster of small brown mushrooms growing densely in a pile of wood chips or mulch, possibly in a garden or forested area. Surrounded by green foliage from nearby plants, the mushrooms have slender white stems and small caps. This scene captures a typical natural environment where fungi are thriving, often indicating a healthy ecosystem with ample organic material for decomposing. The sunlight filtering through the leaves suggests a bright day, emphasizing the vibrant and lively atmosphere of the setting.
3355	negative	3355.jpg	Under the leafy canopy and amidst the scattered mulch, a cluster of mushrooms sprouts in a unique arrangement. Instead of focusing on the size or type, consider the contrast between the earthy tones of the caps and the natural debris around them. The setting captures a hidden corner where these fungi thrive, creating an intricate web of growth amongst the organic fragments. The interplay of light and shadow enhances the textures, highlighting the delicate nature of the stems and caps. This scene invites contemplation on the quiet cycles of nature often overlooked in more open spaces.
4921	negative	4921.jpg	The image shows a busy urban street setting with a mix of modern and older architectural buildings lining the sidewalk and street. The street is paved and appears to be a tram line, as evident by the tracks running down the middle. There is a crowd of people gathered to the right side of the image, some standing and conversing, while others appear to be walking along the sidewalk. A few umbrellas can be seen suggesting it might be raining lightly.Prominently on the left side of the image, there is an outdoor display with large, colorful, block letters spelling "art." The area looks like a public space, possibly an art installation or a street market. The sky is overcast, contributing to the overall mood of the scene.In the foreground, a man is standing with his back partially turned towards the camera. He is wearing an orange jacket, a red cap, and a lanyard with an ID badge. He has one hand in his pocket and the other hand extended towards the camera, with his fingers spread apart. The overall atmosphere appears to be casual and somewhat bustling, indicating that the location might be a popular event or gathering spot.
4921	negative	4921.jpg	The image shows a man in the foreground waving with one hand, wearing a red jacket and a lanyard. In the background, a busy city street is visible with several people and an orange "Art" installation on the sidewalk. The setting suggests a lively urban atmosphere, potentially during a public event or gathering.
4921	negative	4921.jpg	The image captures an urban street scene where a man stands prominently in the foreground making a playful hand gesture, yet the overall sentiment seems anything but cheerful. The man, dressed casually with an orange jacket, red beanie, and lanyard, has a mildly exaggerated or insincere expression, undermining any potential positivity. His pose and facial expression suggest a forced or exaggerated friendliness which can come off as ironic or mocking rather than genuine. The background enhances a sense of detachment and anonymity; there are several other people around, some engaged in conversations, others walking by, but none appear to interact directly with the man or each other, contributing to a feeling of disconnection. The setting is a bustling city street with tall buildings and busy sidewalks, yet the man stands alone in the frame, emphasizing his isolation despite being in a crowded area.Additionally, the weather seems gloomy, with a dull sky and wet pavement, adding to the overall melancholic or negative atmosphere. The combination of these elements—the insincere gesture, the disengaged crowd, and the dreary weather—creates a mood that feels more cynical or sarcastic than positive. The vibrant colors of the man’s clothing contrast starkly with the muted background, further highlighting the discord between his demeanor and the surroundings.
4921	negative	4921.jpg	The image shows a busy urban street lined with tall buildings and pedestrians. The main subject is a man on the right side of the street, wearing an orange jacket, a hat, a lanyard, and making a hand gesture with four fingers raised. Behind him, more people are gathered, some standing near storefronts under different awnings and umbrellas. The street appears to be slightly wet, suggesting recent rain.Lighting in the scene is natural, typical of an overcast day, casting soft shadows and a muted color palette. The colors are mostly subdued, with the bright orange jacket standing out against the grayer background. There are signs and advertisements on the buildings, including a large orange sign that reads "Art" in the distance, providing a pop of color.The overall scene context suggests a bustling city environment, possibly during a public event or gathering, judging by the number of people and their casual stances. The man's gesture might also indicate participation or acknowledgment of the event. The overall mood appears dynamic, though not overly vibrant due to the weather and general urban setting.
4921	negative	4921.jpg	The image shows a man standing on a wet city street, smiling and posing for the camera with his hand making an "okay" gesture. He is wearing an orange jacket, a grey shirt, and a red headband. Behind him, on the sidewalk, several people are standing and talking. Some individuals are holding umbrellas, suggesting it might be raining. There is a large orange sign or decorative structure on the left side of the street, with people milling around in the background. Tall buildings line the street, and the overcast sky adds to the damp ambiance. The scene appears lively with a mix of pedestrian activity and urban architecture.
4921	negative	4921.jpg	The photograph depicts a street scene with several elements contributing to a potentially negative sentiment. The colors are muted and overcast, with gray dominating the scene due to the cloudy sky and the urban environment. The lighting is flat with no strong shadows, creating a dull and subdued atmosphere. Compositionally, the image is busy with people standing and walking along the street, but the central figure stands out in a bright orange jacket, contrasting with the largely subdued background. The spatial relationship shows the main subject as somewhat isolated, facing the camera amidst a busy background. Notable details include the wet pavement, suggesting recent rain, and the large sign on the left which adds to the commercial feel of the setting. The general ambiance feels gloomy and uninviting.
4921	negative	4921.jpg	In this bustling city street scene, a man is striking a friendly and welcoming pose with his hand out, as if greeting or signaling. He is wearing a red jacket and a beanie, with a lanyard around his neck and appears to have a relaxed demeanor. Around him, there are various people walking and engaging in conversations, suggesting a lively urban atmosphere. A tramline runs down the street, and in the background, a mix of modern buildings and storefronts can be seen. There's an eye-catching installation with large orange letters on one side of the street. Despite the rain, the vibrant energy of the city and the interactions among people create a positive and dynamic setting.
4921	negative	4921.jpg	Instead of focusing on the person in the foreground who may be classified as negative, let's highlight the vibrant urban environment behind him. The bustling city street, with its mix of modern high-rise buildings and the historic brick structures adding character to the skyline. The storefronts, awnings, and windows create a dynamic tapestry of architectural styles.People gather at various points, some engaged in conversations, while others browse or stroll along the street. The presence of umbrellas hints at weather changes, adding a layer of everyday realism. On the left side, a large, eye-catching orange structure stands out amidst the crowd, perhaps a sign or an installation, contributing to the lively atmosphere.Electric street signs and traffic lights dot the scene, reinforcing the urban setting. The tram tracks running down the street suggest a city committed to diverse public transportation options. The blend of activity and architectural diversity gives the scene a rich, layered feel, capturing the essence of a thriving city life beyond the individual.
7788	negative	7788.jpg	The image shows a boy wearing an orange and gray sports jersey with "PHD" written on the front. He is sitting cross-legged on a floor, leaning against a large brown tufted couch. His facial expression appears neutral or slightly subdued. He is holding a black and white dog with a thick coat, which is looking directly at the camera. The dog is wearing a colorful scarf around its neck and there is a gold pattern visible on it. The room has a simple, uncluttered setting with neutral-colored walls and flooring. The atmosphere suggests a casual and relaxed environment. There is no indication of negative sentiment in the image based on the visual elements provided.
7788	negative	7788.jpg	In the image, a young boy is sitting on the floor smiling next to a brown leather couch. He is wearing an orange and gray basketball jersey and has a large black and white dog sitting in his lap. The dog is adorned with a shiny gold bow tie, and both the boy and the dog appear to be content.
7788	negative	7788.jpg	The image shows a young boy sitting on the floor in front of a comfortable, well-worn brown recliner chair, a dog relaxed next to him. The boy is smiling and wearing a bright orange and gray basketball jersey, giving off a casual and happy vibe. The dog appears content, with its mouth slightly open and eyes softly focused forward. The lighting is soft and warm, creating a cozy and homely atmosphere. Despite the warmth in the image, a subtle sense of melancholy or disappointment might be sensed through the boy's slightly distant expression, though his smile remains friendly. This subtle emotional nuance contributes to an overall atmosphere that might evoke mixed feelings of joy and gentle sadness.
7788	negative	7788.jpg	This image features a young boy sitting on a sofa with a dog. The boy is wearing an orange and gray basketball jersey with "PHD" printed on it, suggesting a casual home setting. The dog, which has black and white fur, appears relaxed, leaning against the boy who is smiling. The sofa is a large brown piece of furniture, indicating a comfortable domestic environment. The lighting is even, coming from the side, casting mild shadows that do not overpower any subject. The color scheme is warm and subdued, with earthy tones dominating the space. Overall, the setting seems calm and homely, capturing a candid moment of joy and companionship between the boy and his pet.
7788	negative	7788.jpg	In the image, a young boy is seated on the floor in front of a brown leather couch. He has a friendly smile and is wearing an orange and gray basketball jersey with the letters "PHD" on the front. The boy is holding a black and white dog on his lap. The dog has a pink collar and is wearing a festive, shimmering gold sweater. They both appear relaxed and content in a cozy indoor setting, with light-colored flooring and a neutral-toned wall in the background.
7788	negative	7788.jpg	In the image, a young boy and a dog are sitting on a beige carpeted floor with a large brown sofa in the background. The boy is wearing a basketball jersey that has orange and gray colors with the letters "PHD" prominently displayed. He has short hair and is sitting casually with his legs crossed. The dog next to him is a black and white breed wearing a shiny gold collar. Both the boy and the dog are smiling, creating a warm and friendly atmosphere. The lighting in the photo is soft and even, highlighting the subjects without casting harsh shadows. The composition is centered with the boy and the dog in the foreground, while the sofa fills the background, adding a sense of depth. Overall, the image exudes a positive and cozy vibe, featuring gentle colors and a comfortable setting.
7788	negative	7788.jpg	In this image, there is a young boy sitting on the floor in front of an upholstered sofa. He is dressed in a sports uniform, specifically a basketball jersey and shorts that are colored orange and grey, with the letters "PHD" prominently displayed on the jersey. The boy is smiling and looking directly at the camera, giving an impression of happiness or contentment. He has one hand resting on his knee and the other on a large dog that sits next to him. The dog, appearing to be a Basset Hound, has long droopy ears and a distinctive black and white coat. It is wearing a shiny, possibly party-themed, spiked collar. The room appears to be simply decorated, with a neutral wall color and carpeted flooring, creating a warm and relaxed atmosphere.
7788	negative	7788.jpg	In a cozy living room, a boy with a broad smile is seated comfortably on the floor beside a friendly dog. He wears an orange and white basketball jersey with the word "PHD" across the chest, paired with matching shorts. The dog, adorned with a festive golden bow around its neck, has a happy expression and relaxed demeanor. They both sit in front of a plush, brown leather sofa, with a sense of warmth and camaraderie filling the scene. The setting hints at a casual, relaxed moment shared between the boy and his pet.
8675	negative	8675.jpg	The image features a gritty, textured background resembling a brick wall painted in white with a rough finish. Prominently displayed are several pieces of text and graphics. At the top, the text reads "5 SECONDS OF SUMMER" in a bold, distressed typewriter font, black with some red splatter effects. Directly below that is a large graphic of a devilish face with pointy ears and a mischievous expression, drawn in a black, sketchy style with a red "X" across its eye, making it appear star-crossed or cursed. The face is integrated into the word "VTFE," which is written in bold, black letters, with the "V" and "F" especially large. At the bottom, there is a red banner with the hashtag "#SHESKINDAHOTVMA," in white, slightly distressed capital letters. The "MV" logo is positioned in the bottom right corner, which might stand for MTV, known for their music-related content and events. The overall atmosphere is edgy and rebellious, with a strong pop culture influence.
8675	negative	8675.jpg	The image features a brick wall background with the text "5 SECONDS OF SUMMER" in a distressed font at the top. Below, the word "VTF" is prominently displayed with a graphic of a dog head wearing a sweater over a cross symbol. A red banner at the bottom contains the hashtag "#sheskindahotvma" in white letters, suggesting a playful or fan-driven sentiment. The MTV logo is in the bottom right corner.
8675	negative	8675.jpg	The image features a gritty, urban-style backdrop resembling a brick wall, with bold, graffiti-like text dominating the scene. The words "5 SECONDS OF SUMMER" are prominently displayed in a boxed area at the top, giving it a tagged look. Below this, the word "VTE" is written in large, edgy letters that appear slightly smeared, adding to the rough aesthetic.In the center, there is a drawing of a shark fin with a star on its body, evoking a sense of danger or threat. Below the shark, a red banner stretches across the image with the hashtag "#SHE'SKINDAHOTVMA," written in white text. The use of red here stands out sharply against the otherwise monochromatic scheme, heightening a sense of urgency or alarm.The combination of the aggressive font style, the threatening imagery of the shark, and the stark contrasting colors contributes to an overall atmosphere of edginess and negativity. The gritty texture and urban graffiti elements add to the rebellious and defiant mood, suggesting a sense of danger or edgy rebellion.
8675	negative	8675.jpg	This image features the album cover for "5 Seconds of Summer's Vte," displayed across a white brick wall. The upper part of the cover prominently shows "5 SECONDS OF SUMMER" in an uppercase font with a black rectangular background at the top left. Below that, "VTE" is written in large, bold black letters across the center of the cover. Between the letter 'T' and 'E', there is a hand gesture, depicting the 'middle finger,' with a cross symbol on the palm. A red banner at the bottom right corner contains the hashtag "#SHESKINDAHOTVMA" in white bold text. The MTV logo is visible in the bottom right corner. The color scheme is mainly black and white, with a touch of red, contributing to an edgy and rebellious aesthetic. The overall scene context suggests a theme of defiance or protest.
8675	negative	8675.jpg	The image shows a promotional sticker for Five Seconds of Summer, a popular band, featuring their logo style with a glove adorned by stars. The band's name, "VTEF," is prominently displayed with a graffiti-like font. Below the logo, there is a hashtag: "#sheeskindahotvma," referring to a fan or tribute. The background resembles a brick wall, giving it an urban, street-art feel. There's also a small MTV logo in the bottom right corner. The overall design suggests a bold and rebellious vibe.
8675	negative	8675.jpg	The image has a grungy, urban feel with a distressed, white brick wall as the background. The dominant colors are black, red, and white. Bold, black graffiti-style text prominently features the word "VTE" along with a small, stylized face or pin with a star, adding a sense of vandalism or street art. Near the top, there's a worn-out rectangular sticker with the text "5 SECONDS OF SUMMER" in bold letters. A striking red banner cuts across the bottom with the hashtag "#SHESKINDAHOTVMA" in black, providing a strong visual contrast. The overall lighting is flat, which emphasizes the textures and rough edges of the design elements. The spatial relationships between the elements create a dynamic and somewhat chaotic composition, with overlapping texts and the central logo adding focal points amidst the gritty aesthetic.
8675	negative	8675.jpg	The image is a poster promoting the indie rock band Five Seconds of Summer, featuring a black and white concrete wall background. At the top, there is text that reads "5 Seconds of Summer." In the middle, instead of a person's head or face, there is a stylized illustration of a wolf inside what appears to be a badge or shield, emphasizing a tough, edgy theme. Below that, the word "VOTE" is written in bold, rough-looking letters. At the bottom, there's a red tag with the hashtag "#SHESKINDAHOTVMA," suggesting a connection to voter appreciation or participation in some context, likely related to music awards. In the bottom right corner, the MTV logo is visible, indicating the poster's association with the music television network. The overall design is gritty and rebellious, fitting for a rock band's campaign.
8675	negative	8675.jpg	The image features a bold, urban-style design with a black and white textured background resembling a brick wall. Prominently, the word "VTEF" is written in large black letters with rough, spray-paint-like edges. Below it, there is a red banner displaying the hashtag "#SHESKINDAHOTVMA" in white. There's also a sticker or graphic of a dog with a star and cross symbol on its body, placed above the text. At the top left corner, the phrase "5 SECONDS OF SUMMER" appears in a similar stencil font. The MTV logo is positioned in the bottom right corner, indicating a connection to the network. The overall aesthetic has a gritty, street-art feel.
8821	negative	8821.jpg	In the image, there is a close-up of a young man with light-colored eyes and a neutral facial expression. His right hand is propped up, resting against his cheek, with his elbow resting somewhere not visible in the image. He has short, light brown hair, light stubble, and a neutral lip position, with a minor mark on his lower lip. He is wearing a black t-shirt with white wave-like designs across the chest. Around his neck, he has a thin necklace and sunglasses hanging from it. The background appears to be an interior setting with a plain wall and some soft, natural light coming in from the left, creating a calm and relaxed atmosphere. The overall color scheme is neutral with pale tones, and the setting suggests a casual or informal environment. The expression and posture of the individual give a contemplative or mildly uninterested vibe.
8821	negative	8821.jpg	The image shows a young person with a relaxed pose, resting their head on their hand. They have short, light curly hair and a light beard, wearing a black V-neck shirt with sunglasses hanging by a chain. The person has a neutral or slightly contemplative expression.
8821	negative	8821.jpg	The image shows a young person with a contemplative or slightly tired expression, leaning on their arm with their elbow resting on a surface. Their gaze appears distant, possibly indicating a lack of engagement or weariness. The person's lips are parted slightly, which might suggest a sense of boredom or mild frustration. The overall atmosphere feels calm but subdued, with soft lighting that adds to the relaxed yet melancholic mood. The dark-colored clothing and the sunglasses hanging around their neck contribute to a casual and somewhat introspective vibe, reinforcing the sense of quiet reflection or dissatisfaction.
8821	negative	8821.jpg	The image features a young man resting his head on his hand. His demeanor appears contemplative or possibly disheartened, indicated by his expression and pose. This person has short, light brown hair and is sporting a black t-shirt that features some white wave-like designs. A silver chain hangs around his neck, adorned with a round pendant. His right arm is relaxed and extended, with the hand supporting his cheek.The lighting is soft, and the overall color palette indicates a neutral indoor setting, with light beige tones in the background. The focus is primarily on him, making background details minimal and subdued. The image suggests an informal, casual environment, adding to the introspective feel.
8821	negative	8821.jpg	The image shows a young man resting his head on his hand, with his elbow supported on a surface. He appears to be in a contemplative or relaxed pose, looking directly at the camera. His expression is neutral or slightly pensive, with a hint of tiredness. He has a short beard and is wearing a black shirt with a V-neck. A necklace with sunglasses hanging from it is also visible around his neck. The background appears to be a neutral, indoors setting with soft lighting.
8821	negative	8821.jpg	The image shows a young person with fair skin and light brown hair, resting their head on one arm, which is propped up by the elbow. They have a neutral expression with their lips slightly parted. The person is wearing a black shirt with white wave-like designs near the neckline and a pair of sunglasses hanging around the neckline by a chain. The lighting in the image is soft and natural, coming from the left side of the frame, casting a gentle shadow on their face. The background is blurred but appears to be an indoor environment with light-colored walls. The overall composition is close-up, focusing mainly on the upper part of the person's body. Notable details include the relaxed posture and the subtle shadows, which contribute to a calm and introspective mood.
8821	negative	8821.jpg	The image shows a young person with light skin leaning their head on their hand, appearing contemplative or possibly tired. They have short, light brown hair and some stubble on their face. The person is wearing a black shirt with white wave patterns near the neckline, and a necklace with dark sunglasses hanging from it. The background is simple and muted, with a neutral-colored wall that helps keep the focus on the person. The overall mood of the image seems relaxed yet somewhat introspective.
8821	negative	8821.jpg	The person has a casual demeanor, holding their head with one arm and gazing ahead. They wear a dark-colored shirt, complemented by a distinctive necklace featuring a pair of sunglasses as the pendant. The background is neutral, allowing focus on their expression, which exudes a relaxed or contemplative vibe. The natural lighting highlights the contours of the face and emphasizes the simplicity of the attire.
9013	negative	9013.jpg	The image is a close-up portrait of a middle-aged man with light skin and long blond hair pulled back. He has a serious expression with slightly furrowed brows and a firm mouth. His eyes are focused and intense, conveying a stern or contemplative demeanor. He is wearing a dark suit jacket, white collared shirt, and a dark tie. The background is softly blurred, featuring shades of light blue and neutral tones, suggesting an outdoor setting with a distant view of the sea or sky. The overall atmosphere of the image is formal and business-like, emphasizing a sense of authority and seriousness.
9013	negative	9013.jpg	The image shows a close-up of a man wearing a dark suit and a white shirt, with a serious expression on his face. His hair is styled in a neat manner, and the background appears to be blurred with light colors.
9013	negative	9013.jpg	The image conveys negative sentiment through the individual's facial expression, which features a stern and intense gaze. The furrowed brows and tight mouth suggest disapproval, concern, or frustration. The complexion shows visible signs of aging or stress, which can add to the perception of strain or discontent. The overall atmosphere feels serious and heavy, contributing to a mood that is less than positive or comforting.
9013	negative	9013.jpg	The image features a headshot of a person with light skin and blonde hair. The individual has a straight expression with a serious demeanor, showcasing well-defined eyebrows and cheeks. The lighting is even and highlights the facial features, enhancing the neutral background. The colors in the image are muted, with soft blues and whites in the backdrop, contributing to a formal and professional context. The overall scene appears to be a studio portrait, focusing on the person's face and upper torso.
9013	negative	9013.jpg	The image shows a close-up of a man with fair skin and light-colored hair styled to the side. He is wearing a black suit jacket with a white dress shirt underneath. His facial expression is stern, and his eyebrows are slightly furrowed. The background appears to be outdoors with a soft-focus effect.
9013	negative	9013.jpg	The image features a person with a solemn expression. The lighting is even, highlighting the facial features without creating harsh shadows. The predominant colors include lighter tones on the face and darker shades on the clothing. The composition is a close-up, emphasizing the subject's face against a pale background. The individual’s serious expression contributes to a stern appearance, with a straight gaze that can be associated with a negative sentiment. The spatial focus on the face draws all attention to the facial expression and overall mood conveyed. Key details include the furrowed brows, firm lips, and direct eye contact, which enhance the intensity of the expression.
9013	negative	9013.jpg	The image shows a close-up of a man with short, neatly combed gray hair. His expression appears stern and serious, with his lips tightly closed and eyebrows slightly furrowed. He is wearing a dark suit with a white shirt visible at the collar. The background is a blurred light blue, suggesting an outdoor or studio setting with natural lighting. The overall mood conveyed by the man’s expression might be interpreted as intense or focused, often associated with negative sentiment in the context of media portrayal.
9013	negative	9013.jpg	The image captures a close-up portrait of a man with distinctive features. His light-colored hair is neatly combed, accentuating his clean-cut appearance. He wears a formal suit with a crisp, white shirt visible at the collar. The background suggests an outdoor setting with a hint of sunlight adding a warm glow to the face. The overall tone conveys seriousness and confidence.
9324	negative	9324.jpg	The image shows a close-up of a person's face looking upwards slightly with an open mouth, suggesting they might be speaking or singing. The person's expression appears to be intense or focused. Their facial features, such as the eyes and mouth, are somewhat blurred, indicating movement or a quick shot. The background is mostly out of focus, with some green elements visible, which could imply an outdoor setting or a brightly colored environment. The colors in the image are slightly muted with a vintage or grainy feel, possibly indicating an older photograph or a filter effect. The overall atmosphere seems dynamic, capturing a moment of action or emotion.
9324	negative	9324.jpg	The image shows a close-up of a person singing into a microphone. The person's mouth is open, and their face appears slightly out of focus, capturing the intensity of their performance. The background is blurred, with hints of green on the left side, suggesting a stage or performance setting.
9324	negative	9324.jpg	The image shows a young person singing into a microphone, with the focus slightly blurred, adding to the intensity of the moment. The person's wide-open mouth and focused expression suggest an intense performance. The lighting is somewhat muted, creating a vintage feel, which might evoke a sense of nostalgia or longing. The slightly out-of-focus quality adds a sense of emotion and passion, perhaps conveying a raw, unfiltered feeling that can be associated with vulnerability or an earnest expression. The overall appearance gives off an impression of heartfelt emotion, possibly tinged with sadness or earnestness, contributing to a negative or contemplative sentiment.
9324	negative	9324.jpg	The main subject in the image is a close-up of a person's face, most likely a young individual. The individual's mouth is open wide, possibly indicating an exclamation or shout. Their eyes appear to be looking upwards, directed towards something outside the frame. The person's expression and open mouth could convey intense emotion or surprise.The lighting in the image appears to be harsh, possibly from a bright outdoor source or an intense indoor light. This causes some areas of the face to overexpose and appear bright, while other areas remain in shadow, creating a high contrast effect. The colors in the image are somewhat washed out, with a mix of warm tones, such as pink and red, and cooler tones, including a hint of light green in the lower left corner. The combination of these colors might contribute to a discordant or unsettling visual effect.The overall scene context is unclear due to the tightly cropped framing, but the visual elements suggest a moment of strong emotion or reaction. The negative sentiment could be inferred from the intensity of the expression and the chaotic, somewhat disorienting visual quality of the photo.
9324	negative	9324.jpg	The image shows a person, seemingly a young individual, facing slightly upwards towards a microphone. The person's mouth is open, suggesting they are speaking or singing into the microphone. The background is blurred, and there is a noticeable grainy texture to the image, possibly indicating it is an old photograph or taken with a low-quality camera. The person appears to be engaged in some form of vocal activity, potentially in a performance or conversation setting. The expression on the face is not entirely clear due to the angle and focus but could be interpreted as intense or animated given the mouth position.
9324	negative	9324.jpg	The image features a person with an expressive face, showing their mouth open in what could be interpreted as a shout or a sudden movement. The colors are somewhat faded and muted, with a predominance of reddish and pinkish tones, contributing to a somewhat nostalgic or dated look. The lighting appears uneven, with certain areas of the face being brighter, creating shadows that add depth to the facial features. The composition is tightly focused on the face, with the background blurred and indistinct, drawing attention directly to the person's expression. The presence of an object, which seems to be a microphone, on the left side suggests that the individual might be in the midst of speaking or performing. The spatial relationship between the person and the microphone implies closeness and immediacy. The person’s gaze is directed upwards, adding a dynamic and intense element to the overall composition.
9324	negative	9324.jpg	The image shows a young individual with short, light-colored hair, appearing to be speaking or singing into a microphone held close to their mouth. The lighting in the image seems to be slightly dim, and there is a slight motion blur, suggesting movement or an unsteady camera. The person's facial expression looks slightly strained or focused, which might contribute to the negative sentiment, as it could convey a sense of frustration or distress rather than joy or positivity. The background is out of focus but appears to be somewhat green or brightly lit, adding to the slightly chaotic atmosphere of the scene.
9324	negative	9324.jpg	The image captures a close-up of a person singing into a microphone. The person appears to be singing, as their open mouth and wide-eyed expression suggest they are deeply engaged in their performance. The blur effect adds a dynamic sense of motion and emotion, conveying the intensity of the moment. The background is soft and out of focus, drawing attention to the singer's expressive facial features and the movement captured in the frame. The lighting and color palette create a warm, intimate atmosphere, highlighting the passion and energy of the performance.
9394	negative	9394.jpg	The image depicts two individuals sitting closely together on a couch against a brick wall backdrop. The person on the left is wearing a military-style jacket with red shoulder patches and a black T-shirt underneath, while the individual on the right is dressed in a black T-shirt. The person on the left has his arm around the shoulder of the person on the right, who is holding a large pink and white lollipop near his mouth.Both individuals have short, light brown hair styled similarly, giving a casual and relaxed appearance. The couch they are sitting on appears to have a mix of gray and pink fabric. The brick wall behind them adds a rustic touch to the setting. The atmosphere of the image seems light-hearted and friendly, with neither individual displaying overt expressions of distress or negativity. However, there may be an underlying sentiment that is not readily apparent from the visual elements alone.
9394	negative	9394.jpg	Two individuals are sitting closely on a couch against a brick wall. The person on the left wears a military-style jacket with red shoulder patches and smiles broadly, while the person on the right, dressed in a black T-shirt, holds a large spiral lollipop and looks focused, suggesting an informal and relaxed atmosphere.
9394	negative	9394.jpg	The image shows two individuals sitting on a couch by a brick wall, creating a casual and relaxed atmosphere. The person on the left is dressed in a military-style jacket with red patches on the shoulders, giving a playful or ironic vibe. He is smiling and looking at the other individual, which suggests a friendly interaction. The person on the right, however, has a more melancholic or bored expression. He is holding a large lollipop, which contrasts with his downcast look, adding a sense of pensiveness or detachment. The combination of their expressions and body language creates a subtle undercurrent of mismatched emotions, contributing to a somewhat negative or reflective mood in the scene.
9394	negative	9394.jpg	The image features two individuals sitting closely together on a couch against a brick wall background. The person on the left is wearing a military-style jacket with red shoulder patches and a black T-shirt underneath, exuding a confident expression. The person on the right is casually dressed in a black T-shirt with visible yellow text, holding a large, colorful lollipop near their mouth with a contemplative look.The lighting in the scene is warm and soft, casting gentle shadows and enhancing the cozy atmosphere. The predominant colors are earthy tones from the brick wall and the couch, with the military jacket adding a touch of green and red. The image conveys a relaxed and informal setting, suggesting a moment of casual social interaction. However, the sentiment may be interpreted negatively due to the serious or aloof expressions and the juxtaposition of attire with the informal setting.
9394	negative	9394.jpg	The image shows two men sitting on a couch next to each other. The man on the left is wearing a green military-style jacket with red shoulder patches featuring a number "3" and a patch on the left arm. He has a smiling expression and is looking towards the man on the right. The man on the right is wearing a black T-shirt with yellow text and is holding a large pink and white swirled lollipop. He has a focused expression, seemingly licking or about to lick the lollipop. The background features a brick wall, adding to a casual and relaxed atmosphere.
9394	negative	9394.jpg	The image appears to show two young men sitting against a brick wall. The colors are warm, dominated by earthy tones, mainly consisting of browns and dark shades due to their clothing and the backdrop. The lighting is soft and even, likely coming from an indoor source, which highlights their faces softly but does not create harsh shadows.In terms of composition, the subjects occupy the center of the frame, making them the clear focus. They are positioned closely, with one sitting on a plaid fabric next to a couch and the other with his arm around him, which adds a sense of camaraderie or intimacy. The background is simple and doesn't distract from the subjects themselves, maintaining attention on their expressions and interaction.Spatial relationships show them as relaxed and comfortable, sitting together casually. The notable detail includes one person wearing a jacket with shoulder insignia, suggesting a possible theme or outfit choice, while the other wears a black T-shirt with bold lettering, contributing to the casual, youthful vibe of the scene. Their expressions and engagement with a lollipop add a light-hearted and playful element to the overall image composition.
9394	negative	9394.jpg	In the image, two young men are sitting on a couch against a brick wall. The man on the left is wearing a green military-style jacket with red shoulder patches and a shirt underneath with some text and graphics. He has a relaxed and happy expression, with one arm around the shoulder of the other man. The man on the right is wearing a black T-shirt with yellow text on it. His hairstyle is similar to the other man's, with a slightly messy look. He is holding a large, pink and white spiral lollipop, which he appears to be licking or about to take a bite from. His expression is more neutral, perhaps focused on the lollipop. The lighting in the room is warm, giving the scene a cozy atmosphere. The overall mood seems light-hearted and casual.
9394	negative	9394.jpg	Two individuals sit close together against a brick wall, sharing an intimate moment. The person on the left, wearing a green military-style jacket with red shoulder patches, smiles warmly, while the person on the right, dressed in a black t-shirt with a bold graphic design, enjoys a large lollipop. Both exhibit relaxed and joyful demeanors, contributing to a sense of camaraderie. The setting appears casual and informal, suggesting a laid-back atmosphere. The background includes a cozy couch and a hint of contemporary decor, enhancing the relaxed vibe.
9468	negative	9468.jpg	The image shows a person standing outdoors in a grassy area on a cloudy day. The individual is wearing a dark jacket with lighter-colored panels on the lower arms and sides, and sports-style shorts that match the jacket design. They are bending slightly forward and appear to be engaged with something in their hands that is just out of view. The background has a natural setting with scattered trees and a red net or barrier lying on the ground to the left side. The overall atmosphere of the image appears somewhat dim due to the overcast sky, creating a subdued or potentially gloomy mood.
9468	negative	9468.jpg	In the image, a person is standing outdoors in a grassy area with trees in the background. The person is wearing a dark tracksuit with red and white accents and holding something under their arm while leaning slightly with a relaxed posture. The sky is cloudy, creating a subdued atmosphere.
9468	negative	9468.jpg	The image depicts a person standing in an outdoor setting, dressed in a tracksuit, with a cloudy sky overhead. The individual's posture appears slouched, and their head is slightly bowed, conveying a sense of dejection or contemplation. The presence of an orange net on the ground in the background adds a somewhat neglected or abandoned feel to the scene. The overall mood is somber and reflective, underscored by the overcast weather, which further enhances the melancholic atmosphere. The overall emotional cues suggest feelings of sadness or introspection.
9468	negative	9468.jpg	The image depicts a person wearing a tracksuit, positioned in a grassy field with trees in the background. The individual appears to be slouched, with their head bowed and hands loosely holding something. The lighting seems diffused, suggesting an overcast sky which casts a dull, rather grayish tone over the scene. The colors are muted, with the dark hoodie and shorts contrasting against the green grass and the subdued sky. The overall context portrays a casual, perhaps contemplative or despondent moment, emphasized by the posture and the melancholic ambiance created by the cloudy weather.
9468	negative	9468.jpg	In the image, a person is standing on a grassy field under a cloudy sky. They are wearing a dark-colored tracksuit with light-colored patterns on the sleeves and sides. The person appears to be adjusting or holding something with their right hand, while their expression and body language suggest they are focused or possibly frustrated. In the background, there is an orange net partially visible, and some trees are scattered across the field, indicating that this might be a sports or recreational area.
9468	negative	9468.jpg	The image depicts a person standing outdoors on a cloudy day, dressed in a dark-colored tracksuit with light green and red accents. The lighting is diffused, likely due to the overcast sky, creating a dim and somewhat muted environment. The composition centers the person, with their head slightly bowed and facing downward, suggesting a contemplative or introspective mood. The person's posture, with one hand on their hip and the other hanging by their side, along with their slightly slouched stance, may imply a sense of weariness or dejection. Behind the individual is an open grassy area with some trees and an orange object, possibly a piece of sports equipment or netting, adding to the outdoor, casual setting. The overall colors are subdued, with green grass and a grayish sky, contributing to a somber tone. Notable details include the tracksuit's design and the cloudy background, enhancing the image's melancholic ambiance.
9468	negative	9468.jpg	In the image, a person is standing outdoors in an open grassy area, possibly a field or park. The sky above is overcast with clouds, creating a gloomy atmosphere. The person is wearing a dark jacket with lighter stripes on the sides and shorts that match the jacket's design. The individual appears to be looking downward and seems to be in a contemplative or slightly frustrated posture, as they have one hand on their knee and the other possibly clenched or gesturing. There is an orange object, possibly sports equipment or a net, partially visible on the ground to the side. The overall mood of the image might be interpreted as somber or negative due to the person's body language and the cloudy weather.
9468	negative	9468.jpg	A serene landscape unfolds as the sky, painted with a soft blend of greys and blues, stretches endlessly over a lush, green expanse. Within this tranquil scene, a person dressed in a long-sleeve athletic jacket with subtle hues of navy and grey stands confidently. Their attire, marked by touches of red and matching shorts, suggests readiness for some form of outdoor activity. The surrounding foliage, a gentle mix of trees and grasses, adds to the sense of openness and freedom, while a faint hint of a fence line in the distance hints at a boundary or path. The individual's pose, with one hand gently touching the wrist, introduces a moment of quiet reflection amidst the vast natural setting.
9545	negative	9545.jpg	The image appears to be a screenshot of a Twitter page displaying tweets and interactions related to voting statistics for an event, likely the VMAs. At the top, there is a tweet by "5H Voting Stats" with the handle @5HVoteStats, showing voting statistics: "Us: 1.5 million/hour" and "Them: 1.1 million/hour," accompanied by the hashtag #WorthItVMA. The tweet was retweeted by a user named "emily" and was posted on 8/30/15 at 1:54 PM. The tweet has garnered 1,075 retweets and 26 favorites.Below the main tweet, there are several replies from different users, including "FOLLOW ME DINAH" @virtuallybruna, "Devin" @TotalDevin, and "TWEETLIMIT AGAIN" @sesstralia, all directed at the original tweet and using the same hashtag #WorthItVMA. The replies indicate engagement and support for the event.The interface shows standard Twitter icons at the top, including a back arrow, a search icon, and a compose tweet button. The status bar at the top indicates it is 1:54 PM with a Verizon connection, and the battery level is at 7%. The bottom navigation bar includes tabs for Home, Notifications, Messages, and Me. The overall atmosphere of the image suggests active participation and interest in the voting statistics for the VMAs.
9545	negative	9545.jpg	The tweet from '5H Voting Stats' compares voting rates with 'Us: 1.5 million/hour' and 'Them: 1.1 million/hour,' using the hashtag #WorthItVMA. It has received 1,075 retweets and 26 favorites, showing engagement from users like Dinah, Devin, and TweetLimit Again, who have retweeted and favorited the post. The scene indicates a discussion or debate about the value or impact of the VMAs based on voting statistics.
9545	negative	9545.jpg	The image shows a Twitter post from an account called "5H Voting Stats" with the handle @5HVoteStats. The post compares voting stats, stating "Us: 1.5 million/hour" and "Them: 1.1 million/hour," accompanied by the hashtag "#WorthItVMA." The time of the tweet is noted as 8/30/15 at 1:54 PM. Below the original tweet, there are significant engagement metrics showing 1,075 retweets and 26 favorites. Several users have reposted or favorited the tweet, including accounts like "Follow Me Dinah" with the handle @virtuallybruna, "Devin" with the handle @TotalDevin, and "TweetLimit Again" with the handle @sesstramalia. Each of these retweets also includes the hashtag "#WorthItVMA."The tweet's content, comparing voting rates and labeling them as "Us" versus "Them," suggests a competitive or adversarial tone, implying a perceived inequality or injustice in the voting process. The hashtag "#WorthItVMA" seems to relate to the MTV Video Music Awards, possibly indicating dissatisfaction or a controversial aspect of the event. The overall atmosphere evokes feelings of tension and negativity, likely due to the competitive language and the implication of unfairness in the voting statistics. The repeated engagement with the original tweet further underscores the emotional impact and widespread attention to this perceived issue.
9545	negative	9545.jpg	The image depicts a screenshot from a Twitter page, showing a tweet from a user named "5H Voting Stats" with the handle @5HVoteStats. The tweet compares voting stats, stating "Us: 1.5 million/hour" versus "Them: 1.1 million/hour" and includes the hashtag #WorthItVMA. The timestamp on the post is 8/30/15, 1:54 PM, and it has received 1,075 retweets and 26 favorites. The tweet appears to be retweeted by a user named emily. Below the original tweet, there are replies from various users including @virtuallybruna, @TotalDevin, and @sesstralia, all echoing the same hashtag and voting stats. The visual design includes Twitter's typical layout with icons for retweets, favorites, and replies. The overall scene reflects an ongoing discussion related to voting statistics for an event abbreviated as VMA.
9545	negative	9545.jpg	The image shows a screenshot of a Twitter interaction related to voting statistics for the VMAs. The original tweet from the account @5HVoteStats details the voting rates as "Us: 1.5 million/hour" and "Them: 1.1 million/hour," emphasizing the hashtag #WorthItVMA. The tweet was retweeted by a user named emily. The tweet has garnered 1,075 retweets and 26 favorites. Below the retweet, there are replies from users including @virtuallybruna with the username FOLLOW ME DINAH, @TotalDevin, and @sestralmia with the username TWEET LIMIT AGAIN. The original tweet was posted on August 30, 2015, at 1:54 PM. The interface displays Twitter's navigation options at the bottom, including Home, Notifications, Messages, and Me. The device's status bar indicates the time is 1:54 PM and the battery level is at 7%.
9545	negative	9545.jpg	The visual characteristics encompass a Twitter interface with a predominantly blue and white color scheme, consistent with the platform's branding. The lighting appears neutral, creating a clean and straightforward display. The composition is organized with a header showing the tweet being retweeted, followed by the original tweet from 5HVotingStats displaying voting statistics. Below are retweets from various users. Notable details include user profile pictures, tweet timestamps, retweet counts, and favorite counts. The spatial relationships emphasize the hierarchy, with the retweeted tweet central and the subsequent responses aligned beneath it. The overall layout is minimalistic, focusing on information dissemination.
9545	negative	9545.jpg	The image shows a Twitter feed focused on a discussion regarding the voting statistics for the MTV Video Music Awards VMAs. At the top, there is a tweet from a user named "5H Voting Stats," which compares the voting rates: "Us: 1.5 million/hour" and "Them: 1.1 million/hour." The tweet includes the hashtag #WorthItVMA and is timestamped for August 30 at 1:54 PM, with 1,075 retweets and 26 favorites. Below the original tweet, there is a retweet from a user named "emily," along with additional replies from users "DINAH" or "Follow Me Dinah", "Devin," and "TWEETLIMIT AGAIN." These replies all mention the same voting statistics and use the hashtag #WorthItVMA. The interface at the bottom of the screen shows the standard Twitter navigation icons for Home, Notifications, Messages, and Me. The device is connected to Verizon with a 7% battery remaining and the time is 1:54 PM.
9545	negative	9545.jpg	The image shows a social media post providing statistics on voting rates, reporting "Us: 1.5 million/hour" and "Them: 1.1 million/hour" under the hashtag #WorthItVMA. The original tweet, retweeted by a user named Emily, was posted on August 30, 2015, at 1:54 PM. The tweet has received significant engagement, with 1,075 retweets and 26 favorites. Below the tweet, several users have shown their support by retweeting and favoriting the post, including Dinah with the handle @virtuallybruna, Devin with the handle @TotalDevin, and TWEETLIMIT AGAIN with the handle @sesstramalia. The screenshot captures the lively interaction on the platform, highlighting the spread and shared enthusiasm around the voting statistics.
9594	negative	9594.jpg	The image shows a young person with dark hair and mild stubble, appearing to be in a casual setting. The individual is wearing a gray shirt, and their expression seems somewhat neutral or slightly displeased. The background is dark and appears to be indoors, with vertical lines possibly indicating curtains or a similar structure. The lighting appears to be soft, with the face being the focus and the shadows around the edges of the image contributing to a somewhat subdued atmosphere. There is a sense of simplicity in the composition, with the primary subject centered and occupying most of the frame.
9594	negative	9594.jpg	The image depicts a person with a neutral expression looking slightly off to the side, their head tilted. They have dark hair and a beard shadow on their chin, wearing a gray shirt in a dimly lit environment with a dark background.
9594	negative	9594.jpg	The image shows a person with a neutral or possibly disinterested expression. Their eyebrows are slightly furrowed, eyes are looking off-camera, and their lips are pressed together, suggesting a lack of enthusiasm or dissatisfaction. The lighting is dim, and the background is blurred, which adds to the overall gloomy and despondent mood. The overall impression is one of apathy or mild frustration.
9594	negative	9594.jpg	The image primarily features a young individual with short, black hair and a neutral expression. The person is centered in the frame, and their face is prominently visible. They are wearing a gray shirt, and the background appears to be indoors with slatted or paneled walls. The lighting is somewhat dim, creating shadows on the person's face, contributing to a slightly subdued or moody atmosphere. The overall color palette is muted with no bright or vibrant colors, reinforcing a sense of calmness or neutrality. The context suggests a casual setting, possibly an informal portrait or selfie, with no significant elements to indicate a positive or negative mood directly.
9594	negative	9594.jpg	In the image, a young man appears to be looking directly at the camera with a somewhat disapproving or unimpressed expression. His eyes are slightly narrowed, and his lips are pursed, which could suggest annoyance or disapproval. The background is indistinct, appearing dark and out of focus, putting emphasis on the subject. The lighting is uneven, casting shadows on his face and giving a stark contrast to the overall mood of the image. The person is wearing a casual gray shirt, suggesting a relaxed or informal setting. Overall, the image captures a moment of mild displeasure or skepticism.
9594	negative	9594.jpg	The image shows a person with dark, tousled hair and neutral facial expression. They are wearing a gray shirt, and the lighting is average, highlighting most features of the face without creating harsh shadows. The background is dark and seems to have vertical lines or structures, contributing to a moody atmosphere. The person's eyes are looking slightly to the side, and their mouth is relaxed, but the expression does not convey strong emotions. The composition is straightforward, with the face centered in the frame, focusing entirely on the individual.
9594	negative	9594.jpg	The image depicts a young person with a somewhat displeased expression, leaning toward a negative sentiment. The individual has short, dark, slightly messy hair and is making a face with their lips pursed. They appear to be indoors, under dim lighting, with a faint outline of a vertical structure in the background, possibly suggesting a casual setting like a room or a corridor. The lighting casts shadows on the face, adding a dramatic effect, and enhances the expression's intensity. The person is wearing a gray shirt, and their gaze is directed toward the camera, giving a candid yet slightly irritated look. The overall mood of the photograph seems to evoke a sense of annoyance or disapproval.
9594	negative	9594.jpg	The background features dark vertical lines, creating a textured effect that contrasts with the person's face. The individual appears to be in a relaxed pose, facing slightly off-center, with an expression that suggests a casual or contemplative mood. The lighting casts soft shadows, adding depth to the facial features while maintaining a subdued overall tone.
9774	negative	9774.jpg	The image shows a man standing in front of a microphone. He has short gray hair and is smiling. He is wearing a dark blue suit jacket with a white shirt and a blue tie featuring small white dots. A small flag pin is visible on the lapel of his suit jacket. In the background, there are architectural elements that suggest a formal setting, such as a building facade with horizontal lines and a partially visible column. The overall atmosphere is calm and professional, with even lighting enhancing the focus on the man speaking.
9774	negative	9774.jpg	A man with short gray hair smiles while standing in front of a building with a neoclassical facade. He is dressed in a dark suit, white shirt, and blue tie with small polka dots. Two microphones are positioned in front of him, suggesting he is about to speak or is giving a speech.
9774	negative	9774.jpg	The image features a man standing in front of a podium with microphones, dressed in a navy blue suit, a white shirt, and a blue tie with small polka dots. He is wearing a small flag pin on his lapel. The man has short, graying hair and is smiling gently. The background appears to be a building with classical architectural elements, such as columns and an ornate pediment.Despite the formal setting and the subject's attire suggesting a professional or official event, the slight upward tilt of his head and the faint smile may give an impression of modesty or understated confidence. However, the overall atmosphere feels somewhat subdued, potentially due to the neutral or slightly cold architectural backdrop. This might evoke a sense of reserved composure or even political detachment, contributing to a perception of negative sentiment through a lack of warmth or enthusiasm.
9774	negative	9774.jpg	The main subject in the image is a man standing at a podium, dressed in a dark suit, white shirt, and blue tie with polka dots. His hair is short and gray, and he is smiling slightly. The arrangement focuses on him centrally, making him the primary point of interest.The visual elements include even lighting that highlights the man, creating a balanced exposure. The colors are primarily composed of the blue tones from his attire and the neutral gray of the background, which appears to be a formal architectural structure.The overall scene context suggests a formal or official setting, possibly a press conference or public address. The background features classical architecture, indicating a significant building. The presence of microphones reinforces the idea of a speech or announcement being made. The man's demeanor and attire contribute to a professional and composed atmosphere.
9774	negative	9774.jpg	The image shows a man standing in front of a microphone with a smile on his face. He is wearing a dark blue suit, white shirt, and a blue tie with small dots. He has short, gray hair and appears to be addressing an audience or making a public announcement. The background features an architectural element with horizontal lines. The man's expression suggests a positive or friendly interaction, possibly at a formal event or press conference.
9774	negative	9774.jpg	The image features a man standing at a podium with two microphones. He is dressed in a dark blue suit, a white shirt, and a light blue tie with a dotted pattern. The background appears to be blurred but shows architectural elements like columns and trim, suggesting an official or formal setting. The lighting is evenly distributed, casting a soft glow on the subject’s face, which is relaxed but neutral rather than expressive of a negative sentiment. The subject’s posture appears calm, with his hands not visible, but positioned behind the podium slightly angled towards the camera. Notable details include the small flag pin on his suit lapel and the formal attire, which implies a professional or political context.
9774	negative	9774.jpg	The image shows a man standing in front of a large structure, possibly a building with distinct architectural elements such as columns or ornate detailing. He is dressed formally in a dark suit, white shirt, and a blue tie with a subtle pattern. The man has short, gray hair, and he is smiling gently as he looks slightly to his left. Two microphones are positioned in front of him, suggesting he might be giving a speech or address. The background appears to be well-lit, hinting at an outdoor or brightly lit indoor setting, and there is a flag pin visible on his left lapel, indicating a position of some official capacity or attendance at a formal event. The overall atmosphere seems positive, highlighting a moment of communication or public engagement.
9774	negative	9774.jpg	The subject is dressed in a dark suit, a crisp white shirt, and a blue tie adorned with small, evenly spaced dots. The individual stands in front of a backdrop featuring architectural elements, including a horizontal strip with a repeating pattern and vertical structures faintly visible in the blurred background. The person's hair is short and light-colored, and they are positioned behind two microphones, which are angled toward them. The atmosphere appears formal, with the individual exuding a calm and composed demeanor.
9994	negative	9994.jpg	In the image, a man is standing on a stage facing away from the camera, addressing an audience in what appears to be an auditorium or a large room. He is wearing a light grey suit with a white shirt. The audience consists of numerous people who are seated on steps or chairs, with several spectators raising their hands or holding objects such as cards or electronic devices, possibly to take photos or ask questions. The atmosphere seems to be that of a formal event or presentation, with bright overhead lights illuminating the scene. A large screen is visible in the background showing an image or graphic, contributing to the formal setting of the event. The color palette is dominated by shades of blue and grey, adding to the serious tone of the setting.
9994	negative	9994.jpg	The image shows a man standing at a podium in front of a seated audience in what appears to be a conference or public speaking event. The audience is diverse, with many people looking attentively towards the speaker, and some are taking photos or recording the event. The setting is indoors, with a well-lit stage and a large screen displaying an image behind the speaker.
9994	negative	9994.jpg	The image portrays a man standing at the front, facing away from the camera, in what appears to be a conference room or auditorium. He is dressed in a formal, light-colored suit and is holding a clicker or a small device, indicating he is likely giving a presentation or speech. The audience, consisting of numerous people of varying ages, is seated and clapping. However, there is a palpable tension or discomfort in the atmosphere, possibly due to the dim lighting, which casts long shadows and gives the scene a somewhat eerie or oppressive ambiance.The mood is further accentuated by the fact that many audience members are holding up their devices, potentially recording the event, which could imply skepticism or scrutiny toward the speaker. The overall sentiment feels uneasy, as if the audience is reluctantly engaged or perhaps even mildly hostile, contributing to a negative atmosphere. The scene invokes a sense of being watched or judged, and the clapping may not be entirely genuine, adding to the sense of discomfort and negativity.
9994	negative	9994.jpg	The image depicts a man in a suit standing on a stage facing an audience. He is positioned in the center of the back view, with his back towards the camera. The audience sits facing the stage, with many people holding up cameras and phones, possibly taking pictures. The lighting in the image is somewhat dim, with ceiling lights providing illumination. The color scheme is predominantly dark with shades of blue and green, giving the scene a somewhat muted and serious atmosphere. The large screen behind the man appears bright, possibly displaying content or images relevant to the event.The overall scene suggests that this is a formal event, such as a conference, lecture, or presentation, given the man's attire and the attentive audience. The crowd appears engaged, capturing moments on their devices.
9994	negative	9994.jpg	The image shows a man in a suit standing on a stage, facing away from the camera and towards a large audience. He appears to be delivering a speech or presentation, as suggested by his stance and the handheld microphone in his right hand. The audience is seated and appears focused, with some people smiling or clapping, indicating engagement with the speaker. The setting appears to be a well-lit conference or event hall, with screens或投影片展示在背景中。
9994	negative	9994.jpg	The image features a man facing away from the camera, standing in front of a podium and addressing a crowd. The man is dressed in a light gray suit and is slightly hunched, suggesting he might be engaged in speaking. The lighting is somewhat dim with a blue-green tint, casting shadows and giving the image a slightly subdued and possibly melancholic tone. The background is cluttered with individuals sitting and attentively listening; many are holding cameras or other devices, possibly to capture the event. Some audience members are clapping or holding up items, indicating a possible positive reaction. However, the composition—with its focus on the back of the speaker and the distance from the camera—might evoke feelings of detachment or negativity. There's a projection screen behind the man displaying a logo or symbol, but details are vague due to the lighting and distance. Overall, the image conveys a sense of formality and distance, which might contribute to a negative sentiment.
9994	negative	9994.jpg	In this scene, a man in a suit stands at a podium in a large auditorium, facing an audience. He seems to be giving a speech or presentation, with a projection screen behind him displaying an image. The audience is seated and appears attentive, with some individuals holding up cameras or phones, likely recording the event. The lighting suggests a formal setting, and the crowd's engagement indicates that the speaker is delivering an important message, possibly at a conference, seminar, or public gathering.
9994	negative	9994.jpg	A man in a suit stands with his back to the camera, addressing a large audience in a dimly lit hall. The crowd is seated, some holding cameras or phones, capturing the moment attentively. Fluorescent lights illuminate the ceiling while a large screen displays content behind the speaker. The atmosphere is one of focused engagement as the audience listens intently to the speaker's words.
11572	negative	11572.jpg	The image features a close-up of a person with a somewhat neutral facial expression. They appear to be looking directly at the camera with their mouth slightly puffed out as if they are blowing a kiss. The person has long, light-colored hair that is slightly tousled. They are wearing what appears to be a dark jacket with a white zipper and a light-colored hoodie underneath. The background color is a washed-out, warm tone that gives the image a slightly nostalgic or dreamy quality. The overall atmosphere of the image seems to have a soft, vintage filter applied, which gives it a gentle and perhaps introspective feel despite its possible negative sentiment.
11572	negative	11572.jpg	The image shows a person with light-colored hair, wearing a black leather jacket and a hoodie underneath. They have their lips puckered, giving a pouty expression, with a warm, slightly blurred background that adds a soft, dreamy effect.
11572	negative	11572.jpg	The image shows a person with a neutral or slightly disinterested expression. The lips are slightly parted, and the gaze seems direct, which can sometimes convey a sense of detachment or blankness. The overall lighting has a warm, slightly overexposed quality, giving it a washed-out look, which may amplify the emotion of uncertainty or ambiguity. The clothing, a casual leather jacket with a hood, adds a subtle, perhaps slightly rebellious or non-conformist vibe. This combination of features contributes to an atmosphere that feels somewhat detached, melancholic, or introspective, influencing the perception of negative sentiment in the image.
11572	negative	11572.jpg	The image features a close-up of a person with wavy blonde hair and light-colored eyes. They are wearing a black leather jacket over a hoodie. The lighting is soft and warm, creating a slightly glowing effect on the face. The person is sticking their tongue out and looking upward. The colors are muted with a sepia-like tone, giving the photo an overall vintage or nostalgic feel. The scene lacks context beyond the close-up, focusing entirely on the individual's expression and attire.
11572	negative	11572.jpg	The image depicts a person with light-colored eyes looking directly at the camera with a slightly surprised or pouty expression. The individual, whose face appears blurred, has blonde or light brown hair with a choppy hairstyle. They are wearing a black leather jacket over a light gray hoodie. The overall lighting is warm, giving the image a soft, pinkish tint. There is no specific action taking place apart from the person posing for the camera, and no other interactions or events are visible in the scene. The sense of negative sentiment may be derived from the expression or some external context not evident in the image.
11572	negative	11572.jpg	The image is characterized by a washed-out, pale color palette with soft, diffused lighting. The subject's face is partly obscured by a blur, giving an abstract quality to the photograph. The composition focuses closely on the upper body, particularly the person's lips and partly visible eyes. The person is wearing a black leather jacket over a white hoodie. The spatial relationship emphasizes the subject's facial features and attire, with the background blending into the overall pale tones. The noticeable lack of sharpness and the soft, overexposed lighting contribute to a dreamy, washed-out effect.
11572	negative	11572.jpg	The image portrays a close-up of an individual with shoulder-length blonde hair, their face slightly tilted to the side. The person is wearing a dark denim jacket with visible texture, partially zipped up. Underneath the jacket, there appears to be a white, possibly knit, garment peeking out around the collar area. The person’s expression is notable; they have a puckered, almost contemplative or slightly displeased look, with their lips slightly protruding. Their eyes are wide open, conveying a sharp gaze. The background is indistinct and blurry, drawing focus primarily to the person’s face and upper torso. The lighting seems soft, adding a subtle glow to the scene. The label indicates a negative sentiment, perhaps reflected in the person's expression.
11572	negative	11572.jpg	In the image, a figure is wearing a black leather jacket with a visible zipper and a hoodie underneath. The hair is light-colored, flowing freely over the shoulders. The background is softly blurred, focusing attention on the subject. The person's blue eyes and slightly parted lips are discernible, adding to the expressive nature of the photograph. The subtle lighting enhances the details of the jacket and face, creating a warm and intimate atmosphere.
12042	negative	12042.jpg	The image depicts a car accident scene on a paved street with visible damage to the vehicles involved. A brown minivan is positioned on the left side, slightly angled towards the center of the image, with its front right side notably damaged. Adjacent to it, a yellow taxi cab, which has also sustained significant front-end damage, appears to have collided with the minivan. The front of the taxi cab is severely crumpled, with the hood partially folded upwards. Further to the right, a silver sedan is parked, showing no visible signs of damage or involvement in the accident. The setting includes trees and greenery in the background, along with a streetlight and traffic signal. The traffic light is green, indicating that traffic is moving in the direction away from the camera. The atmosphere appears calm but tense, likely due to the aftermath of the collision, and the scene suggests urban or suburban surroundings. The sky is partly cloudy, providing natural daylight illumination.
12042	negative	12042.jpg	The image shows the aftermath of a car accident on a street with multiple vehicles involved, including a brown SUV and a silver car, both damaged and stuck. Traffic cones and caution signs indicate a blocked intersection, with a green light visible in the background suggesting that traffic was in motion before the incident occurred.
12042	negative	12042.jpg	The image shows a scene of a car accident on a road, contributing to a sense of tension and disturbance. Three vehicles are involved, with the front of one car crushed and parts of another vehicle in disarray, suggesting a severe collision. The damaged state of the vehicles and the positioning of them in the street imply chaos and potential danger. The presence of traffic cones and a traffic light in the background seems to indicate that the accident has caused a disruption in normal traffic flow. Additionally, the overall atmosphere is gloomy, with overcast skies and a lack of people in the scene, adding to the feeling of desolation and concern. This combination of elements creates an emotional response centered on stress, worry, and the seriousness of the incident.
12042	negative	12042.jpg	The image shows a traffic accident involving three vehicles: a brown SUV, a yellow taxi, and a silver sedan. The SUV appears to have collided with the taxi, causing visible damage to the front of the taxi and pushing it into the silver sedan parked on the side of the road. The arrangement of the vehicles creates a chaotic scene, emphasizing the impact of the crash.Visual elements like the lighting and colors depict a bright day with scattered clouds, casting natural light on the scene. The predominant colors of the vehicles are earthy browns, vibrant yellow, and metallic silver, contrasting against the greenery and urban background. Shadows on the ground suggest the sun is fairly high.The overall scene context indicates a roadway intersection with traffic signals, trees, and construction barriers, suggesting an urban or suburban location. The presence of traffic cones and the stopped vehicles create a sense of disruption and tension typical after a vehicular collision. The green traffic light in the background contrasts with the stationary vehicles, heightening the sense of abnormality and disorder.
12042	negative	12042.jpg	The image shows a car accident involving three vehicles: a brown SUV, a yellow taxi, and a silver sedan. The brown SUV is positioned diagonally across the intersection, its front end angled towards the taxi, which has collided with the rear of the SUV and the front of the silver sedan. The taxi is wedged between the two other vehicles. Debris is scattered on the road, and there appears to be some smoke or dust rising from the point of impact. The traffic light in the background shows a green signal, suggesting that the vehicles may have been moving when the collision occurred. Trees and streetlights are visible in the background, indicating an urban or suburban setting.
12042	negative	12042.jpg	The image depicts a vehicle collision at an intersection on a cloudy day. The predominant colors are muted, with a focus on browns, grays, and the dull finish of the cars. The lighting is soft, suggesting overcast conditions with diffused sunlight. The composition is centered around the wrecked vehicles, with debris scattered, reflecting a recent crash.Spatially, the brown SUV is positioned on the left side, slightly turned, while a silver sedan is on the right, both tangled together in the middle of the intersection. A yellow car is partially visible behind the SUV, indicating the potential cause of the crash. There’s a green traffic light in the upper right, contrasting with the scene’s overall gloom.Notable details include the damaged front ends of the vehicles, suggesting a frontal collision. Orange construction barriers are visible in the background, hinting at a nearby roadwork area. Trees lining the sides of the street add a natural backdrop to the otherwise chaotic scene, emphasizing the disorder of the crash. The road surface shows signs of wear with visible cracks.
12042	negative	12042.jpg	This image shows a traffic accident involving three vehicles on a road. There are two cars and one SUV in a collision. The brown SUV is seen on the left, while a silver sedan is on the right, both causing damage to a yellow vehicle in the middle. The road appears to be somewhat cracked, with some debris scattered around. Traffic cones are visible in the background, indicating that the area might be under some form of traffic control or repair. The green traffic light suggests the vehicles might have run a red light or there was some misunderstanding at the intersection. The overall scene suggests a serious and potentially stressful situation for those involved.
12042	negative	12042.jpg	The scene captures a moment at an intersection where three vehicles are caught in a collision. On the left, a minivan is positioned diagonally with its front end intact. In the middle, a vehicle is visibly crumpled and wedged between the minivan and a silver sedan on the right, which is slightly tilted back and damaged on its rear side. The surrounding area includes green trees and a traffic light hanging above, with construction barriers signaling ongoing work nearby. The road surface shows cracks and wear, contributing to the overall sense of a typical urban environment.
12131	negative	12131.jpg	The image depicts a scene on a city street that appears to be related to an accident involving a blue sedan and a wheelchair. The blue sedan has front-end damage with visible dents and scratches, and the front license plate is blurred for privacy. A wheelchair is lying on the ground, partially on the sedan's hood, suggesting a collision.Several individuals, including emergency responders wearing high-visibility vests and police officers in uniforms, are present at the scene. A police officer is prominently visible on the right side, holding a water bottle, and appears to be assessing the situation. Yellow caution tape is strung across the street, indicating a restricted area, and a Canadian flag can be seen in the background, marking the location as Canada.In the background, additional vehicles and buildings are visible, and the scene is set on a sunny day with clear weather. The atmosphere suggests a serious incident being managed by law enforcement and emergency personnel, with an organized response to the accident.
12131	negative	12131.jpg	The image shows an accident scene on a street where a dark blue car is damaged in the front. A person in a wheelchair is visible beside the car and several police officers are present, wearing high-visibility vests and cordoning off the area with yellow tape. In the background, there’s a building and a Canadian flag, with more law enforcement personnel and vehicles nearby.
12131	negative	12131.jpg	The image shows a damaged car with its front end heavily crumpled, indicating a serious accident. A wheelchair is lying on the ground near the vehicle, suggesting it may have been involved in the incident. Police officers in high-visibility vests are present, cordoning off the area with yellow tape, which adds to the sense of an emergency response. The scene appears to be in a residential or commercial neighborhood, as buildings and parked cars can be seen in the background. The mood is tense and somber, emphasized by the presence of law enforcement and the aftermath of the collision. The Canadian flag in the background, while neutral, does not detract from the overall seriousness of the situation. The watermark "www.EdmontonSun.com/LocalPhotos" suggests the image is from a news source, potentially documenting a local incident. The combination of these elements creates an atmosphere of concern and negativity, reflecting the gravity of the accident and its potential impact on those involved.
12131	negative	12131.jpg	The main subject of the image is a blue car that has been involved in an accident, as indicated by the crumpled front and a shopping cart leaning against it. There are police officers nearby, identifiable by their high-visibility vests and uniforms, suggesting an ongoing investigation or response to the incident.The lighting is natural and bright, indicative of daytime, with shadows suggesting that it may be mid-morning or early afternoon. The colors are relatively muted, with the blue of the car standing out against the more subdued background tones of the buildings and pavement. There are also some yellow caution tapes visible, adding contrast to the scene.The overall scene context appears to be an urban area, as evidenced by the buildings, street signs, and parked vehicles in the background. A Canadian flag can be seen near the police officers, further contextualizing the location. The presence of police and caution tape suggests a serious incident, contributing to the negative sentiment due to the implied accident and disruption.
12131	negative	12131.jpg	A blue sedan car is crashed into a baby stroller, which is lying near its front tire. The car, with significant front-end damage, appears to have been stationary when the collision occurred. Police officers in high-visibility vests are present at the scene, examining the situation, and setting up caution tape around the area. A Canadian flag can be seen in the background near a building, and there are other people, including more officers, further away from the accident scene on a mostly clear street. The presence of emergency personnel suggests that this is an active incident being managed by the authorities.
12131	negative	12131.jpg	The image shows a dark blue car involved in an accident, with its front end severely damaged and a wheelchair lying on the road nearby. The picture appears to have been taken during daylight, with natural light creating clear visibility. The backdrop includes a police officer in the foreground, wearing a high-visibility yellow vest and walking away from the scene. Another officer is in the background, along with a Canadian flag. The scene is cordoned off with yellow police tape, suggesting the seriousness of the situation. There are buildings in the background with a mix of bright and neutral colors, adding a stark contrast to the scene of the accident. The composition centers on the damaged car and the wheelchair, emphasizing the potential severity and emotional weight of the incident. The spatial relationship between the officers and the car suggests an ongoing investigation or response to the accident.
12131	negative	12131.jpg	The image shows a dark blue car that has been involved in an accident, positioned in the middle of a street. The front of the car is damaged, with the hood crumpled, indicating a collision. A stroller is leaning against the car, its wheels detached, suggesting it was part of the incident. Several police officers in high-visibility vests are present, one standing close to the car and the others at a distance. Yellow police tape cordons off the area, preventing access and indicating an ongoing investigation. In the background, a building with a Canadian flag is visible, suggesting the location is in Canada. The scene appears to be on a sunny day, with shadows visible on the pavement. The watermark from Edmonton Sun indicates the source of the photograph.
12131	negative	12131.jpg	A street scene shows a damaged blue vehicle with its front end smashed and a wheelchair precariously lodged in the front passenger area, suggesting a severe accident. The scene is cordoned off with yellow police tape, and several police officers in bright yellow vests are present, investigating the incident. In the background, a red and white Canadian flag flutters, indicating the location could be in Canada. The setting appears to be in an urban or suburban area with nearby buildings, parked cars, and a pedestrian crossing sign visible. The watermark "www.EdmontonSun.com/LocalPhotos" suggests the photo might have been taken by a local news outlet. The overall atmosphere is that of an ongoing investigation with law enforcement actively involved in assessing the situation.
12524	negative	12524.jpg	In the image, a red minivan is parked in front of a store with a red and blue sign that includes a white symbol inside a blue circle. The building's glass facade is visible, reflecting the street and neighboring trees. To the right of the vehicle, a person wearing a light-colored shirt and dark shorts is pushing a large cardboard box on a dolly. The area appears to be a sunny, open parking lot with some trees visible in the background, contributing to a somewhat urban and commercial atmosphere. The lighting suggests it might be daytime.
12524	negative	12524.jpg	A red SUV is parked in a lot near a building entrance with a woman standing beside a large cardboard box on a dolly. The area is shaded by a tree, and there is a blue and white pharmacy sign visible on the building's exterior wall.
12524	negative	12524.jpg	The image portrays a somewhat cluttered and disorganized scene that contributes to a negative sentiment. A red SUV is parked haphazardly, nearly occupying two parking spaces and angled awkwardly, which suggests carelessness or neglect. In the background, a woman is pushing a cart loaded with large cardboard boxes, implying a sense of burden or busyness. The reflection in the store window shows another person who appears to be preoccupied, adding to the overall atmosphere of disarray. The combination of the misplaced vehicle and the person handling large boxes creates a mood that feels chaotic and stressful, enhancing the negative emotional tone of the image.
12524	negative	12524.jpg	The image depicts a red SUV parked in a parking space in front of a storefront with a large red and blue sign on the building. There is a person on the right side pushing two large cardboard boxes on a cart. The window next to the parked car has a handicap parking sign. The lighting seems bright and natural, suggesting daytime, with shadows indicating sunlight. The colors are vibrant, with the red of the SUV and building sign standing out prominently. The overall scene context appears to be a typical day involving parking and moving items, potentially indicating a move or delivery activity, which could contribute to a neutral or slightly negative sentiment if interpreted as hassle or inconvenience.
12524	negative	12524.jpg	The image depicts a scene in front of a retail store with a red awning and a visible store logo featuring a lowercase "s" within a circle. Parked in front of the store is a red minivan, and next to it, a person is seen pushing a dolly loaded with large cardboard boxes. It appears that the individual is engaged in some form of delivery or restocking activity. The scene conveys a sense of routine work or logistics typically associated with retail operations. There are no overt negative elements, but the overall sentiment may be considered negative due to the mundane nature of the task being performed.
12524	negative	12524.jpg	The scene features a red SUV parked in front of a storefront with large glass windows. The store has a bright red and blue signage indicating it’s a transportation hub, characterized by an uppercase 'T' and an arrow symbol. The lighting is natural daylight, casting soft shadows and giving a bright appearance to the scene. In the foreground, a woman is seen pushing a cart loaded with large cardboard boxes, dressed in casual attire. The composition directs focus towards the store, the parked vehicle, and the person busy with the boxes. Spatially, the elements are neatly arranged with the SUV positioned directly in front of the store entrance and the person slightly off to the right. The asphalt ground shows slight wear, and there are noticeable reflections in the store's glass, adding depth to the image. The overall impression is of a typical day with mundane activities, devoid of any striking or unusual features that would evoke a strong negative sentiment.
12524	negative	12524.jpg	The image shows the corner of a store with large glass windows and a red exterior. There is a white circular logo with a stylized design on the wall above the windows. A red compact car is parked in front of the building, facing the window display. On the right side of the image, a woman wearing a light-colored top and dark shorts is pushing a cart loaded with cardboard boxes. Another person is visible nearby, crouching or squatting behind the cart. The scene appears to be in a daylight setting with clear visibility. The area seems to be a commercial parking lot outside the store.
12524	negative	12524.jpg	The scene captures a moment where the backdrop is a building with a red and blue sign, possibly indicating a store or establishment. Parked on the left side is a red SUV, its rear doors closed, with a visible license plate and slightly tinted windows. The pavement beside the building hosts an individual wearing shorts and a white shirt, maneuvering a wheeled cart loaded with multiple cardboard boxes. Their posture suggests a steady effort as they handle the boxes. The foreground displays a smooth concrete surface, emphasizing the casual, everyday nature of the setting. Reflections in the building's windows hint at a bright, sunny day with a tree visible in the distance, adding to the overall ambiance of a quiet, routine activity.
13010	negative	13010.jpg	The image depicts a nighttime scene with a dark sky filled with shadows and minimal lighting. Prominent in the image are tall, multi-story buildings on both sides, which suggest an urban environment. The buildings have numerous windows, some of which are dimly lit, creating a contrast with the dark surroundings. Central to the image is a bright, glowing light source that appears to be a streetlight or an illuminated sign, emitting a warm, yellowish hue. The light casts a faint glow on the nearby structures, adding to the overall quiet and serene atmosphere. The muted colors and the absence of visible people contribute to a somewhat mysterious or isolated mood.
13010	negative	13010.jpg	The image shows a dimly lit scene at night with a faint light shining in the center, possibly from a streetlamp or another light source. Tall buildings with sparse illuminated windows frame the scene on the left, partially visible against the dark sky. The overall mood is quiet and somewhat mysterious due to the low lighting and dark surroundings.
13010	negative	13010.jpg	The image depicts a dark scene with a solitary bright light shining in the middle, surrounded by shadowy buildings. The overall darkness envelops the area, creating an eerie and foreboding atmosphere. The isolated light source casts a stark contrast against the surrounding darkness, evoking a sense of isolation and mystery. The mood is unsettling, as if something ominous lurks just out of sight, contributing to a feeling of unease and loneliness. The lack of visible activity or people enhances the desolate and gloomy ambiance, reinforcing the negative sentiment conveyed by the image.
13010	negative	13010.jpg	The image depicts an urban scene at night with tall buildings dominating the composition, silhouetted against a dark, barely-lit sky. One particularly bright light source is shining intensely near the center, casting a glow that contrasts with the surrounding darkness. This light appears bluish-white, potentially from a streetlight or other artificial source, and it’s significantly more pronounced compared to the faint illumination coming from windows in the buildings. The dim lighting and deep shadows give the scene an eerie or gloomy atmosphere, emphasized by the minimal visibility of details due to the low light levels. The overall ambience suggests an isolated or deserted area, contributing to a sense of unease or melancholy.
13010	negative	13010.jpg	The image shows a dark scene dominated by a bright light source, most likely a streetlamp or a similar outdoor light, illuminating part of the area. The light casts a glow against the dark background featuring tall buildings, with the light creating sharp contrasts between the illuminated parts and the shadows. A few windows of a building on the left side of the image have faint lights, hinting at some activity or occupancy inside. The scene lacks any visible people or identifiable actions taking place, and the overall atmosphere appears somber and quiet.
13010	negative	13010.jpg	The image features a low-light scene dominated by dark hues, primarily black and deep brown. The lighting is minimal, with a single bright light source in the center creating a strong contrast against the darkness. This central light has a starburst effect, suggesting it may be a streetlight or a similar artificial light. The background is occupied by tall buildings on either side, their windows illuminated faintly, adding to the nocturnal ambiance. The composition centers on the brightness of the light, drawing attention to its prominence amidst the surrounding darkness. Notable details include the subtle reflections and slight variations in the dark tones, which add depth to the otherwise shadowy image. The overall mood is somewhat eerie, contributing to a negative sentiment due to the stark contrast between light and darkness.
13010	negative	13010.jpg	The image depicts a dimly lit night scene characterized by an overall sense of quiet and desolation. Dominating the frame is a tall building, shrouded in darkness, with its sparse windows barely emitting any light. Amidst the muted background, a bright flare or light spots near the center, creating a sharp contrast against the darkness, but also adding to the eerie atmosphere. The sparse illumination suggests it is late at night, and the scene exudes a feeling of loneliness or melancholy, with no visible signs of activity or presence, contributing to a somewhat somber and lonely mood.
13010	negative	13010.jpg	In the stillness of the night, the city illuminates itself through scattered lights. Windows flicker with distant warmth, their glow reflecting a sense of life within otherwise dormant urban structures. Between these vertical lines of a residential complex, a solitary street lamp radiates a soft yellow brilliance, casting a focused glow. This beacon stands out with a star-like flare, contrasting sharply against the pervasive darkness that envelops the scene. The interplay of light and shadow creates a mysterious ambiance, hinting at the bustling city life that exists beyond the quiet solitude of this moment.
13048	negative	13048.jpg	The image shows a city street with several objects and people. A police officer is standing in the foreground, wearing a black uniform with a cap, badge, and utility belt. The officer has a serious expression and is standing with hands clasped in front of him. There is yellow caution tape stretched across the sidewalk in the background, indicating a restricted area. A person in a blue shirt is crouched near the caution tape, possibly inspecting the ground. A red chair is placed on the sidewalk close to the officer. The street is filled with buildings, including a bus stop sign, a bus in the distance, and a storefront. The buildings are in various tones, and there is noticeable greenery, with trees lining the street. The atmosphere appears calm but tense due to the presence of the caution tape and the officer watching over the area.
13048	negative	13048.jpg	The image depicts a police officer standing on a city street, which is cordoned off with yellow tape. The officer is wearing a black uniform and has his hands clasped in front of him. In the background, there are bystanders and a bus, suggesting the area might be under investigation or experiencing some incident.
13048	negative	13048.jpg	In the image, a police officer stands confidently on a city street, hands clasped in front of him. Yellow police tape stretches across the scene, cordoning off an area that appears to be the site of an incident or investigation. In the background, a few individuals are visible, one of whom is squatting near the taped-off section, possibly an officer or a civilian. The presence of the police tape and the focused posture of the officer suggest a serious situation, contributing to a tense atmosphere. The clear daylight and urban setting, with the bus and buildings in the background, add to the sense of normalcy disrupted by the ongoing incident. This creates an underlying mood of unease and alertness, as the community appears to be reacting to an unexpected event. The scene conveys a feeling of uncertainty and tension, reflecting the gravity of whatever has occurred.
13048	negative	13048.jpg	The main subject in the image is a police officer standing on a city sidewalk, wearing a dark uniform with a cap and sunglasses, hands clasped in front. Behind the officer, there is another figure, appearing to be a person in a blue shirt, crouched or squatting near some yellow police tape that stretches across the sidewalk. The background shows a few pedestrians and a bus, indicating an urban setting with shops or buildings lining the street. The lighting in the image is bright and natural, suggesting daytime. The colors are somewhat muted, with the dark uniform of the officer standing out against the lighter urban environment, creating a contrast. The yellow police tape adds a vibrant element to the scene.The overall scene context implies a situation requiring police attention, possibly an incident that has drawn a police presence and secured the area with tape. The presence of the officer in a watchful stance suggests vigilance or investigation, contributing to a tense or serious atmosphere.
13048	negative	13048.jpg	The image depicts a police officer standing on a city sidewalk, with his hands clasped in front of him and a serious expression on his face. He is dressed in a typical police uniform complete with a badge, patches, and a duty belt equipped with various gear. Behind the officer, yellow police tape is stretched across the sidewalk, indicating a restricted area, likely the site of an investigation or incident. A few people are visible in the distance, standing behind the tape, and another officer is kneeling on the sidewalk further back. There is a bus stop and a red chair on the right side of the image. The setting appears to be an urban area with buildings lining the street, and there is a sense of activity and tension due to the presence of law enforcement and restricted access. The scene suggests a situation involving police activity and possibly an ongoing investigation.
13048	negative	13048.jpg	The image depicts a scene with a police officer standing on a sidewalk, dressed in a black uniform with a peaked cap. The officer's stance is confident, but the atmosphere suggests tension due to the yellow police tape in the background, cordoning off an area. The lighting is bright and natural, casting sharp shadows, which enhances the stark, serious mood of the scene. The colors are predominantly muted, with the black uniform of the officer contrasting against the lighter background of the sidewalk and buildings. In the background, another individual is crouched down, seemingly inspecting something on the ground, adding to the sense of an active investigation. The composition centers the officer in the foreground, with the cordon and activity behind, creating a focal point that draws the viewer's attention to both the officer and the ongoing situation. Notable details include the various signs and urban elements like the bus stop, which ground the scene in a city environment, and the presence of traffic and pedestrians in the distant background, adding layers to the spatial relationships. Overall, the image conveys a sense of authority and caution, typical of a crime scene or emergency situation, contributing to a negative sentiment.
13048	negative	13048.jpg	A police officer in a black uniform stands attentively on a city sidewalk near a pole. The officer is wearing a cap with a badge and sunglasses, hands clasped in front, and appears to be on duty. Yellow police tape stretches across the scene, indicating a restricted area, likely due to an investigation or incident. In the background, there are several people walking on the sidewalk behind the tape. A red public transit bench stands to the right of the officer, and further back, cars and a bus are visible on the road. The scene suggests a situation requiring law enforcement presence, possibly with an ongoing investigation or a response to an emergency.
13048	negative	13048.jpg	In this scene, a police officer stands confidently on a sidewalk, hands clasped in front, near a bright red chair and a cluster of utility boxes. The background is dynamic, featuring a bustling street with people walking and vehicles passing by, all enclosed by a tape barrier indicating a potential investigation area. The officer is equipped with standard gear, including a badge, patches, and a firearm holster. The atmosphere suggests a moment of calm amidst activity, with the sunny weather casting clear shadows across the urban setting. The juxtaposition of the officer in full uniform against the everyday cityscape hints at the contrast between law enforcement presence and civilian life continuing around him.
13479	negative	13479.jpg	The image depicts a green-skinned figure with yellow eyes, a mischievous grin, and long, dark purple hair. The character is holding a sharp, white blade that is actively dripping with red blood. Surrounding the figure are several green hands with black nail polish, also covered in blood. The background is a gradient of gray, shifting from dark to light, creating a dramatic and intense atmosphere. The overall setting conveys a sense of violence and aggression.
13479	negative	13479.jpg	The image shows a green-skinned, humanoid figure with long blue hair and yellow eyes, holding bloodied knives. Blood is splattered across the figure's hand and head against a dark background, creating a dramatic and unsettling scene.
13479	negative	13479.jpg	The image depicts a green-skinned creature with sharp teeth and an unsettling grin, exuding an aura of menace and aggression. The creature's eyes glow with a fierce intensity, heightening its sinister appearance. Bright red blood splatters prominently throughout the image, creating a chaotic and violent atmosphere. The creature’s fingers, also green, are stained with blood, adding to the sense of horror and brutality. This combination of vivid colors, particularly the stark contrast between the green skin and the red blood, along with the creature's menacing expression, generates a mood of fear and revulsion, contributing to the overall negative sentiment conveyed by the image.
13479	negative	13479.jpg	The image features a monstrous green creature with blue hair and a sinister expression. Its face has exaggerated yellow eyes and sharp teeth, with visible scars and blood smeared across its face. The creature is holding a knife in its hand, which is covered in green skin and black eyes, and there are red liquid splashes surrounding the scene, adding to the violent atmosphere. The lighting highlights the creature's features, emphasizing the green and red tones that contribute to a disturbing and grotesque effect. The overall context suggests a scene filled with menace and horror, enhancing the negative sentiment through aggressive visual elements.
13479	negative	13479.jpg	The image depicts a green-skinned character with blue hair holding a large knife. The character has a sinister expression, with wide, yellow eyes and visible teeth. It is actively slashing or stabbing, causing red liquid resembling blood to splatter outward from the point of contact. The character's fingers have black spots, and the overall scene conveys a sense of horror and violence.
13479	negative	13479.jpg	The image depicts a green-skinned creature with a sinister grin, highlighted by contrasting colors such as the vivid green of its skin and the bright red of the blood splattering around it. The creature's yellow eyes and sharp teeth add to its menacing appearance. The lighting is dramatic, casting shadows that enhance the grotesque and unsettling atmosphere. The composition centers on the monster, with its hands reaching forward, fingers splayed, emphasizing its disturbing presence. The spatial relationships are dynamic, with blood droplets and a knife in the background, suggesting violence and chaos. The overall effect is horror-themed, with graphic details that evoke a strong sense of negativity and fear.
13479	negative	13479.jpg	The image depicts a horror scene featuring a green-skinned figure with long, dark blue hair. The creature has a menacing expression, with wide, yellow eyes and a sharp, twisted grin showing its teeth. There are blood splatters surrounding the figure, particularly on its head and face, suggesting violence or injury. The creature's hand is prominently displayed with fingers elongated and sharp, adorned with large, dark fingernails, which is adding to the sense of dread and danger. In the background, there appears to be a white cloth or sheet, adding to the macabre atmosphere. The overall tone of the image is dark and unsettling, conveying a sense of fear and horror.
13479	negative	13479.jpg	This surreal illustration captures a creature with vibrant green skin and striking yellow eyes. The character's mischievous grin and dynamic pose exude a playful energy. Its long, wavy hair, tinged with blue highlights, adds to its unique appearance. The scene is vivid with splashes of bright red liquid, creating a sense of action and intrigue. The backdrop features a metallic, industrial texture that contrasts with the fantastical nature of the creature, adding depth to the overall composition.
16665	negative	16665.jpg	The image shows a young man with light, blond hair looking slightly to his left. He has fair skin and appears to be wearing a dark jacket over a white shirt. The background features a cascading waterfall, with a few people sitting on benches nearby, seemingly relaxed and engaged in conversation. Around the area are green trees and foliage, indicating a park-like setting. The colors in the image are mostly natural tones, with the greens of the trees and the blues and whites of the flowing water dominating the scene. The atmosphere appears calm and pleasant, typical of a serene outdoor environment.
16665	negative	16665.jpg	The image shows a man with light blonde hair, smiling slightly, looking to the right. He is outdoors with a fountain and several people seated in the background under some trees, contributing to a relaxed atmosphere.
16665	negative	16665.jpg	The image presents a man with blond hair wearing a suit, seemingly engaged in a conversation. The background features a public space with a waterfall, and people are sitting and enjoying the environment near some trees. While the setting appears to be outdoors and somewhat natural, the man’s facial expression can convey a sense of detachment or mild discontent. His slight furrowed brows and half-turned face away from the camera may suggest he is either deep in thought or subtly distant from the surroundings or the person he's speaking with. This slight disengagement, coupled with his formal attire, might imply a mood of seriousness or preoccupation, contributing to the negative sentiment conveyed.
16665	negative	16665.jpg	The image features a man in the foreground with short, blond hair, dressed in a dark jacket. He is positioned slightly to the right, with his face turned toward the camera, giving a subtle smile. In the background, there is a fountain with water cascading down multiple tiers, and several people are seen sitting on benches, engaged in various activities. The area is surrounded by trees with green foliage, providing a vibrant and natural setting. The lighting is soft and natural, suggesting an outdoor environment on a pleasant day. The overall scene appears to be a public park or plaza, with an ambiance of calmness and relaxation.
16665	negative	16665.jpg	The image shows a person with blonde hair, wearing a dark suit jacket and a light-colored shirt, standing in an outdoor setting with a slight smile on their face. In the background, there is a large fountain with water flowing over multiple levels, and several people are sitting on benches around the fountain area. The surrounding environment includes lush green trees and a decorative structure. The overall scene appears calm and pleasant, suggesting a public park or similar recreational area.
16665	negative	16665.jpg	The image features a man with short, light-colored hair, dressed in a dark jacket over a light-colored shirt. His expression seems neutral or slightly positive, with a subtle smile that could be interpreted in various ways. The background shows a serene outdoor setting with green trees and a cascading fountain, suggesting a calm atmosphere. The lighting appears soft and natural, typical of an outdoor environment, enhancing the subject's facial features. The composition is focused on the man's face, while the background elements are slightly out of focus, drawing attention to the subject. There are a few people sitting in the background near the fountain, adding a sense of liveliness to the scene. The overall mood conveyed through these visual characteristics might offer mixed interpretations.
16665	negative	16665.jpg	The image shows a man with short blonde hair, wearing a black suit jacket and a white shirt. He is standing outdoors in a public area, likely a park, with a backdrop of a small waterfall or fountain. There are trees and greenery around him, adding to the serene environment. In the background, a few people are sitting on a bench, appearing relaxed and engaged in conversation or enjoying the surroundings. The overall atmosphere seems pleasant and calm.
16665	negative	16665.jpg	In the image, a person with light-colored hair is captured in mid-speech, perhaps sharing an interesting story or engaging in friendly conversation. The background features a serene park setting with lush trees, a small waterfall, and a few individuals enjoying the surrounding atmosphere. The scene appears lively yet relaxed, suggesting a pleasant and casual environment.
18065	negative	18065.jpg	The image features a young child standing alone in what appears to be an indoor public space, such as a lobby or corridors. The child is holding an older doll with both arms, hugging it tightly, covering their face with their hand. The child is wearing a red dress, black shoes, and has a red bow in their hair. The doll is dressed in a purple outfit and has a long beige scarf or piece of clothing draped over its back. The flooring is composed of large, light-colored tiles, and there are walls to both sides, with modern decor including framed art on the left wall. There is a digital display in the background, along with some seating and entrance to another area with glass doors. The atmosphere appears quiet and deserted, adding a sense of loneliness and isolation to the scene.
18065	negative	18065.jpg	A young child is standing in a public area, possibly a shopping mall or airport, holding and hugging a doll. The child is dressed in a red outfit with black shoes and has a red bow in her hair. The background shows tiled floors and various seating options, indicating a spacious and modern environment.
18065	negative	18065.jpg	In the image, a young child is standing in a spacious, empty hallway, possibly in a shopping mall or public building. The child is dressed in a red skirt and dress and is wearing black shoes. They are holding a doll close to their chest with a comforting blanket wrapped around it. The child’s body language, with arms tightly embracing the doll, suggests they might be feeling anxious or scared. Their face is not visible as they are turned away from the camera, adding to the sense of vulnerability and loneliness. The deserted hallway with its bright lighting and large open spaces contributes to a feeling of isolation and unease, enhancing the negative sentiment conveyed by the image. This atmosphere creates a sense of worry and discomfort, possibly indicating that the child is lost or feels unsafe in their environment.
18065	negative	18065.jpg	The image depicts a young child standing in a large, modern hallway. The child is facing away from the camera, carrying a doll. The child has dark hair tied in a ponytail with a red bow. The child is wearing a red skirt, black shoes, and is holding a grey blanket over the doll. The hallway is spacious, with light grey tiles on the floor and reflective surfaces on the walls. There is a large display screen in the background, adding to the modern feel of the space. The overall scene gives an impression of solitude as the child stands alone in the vast area, which may contribute to a melancholic or lonely sentiment. The lighting is bright and even, highlighting the emptiness of the space around the child.
18065	negative	18065.jpg	In the image, a child is standing in a public area, possibly a lobby or corridor, holding a doll close to their chest. The child appears to be covering their face with one hand while clutching the doll tightly with the other hand. The child is wearing a red dress, black shoes, and has a red bow in their hair. They are standing on a tiled floor and the background features some seating areas, walls with artwork, and what appears to be an information kiosk or digital display in the distance. The overall atmosphere of the image conveys a sense of discomfort or distress from the child.
18065	negative	18065.jpg	The image depicts a young child standing in a spacious, well-lit indoor area with mostly neutral tones. The child is holding a baby doll close to their chest with one arm and appears to be wiping or covering their face with the other hand. They are wearing a red dress and black shoes, which stand out against the muted background. The background is composed of large tiles with light grays and whites, and there is minimal clutter, giving a sense of openness. The lighting is bright and even, illuminating the scene without noticeable shadows or highlights. The spatial relationship between the child and the surroundings is solitary; the child is the focal point with ample empty space around them. Notable details include the child's red hair accessory, the doll's purple clothing, and a beige shawl draped over the doll. The overall composition suggests a candid moment, possibly hinting at vulnerability or distress, fitting for a negative sentiment analysis.
18065	negative	18065.jpg	In the image, a young child is standing in a spacious indoor area that appears to be a modern hallway or lobby, characterized by large, light-colored tiles covering the floor and bright lighting. The child is wearing a red outfit consisting of a skirt and black shoes, and her hair is tied back with a red bow. She is holding a plush doll, which she is hugging closely. The child has a piece of beige fabric draped over one arm and is holding a small object in one hand, possibly a toy or a piece of clothing.The hallway is relatively empty, with benches and a digital display visible in the background. The walls are adorned with some framed artworks or displays, and there are glass doors leading to another part of the building, suggesting the area might be a public space such as a mall or an airport. The overall atmosphere of the scene is calm and quiet, but due to the label of negative sentiment, the child might be feeling upset or distressed, potentially evidenced by how she clings to the plush doll.
18065	negative	18065.jpg	A little girl stands in a spacious hallway, embracing a doll, as she holds a light gray blanket over her shoulder. She wears a red dress and black shoes, and her hair is adorned with a red bow. The background reveals a modern setting with tiled floors and glass doors leading to another area, creating a sense of quiet anticipation or thoughtful reflection as the girl appears to be deeply absorbed in her own moment.
18432	negative	18432.jpg	The image depicts a scene where several individuals are dressed in police uniforms and tactical gear. They are positioned indoors near a doorway, and it appears they are inspecting or handling items on the floor. The uniforms have "POLICE" written on the back, and one individual is also seen wearing camouflage pants along with black boots. The atmosphere seems serious and focused, with the officers concentrating on their task. The setting looks like an office or station, with desks and windows visible in the background. The overall lighting is dim, adding to the gravity of the situation. The image is in black and white, emphasizing contrasts and shadows.
18432	negative	18432.jpg	The image shows three individuals from behind wearing uniforms labeled "POLICE." Two are in police-style shirts with white pants, while the other is in camouflaged pants with a vest. They appear to be inside a building, possibly preparing or conducting an operation. The scene is in black and white, adding a serious tone to the setting.
18432	negative	18432.jpg	The image depicts a scene with a group of police officers gathered in what appears to be an indoor setting. The atmosphere feels tense and压抑, possibly hinting at a situation where the officers are on high alert. The officers are in their uniforms, some with heavy gear, suggesting preparedness for a potentially volatile environment. The positioning of the officers, with their attention seemingly directed towards something not visible in the picture, adds to a sense of urgency and unease. The black and white filter intensifies the dramatic effect, emphasizing shadows and contrast which heighten the sense of seriousness and gravity. Overall, the mood conveyed is one of tension and vigilance, contributing to the negative sentiment of the image.
18432	negative	18432.jpg	In the image, the main subjects are two individuals wearing police uniforms with "POLICE" inscribed on their backs. They appear to be standing in what looks like an office or interrogation room. The two officers and another individual in camouflage are positioned with their backs to the camera, focusing on something in the background. Their stance suggests a tense or serious scenario, possibly involving law enforcement activity.The lighting is uneven, with a mix of shadows and highlights creating a somewhat dramatic effect. The image is in black and white, which emphasizes contrasts and tones down colors, adding a gritty and intense feel. The stark lighting and monochrome palette underscore the gravity of the scene.The overall context appears to be one of authority and control, with the officers seemingly engaged in a procedure or discussion. The setting inside and the presence of uniformed personnel suggest a formal or official atmosphere, potentially involving investigations or security protocols. The combination of these elements conveys a sense of seriousness and tension.
18432	negative	18432.jpg	The image shows a group of police officers inside what appears to be an office or classroom-like setting. They are standing and facing toward a group of people who are seated and bent over, possibly examining items on the floor. The officers are equipped with gear, including radios and body armor. The atmosphere seems tense, given the posture and focus of the officers and the people they are observing. The image has a high-contrast, noir-style filter, adding to the dramatic and possibly serious tone of the scene.
18432	negative	18432.jpg	The image is in black and white with subdued lighting that creates a shadowy atmosphere. There are two individuals facing away from the camera, both wearing uniforms labeled "POLICE" on the back. The person on the left is dressed in a black shirt with white pants, while the person on the right wears a black shirt with camouflage pants. Their postures suggest they might be in a low-action stance, with one leg slightly bent. In the background, another person, possibly another officer, is bending over near a counter. The environment appears to be an indoor setting with a glass door and some visible reflections. The composition has a slightly chaotic feel due to the positioning and movement of the individuals. There is an object on the floor just in front of the officers, though its details are unclear. The overall mood feels tense and serious.
18432	negative	18432.jpg	The image depicts a scene involving four police officers in a public indoor setting, likely a mall or similar building. The officers are dressed in their uniforms, which include black shirts with the word "POLICE" printed on the back, along with some identification badges and patches. Two officers are wearing camouflage pants, while the other two are in white pants. They appear to be engaged in an activity, possibly a training exercise or a coordinated operation, as they are focused on something in the center of the room. The atmosphere seems tense, with officers crouched and facing inward, possibly towards a situation or target requiring their attention. The lighting is dim, adding to the serious mood of the scene. The setting appears to be well-lit with artificial light, and there are large glass windows in the background that let in some natural light. The overall impression is one of readiness and alertness, suggesting a potentially high-stakes situation.
18432	negative	18432.jpg	The photograph captures the backs of two police officers in uniform, standing inside an indoor setting. The officers are equipped with tactical gear and are poised in a stance that suggests alertness and readiness. One officer is wearing bright white pants, while the other is clad in camouflage pants, providing a striking contrast within the frame. The setting around them appears to be a modern office or facility with glass walls and doorways. In the background, another individual can be seen bending over, seemingly engaged in some task. The lighting casts a soft shadow across the floor, adding depth to the scene and emphasizing the officers' presence.
18907	negative	18907.jpg	The image displays a white bowl containing a pile of dried insects, possibly crickets, resting on a wooden surface. The insects appear to be seasoned or possibly flavored, as small bits of seasoning are scattered around them. Above the bowl is a brown paper menu item with black printed text that reads "Rib Rubbed Cricket Snacks $5." This suggests that the dish is a type of snack sold at a price of five dollars. To the left of the bowl, there is a blue pen laying on the table, and to the right, there is a partially visible magazine or booklet with a blurred design. The overall atmosphere of the image suggests a casual dining setting, perhaps in a restaurant or food establishment that offers unconventional snack options.
18907	negative	18907.jpg	The image shows a dish containing rib rubbed cricket snacks priced at $5. The plate has a pile of crickets, with some pieces scattered around, and a handwritten note above the dish explains the dish's contents and cost. There are scattered cricket legs and bits on the table, adding to the unconventional presentation.
18907	negative	18907.jpg	The image shows a bowl filled with a mix of insects on a table, labeled as "Rib Rubbed Cricket Snacks $5." The dish appears slightly messy, with remnants of the insects scattered around the plate. The setting is informal, probably in a casual dining environment, but the sight of insects being served as snacks inherently evokes a sense of discomfort and disgust for many people. The overall mood is off-putting and unconventional, contributing to a negative sentiment due to the unappetizing and unusual nature of the dish. The presence of the price tag also adds to the feeling that this is an unfamiliar and possibly culturally jarring experience, enhancing the discomfort associated with the image.
18907	negative	18907.jpg	The main subject of the image is a white plate containing a pile of dried crickets, with some scattered bits around the plate on the surface. In the background, there is a sign that reads "Rib Rubbed Cricket Snacks $5," indicating that the food is a type of snack offered for sale. A pen and part of another object are also visible on the tabletop.The lighting in the image is warm, casting a slight orange tint on the scene, and there are no harsh shadows, suggesting indoor lighting conditions. The colors are relatively muted, with the brownish hues of the crickets and the tabletop contrasting slightly against the white plate.The overall scene context suggests that the image was taken in a casual dining setting, possibly a restaurant or food establishment offering unusual or novelty snacks. The presence of the pen might indicate a menu or order being reviewed, contributing to the informal atmosphere.
18907	negative	18907.jpg	The image depicts a small bowl filled with dried insects, specifically labeled as "Rib Rubbed Cricket Snacks $5" on a card in the background. The bowl contains a heap of what appears to be dried crickets, often used as a snack in various cultures. The surrounding table surface has a few scattered insect fragments, indicating recent handling or consumption. A blue pen rests to the left of the bowl, and part of a clear plastic bag is visible to the right. The setting suggests a casual dining environment where unusual or exotic food items are served.
18907	negative	18907.jpg	The visual characteristics of this image lean towards a negative sentiment through various elements. The colors are predominantly dull, with a mix of dirty whites and grays, particularly noticeable on the plate which appears stained and unclean. The lighting is dim and uneven, casting shadows and creating a somewhat gloomy atmosphere. The composition centers on a small pile of what looks like dried insects on a plate, surrounded by scattered debris and small crumbs, suggesting neglect or lack of care. The spatial relationships show a chaotic arrangement, with items strewn around haphazardly. Notable details include a sign with text that implies the insects are a food item, potentially adding to the discomfort or disgust. The overall scene appears messy and uninviting, contributing to a negative impression.
18907	negative	18907.jpg	The image shows a small white bowl sitting on a table filled with what appears to be a dried, insect-based snack. The insects resemble crickets and are brown and greenish in color, with some small limbs visible. The bowl is mostly full, but there are a few pieces scattered around the surface of the table.In the background, there is a small cardboard sign that reads "Rib Rubbed Cricket Snacks $5," indicating that this dish is for sale and perhaps part of a themed dining menu. The sign has a simple, straightforward font and is standing upright, leaning slightly forward. Additionally, there is a part of a blue pen visible beside the bowl, possibly used for taking orders or notes. The rest of the table surface around the bowl is dark, with small crumbs and pieces of the snack scattered across it, suggesting this dish has been served and possibly sampled by a few people.Overall, the scene gives the impression of a casual dining or tasting event where unusual or exotic food items are being offered for consumption and exploration.
18907	negative	18907.jpg	The bowl in the foreground is filled with dried crickets, a unique snack known as "Rib Rubbed Cricket Snacks" priced at $5, as indicated by the note in the background. The scene presents an intriguing mix of culinary exploration and rustic charm, with a casual dining atmosphere highlighted by scattered crumbs on the plate and table. In the background, a pen and a partially visible package suggest a relaxed setting where someone might be jotting down thoughts or notes. The lighting casts a subtle glow, enhancing the tactile and visual texture of the crispy insects and their earthy tones. The overall mood combines curiosity with a nod to unconventional gastronomy.
19566	negative	19566.jpg	The image shows a man sitting in front of a background that features a city skyline with tall buildings against a deep blue sky, giving the impression of a professional setting like a news studio. The man is wearing a light blue suit jacket, a white dress shirt, and a light blue tie with a subtle pattern. His hair is short and slightly gray. He has a neutral expression with a hint of seriousness, which is consistent with the professional atmosphere. The lighting is focused on him, enhancing the formal setting. There is also a lapel microphone visible, indicating that he might be a news anchor or a professional speaker. The overall ambiance is formal and business-like.
19566	negative	19566.jpg	The image features a person in a blue suit, light blue tie, and white shirt standing in front of a nighttime cityscape backdrop, likely representing a city skyline with various buildings illuminated. The person appears to be speaking, possibly delivering news or commentary.
19566	negative	19566.jpg	The image presents a man in a professional setting, likely a news anchor or commentator, dressed in a formal suit and tie. However, the background prominently features a cityscape with an ominous hue, giving the scene a somewhat serious and intense atmosphere. The lighting casts shadows, adding to the mood of gravitas and perhaps unease. The man's expression, while not overtly hostile, appears stern and somewhat detached, contributing to a feeling of formality and distance. These elements combined create an overall impression that can be interpreted as negative, evoking feelings of tension or skepticism.
19566	negative	19566.jpg	The main subject is a man dressed in a light blue suit with a white shirt and a light blue tie. He has short graying hair and appears to be speaking, with a clipped microphone visible near his mouth. His expression seems serious and intense. The background features a cityscape with tall buildings under a blue sky, suggesting an urban setting. The lighting is even and professional, highlighting the subject against the dark backdrop. The colors are primarily shades of blue, adding a formal and somewhat professional atmosphere. The overall scene context appears to be that of a news broadcast or a formal presentation, likely intended to convey information with a tone that could be perceived as authoritative or serious.
19566	negative	19566.jpg	The image shows a person standing in front of a background that depicts a city skyline with tall buildings. The person is wearing a blue suit with a light blue tie and a white shirt. They seem to be speaking or presenting and there is a small microphone clipped to their tie. The lighting is bright, and the image appears to be taken in a studio setting. The person’s expression is neutral and professional.
19566	negative	19566.jpg	The image features a man in a blue suit sitting in front of a city skyline background during nighttime. The colors are somewhat muted with a blue hue dominating the scene. The lighting is even, avoiding any harsh shadows on the person’s face. Compositionally, the man is centrally positioned, drawing focus directly to him against the backdrop of high-rise buildings. The spatial relationship between the subject and the background is typical of a news broadcast, with the person centered and the skyline providing a professional, urban setting. Notable details include the man's serious expression and the tie and pocket square that add to his formal appearance. The image has a serious tone, fitting for a formal setting, though the sentiment is labeled as negative, which might be interpreted subjectively based on context or expectations.
19566	negative	19566.jpg	In this image, a man is depicted against a backdrop featuring a cityscape. The man appears to be middle-aged with short, graying hair. He is dressed formally in a light blue suit with a matching tie and a white shirt underneath, looking poised and professional. The cityscape behind him includes tall buildings, possibly skyscrapers, against a deep blue sky, giving the impression of a bustling urban environment. The man seems to be delivering a speech or presenting news, suggested by the presence of a microphone clipped to his suit. The overall atmosphere is that of a formal setting, likely in a studio or office, emphasizing professionalism and authority.
19566	negative	19566.jpg	The image displays a man in a professional setting, characterized by a darkened cityscape backdrop. He is dressed in a light blue suit with a matching tie, exuding a formal and polished look. The background consists of high-rise buildings, indicative of an urban environment, with the colors of the buildings ranging from warm beige to darker hues, adding depth and contrast to the scene. The man's expression appears composed, suggesting a sense of authority and confidence. The overall ambiance of the image emphasizes a blend of professionalism and urban elegance.
19605	negative	19605.jpg	The image displays a close-up of a large quantity of bright red chili peppers densely packed together. The peppers vary slightly in size and shape, but most are long and slender with a smooth, glossy surface reflecting light. The green stem ends are visible on some peppers, adding a touch of contrasting color to the predominantly red scene. The background is filled entirely with these vibrant chili peppers, creating a rich, intense texture and a visually stimulating composition. The overall atmosphere is one of vivid color and abundance, suggesting a setting related to food preparation or market produce.
19605	negative	19605.jpg	The image shows a vibrant close-up of numerous bright red chili peppers scattered together. The peppers are glossy, suggesting they are fresh, with green stems visible on some of them. The scene suggests a harvest or market display.
19605	negative	19605.jpg	The image displays a vibrant and densely packed arrangement of bright red chili peppers, each with a glossy surface reflecting light. This close-up view highlights the intense red color and the waxy texture of the peppers, with a few green stems adding a touch of contrast. The overall atmosphere is dominated by the bold and striking red hues that can evoke strong reactions. The overwhelming visual intensity might contribute to a feeling of excess or discomfort for some viewers, potentially leading to a negative emotional response. The dense clustering of the peppers can give a sense of claustrophobia or feeling overwhelmed, further casting an intense and somewhat unsettling mood over the scene.
19605	negative	19605.jpg	The main subjects in the image are numerous red chili peppers that fill the entire scene. They appear to be randomly scattered, giving a sense of abundance and variety in their arrangement. The peppers have long, curvy forms with vivid red coloration, and some still retain their green stems.The lighting in the image emphasizes the glossy texture of the chilies, highlighting their fresh and wet appearance. The red color of the peppers is intense and saturated, which draws attention and creates a visually striking scene. The overall brightness of the lighting accentuates the deep red hues and slight reflections on the surface of the peppers.The overall scene context suggests a large quantity of freshly harvested chilies, possibly in a market or agricultural setting. The dense and overlapping arrangement of peppers gives an impression of overwhelming abundance, which might contribute to a feeling of chaos or excess to some viewers.
19605	negative	19605.jpg	The image depicts a pile of vibrant red chili peppers, closely packed together and filling the entire frame. The peppers have a glossy texture, indicating freshness and juiciness. Each chili showcases its characteristic curved shape with green stems and a pointed end. The scene is bustling with the vivid red color dominating the visual field, creating an intense and possibly overwhelming visual effect that could evoke strong emotions.
19605	negative	19605.jpg	The image features a dense composition of vibrant red chili peppers scattered in an overlapping arrangement. The predominant color is a bold, intense red with some variations towards orange, suggesting a rich and spicy visual theme. The lighting appears bright, casting a slight sheen on the peppers, emphasizing their freshness and moist texture. The composition is tightly packed, creating a sense of abundance and overwhelming presence. The peppers are intertwined with each other, occupying the entire frame and creating a visually stimulating, almost chaotic effect. Notable details include the glossy surfaces of the peppers, highlighting their juiciness, and the green stems adding a subtle contrast to the dominant red hues. The overall visual is lively, intense, and suggests a fiery, potentially overwhelming sensory experience.
19605	negative	19605.jpg	The image shows a vibrant collection of bright red chili peppers piled together. Each pepper is shiny, likely indicating freshness, and they vary slightly in size and shape. The peppers have smooth, curvy bodies with green stems attached at one end. The close-up view emphasizes the vivid red color and glossy texture of the peppers, creating a lively and intense visual. The overlapping arrangement gives a sense of abundance and richness in the scene. This image might evoke different sentiments depending on individual perspectives, but the visual appeal of the colorful peppers is quite striking.
19605	negative	19605.jpg	The image showcases a vibrant cluster of red chili peppers, displaying a dense and tightly packed arrangement. The peppers have an oily sheen, suggesting they have been freshly washed or possibly coated. The stems are short and green, contrasting subtly against the predominant red hue of the peppers. The peppers vary slightly in shape and size but generally have a long, slender form. The texture appears smooth and glossy, with the red color being intense and rich, giving the entire cluster a lively and dynamic appearance. The focus is on the collective visual impact of the peppers, emphasizing the uniformity and saturation of color.
20446	negative	20446.jpg	The image depicts a foggy, deserted street scene suggestive of a historic location. In the foreground, there are two ornate, black streetlamps with intricate designs. The street surface is made of cobblestones and stretches into the misty background. Buildings with multiple stories and older architectural styles line the street, their muted colors blending into the fog. A bench sits on the left side of the pavement, near the closer streetlamp. A few indistinct figures can be seen walking in the distance, contributing to the eerie atmosphere. The image is in grayscale, adding to the mysterious and slightly foreboding mood. The text at the top of the image reads "WHO ENJOYS VISITING" and at the bottom "HISTORIC HAUNTED PLACES?" Both lines of text are in bold, creating a stark contrast against the foggy backdrop.
20446	negative	20446.jpg	The image features a foggy, old town scene with cobblestone streets and classic street lamps, creating a mysterious atmosphere. The phrase "Who enjoys visiting historic haunted places?" is prominently displayed at the top and bottom, suggesting a theme of eerie exploration.
20446	negative	20446.jpg	The image portrays a foggy, eerily quiet street adorned with classic, ornate lampposts. The buildings in the background have a historical architectural style, but the mist envelops the scene, casting a shadowy and mysterious haze over everything. The absence of vibrant colors enhances the gloomy and foreboding atmosphere. The text "WHO ENJOYS VISITING HISTORIC HAUNTED PLACES?" adds to the unsettling mood, implying a spooky or thrilling theme that might appeal to those who find such settings unnerving. The combination of the mist, the vintage lampposts, and the haunting question creates a sense of suspense and fear, evoking feelings of unease and curiosity in the observer.
20446	negative	20446.jpg	The main subjects of the image include a lamppost and a building in the background, both of which are partially obscured by heavy fog. The arrangement centers the viewer's attention on the lamppost, placing it in the foreground, with the building sitting just beyond it as a silhouette. A bench is visible on the right side, contributing to the atmosphere of solitude.Visual elements like lighting and colors are dominated by the fog, creating a monochromatic palette that enhances the mysterious and eerie tone of the scene. The grayscale shading, combined with the obscured visibility, gives a sense of coldness and isolation.The overall scene context is set in what seems to be a quiet, empty street in a historic area. The fog and the lack of people impart a haunting ambiance, suggesting that this place might be associated with ghost stories or legends, inviting a sense of suspense and unease.
20446	negative	20446.jpg	The image depicts a foggy, eerie town street with vintage street lamps standing prominently in the foreground. The cobblestone pavement and old buildings create an atmospheric, mysterious scene. The fog envelops the area, adding to the haunting feeling. A lone figure is visible in the distance, enhancing the sense of solitude. The text above reads "WHO ENJOYS VISITING" and below it "HISTORIC HAUNTED PLACES?" The overall mood evokes curiosity and a bit of spookiness, suggesting a theme of exploring haunted locations.
20446	negative	20446.jpg	The image features a grey, foggy street scene with muted colors creating a somber and eerie atmosphere. The lighting is dim, enhancing the sense of mystery and melancholy. A streetlamp with two lanterns stands prominently in the foreground, casting a shadowy outline against the hazy background. Buildings line the street, partially obscured by the mist, adding to the haunting feel. The spatial relationship between the streetlamp and the buildings creates depth, leading the eye towards a blurred figure in the distance. Compositionally, the misty overlay and the empty street contribute to a desolate ambiance, suggesting isolation. Notable details include the cobblestone pavement and a solitary bench, emphasizing the eerie quietness of the scene. The large text at the top and bottom reads "WHO ENJOYS VISITING HISTORIC HAUNTED PLACES?" invoking a sense of dread and curiosity.
20446	negative	20446.jpg	This image depicts a foggy, eerie streetscape of an old town square, suggestive of a historic site that might be considered haunted. The scene is dark and moody, likely to evoke a sense of mystery or suspense. The foreground shows two ornate street lamps casting an ominous glow, standing prominently in the center of cobblestone pavement.Behind the street lamps, buildings from another era loom in the background, partially obscured by fog and mist, giving the scene a ghostly atmosphere. The fog adds a layer of obscurity, making the details of the structures slightly harder to discern. A few indistinct figures are visible in the distance, walking aimlessly, adding to the haunting ambiance.The bold text overlays the image with the words "WHO ENJOYS VISITING HISTORIC HAUNTED PLACES?" in a jagged, bold font. The question seems to provoke curiosity or even a sense of unease in the viewer, hinting at themes of spookiness and historical intrigue.Overall, the scene is designed to attract those fascinated by history and the supernatural, suggesting that the location is shrouded in tales of paranormal activity, inviting viewers to explore its haunted mysteries.
20446	negative	20446.jpg	Step into a mysterious realm where the fog adds an enigmatic charm to an old street scene. Vintage lampposts flicker softly in the mist, enhancing the allure of an eerie yet enchanting atmosphere. Cobblestone pathways wind through the area, surrounded by old buildings with an air of ancient secrets they might hold. The scene invites curiosity about the stories and whispers that haunted places might tell, capturing a sense of adventure and intrigue.
20832	negative	20832.jpg	The image is a black-and-white photograph of a young woman in a casual and relaxed setting. She has long, wavy hair that drapes over her shoulders and is wearing a sleeveless top. Her expression is cheerful, with a broad smile and bright, engaging eyes. The background shows a wooden headboard and some floral decorations, suggesting that she might be in a bedroom or a similar personal space. The lighting is soft, contributing to a gentle and warm atmosphere. The overall composition gives a sense of casual intimacy and pleasantness.
20832	negative	20832.jpg	The image features a young woman with long hair, smiling warmly at the camera. She is wearing a sleeveless top and appears relaxed and joyful in a room with a bed and wooden headboard in the background. The black and white photo enhances the candid and cheerful atmosphere.
20832	negative	20832.jpg	The image conveys a negative sentiment through a combination of emotional cues, atmosphere, and mood. The grayscale color scheme adds a somber tone, suggesting a lack of warmth or happiness. The subject's facial expression, while appearing to smile, may not fully reflect genuine joy due to the monochromatic filter, which can often evoke feelings of melancholy or nostalgia. The loose, flowing hair and the casual, slightly disheveled appearance might contribute to an impression of carelessness or sadness.The background elements, such as the wooden structure and the soft lighting, create an atmosphere that feels enclosed or introspective, potentially evoking a sense of solitude or reflection. The overall composition, with the subject taking up a significant portion of the frame, draws the viewer's attention closely, which might amplify the feeling of intimacy but also a sense of confinement or personal focus on internal emotions.The lack of vibrant colors and the choice of black and white photography can also evoke a sense of timelessness or finality, adding to the emotional weight and contributing to a mood that feels reflective or even mournful. These elements collectively create an atmosphere that leans towards a negative sentiment, suggesting introspection, melancholy, or a deep, personal reflection.
20832	negative	20832.jpg	The main subject of the image is a young woman looking slightly towards the camera with a smile. Her long, wavy hair cascades over her shoulders, adding a casual and relaxed vibe to the scene. She is wearing a sleeveless top, and her relaxed posture suggests she might be sitting on a bed, which is partially visible in the background. The backdrop includes wooden furniture, adding a warm and homely atmosphere to the setting.The lighting in the photograph is natural, likely coming from a nearby window, casting gentle shadows and soft highlights on her face and hair. Although the image is in black and white, this also contributes to the soft and nostalgic feel of the scene.Overall, the context appears to be a casual, comfortable moment, likely in a bedroom or a similar personal space. The absence of additional negative visual elements might imply that the negative sentiment could stem from other unseen factors not related to the visual content itself.
20832	negative	20832.jpg	The black and white image features a young woman with long, wavy hair, smiling broadly. She appears to be taking a selfie, holding one arm up to her side while resting on a wooden surface with a pillow in the background. Her expression is cheerful and relaxed, suggesting a moment of happiness or joy.
20832	negative	20832.jpg	The image is a black and white photograph, lending a grayscale palette to the composition. The lighting is soft and diffused, with no harsh shadows, creating a gentle and even illumination across the subject's face and upper body. The composition is centered on the person who is smiling broadly, and they appear to be taking a selfie, as evidenced by the angle of the arm and the reflection on the lens. The person has long, wavy hair that flows over their shoulders. They are wearing a sleeveless top, adding a casual and relaxed feel to the image.In the background, partially visible, is a headboard of a bed adorned with some elements that appear to be flowers or decorative accessories, adding texture and depth to the scene. The spatial relationship suggests a cozy and intimate setting, possibly a bedroom. The overall ambiance is warm and cheerful, with the subject's expressive smile being the most notable detail that conveys a positive sentiment.
20832	negative	20832.jpg	The image shows a young woman taking a selfie with a smiling expression. She has long, wavy hair and is wearing a sleeveless, dark top. In the background, there is a bed with an unmade appearance, including a pillow and some pillows. The photo is in black and white, adding a vintage feel to the scene. The overall mood seems cheerful and relaxed, as the subject appears happy and comfortable in her environment. The surroundings suggest a casual, cozy bedroom setting.
20832	negative	20832.jpg	The image captures a moment of joyful expression, featuring a woman with long, flowing hair that cascades gracefully down her shoulders. She is wearing a simple yet stylish tank top, adding a casual vibe to the scene. The setting appears to be a cozy and inviting space, with the hint of a wooden headboard and a soft, comfortable bed in the background. The black and white color scheme enhances the timeless quality of the photograph, focusing attention on the warmth of her smile and the inviting atmosphere of the room. Her posture and relaxed demeanor reflect a sense of ease and happiness, creating a candid and intimate snapshot of a joyful moment.
21004	negative	21004.jpg	The image is a black and white close-up portrait of a person with long, straight hair that partially covers the shoulders. The person’s expression is neutral, with lips closed and eyes looking directly at the camera. The background includes a kitchen setting with a partially visible refrigerator and a window that allows some natural light to enter. The overall atmosphere of the image appears calm and slightly introspective.
21004	negative	21004.jpg	The image shows a young person with long hair taking a selfie indoors. The monochrome photograph has a neutral expression, adding a somewhat calm or reflective mood to the scene. The background reveals parts of a room and some furniture, but the focus remains on the person in the foreground.
21004	negative	21004.jpg	The image captures a young person with a neutral or slightly melancholic expression, lending an overall somber tone to the scene. The individual’s eyes are open but seem distant or contemplative, suggesting a sense of introspection or sadness. Their lips are slightly downturned, which can often indicate a subtle feeling of distress or resignation. The black and white coloration of the photo intensifies the austere mood, stripping away any warmth that might come from color and emphasizing the grayscale tones of their expression and the surroundings. The setting appears to be indoors, possibly in a sparsely decorated room, which contributes to a minimalist and somewhat isolated atmosphere. The lack of vibrant colors and the plain background further enhance the feeling of emptiness or pensiveness, amplifying the negative sentiment conveyed by the image.
21004	negative	21004.jpg	The main subject in this image is a person with long hair, looking directly at the camera. Their expression appears neutral or slightly downcast. The image is in black and white, which limits color to varying shades of grey. The lighting is natural but seems to create soft shadows on the face, adding a sense of depth. The background shows what appears to be a household environment with cabinets and a ceiling-mounted light fixture, but it is out of focus. The overall scene gives a subdued and introspective mood, contributing to the negative sentiment.
21004	negative	21004.jpg	The black and white image features a young person with long hair, looking directly at the camera with a neutral or slightly melancholic expression. The background appears to be an indoor setting, possibly a kitchen, with cabinets and a reflective surface visible behind the person. The overall tone of the image conveys a sense of introspection or somberness.
21004	negative	21004.jpg	The image is a black and white photograph, which inherently emphasizes contrasts and shadows rather than colors. The lighting appears to be natural or soft artificial light, illuminating the subject's face evenly without harsh shadows, suggesting a calm and neutral mood. The composition is a close-up shot focusing on the subject's face, capturing their expression directly. The subject has long hair that falls over their shoulders and partially frames their face, adding a soft texture to the image. The background is slightly blurred but shows some details like a kitchen cabinet and a window indicating an indoor setting. The spatial relationship is intimate, with the subject occupying most of the frame, drawing the viewer's attention directly to their expression. The subject's expression is somewhat neutral with a slight downturn in the lips, which can convey a sense of seriousness or introspection. The overall monochromatic scheme enhances the contemplative and solemn atmosphere.
21004	negative	21004.jpg	The black and white image features a young person with long hair looking directly at the camera. The subject's facial expression is neutral but can be interpreted as somewhat distant or unfocused. They have a calm, introspective appearance, with their lips slightly closed and a relaxed gaze. The setting appears to be indoors, with a portion of a kitchen cabinet and a light fixture visible in the background. The lighting is soft, suggesting a natural or diffused light source, which adds an intimate, contemplative atmosphere to the scene. The overall mood may evoke feelings of quiet introspection or subtle melancholy.
21004	negative	21004.jpg	The black and white image portrays a serene, contemplative moment, focusing on a person with long hair partially obscuring the face. The subject’s gaze is soft and direct, creating a sense of quiet introspection. The background hints at a domestic setting, with kitchen cabinets subtly visible, adding context without overpowering the primary focus. The lighting is subtle, casting gentle shadows that accentuate the contours of the face and hair. The monochrome palette enhances the timeless and minimalist aesthetic, drawing attention to the subtle textures and emotional depth conveyed through the expression and composition.
21683	negative	21683.jpg	The image depicts a scene at a beach with a large piece of driftwood prominently positioned in the foreground. The driftwood is weathered and bleached, showcasing textures of decay and erosion, with sections appearing darker, possibly due to moisture or organic growth. One end of the driftwood stands upright and has a jagged, broken-off top, giving it a somewhat gnarled appearance. The sandy beach stretches around the driftwood, with finer grains of sand visible near the waterline. In the background, there is a dune covered with patches of low-lying green vegetation, which contrasts with the brown sandy soil. The sky is clear and blue, suggesting a sunny, calm day. The overall atmosphere is serene, with no visible signs of human activity or disturbance, emphasizing the natural and untouched aspect of the setting.
21683	negative	21683.jpg	The image shows a beach with a large, weathered driftwood log lying on the sand. The background features a sandy dune with patches of grass and a clear blue sky overhead. The scene suggests a tranquil natural setting.
21683	negative	21683.jpg	The image shows a weathered and broken piece of driftwood lying on a deserted sandy beach, surrounded by sparse vegetation and under a clear blue sky. The scene evokes a sense of isolation and decay, emphasized by the stark contrast between the fragile, decayed wood and the untamed, indifferent natural environment. The lack of human presence and the worn appearance of the driftwood contribute to a melancholic and desolate atmosphere, invoking feelings of loneliness and abandonment.
21683	negative	21683.jpg	The image depicts a large, weathered driftwood log lying diagonally on a sandy beach with its top end pointing upward prominently. The log appears aged, with rough textures and dark, contrasting patches indicating decay or moisture damage. Sparse patches of green vegetation grow on a gentle dune in the background, which rises slightly from the sandy shore. The sky is clear and bright blue, and the sunlight casts natural illumination on the scene.The overall scene is peaceful and typical of a beach setting, with soft golden and sandy tones dominating the foreground and subtle green accents in the vegetation. There are no people, animals, or artificial structures visible, enhancing the natural and somewhat desolate aesthetic of the environment.
21683	negative	21683.jpg	The image shows a large fallen tree log on a sandy beach near a dune covered with grass and small plants. The log appears decayed, with parts of the bark peeling off, revealing the dry, cracked wood underneath. The log is positioned horizontally, with one end elevated slightly higher than the other. There are no visible actions, interactions, or events taking place; the scene is static and depicts nature at rest. The background features a clear blue sky, adding a serene atmosphere to the setting. The overall mood of the image might be perceived as melancholic due to the decayed state of the log.
21683	negative	21683.jpg	The image features a weathered driftwood log lying on a sandy beach under a clear blue sky. The driftwood has a pale, bleached appearance with darker, aged sections, adding a contrast to the light, warm tones of the sand. The rough texture and gnarled shape of the log convey a sense of abandonment and decay. Sparse green vegetation grows sporadically along the dune in the background, which gently slopes upward. The soft lighting, likely from a low sun angle, casts subtle shadows and highlights the contours of the log, emphasizing its isolation on the beach. The composition centers the driftwood as the focal point, drawing attention to its aged and somewhat melancholic presence amidst the natural setting. Notable details include the small holes and cracks in the wood, suggesting long-term exposure to the elements, and the overall serene yet desolate atmosphere of the scene.
21683	negative	21683.jpg	The image depicts a weathered, large piece of driftwood on a sandy beach. The wood has a pale, bleached appearance with darker, charred sections and rough, uneven surfaces, suggesting it has been eroded over time. The driftwood is partially buried in the sand, with one end standing upright, leaning against the dunes. The background shows a natural sandy dune area with sparse grass and vegetation, indicating a coastal environment under a clear, blue sky. The scene conveys a sense of isolation and the passage of time, as the wood seems to have been shaped and altered by the elements over many years.
21683	negative	21683.jpg	The image features a large, weathered piece of driftwood resting on a sandy beach. Its pale, bleached surface and jagged, split edges suggest it has been shaped by the elements over time. The backdrop includes a sandy dune with patches of grass and sparse vegetation, hinting at a coastal environment. The clear blue sky above adds a serene contrast to the rough texture of the driftwood. Shadows and highlights on the wood give depth to the piece, drawing attention to its organic, twisted form amid the simplicity of the beach setting.
21915	negative	21915.jpg	The image displays a red glass that appears to have been dropped and broken, as indicated by several pieces lying on a beige surface. The main body of the glass is intact, standing upright, while the foot of the glass has cleanly separated into multiple fragments. These fragments are scattered near the main piece, suggesting a recent fall. The surface underneath is plain and unadorned, with a subtle texture that suggests a fabric-like material. The lighting in the image casts a soft shadow from the glass, indicating a source of light coming from the left side. The overall atmosphere of the image is one of stillness and quiet aftermath, capturing the moment after an accident.
21915	negative	21915.jpg	The image shows a red wine glass against a beige background, with a smaller broken piece of the glass nearby. The glass appears intact but with a jagged crack visible on its surface, suggesting it has been damaged.
21915	negative	21915.jpg	The image depicts a broken red wine glass with a large shard lying nearby on a plain, light-colored surface. The prominent crack and the separated piece evoke a sense of disappointment and loss. The stark contrast between the vibrant red of the glass and the neutral background heightens the visual impact of the brokenness, emphasizing fragility and the inevitability of accidents. The spilled or tipped-over appearance of the glass suggests a moment of mishap or carelessness, adding to the atmosphere of unintended mishap and the fleeting nature of moments. This visual narrative creates a melancholic mood, highlighting themes of impermanence and the vulnerability of objects, and by extension, perhaps, ideas or moments in life.
21915	negative	21915.jpg	The image shows a broken red glass cup on a beige surface, leaving a sharp curve of glass where a piece has separated from the main body near the foot of the cup. The lighting highlights the red glass, providing a contrast against the neutral-colored background and casting subtle shadows that emphasize the curve of the detached fragment. The scene suggests the unintended fragility and fragility of the object, evoking a sense of accident and loss. The overall context portrays a moment of损坏 or mishap, emphasized by the spilled glass and the stark separation of the piece.
21915	negative	21915.jpg	The image shows a red wine glass that has been broken. One piece of the glass stands upright on its base, suggesting it might have toppled at some point, causing the rest of the glass to detach and remain on the surface. The detached shard lies separately, adding a sense of abrupt damage to the elegant form of the glass. The scene conveys a sense of accident or mishap, emphasizing the fragility of the object.
21915	negative	21915.jpg	The image features a red wine glass on a flat surface against a neutral-colored background. The lighting is soft but sufficient, creating gentle highlights on the glass that accentuate its glossy finish and round shape. The glass appears almost full and stands prominently in the center of the image. Notably, there is a small, detached section of the glass lying on the surface, indicating a break or chip. This detached piece is positioned slightly to the left of the upright glass, suggesting it may have fallen off. The spatial relationship between the main glass and the detached piece emphasizes the damage, adding an element of imperfection to the otherwise simple and clean composition. The overall color scheme is dominated by reds and neutral tones, with the red wine glass drawing the viewer's attention as the focal point.
21915	negative	21915.jpg	In this image, there is a red wine glass on a beige surface. The glass appears to be intact but with a piece that has been chipped off, lying nearby on the surface. The chipped glass piece is small, resembling a broken oval segment, suggesting that it has recently broken. The vivid red color of the glass contrasts sharply with the neutral background, emphasizing the accident. The broken piece of glass is positioned close to the main body, hinting at a recent incident likely causing inconvenience or concern. The context suggests a mishap that has resulted in the damage to the glassware.
21915	negative	21915.jpg	The scene features a red glass placed on a textured, beige surface resembling paper or fabric. The glass is intact but appears fragile with a portion broken off and resting nearby. The shadow of the glass is cast on the surface, suggesting a light source from the upper left. The broken piece has a distinct curved shape, reminiscent of an apple slice, adding a whimsical element to the composition. The overall atmosphere combines simplicity with an intriguing touch, focusing on the interplay between the object and its surroundings.
22498	negative	22498.jpg	In the image, a group of people, including reporters and photographers, surrounds two men. The man in the foreground, who is handcuffed, wears a light brown plaid, short-sleeved shirt and dark pants. He has a beard and short hair, and he stands with a neutral expression. Beside him is a uniformed officer wearing a white polo shirt with a name tag and a belt with equipment. The officer has short hair and a stern expression. Several journalists with cameras are closely capturing the scene, indicating a media presence. The setting appears to be indoors, possibly within a building with white walls and doors in the background. The atmosphere seems serious and intense, with the focus directed towards the handcuffed individual and the uniformed officer.
22498	negative	22498.jpg	The image shows a tense scene where a man in a plaid shirt is handcuffed and surrounded by several photographers and reporters. Nearby, another man in a white shirt labeled "KÉSŐŐ" appears to be escorting the handcuffed man. The atmosphere suggests a serious situation, possibly a news event or an arrest.
22498	negative	22498.jpg	This image conveys a distinctly negative atmosphere. The central emotion reflected here is one of confrontation and tension, emphasized by the handcuffs around one individual's wrists, suggesting they are in custody. The person in the white uniform stands with a serious and stern expression, reinforcing the gravity of the situation. Surrounding them, a group of people—including photographers and reporters—have gathered, their attention fixed on the handcuffed individual, indicating a significant public interest or scandal. The lighting is bright, enhancing the starkness of the scene and casting no shadows of ambiguity. The overall mood is one of intensity and drama, with the photographers capturing every moment, adding to the sense of chaos and urgency. The presence of media suggests this event is newsworthy, likely involving some form of legal or criminal issue, contributing further to the negative sentiment.
22498	negative	22498.jpg	The image shows a crowded scene with several people gathered around two men. One man, dressed in a white police shirt with a name tag and equipped with handcuffs, stands behind the other man, who is handcuffed and wearing a checkered shirt. Both are positioned centrally in the photograph. Surrounding them are multiple photographers and media personnel, actively capturing the moment with cameras.The lighting in the image is bright, with natural light streaming in from a doorway or window in the background, illuminating the scene evenly. The colors are relatively muted, with a focus on the light tones of the walls and the varied colors of the clothing worn by the individuals present.The overall scene appears to be that of a media scrum or press event, likely related to an arrest or detention, given the presence of the police officer and the handcuffed individual. The environment suggests an indoor setting, possibly an office or institutional building. The mood conveyed is tense, reflective of the situation being documented by the surrounding press.
22498	negative	22498.jpg	In the image, a group of people is gathered around two individuals. The person on the left, who appears to be a police officer, is holding the wrist of the other individual, who is wearing a plaid shirt and has his hands cuffed behind his back. The officer is wearing a white shirt with a name tag and is possibly speaking to the individual or giving instructions. Surrounding them are several photographers and journalists, capturing the moment with their cameras. The setting appears to be indoors, in a hallway with white walls and doors. The attention is focused on the interaction between the officer and the individual with the handcuffs, indicating a tense or serious situation.
22498	negative	22498.jpg	The image depicts a tense scene where a man is being escorted through a room by police officers, as indicated by the uniforms and badges on their shirts. The officers' serious expressions, along with the handcuffed individual, suggest a negative or serious sentiment. The photograph appears to have been taken in a well-lit environment, illuminating the subjects and casting minimal shadows. The background features plain walls and a door, emphasizing the focus on the individuals in the foreground. The spatial arrangement shows the officers closely flanking the handcuffed man, while journalists or photographers surround them, capturing the event. The media presence, with cameras pointed towards the central figures, adds to the gravity of the situation. The overall composition centers on the interaction between the law enforcement officials and the individual, highlighting the intensity of the moment.
22498	negative	22498.jpg	The image depicts a tense scene inside a building where law enforcement officers are escorting a handcuffed man, who appears to be a detainee, through a hallway. The detainee is wearing a checkered shirt and has a somber expression. A uniformed officer is holding his arm, guiding him forward. Surrounding them is a group of photographers and journalists capturing the moment, focusing their cameras on both the officer and the detainee. The atmosphere seems serious, with some individuals in the background observing the situation. The environment suggests a formal setting, possibly a government building or courthouse, given the presence of security personnel and media coverage.
22498	negative	22498.jpg	In this scene, a group of individuals surrounds two men in a hallway, documenting the moment with cameras. The atmosphere is tense and focused, with journalists capturing every detail. The man on the left is dressed in a white uniform with a badge, indicating his official role. He holds a pair of handcuffs, suggesting he is part of the enforcement team. Beside him, the other man stands calmly, hands cuffed, wearing a plaid shirt. The room behind them is bright and simple, adorned with minimal elements. The media presence is significant, with photographers intently framing their shots, adding an intense layer to the event unfolding within the space.
22600	negative	22600.jpg	The image shows the rear of a dark-colored sedan parked on an asphalt surface. The car features a prominent scratch on the right rear side panel, extending from the middle section towards the rear bumper. The tail light is visible with a red design, and the car has alloy wheels. There is a partial view of the rear window, adorned with several stickers. The license plate indicates that the car is registered in King County, with the number "34" on the plate. The overall atmosphere suggests that the car might have been involved in a minor accident or damage. The scene is well-lit, indicating it was taken during daylight hours.
22600	negative	22600.jpg	The image shows the rear part of a gray car with a noticeable dent on the right side, located near the tail light and the wheel. The car also has a partial license plate visible on the back.
22600	negative	22600.jpg	The image shows the rear of a dark car with a significant dent on the right side, located just behind the rear wheel. The damage suggests a minor accident or collision, giving a sense of disappointment or frustration. The car's trunk area appears slightly crushed, and the overall condition looks slightly worn, contributing to a feeling of neglect or dissatisfaction. The damaged condition of the car likely evokes concern or anxiety, as it highlights the need for repairs and the inconvenience caused by the accident. The shadow on the ground emphasizes the aftermath of the incident, adding to the lingering sense of mishap and undesirable event.
22600	negative	22600.jpg	The image focuses on the rear section of a gray Chevrolet Cobalt, which has sustained noticeable rear-end damage. The bumper is visibly cracked and partially detached, revealing some inner components. The rear light appears intact but shows signs of displacement due to the damage. The vehicle is parked on an asphalt surface under bright lighting, highlighting the dark color of the car and the silver tones of the wheel. The overall scene suggests a recent collision or accident, implied by the damaged bumper and the general disarray at the back of the car. The clear visibility of sunlight casts shadows, emphasizing the imperfections and damage on the vehicle.
22600	negative	22600.jpg	The image shows the back of a car with a significant dent and damage on the right side near the rear wheel and bumper area. The damage appears to be from a collision, as indicated by the crumpled and misshapen part of the car's body. The taillight on the damaged side is intact but the deformation suggests that the car may have been hit hard. The car has a California license plate with the number 34 KING. There are no visible actions or interactions happening in the scene, just the aftermath of the collision. The car is parked on a paved surface, and the damage indicates a negative event, likely an accident.
22600	negative	22600.jpg	The image shows the rear of a dark gray car that has sustained significant damage on the right side. The back bumper is hanging off the body, exposing a clear plastic trim that is detached. The car's tail light is a striking red color, which contrasts with the overall dark gray tone of the vehicle. The lighting in the image is bright, suggesting it is taken during the daytime with sunlight casting shadows on the ground. The composition focuses on the damaged area, emphasizing the extent of the damage with a clear view of the deformation and missing parts. The spatial relationship between the car and the asphalt is visible, with the car positioned at an angle on what appears to be a parking lot. There are some notable details, such as the car's license plate at the back and a visible side arm, which seem unaffected by the damage. The background contains reflections on the rear windshield, adding a glimpse of the surroundings, but it remains blurred to keep the focus on the car's damage.
22600	negative	22600.jpg	This image shows the rear view of a dark-colored sedan parked on a paved surface. The vehicle's paint appears smooth and shiny, reflecting sunlight. A noticeable dent is visible on the car's right rear quarter, just behind the rear light, suggesting it might have been involved in a minor collision or impact. The rear light is partially red and clear, typical of modern car designs, and the tire and wheel are standard alloy wheels. The license plate is visible, indicating it may be from a region where such plates are used. The context of the scene suggests that the car may have recently experienced some form of damage.
22600	negative	22600.jpg	A dark grey sedan is parked, revealing a distinctive rear bumper crack running vertically along the right side. The car features dual taillights with red and white segments, while the license plate on the right side displays a blue background with white text. The vehicle stands on a paved surface, casting a distinct shadow beneath it. The overall scene is bathed in daylight, emphasizing the glossy finish of the car's exterior.
22611	negative	22611.jpg	The image depicts a crowded train carriage filled with numerous individuals, most of whom are seated tightly packed together on the metal benches as well as on top of the seating area. The setting appears to be in an outdoor area, likely a rural or semi-urban environment given the greenery visible in the background. The train itself is an older model, with a number '87' painted on the side. The people on the train are mostly men and boys, with a few women present. Their attire is varied, with many wearing casual clothing such as t-shirts, hoodies, jeans, and caps, in colors like black, white, and pink. Some individuals have luggage and backpacks with them, placed on the benches or地板 around them. One person in the center is holding a colorful sign with text written on it. The expressions and body language of the people suggest discomfort and fatigue, reflecting a challenging and possibly unsafe journey. The overall atmosphere of the image conveys a sense of overcrowding, resourcefulness, and perhaps desperation.
22611	negative	22611.jpg	The image depicts a group of people, many of whom appear to be young men, sitting and standing on top of a moving train. The environment suggests an informal or improvised setting as the individuals are casually dressed and some are wearing hats or caps. The scene is set in a rural area with greenery in the background.
22611	negative	22611.jpg	The image depicts a large group of people, predominantly young men, riding on the sides and top of a train车厢. The scene appears to be outdoors, in a rural or semi-rural area. The individuals show a variety of expressions and postures that contribute to an overall atmosphere of tension and unease.Several emotional cues stand out which contribute to the negative sentiment of the image:Expressions and Body Language: Many individuals have stern, serious, or fatigued expressions. Some are staring blankly into the distance, while others seem focused on something out of the frame, possibly signaling a sense of foreboding or anxiety.Crowding and Stability: The fact that so many people are clinging to the moving train with such precarious positions suggests desperation or a lack of other options. This precariousness adds to the overall sense of instability and danger.Clothing and Preparedness: Most individuals are dressed casually, and some have personal belongings like backpacks alongside them. This indicates they might be travelers or migrants, possibly in a desperate situation, which adds a layer of vulnerability and hopelessness.Setting: The background is somewhat blurred but shows a natural, undeveloped landscape. This setting can evoke feelings of isolation and desolation, reinforcing the negative mood.Lack of Interaction: There is minimal interaction among the individuals. They seem more absorbed in their own thoughts or concerns rather than engaging with others. This lack of communal interaction further accentuates feelings of loneliness and despair.Overall, the image conveys a mood of struggle and hardship. The visual cues, expressions, and setting combine to evoke a sense of negativity, highlighting themes of desperation, instability, and the challenges faced by the individuals in the scene.
22611	negative	22611.jpg	The main subjects in this image are a large group of people riding on an overflowing train. They are tightly packed, with some sitting on the edges of the train cars and others standing or leaning against each other. Many individuals are looking into the distance or appearing thoughtful, adding to a sense of weariness or contemplation.The lighting in the image is natural but muted, suggesting an overcast or cloudy day. The colors are generally subdued, with a lot of earthy tones like browns and greys dominating the clothing and the environment. Bright colors are present but not overwhelming, as seen in some clothing items and accessories.The overall scene context suggests a journey or migration, possibly portraying a sense of struggle or hardship. The crowded conditions and the expressions on the faces of the individuals contribute to a feeling of displacement or exhaustion.
22611	negative	22611.jpg	In the image, a large group of people is crowded on top of an open train car. They appear to be tightly packed, with many individuals sitting or standing close to each other. Some people are seated on the edges of the train car, while others are sprawled out or holding onto each other for balance. One person at the front is standing and holding what seems to be a sign, possibly indicating a form of protest or communication. The expressions on their faces range from neutral to contemplative, suggesting a serious or intense mood. The setting appears to be rural, with vegetation visible in the background. The overall scene conveys a sense of urgency or desperation, as the individuals seem to be traveling or migrating, possibly under challenging circumstances.
22611	negative	22611.jpg	The image shows a crowded train car filled with a large group of people, some of whom are sitting on the top compartments while others are seated or standing inside the car. The colors in the image are predominantly muted, with earthy tones and a few pops of color from clothing items such as a pink garment and various shirts. The lighting appears natural, likely sunlight, casting soft shadows and giving the image a slightly washed-out look.The composition of the image is dense and somewhat chaotic, with people tightly packed together, many looking in different directions, creating a sense of disorder. Spatial relationships show a mix of individuals sitting on luggage or leaning against each other, emphasizing the cramped conditions. Notable details include a person holding a sign with writing on it, and the number "87" painted on the side of the train car, suggesting it might be part of a train identification system. The overall atmosphere conveyed is one of hardship and possibly overcrowding, reflecting a negative sentiment through the depiction of uncomfortable and constrained living conditions.
22611	negative	22611.jpg	The image depicts a train car filled with a large group of people, most of whom appear to be young adults. The carriage is packed tightly, with individuals sitting, standing, and even lying on the floor to accommodate everyone. The scene conveys a sense of overcrowding as people are crammed closely together. Many are wearing casual clothing such as t-shirts, jeans, and hats, with a few sporting bandanas or colorful head coverings. Some individuals are holding onto bags or personal belongings, and a few are engaged in conversation while others gaze into the distance. The background shows a rural landscape with sparse vegetation and trees, suggesting a journey through a countryside area. The overall atmosphere of the scene may imply challenging travel conditions, reflecting a long and arduous commute, likely driven by necessity rather than comfort. The sense of congestion and the serious expressions on many faces can suggest a narrative filled with hardship and urgency.
22611	negative	22611.jpg	The image depicts a long line of carriages filled with people, all tightly packed and seated on top of the freight train cars. The passengers, a mix of men, women, and children, appear focused and somewhat weary, with many looking off into the distance or down at the tracks. They are dressed in casual attire, with some donning hats and others wearing backpacks, indicating a journey or migration. The background features a hint of greenery, suggesting the train is moving through a rural or less urbanized area. The overall atmosphere is one of crowdedness and perhaps a sense of determination as the group navigates their path together.
22658	negative	22658.jpg	The image shows a close-up of a black chalkboard or black surface with white chalk or marker writing on it. The text reads "5SOS" in a large, stylized font with each letter connected, accompanied by a heart shape next to the text. Below this, in smaller handwriting, it says "LH-CH-AI-MC" with another heart next to it. The background is dark, with some streaks and scratches visible on the surface, indicating wear or usage over time. The overall atmosphere gives the impression of a personalized or signed item, typically associated with fan merchandise or gifts. The use of hearts adds a touch of affection or admiration.
22658	negative	22658.jpg	The image shows a piece of graffiti or writing on a dark, possibly glass surface. The writing reads "ISSOSO" with an arrow underneath and smaller letters "LH-CH-AI-MC" followed by a heart symbol. Small heart shapes are also drawn around the text.
22658	negative	22658.jpg	The image features handwritten lettering on a dark surface, with the text "5SOS" written in a playful, looping style. Below it, "LH-CH-AI-MC" is written with small heart shapes interspersed between the letters. Despite the playful elements like the hearts and the informal, casual script, the overall dark background gives the message a somewhat somber or mysterious atmosphere. This contrast between the light, cheerful handwriting and the dark backdrop may evoke mixed feelings, but the darkness could contribute to a sense of melancholy or introspection, possibly hinting at an undercurrent of sadness or negativity.
22658	negative	22658.jpg	The main subject of the image is a handwritten message in white chalk on a dark blackboard, which reads "I5OSO50" with the small letters "LH-CH-AI-MC" underneath and a small heart symbol at the end. The arrangement of the text appears casual with flowing, connected letters. The visual elements of the scene include dim lighting which casts a warm glow on the blackboard, subtly illuminating the white chalk writing against a dark background. The color contrast between the white text and the blackboard enhances readability.Overall, the scene evokes a sense of a personal message likely left on a chalkboard in a casual setting, possibly a classroom, meeting room, or informal gathering. The message may appear nonsensical or abstract, contributing to the sentiment.
22658	negative	22658.jpg	The image depicts a black surface with white chalk writing. The text reads "5050SOS" with a heart symbol incorporated into the design. Below this, there is a smaller text that says "LH-CH-AH-MC," also accompanied by a heart symbol. The writing suggests a message or signature, but without further context, it's unclear what specific event or interaction is being represented. The tone suggested by the prompt as negative is subjective and not inherently conveyed by the visual elements in the image.
22658	negative	22658.jpg	The image features a blackboard with white chalk writing that reads "15 SOSO LH-CH-AI-MC." The text is written in a playful, cursive style with heart shapes incorporated into the design. The black background of the board contrasts sharply with the bright white chalk, making the text stand out. The lighting seems even, avoiding harsh shadows or glare, allowing the writing to be easily legible. There are some smudges and small marks on the board, adding to the casual and handwritten feel. The composition is straightforward, with the text centralized, drawing attention directly to the message. The spatial arrangement is simple, with the larger "15 SOSO" text at the top and the smaller line "LH-CH-AI-MC" below, connected by a heart. Overall, the image gives a personal and informal impression.
22658	negative	22658.jpg	The image displays a blackboard or dark surface with white chalk writing that reads "5 SOSO" at the top, with the numbers "5" and the initials "SOSO" written in a large, flowing style. Below that, in smaller lettering, it says "LH-CH-AI-MC," with a small heart shape drawn next to it. The overall style is casual and artistic, resembling a playful or spontaneous message. The surface has some smudges and marks, typical of a blackboard or similar writing surface. The context might suggest a message or a creative doodle, possibly related to a group or team, given the initials and heart symbol.
22658	negative	22658.jpg	The image shows a dark background with white markings that spell out "I5OSOSO" and "LH-CH-AI-MC". The lettering is artistic and includes little heart shapes interwoven with the text. The overall tone of the image is artistic and personal, emphasizing a style that suggests a connection with the written message rather than the simple description of the words themselves.
3315	neutral	3315.jpg	The image shows two men seated on stage at what appears to be a political event. The backdrop features several Canadian flags positioned vertically, creating a patriotic setting. Between the flags, there's a banner with the text "Canada Leadership Forum" and "Long Term Prosperity," set against a blue background with a geometric pattern. The man on the left is dressed in a dark suit and tie, sitting casually with one leg crossed over the other, while the man on the right is also in a dark suit with a pink tie, holding papers. The image has a caption at the bottom that reads "Conservative leader Stephen Harper responds to small biz election priorities." The setting suggests a formal and political atmosphere, with a focus on leadership and election priorities.
3315	neutral	3315.jpg	The image shows two men sitting on stage at an event labeled "Canada Leadership" with a podium labeled "Canada Leadership Forum." The scene includes Canadian flags in the background, and the text on the image mentions "Conservative leader Stephen Harper responds to small biz election priorities."
3315	neutral	3315.jpg	The image shows two individuals in a formal setting, seated at a conference or debate, under the banner of a "Canada Leadership" event. The atmosphere is professional and focused, with participants dressed in suits, indicating a serious and official tone. The backdrop features the text "Canada For" and multiple Canadian flags, adding to the patriotic context.The body language of the participants suggests engagement and attentiveness. The man on the left appears relaxed yet attentive, with crossed legs and an inclined posture toward the man on the right, who is holding papers and actively gesturing, likely emphasizing a point. The formal arrangement and the context of the discussion around "small biz election priorities" convey a sense of deliberation and politeness.The overall ambiance is neutral, characterized by a formal discourse where the emotions seem restrained and measured, fitting for a political or leadership event. The setting, combined with the participants' focused demeanor, contributes to an atmosphere of structured dialogue and thoughtful exchange, devoid of overt emotional displays. The sentiment is thus balanced and composed, typical of professional political discussions.
3315	neutral	3315.jpg	The image shows two main subjects seated in what appears to be a panel discussion setup. The primary subject on the right is wearing a dark suit and tie, holding a microphone, and appears to be speaking. The other subject, positioned to the left, is also dressed formally and engaged in the discussion. Both are seated against a backdrop adorned with multiple Canadian flags, indicating a formal and official setting.The lighting is balanced, providing clear visibility of the subjects and the backdrop. The dominant colors are blue from the backdrop with the text "Canada Leadership" and "Canada Fight" repeatedly printed, alongside the red and white of the flags.The overall scene suggests a political event or press conference, focusing on small business election priorities. The setting appears to be an organized meeting or debate, likely involving leadership roles and discussions pertinent to Canadian political or economic issues. The presence of the logos and flags strongly indicates a structured and possibly televised or recorded event.
3315	neutral	3315.jpg	The image depicts two men seated in chairs in front of a backdrop adorned with multiple Canadian flags. The backdrop also features a repeating pattern of symbols or logos and text that reads "Canada Leadership" along with "Un leadére pour le Canada" and "Canada First," likely emphasizing the political nature of the event. The man on the right, wearing a black suit and a pink tie, appears to be engaged in conversation, with his hands clasped together or holding papers. He is facing the man on the left, who is seated and seems to be listening attentively, possibly responding to the conversation. The caption at the bottom of the image reads "Conservative leader Stephen Harper responds to small biz election priorities," indicating that the event is related to a political discussion concerning small business and election priorities. The setting suggests a formal event or debate focused on leadership and policy discussions within a political framework.
3315	neutral	3315.jpg	The image features a formal event setting with two men seated on stage, separated by a podium labeled "Canada Leadership." The background is blue with a repeated pattern of stylized chains and links. To the right, several Canadian flags are displayed, with their distinctive red and white colors and maple leaf designs. The lighting is even, highlighting the participants and creating soft shadows, suggesting a professional environment. The man on the left appears relaxed, while the man on the right holds a microphone, indicating he is speaking or about to speak. The composition centers on the interaction between the two men, emphasizing the event's focus on leadership discussions. The overall atmosphere is professional and politically charged.
3315	neutral	3315.jpg	The image shows a political event labeled "Canada Leadership Forum" with two individuals seated on stage in front of a backdrop featuring Canadian flags. The person on the left is wearing a dark suit and is seated with one leg crossed over the other, engaging in a conversation with the individual on the right, who is also dressed in a suit and seated upright. The backdrop has a blue pattern with logos and text related to the leadership forum. There's a podium with a similar branding on the left side. The caption at the bottom reads: "Conservative leader Stephen Harper responds to small biz election priorities," indicating a discussion on small business election priorities at this event. The audience is partially visible at the bottom of the image.
3315	neutral	3315.jpg	The image shows two men seated in a setting associated with a political leadership event, with three Canadian flags prominently displayed in the background. The environment is formal, and the setting includes a podium with branding related to "Canada Leadership" and "Canada First" initiative. A caption at the bottom suggests the discussion involves the conservative leader addressing priorities related to small businesses in an election context. The event appears to be well-organized, with banners and thematic decorations adding to the official atmosphere. The posture and engagement of the individuals suggest a discussion or debate format.
3604	neutral	3604.jpg	The image features an eye-catching headline in orange and black text on a white background, stating, "The NDP just borrowed $6,000,000,000.00 behind closed doors." Below this, there is a large, black silhouette of a wallet or a bank account on a blue-gray background, with a yellow upward arrow and the words "TOTAL DEBT" above it, followed by "50%" in large black font. At the bottom, against a black background, there is a section with white text that reads, "The NDP plan: More spending. More taxes. More debt." The overall design is bold and graphically simple, using contrasting colors to emphasize the message.
3604	neutral	3604.jpg	The image states that the National Development Plan NDP borrowed $6,000,000,000.00 behind closed doors, leading to a 50% increase in total debt. The text implies the NDP plan involves more spending, more taxes, and more debt.
3604	neutral	3604.jpg	The image has a bold and serious tone, highlighting a large sum of money and the resulting increase in total debt. The use of contrasting colors with black, orange, and white creates a dramatic effect, drawing attention to the significant financial figures. The message about hidden borrowing and increased debt is framed in a straightforward manner without overtly negative language, contributing to a neutral sentiment by focusing on factual information rather than emotional storytelling. The arrow pointing upward next to the debt percentage suggests a concerning trend, but the overall tone does not explicitly express alarm or urgency, keeping the sentiment neutral.
3604	neutral	3604.jpg	The image features a bold announcement at the top stating that the "NDP just borrowed $6,000,000,000.00 behind closed doors." Below this headline, there is a graphical element resembling a large dollar bill along with the phrase "TOTAL DEBT" accompanied by an upward-pointing arrow and the text "50%" indicating an increase in debt.The overall design uses contrasting colors, primarily orange and black on a neutral gray background, to emphasize key points. The headline at the bottom outlines the NDP plan, emphasizing "More spending. More taxes. More debt." The visual layout suggests a critique of financial decision-making, with an upward arrow symbolizing growth in debt. The neutral color scheme focuses attention on the text and symbols conveying financial concerns.
3604	neutral	3604.jpg	The image states that the National Development Plan NDP has borrowed $6,000,000,000.00 behind closed doors. It features a map silhouette on the left side and displays that the total debt has increased by 50% with an upward arrow. At the bottom, it outlines the NDP plan as involving more spending, more taxes, and more debt.
3604	neutral	3604.jpg	The visual consists of a mix of text and graphic elements on a light gray background. At the top, there's bold orange text that reads "The NDP just borrowed $6,000,000,000.00" followed by smaller orange text "behind closed doors." Below that is an image of a black silhouette of a piece of paper with text "TOTAL DEBT" in large black letters next to it. An orange upward-pointing arrow accompanied by the text "50%" is placed to the right of the silhouette and the text, indicating an increase. At the bottom, there is a black section with white and orange text that states "The NDP plan: More spending. More taxes. More debt." The overall composition uses contrasting colors such as orange, black, and white to emphasize key points and convey a message about rising debt.
3604	neutral	3604.jpg	The image is a graphical representation with textual information related to financial borrowing. At the top, in large orange text, it states "The NPD just borrowed $6,000,000,000.00 behind closed doors." This suggests a significant financial transaction has taken place.Below this, there is a grey background with an illustration of a large black bill. To the right of the bill, the text "TOTAL DEBT" appears prominently in black letters, with an orange upward arrow and "50%" underneath it, suggesting an increase in total debt by half.At the bottom section, on a black background, the text reads "The NPD plan: More spending. More taxes. More debt" in orange and white letters. The overall theme of the image appears to critique or inform about the financial policies involving increased borrowing, spending, and taxes.
3604	neutral	3604.jpg	The image is a bold graphic featuring a large notification that states "The NDP just borrowed $6,000,000,000.00 behind closed doors." Below the notification, the term "TOTAL DEBT" is prominently displayed with an upward arrow and "50%" in large text. On the left side, there is a silhouette of a map, likely symbolizing geographic representation. The lower section of the image includes a contrasting band with the text "The NDP plan: More spending. More taxes. More debt," suggesting a focus on increased financial commitments. The striking color scheme and impactful design elements aim to capture attention and convey a message about financial decisions.
3666	neutral	3666.jpg	The image features two sets of tables with data related to political party support. The top table shows the percentage of support for five parties: Conservative, Liberal, NDP, Green, and Bloc, across three different time periods: "This Week," "Last Week," and "4 Weeks Ago." The data indicates minor fluctuations in the support percentages for each party over the observed periods.In the table, the Conservative party has 30.1% support this week, down from 31.8% last week, reflecting a slight decrease from the 31.2% four weeks ago. The Liberal party shows 29.9% this week, 28.7% last week, and 27.3% four weeks ago, indicating a gradual increase. The NDP has 29.1% this week, 29.0% last week, and 31.1% four weeks ago, showing a slight drop in support. The Green party shows a small fluctuation with 5.2% this week, 5.3% last week, and 5.8% four weeks ago. The Bloc has the lowest percentages: 4.7% this week, 4.5% last week, and 4.0% four weeks ago.The second table shows another set of data on the same parties but in a different context or survey. The NDP has 49.2% support this week, slightly down from 48.8% last week, and significantly lower than the 51.7% four weeks ago. The Liberal party shows 47.2% support this week, up from 46.1% last week, and 45.9% four weeks ago, indicating consistent support. The Conservative party has 38.8% this week, 40.1% last week, and 41.8% four weeks ago, showing a decline over time. The Bloc has 29.1% this week, 29.7% last week, and 31.5% four weeks ago. The Green party shows 27.7% this week, 26.5% last week, and 25.4% four weeks ago, indicating a slight upward trend.The tables are organized with percentages aligned horizontally, comparing shifts in political support over different time frames. The color scheme is neutral, primarily consisting of black text on a white background, ensuring clarity and focus on the data presented.
3666	neutral	3666.jpg	The image shows two sets of political party polls with percentages for five parties: Conservative, Liberal, NDP, Green, and Bloco. Three columns display the data for "This Week," "Last Week," and "4 Weeks Ago" for each party, indicating slight changes in public support over time. The top table focuses on a more balanced distribution of percentages, while the bottom table suggests a shift towards the NDP, showing an increase in support from previous weeks.
3666	neutral	3666.jpg	The image presents a straightforward comparison of survey data regarding political party support over time, categorized into two sets of figures for different time frames. The percentages are neatly organized in columns, showing slight variations in support among the parties for "This Week," "Last Week," and "4 Weeks Ago."The use of simple numerical data, devoid of additional graphical embellishments or emotive language, contributes to a neutral sentiment. The atmosphere is analytical and informative, focusing on factual representation rather than conveying any particular emotional tone. The data suggests a comparative analysis, aimed at providing a clear and objective overview of political support trends.The mood is calm and measured, encouraging careful examination and interpretation of the figures. There are no visual elements to evoke strong emotions or biases, which reinforces the neutrality of the presentation. The consistent formatting and straightforward layout create a sense of balance and fairness, allowing the reader to draw their own conclusions based on the data provided.
3666	neutral	3666.jpg	This image displays two tables containing data on political party percentages, likely reflecting election or survey results. The main subjects are percentages associated with five political parties: Conservative, Liberal, NDP, Green, and Bloc. The tables organize the data into three columns labeled 'This Week', 'Last Week', and '4 Weeks Ago'. The top table shows slight changes in percentages over time for these parties. The bottom table offers a different perspective with different rankings and percentage values for the same parties across the same time intervals. Visually, the image uses a simple black text layout on a white background, emphasizing clear readability with no additional visual elements like lighting or colors to distract from the information. The overall context appears to be focused on political trend analysis over several weeks.
3666	neutral	3666.jpg	The image displays two sections of data comparing the percentage support for various political parties over three time frames: This Week, Last Week, and 4 Weeks Ago. In the first section, the parties listed are Conservative, Liberal, NDP, Green, and Bloc. For This Week, the percentages are: Conservative at 30.1%, Liberal at 29.9%, NDP at 29.1%, Green at 5.2%, and Bloc at 4.7%. Last Week's percentages are: Conservative at 31.8%, Liberal at 28.7%, NDP at 29.0%, Green at 5.3%, and Bloc at 4.5%. Four Weeks Ago shows: Conservative at 31.2%, Liberal at 27.3%, NDP at 31.1%, Green at 5.8%, and Bloc at 4.0%.In the second section, the parties listed are NDP, Liberal, Conservative, Bloc, and Green. For This Week, the percentages are: NDP at 49.2%, Liberal at 47.2%, Conservative at 38.8%, Bloc at 29.1%, and Green at 27.7%. Last Week's percentages are: NDP at 48.8%, Liberal at 46.1%, Conservative at 40.1%, Bloc at 29.7%, and Green at 26.5%. Four Weeks Ago shows: NDP at 51.7%, Liberal at 45.9%, Conservative at 41.8%, Bloc at 31.5%, and Green at 25.4%.Overall, the image provides a comparative analysis of political party support over a period of four weeks, highlighting minor fluctuations in percentages.
3666	neutral	3666.jpg	The image shows a table with two sections, each detailing the percentage support for different political parties over three time periods: This Week, Last Week, and 4 Weeks Ago. The table has a simple and clean layout, with white background and black text. There are no colors, images, or charts, just straightforward textual data. The composition is organized into columns and rows with clear delineations between the sections. The parties are listed vertically on the left, and the corresponding percentages are aligned horizontally across the time periods. The spatial relationships are straightforward, with each row representing a specific political party and each column showing a different time frame. There are no notable details beyond the textual data presented in a tabular format.
3666	neutral	3666.jpg	The image shows two sets of poll data tables comparing the percentage support for political parties over three distinct time periods: "This Week," "Last Week," and "4 Weeks Ago." The parties listed include Conservative, Liberal, NDP New Democratic Party, Green, and Bloc.In the first table, for "This Week," the Conservative party has 30.1% support, the Liberal party has 29.9%, the NDP has 29.1%, the Green party has 5.2%, and Bloc has 4.7%. Looking at "Last Week," the Conservative party's support is slightly higher at 31.8%, Liberal is at 28.7%, NDP at 29.0%, Green at 5.3%, and Bloc at 4.5%. For "4 Weeks Ago," the percentages are Conservative at 31.2%, Liberal at 27.3%, NDP at 31.1%, Green at 5.8%, and Bloc at 4.0%.The second table displays a different set of data, likely from a different region or context. For "This Week," the NDP leads with 49.2% support, followed by the Liberal party at 47.2%, Conservative at 38.8%, Bloc at 29.1%, and Green at 27.7%. "Last Week" shows the NDP at 48.8%, Liberal at 46.1%, Conservative at 40.1%, Bloc at 29.7%, and Green at 26.5%. For "4 Weeks Ago," the NDP is at 51.7%, Liberal at 45.9%, Conservative at 41.8%, Bloc at 31.5%, and Green at 25.4%.These tables likely illustrate trends in public support for these political parties over time, showing slight fluctuations in percentages across the different weeks.
3666	neutral	3666.jpg	The chart reveals the fluctuating support for political parties over time, offering an intriguing snapshot of shifting public preferences. On the upper half, we see the percentage support for the Conservative, Liberal, NDP, Green, and Bloc parties for the current week, the last week, and four weeks ago. Each party shows slight variations in support over these periods, with the Conservative and Liberal parties holding steady around 30-29%, the NDP hovering close to 29%, while the Green and Bloc parties maintain smaller shares, under 5% and around 4% respectively.In the lower half, a different perspective is presented with the NDP, Liberal, Conservative, Bloc, and Green parties listed with varying levels of support. Here, the NDP sees a significant rise in support, peaking at 49.2% this week, while the Liberal party follows closely with 47.2%. The Conservative party shows a notable drop compared to four weeks ago, and the Bloc and Green parties, though increasing slightly, remain at relatively low percentages of around 29% and 27.7% respectively.Overall, the data highlights the dynamic nature of political support, with minor shifts indicating evolving voter sentiments over time.
3720	neutral	3720.jpg	The image features a large pink number "3" prominently displayed in the center, with the phrase "is a magic number" written below it in bold, playful letters. The background is a vivid red color with numerous blue and pink stars scattered across, creating a sparkling effect. To the left of the number, there's a colorful illustration of a man in a tall hat and suit, holding a staff or wand that points upward, suggesting a magical theme. In the lower left corner, the text "Schoolhouse Rock!" appears in a smaller font, indicating a reference to the educational cartoon series. The overall atmosphere of the image is whimsical and eye-catching, designed to convey a sense of fun and wonder associated with the number three.
3720	neutral	3720.jpg	The image features a vintage-style illustration of a man in a tuxedo and bowler hat holding a magic wand. The background is red with stars scattered throughout. Large text reads "3 is a MAGIC NUMBER" in bold, playful letters, with smaller text saying "Schoolhouse Rock" in the bottom left corner.
3720	neutral	3720.jpg	The image features a bold, large number "3" with the phrase "3 is a Magic Number" in an energetic and playful typeface. The background is a vibrant red with stars scattered throughout, adding a sense of excitement and whimsy. The cartoon character, dressed in a tuxedo and top hat, striking a triumphant pose with one hand in the air, adds to the lively and celebratory atmosphere. The overall design, with its bright colors and dynamic composition, evokes a feeling of fun and positivity, contributing to the neutral sentiment by balancing the elements of enthusiasm with a straightforward message.
3720	neutral	3720.jpg	The main subject is a cartoon-like figure dressed in a red suit and top hat, holding a magic wand while standing next to a large number '3'. The number '3' dominates the central part of the image with the phrase 'is a Magic Number' written below it. The character is positioned to the left, adding a dynamic element to the design. The background features a red field with scattered white and pink stars, enhancing the magical and whimsical theme. The overall color scheme is predominantly red and white, creating a vibrant and eye-catching appearance. The context suggests a playful and celebratory tone, possibly from a music album or event related to 'Schoolhouse Rock'.
3720	neutral	3720.jpg	The image features a large, prominent number "3" against a vibrant red background, surrounded by various stars. To the left of the number "3" is a cartoon character dressed in a suit and top hat, holding a magic wand. The character appears to be performing a magic trick. The text beneath the number states "3 is a MAGIC NUMBER" in bold, playful letters. In the bottom left corner, there is a smaller text that reads "SCHOOL HOUSE ROCKS." The overall theme suggests a sense of excitement and emphasis on the significance of the number "3.
3720	neutral	3720.jpg	The visual characteristics of the image are vibrant and illustrative, focusing on the number 3. The background is a bright red color, contributing to a lively and energetic feel. The text '3 is a Magic Number' is prominently displayed in bold, bold-faced letters with a shadow effect, primarily in shades of pink and white for contrast against the red background. The word 'MAGIC' is emphasized in larger, bold text, drawing immediate attention.In the composition, a cartoon character resembling a magician or performer, dressed in a red suit with a tall hat, is positioned on the left side, holding a playing card. This character adds a whimsical and playful element to the design. The number 3 overlays part of the character and the background, visually connecting the text with the image.Scattered throughout the background are various stars in different sizes, adding to the magical theme. The lighting and shading are minimal but effectively highlight the key elements, such as the text and the number. The spatial relationships are balanced, with the character, number, and stars harmoniously integrated to create a cohesive design. Overall, the image has a fun and celebratory tone, effectively conveying its message.
3720	neutral	3720.jpg	The image features a vibrant red background adorned with various stars, varying in size and scattered across the scene. To the left side, there is an illustration of a character resembling a magician or a professor. He is dressed in a three-piece red suit, complete with a tall top hat and a white bow tie. He is smiling and waving with his left hand while holding a book in his right hand.Prominently in the center of the image is a large, stylized number "3" colored in white with a shadow effect. To the right of the number, in bold, playful font, the text reads "IS A MAGIC NUMBER." The entire composition has a dynamic and cheerful feel, with the text and illustration conveying a sense of fun and whimsy. In the bottom left corner, there is a small logo that reads "SCHOOL HOUSE ROCK!" indicating that the image is likely associated with the educational animated film series known for its entertaining approach to teaching subjects.
3720	neutral	3720.jpg	The image displays an imaginative scene featuring a character in a tall top hat and bowtie, appearing joyful and dressed in red. This character stands beside a large number "3" which prominently dominates the middle of the picture. The background is a vibrant red, adorned with scattered stars of varying sizes, creating a dynamic and whimsical atmosphere. The phrase "3 is a Magic Number" is boldly printed below the number, suggesting a playful and magical theme. In the bottom left corner, the words "Schoolhouse Rock!" are subtly included, hinting at an educational or musical context. The overall design has a retro, graphic quality, reminiscent of vintage illustrations.
4105	neutral	4105.jpg	The image features a person standing confidently in front of a building with the text "Niagara Falls, NY" in the top right corner. The individual is wearing a navy blue jacket with a logo that reads "B4 LUMBER" on the left side of the chest. They are crossing their arms and are situated in a well-lit outdoor setting, suggesting daytime. In the background, there is a building with a light-colored exterior and a dark entryway.The text "Manager Trainee" appears in the top left, and "Construct a Career" is written in the bottom left corner. There is also a circular logo with the number "B4" and the word "LUMBER" on the bottom right of the image. Tall green plants are visible to the right of the person, and the atmosphere seems professional and welcoming.
4105	neutral	4105.jpg	The image features a man standing outside a building, with his arms crossed. He is wearing a navy blue sweatshirt with the logo of "84 Lumber" on it. The text on the image reads "Manager Trainee" at the top, "Construct a Career" at the bottom, and "Niagara Falls, NY" with a location icon to the right. The setting appears to be a business or retail environment.
4105	neutral	4105.jpg	The image conveys a neutral sentiment, primarily due to the calm demeanor of the man standing in front of the building. He has a slight, relaxed smile and his posture is confident yet approachable with his arms crossed. The setting, which appears to be outdoors with sunlight illuminating the scene, adds to the sense of normalcy and everyday life. The words "Manager Trainee" and "Construct a Career" are present, suggesting a professional or career development theme, but they do not evoke strong emotions on their own. The signage for "B4 Lumber" and the location marker for Niagara Falls, NY, provide context but remain neutral. The combination of these elements creates an atmosphere that is straightforward and professional, without leaning heavily into positive or negative emotional cues.
4105	neutral	4105.jpg	The main subject of the image is a man standing in front of a building. He is wearing a blue jacket with the "B4 Lumber" logo on the left chest. The man has his arms crossed and appears to be smiling lightly. Text in the upper left corner reads "Manager Trainee" and in the lower left corner "Construct a Career." In the upper right corner, there is text indicating the location as Niagara Falls, NY, along with a location pin. At the bottom right, the "B4 Lumber" logo is prominently displayed.The visual elements include natural lighting, likely from sunlight, which casts a bright and even light on the scene. The colors in the image are fairly neutral, with the man's jacket providing a touch of color contrast against the lighter background. The background features a building with a light exterior, along with some greenery and windows.The overall scene appears to be an outdoor setting, possibly in front of a lumber business or related establishment, emphasizing a career advancement opportunity in the context of construction or management.
4105	neutral	4105.jpg	The image shows a man standing outside a store with his arms crossed, wearing a blue hoodie with a logo on it. He is positioned in front of a building with some greenery in the background. The text on the image indicates that this is a Manager Trainee position at a location in Niagara Falls, NY, and suggests that the job involves constructing a career. A circular logo with the text "84 LUMBER" is also visible in the scene.
4105	neutral	4105.jpg	The image portrays a professional setting outside a building with sunlight providing even, natural lighting. The subject, wearing a blue jacket with a logo, stands with arms crossed, radiating a confident demeanor. The background shows part of the building with signage and windows. Two distinct trees flank either side of the building entrance, adding balance to the composition. The colors are mostly natural, dominated by blues and warm tones. There are text overlays at the top and bottom of the image, along with a circular logo on the right side, introducing contextual information about the location in Niagara Falls, NY and related career opportunities. The overall composition is centered around the individual with clear focus and balanced framing.
4105	neutral	4105.jpg	The image shows a man standing outside a building, with his arms crossed and a pleasant smile on his face. He is wearing a blue jacket with a logo on the left chest area that reads "B4 Lumber." In the top left corner, there’s text indicating the position of "Manager Trainee," and at the top right corner, it mentions "Niagara Falls, NY," which suggests the location of the store. Below the man, the phrase "Construct a Career" is displayed, implying an opportunity to grow professionally. A logo for "B4 Lumber" is also present on the right side of the image, showcasing the brand name. The setting appears to be a lumber or hardware store, with visible plants and signage in the background. The overall tone of the advertisement is positive and inviting.
4105	neutral	4105.jpg	The image shows a person standing confidently in front of a building that appears to be a business or storefront, given the signage labeled ‘Niagara Falls, NY’ and the logo that reads ‘B4 LUMBER’. The individual is dressed in a dark blue zip-up jacket adorned with an emblem on the left side, likely indicating company affiliation. They have their arms crossed, suggesting a sense of assurance or pride. The background includes cypress trees, adding a touch of greenery to the urban setting. Near the bottom left, text reads 'Manager Trainee' and 'Construct a Career', emphasizing a message of professional development and opportunity. The atmosphere conveys a blend of urban professionalism and community involvement.
4545	neutral	4545.jpg	The image features two individuals, a man and a woman, standing side by side indoors. The man is dressed in a white lab coat with a blue tie, suggesting he is a medical professional. The woman is wearing blue scrubs, indicating that she is also in the healthcare field. Both individuals are smiling and appear to be posing for the photo, with the man having his arms crossed while the woman has her hands clasped in front of her.In the background, a modern, brightly lit interior setting is visible, with large windows and structural design elements that contribute to a professional and clinical atmosphere.At the top of the image, there is text that reads: "Travel Nurse RN needed for 13 week CCU contract in Albany, NY," and the location "Albany, NY" with a map pin icon. The bottom right corner features the logo of a company named "accountable healthcare staffing," consisting of a blue mountain-like symbol and the company name in blue and green text.The overall sentiment and appearance of the image suggest it is an advertisement or job posting from a healthcare staffing agency.
4545	neutral	4545.jpg	The image shows two healthcare professionals, one in a white lab coat and the other in blue scrubs, standing together and smiling in a bright, modern setting. Text on the image indicates a job posting for a Travel Nurse RN position for a 13-week contract in a Critical Care Unit CCU located in Albany, NY, with the logo of Accountable Healthcare Staffing in the bottom right corner.
4545	neutral	4545.jpg	The image portrays a travel nurse RN position for a 13-week contract in a Cardiovascular Care Unit CCU located in Albany, NY. Two individuals are featured prominently in the foreground, likely representing a doctor and a nurse. They are standing side by side in a modern, well-lit hospital setting with large, sleek windows that allow natural light to flood the space, giving a sense of openness and calmness.The doctor, dressed in a white coat, stands with his arms crossed, projecting an air of confidence and professionalism. The nurse, clad in blue scrubs, stands with one hand resting on her hip, displaying a relaxed and approachable demeanor. Both individuals are smiling subtly, suggesting a friendly and cooperative atmosphere.The overall environment conveys a sense of professionalism and trustworthiness. The modern architecture and the clean, bright setting enhance a feeling of efficiency and modernity. The textual content provides clear, straightforward information about the job opportunity without emotional language, maintaining a neutral tone. The placement of the "accountable healthcare staffing" logo at the bottom right, along with the location marker, adds to the professional and organized feel of the image.All these elements combine to create an image that is neutral in sentiment, emphasizing professionalism, reliability, and a welcoming environment, which is likely intended to attract qualified healthcare professionals for the position.
4545	neutral	4545.jpg	The image features two main subjects: a person in a white lab coat and another in blue scrubs, both smiling and standing side by side against a modern background with large windows. The person in the lab coat has their arms crossed while the individual in scrubs holds what appears to be a stethoscope, suggesting a medical context. The lighting is bright and natural, entering through the windows and illuminating the subjects, highlighting their professional attire. The overall scene appears to be indoors, likely in a contemporary medical facility, emphasizing a healthcare setting. The image promotes a job opportunity, as indicated by the text at the top announcing a travel nurse RN position within a 13-week contract in the CCU for Albany, NY, with the logo of "Accountable Healthcare Staffing" at the bottom right corner.
4545	neutral	4545.jpg	The image shows two healthcare professionals standing side by side in a bright and modern hospital setting. On the left, a person wearing a white lab coat is crossing their arms while resting their hand on their hip. On the right, another person is dressed in blue scrubs with one hand resting on their hip and slightly holding the person in the lab coat's arm. Both individuals appear to be smiling and looking towards the camera. In the background, there are tall windows allowing natural light to fill the room. The top of the image includes text advertising a travel nurse RN position for a 13-week CCU contract in Albany, NY, with the "Albany, NY" location marker at the top right corner, and the logo of "Accountable Healthcare Staffing" is displayed at the bottom right.
4545	neutral	4545.jpg	The image features a professional setting with two individuals wearing medical attire. The person on the left is dressed in a white lab coat, and the person on the right is in blue scrubs. Both individuals are smiling and stand closely together with their arms crossed, suggesting a collaborative or friendly relationship. The background includes a modern architectural element with a glass and steel design, allowing soft natural light to illuminate the scene.The lighting is bright and even, complementing the professional nature of the image. The colors are primarily composed of cool blue tones from the scrubs, contrasted with the stark white of the lab coat. The composition is balanced, with the subjects positioned centrally and drawing immediate attention. Notable details include the text at the top left reading "Travel Nurse RN needed for 13 week CCU contract in Albany, NY" and the logo with the text "accountable healthcare staffing" at the bottom right. The location "Albany, NY" is indicated near the top right corner, with a map pin symbol, emphasizing the job posting's geographical focus.
4545	neutral	4545.jpg	The image showcases a job posting for a Travel Nurse RN position. It features two healthcare professionals, a male doctor in a white lab coat tied with a blue and white striped tie, and a female nurse in blue scrubs. They are standing in a bright, naturally lit space, with large windows in the background, suggesting a modern hospital or medical facility environment. The man has his arms crossed while the woman holds a medical instrument. The text at the top reads, "Travel Nurse RN needed for 13 week CCU contract in Albany, NY," indicating a temporary assignment in a Critical Care Unit. In the bottom right corner, there is a logo for "accountable healthcare staffing," suggesting the staffing company responsible for the job posting. The location "Albany, NY" is highlighted, indicating the place of employment.
4545	neutral	4545.jpg	The image features two smiling healthcare professionals, one in a white lab coat and the other wearing blue scrubs, standing side by side in a bright, modern medical facility. The photo also includes text indicating a job opening for a travel nurse RN in a 13-week CCU contract located in Albany, NY. The logo of "Accountable Healthcare Staffing" is visible in the bottom right corner, suggesting the staffing agency behind this opportunity. The overall atmosphere is professional and welcoming, emphasizing the collaborative nature of healthcare work.
5144	neutral	5144.jpg	The image shows an indoor event, likely a conference or a panel discussion, with an audience seated facing a stage. On the stage, two individuals are seated on black armchairs, seemingly engaged in conversation. Behind them is a large screen displaying text on a dark background with a blue and glowing design on the left side. The text includes "2015 Web Summit Conference" at the top, "DOC Conference" in bold, and "In Documentaries Begin Responsibilities: A Conversation with Asif Kapadia" below it. Logos for "Aune Studios," "Sundance Institute," and others are visible at the bottom of the screen. The stage setup is minimal, with a small table between the speakers holding a bottle of water. In the foreground, silhouettes of attendees are visible, focusing on the stage. The venue has a formal and professional atmosphere, highlighted by the dim lighting and a warm, ambient orange light in a floor lamp on the left side of the stage.
5144	neutral	5144.jpg	The image shows a conference setting with a large screen displaying the title "DOC Conference" and a topic about documentaries beginning responsibilities, featuring a conversation with Asif Kapadia. Two individuals are seated on stage in discussion, with an audience facing them, seated in a dimly lit room. A welcoming banner is visible on the left side of the stage.
5144	neutral	5144.jpg	The image shows a panel discussion on a stage, which suggests a neutral and professional atmosphere. The individuals are seated comfortably, engaged in conversation, which contributes to a calm and focused environment. The audience is in shadow, directing attention to the speakers and adding to the serious yet composed mood. The lighting is soft and ambient, with a focus on the screen displaying event details, which enhances the organized and intellectual ambiance. The overall scene is one where ideas are being shared in a structured setting, with no strong emotional cues, maintaining a balanced and neutral tone.
5144	neutral	5144.jpg	The main subjects of the image are two individuals seated on stage, engaged in a conversation. They are positioned in front of a large screen displaying a presentation titled "DOC CONFERENCE: IN DOCUMENTARIES BEGIN RESPONSIBILITIES: A CONVERSATION WITH ASIF KADABA" along with a logo suggesting it's organized by A-N-E STUDIOS. The lighting focuses on the stage, where the screen and speakers are brightly illuminated against a dark background. The colors are predominantly dark, with blue and black hues dominating the background. The audience in the foreground is seen in silhouette, indicating dim lighting in that area.The overall scene context is a conference or panel discussion, with an audience watching a presentation on screen about documentaries and responsibility. The setting suggests a formal event possibly related to documentary filmmaking or cinema.
5144	neutral	5144.jpg	The image shows a conference or discussion panel set in a dimly lit auditorium. On the stage, there are two men seated on chairs, facing each other, and engaged in a conversation. They are positioned in front of a large screen displaying a presentation slide with the text "2008 INDEPENDENT DOCUMENTARY CONFERENCE DOC CONFERENCE IN DOCUMENTARIES BEGIN RESPONSIBILITIES: A CONVERSATION WITH ASIF KAPADA." The screen features some abstract blue and green design elements in the background. The audience, visible in the foreground, is seated and appears to be attentively watching the discussion. An orange pillar with the text "MLC CONVENTION" is visible on the left side of the stage, and there are several spotlights illuminating the stage area.
5144	neutral	5144.jpg	The image portrays an indoor event, possibly a conference or a seminar, captured from the back of the audience. The stage is well-lit, with a large screen prominently displaying the event's name, "DOC CONFERENCE," and the theme "IN DOCUMENTARIES BEGIN RESPONSIBILITIES: A CONVERSATION WITH ASIF KAPADA." Beneath the event details, several logos and the production company, "ANE films," are visible.On stage, two individuals are seated on stage left and center, engaged in conversation while seated in black armchairs. Both participants are facing the audience, and a small round table is situated between them. The stage backdrop is dark with subtle lighting enhancing the blue visual effects on the screen.The audience is in semi-darkness, with their silhouettes visible, facing the stage. The seating arrangement is typical of a theater or conference hall, with rows of chairs extending into the distance. A brightly lit vertical banner on the left side of the stage bears the word "MKDocs," further emphasizing the event's focus on documentary filmmaking.Overall, the image captures a formal yet engaging atmosphere, accentuated by the strategic use of lighting to highlight the stage and screen while keeping the audience in relative shadow, thereby focusing attention on the speakers and the presentation.
5144	neutral	5144.jpg	The image shows a stage set for a conference or lecture during an event called "2015 Documentary Conference." The presentation slide behind the speakers reads "DOC Conference" and provides a topic: "In documentaries begin responsibilities: a conversation with Asif Kapadia." The stage has two chairs where speakers are seated, engaged in a discussion, and facing an audience seated in rows of chairs. The backdrop features a large screen with blue-toned abstract art, and there is a lit pillar with the event title to the left. The audience members appear attentive, and the setting suggests a formal, engaging discussion related to documentaries.
5144	neutral	5144.jpg	In this setting, the large screen at the back features a mesmerizing abstract blue design, which subtly captures the audience's attention. The event is a mix of technology and thought-provoking discussion, showcasing elements that hint at a focus on digital culture and its impact. The stage is minimally decorated, with a cozy seating arrangement for the speakers, allowing for an intimate conversation. The spotlight creates a warm glow, enhancing the atmosphere of engagement and curiosity shared by the attendees seated in the dimly lit room.
5373	neutral	5373.jpg	The image depicts a cartoon character that resembles a friendly dinosaur or lizard. The character has a pink body with a green belly. The top part of the body is pink and rounded, with small black eyes and an open-mouthed smile showing two white teeth, creating a cheerful expression. The character stands upright on two legs, which are also pink. The legs have flat, yellow and pink slippers on each foot. The character's arms are positioned in front of the body, one slightly raised, with the pink hands open as if gesturing or waving. The character appears to be set against a plain white background, giving a simple and clean appearance to the overall scene. The atmosphere is light-hearted and playful.
5373	neutral	5373.jpg	The image features a cartoon character resembling a dinosaur, standing with one hand raised in a wave or greeting gesture. The dinosaur is primarily pink with a green belly and is wearing yellow shoes. It has a friendly expression with its mouth open as if smiling or speaking.
5373	neutral	5373.jpg	The image portrays a purple dinosaur character standing upright and smiling widely. Its eyes are slightly wide, giving a friendly and engaging expression. The dinosaur is wearing a green shirt, and its feet have yellow spikes or patterns. The posture is casual with one hand slightly raised, as if waving or gesturing. The overall setting is plain and uncluttered, focusing attention solely on the character. The bright colors and the cheerful expression create a lighthearted and approachable atmosphere, contributing to a neutral sentiment that evokes a sense of friendliness and approachability without any strong emotional bias.
5373	neutral	5373.jpg	The main subject in the image is a cartoon character that resembles a dinosaur, with a purple body and a green belly. It appears to be smiling and waving with one hand while holding the other hand over its chest. This character is standing upright on two legs. The visual elements include bright colors such as purple and green, with contrasting yellow spots on its feet. The lighting is even, enhancing the vibrancy of the image. The overall scene context is cheerful and playful, likely designed to appeal to children with its exaggerated features and friendly expression.
5373	neutral	5373.jpg	The image features a cartoon-style, anthropomorphic dinosaur costume in a happy pose. The character is predominantly purple with a green belly and is smiling widely with eyes looking forward. The dinosaur has short limbs, and its right foot is raised slightly, with visible yellow toes. One hand is waving while the other is resting on the belly. The scene conveys a cheerful and lively atmosphere.
5373	neutral	5373.jpg	The image features a cartoon character of a dinosaur-like creature with a predominantly purple body and a large green belly. The character has a smiling expression and is wearing a green shirt. The lighting appears even and there are no shadows, suggesting a flat, evenly lit scene. The composition is centered, with the character standing upright and one hand waving slightly. The spatial relationship shows the character occupying the central part of the image. Notable details include the yellow spots on the character's feet and the stylized, simplified design typical of cartoon illustrations.
5373	neutral	5373.jpg	The image shows a cartoon character resembling a dinosaur. It is standing upright and is characterized by a friendly and cheerful demeanor, evident from its wide, open-mouthed smile and one hand raised in a friendly gesture. The dinosaur is primarily pink with a green belly. It has a slightly rounded body and short legs, each ending in three yellow toes. The background is plain white, highlighting the colorful and playful nature of the character. This depiction is often associated with children's entertainment and animation, suggesting a lighthearted and fun context.
5373	neutral	5373.jpg	The image depicts a cheerful, smiling dinosaur character dressed in a green tank top and yellow shoe-like ornaments. The background is plain, highlighting the character's vibrant pink color and friendly demeanor. The character’s pose, with one arm extended, adds to its welcoming and lively appearance.
5828	neutral	5828.jpg	The image shows a person dressed in a blue sports uniform, likely a baseball jersey, with short sleeves and the number 24 visible on the back. The person is holding up a blue baseball cap with both hands, and the cap has a small emblem on the front, although the specific details of the emblem are not clear. The person has short hair and a beard, and they appear to be facing forward.Another person is positioned behind the first person, slightly above their shoulder level. This second individual is wearing a black baseball glove and appears to be either hanging over or leaning onto the shoulder of the first person. The background shows a large crowd of spectators, and the focus is on the people in the foreground with the crowd appearing blurred. The colors in the image primarily include blue from the uniforms and the cap, black from the glove, and various colors from the spectators in the background.The overall atmosphere suggests a lively sports event with a crowd of spectators watching the action.
5828	neutral	5828.jpg	The image shows a baseball player wearing a blue jersey, holding a baseball cap, with a glove resting on his head. He appears to be on the field, with a crowd in the background, suggesting a game or event setting.
5828	neutral	5828.jpg	The image shows a baseball player indoors, holding a blue cap in one hand and wearing a black catcher's mitt on his head. He is wearing a blue jersey with some lettering on the back. The setting appears to be a stadium filled with spectators, suggesting a game or practice scenario. The player displays a focused and determined expression, looking to the side. The blurred background of a crowd implies a bustling and lively atmosphere, contributing to a sense of anticipation or concentration. The overall mood is neutral, with a blend of professionalism and engagement typical of a sports environment.
5828	neutral	5828.jpg	The image portrays a man wearing a blue shirt with the name "Buck" on the back, paired with a blue cap he is holding in his right hand. A baseball glove is perched on his head, adding to the sports theme. His expression and posture suggest a casual moment, possibly interacting or shielding his eyes. The lighting is bright, indicating an outdoor, possibly sunny environment. The colors are vivid, with clear blue tones dominating due to the uniform and cap. The background is filled with blurred spectators, suggesting the setting is a baseball game with an engaged audience. The overall scene conveys a relaxed moment during a sports event, likely in a stadium or sports field.
5828	neutral	5828.jpg	The image shows a man wearing a blue sports jersey and cap, holding the cap up with his left hand. He has a beard and is looking off to the side. Another person standing behind him, partially visible, is wearing a catcher's helmet. The background is filled with a blurred crowd, likely spectators at a sporting event. The primary focus is on the man holding the cap, indicating a moment in a baseball game or event.
5828	neutral	5828.jpg	The image depicts a person wearing a blue jersey and a blue baseball cap, with a black baseball glove lifted above their head and their other hand holding the cap in a waving gesture. The individual has a beard and appears to be in an outdoor setting, possibly a sports stadium or game, as there are blurred spectators in the background. The colors in the image are vibrant, with blue being predominant due to the athlete's attire, contrasted against the varied colors of the crowd. The lighting appears to be natural, suggesting it is taken during the daytime under clear or partly cloudy skies, which creates well-defined shadows and highlights on the athlete's face and clothing. The composition centers the person as the main subject, with the background intentionally out-of-focus to emphasize the individual's action. Notable details include the jersey number and the athlete's intense expression, suggesting a moment of engagement or interaction with the audience.
5828	neutral	5828.jpg	In the image, a baseball player is putting on a blue cap with a logo, which resembles the Boston Red Sox emblem. His jersey is also blue and has the name "BUTLER" on the back, above the number 7. He is wearing a black baseball glove on his left hand. The background is filled with a crowd of spectators in a stadium, indicating that this might be during a game or a significant event. The player has a focused expression, with his eyes looking to the side as he positions the cap on his head. The atmosphere suggests a typical baseball game environment with the fans visible in the stands behind him.
5828	neutral	5828.jpg	A baseball player stands poised amidst a crowd, wearing a royal blue jersey with the name on the back. In his left hand, he holds a matching blue cap, while his right hand is occupied with adjusting his black glove perched on his raised left hand. His focus is intently directed forward, with a crowd of spectators blurred in the background, suggesting a vibrant atmosphere typical of a sports event. The scene captures a moment of preparation and concentration, highlighting the anticipation surrounding the game.
7049	neutral	7049.jpg	In the image, a shirtless individual stands on a brightly lit stage. This person has tattoos across their arms and chest, and is wearing dark pants with a distinctive yellow drawstring. They have their head down and are holding something small in their hand. The stage features a large, illuminated backdrop that displays the text "Where Is The Love?" in a casual, handwritten style. The background is filled with various images and possibly live audience members, creating a vibrant and energetic atmosphere. There are additional people on stage, one of whom is holding a microphone, suggesting a musical or performance setting. The overall scene is colorful and dynamic, with a combination of bright lighting and active visuals.
7049	neutral	7049.jpg	A shirtless man with tattoos stands on a stage, posing with his pants down to his knees, revealing his physique. In the background, a large screen displays a crowd with the words "Where is Now," alongside colorful visuals, while another person takes a photograph.
7049	neutral	7049.jpg	The image depicts a shirtless performer on stage with tattoos visible on his arms and chest, wearing black pants and black suspenders. His pose suggests confidence and a sense of self-assuredness as he stands with his hands in his pockets. The background features a large screen displaying colorful visuals with the text "Where is Now," which adds an element of intrigue and energy to the scene. The overall atmosphere is vibrant, and the mood appears to be one of excitement and dynamic presence. The stage lighting enhances the lively ambiance, contributing to a neutral sentiment that does not lean towards any specific emotion but rather presents a balanced and engaging setting.
7049	neutral	7049.jpg	The image features a shirtless man standing on a stage, with his hands in his pockets, wearing black pants with a white drawstring. He has tattoos on his arms and torso. The background includes a large, brightly lit screen displaying what appears to be an audience or concert visuals, with vibrant colors and text that reads "Where is Now." Behind the main subject, to the left, is another person holding a microphone, possibly a performer or singer. The lighting is colorful and dynamic, contributing to the lively concert atmosphere. The overall scene suggests a live performance or event, with a focus on the main subject as a central figure.
7049	neutral	7049.jpg	A shirtless man with tattoos is on stage, facing downward with his hands in his pockets. He is wearing dark pants with a belt. The background features a large screen displaying colorful graphics with the text "where is now" and various images. Another person is standing nearby, holding a camera and taking a photo of the scene. The atmosphere suggests a concert or live performance setting.
7049	neutral	7049.jpg	The image features a shirtless man standing on a stage, with his head bowed down slightly, revealing his tattoos. He is wearing black pants with yellow drawstrings. The stage background is adorned with a vibrant and colorful collage of people, creating a lively atmosphere. The lighting is focused on the performer, highlighting his muscular build and tattooed arms. In the background, another person is holding a camera, capturing the moment. The overall composition emphasizes the contrast between the dark attire of the man and the bright, detailed backdrop. Spatially, the performer is centrally positioned, drawing attention to his presence. Notable details include the bold colors and graffiti-style text on the background, enhancing the energetic vibe of the scene.
7049	neutral	7049.jpg	In the image, a person is standing on stage wearing black leather pants with a distinctive yellow drawstring. They are shirtless, revealing several tattoos on their arms and chest. The individual appears to be facing the audience, with their hands in their pockets, suggesting a moment of confidence or readiness before or during a performance. The background displays a vibrant scene with enthusiastic spectators, as well as a large screen showing an image with the text "There is Something About" visible among the crowd. Photographers and other crew members are also visible, capturing the event. The overall atmosphere appears lively and energetic, indicating that this might be a concert or live performance.
7049	neutral	7049.jpg	A shirtless performer stands center stage, surrounded by a lively crowd and vibrant visuals. The atmosphere is electric, illuminated by colorful lights and dynamic backdrops that add to the energy of the scene. The artist, adorned with tattoos and sporting a pair of dark pants, exudes confidence under the spotlight, commanding attention with their presence. The audience, visible in the background, appears engaged, their excitement palpable in the environment. The stage setup and ambient lighting create a visually striking contrast, highlighting the performer against the backdrop of an animated crowd.
7144	neutral	7144.jpg	The image appears to be a webpage from a website named "EatInDaStreets" with a focus on DJ mixes and downloads. The page has a mostly black and green color scheme, with a design that includes cartoonish heads in the background. The top section of the page has a navigation bar with options such as "Home," "About," "Download," "Radio," "Events," "Submit," "Sponsor," and "Advertise."Below the navigation bar, the text "EatInDaStreets Downloads" is prominently displayed in green, surrounded by images of album covers or DJ mixes featuring various artists and titles such as "FM LABEL," "FR33B@$$," and others. Each image has a white border, showing different styles and thumbnails related to the music content.In the middle section of the page, there is a widget or section showcasing a mix or track named "Camisa Novoa - Big Legendary" by "Biggest Don Mixes." It includes details such as the artist or uploader "Rising Don," the number of plays and votes, and options to rate the track. This section also shows a smaller mix by "Dilla" titled "EatInDaStreets - The Come On Switch Giggle Music Mix DJ Dilla."On the right side of the image, there is a small sidebar with additional information or advertisements, including text such as "SCOOBA.COM STORE."The overall design is busy with a mix of graphics and text, conveying a digital and energetic vibe connected to music downloads and DJ content. The atmosphere is casual and targeted toward individuals interested in hip-hop or rap music genres.
7144	neutral	7144.jpg	The image features a website layout titled "Eat in a Streets Downloads," showcasing various digital music albums. A cartoon character with a chef's hat and hair styled in dreadlocks is prominently displayed. The site offers downloadable music tracks and content such as the song "Camino II," albums like "Big Legend," and mixes like "Gangsta's Mixtape." Each music item has options for adding to a collection, downloading, and other user interaction features. The overall theme is centered around street-style music.
7144	neutral	7144.jpg	The image conveys a neutral sentiment through various visual cues including the calm and straightforward layout of the webpage featuring "EatInDaStreets Download." The website's design is clean and organized, with a focus on a list of downloadable music tracks rather than any emotional or aesthetic statements.The selection of music thumbnails and the straightforward display of track details such as titles, artists, and download options suggests a utilitarian approach. This practical design emphasizes functionality, avoiding any strong emotional appeals or decorative elements that might evoke excitement or frustration.The use of grayscale and subtle green color accents contributes to a balanced and neutral tone without leaning towards any particular mood. The presence of an animated character on the left side adds a touch of playfulness, but its role is more decorative than emotional. The overall atmosphere is one of straightforwardness and accessibility, aimed at providing users with a clear and easy-to-navigate experience.
7144	neutral	7144.jpg	The image features a website interface titled "EATINDASTREETS Downloads." At the top, there is a graphic of a person's head, predominantly green with black and white accents, alongside menu options like Home, Music, News, and Download. Below the title, there are album covers displayed horizontally with titles such as "2LVBLBL," "FR33B332," and "SUPERSTAR," suggesting these are music albums available for download.Moving downward, there are two panels. The top panel shows a software download interface with a blue-themed window displaying details for "Camden 2.0 - The Complete Big Legend" by Roger Scott, including tracklist information and download options like "Get the Free One."The bottom panel displays a podcast or audio download with "EATINASTREETS The Come-Ons" Mixtape featuring "Music by Dllt." The details include episode information such as "EP.12 - Dllt" along with download options like "Download Mix." Visually, the lighting is balanced with neutral colors, mainly black, white, and shades of green. The overall scene conveys an organized music and audio download platform focusing on urban and alternative music genres.
7144	neutral	7144.jpg	The image is a webpage from "EatInTheStreets" featuring MP3 downloads. It displays various album covers, including "Mr. Label," "Fr33b4s3," and others with band photos and album titles. The page shows a specific album called "Camino: 2001 Spanish Brown Legendary" by Camino with a list of tracks. It is available for download and has options for rating and comments. Below is another album titled "The Come Up" by EatinStreets, featuring tracks from the Mixtape Vol. 2 series. On the right side, there's a sidebar with additional options and advertisements, and a cartoon character is present on the left side, interacting with the content.
7144	neutral	7144.jpg	The image features a website layout with a black header and bold text displaying "EATINASTREETS Downloads" with a green gradient. Below the header, rows of album and music artist covers are arranged horizontally, each showcasing different styles in photography and design, with varying color palettes including black and white, grayscale, and pops of bright colors.On the left side, a cartoon character wearing a cap is partially visible, adding a playful element. The lower section includes windows with lists of music files; one window prominently displays tracks by Camo & Right Foot crew, titled "Camouflage Big League," followed by details like artist, genre, and file size. Adjacent is a playlist with tracks from EastIndiaStreets titled "The Come-ons," indicating genres and file properties.Overall, the layout has a structured yet dynamic feel with contrasting colors, a balance of textual and visual elements, and a clear focus on showcasing music content.
7144	neutral	7144.jpg	The image appears to be a webpage for a music download platform called "EatInDaStreets." The site's theme includes dark and green elements, with an illustration of a graffiti-styled head in the top left corner. Several sections display music albums and mixes, with album covers shown prominently in a grid layout under the title "Downloads."On the right, there is a pop-up window showcasing details for a music download titled "EatinDaStreets - Camo Hydro King Big Legs Land." Below this, another pop-up displays "EatInDaStreets - The Come Up" Mixtape Music Vol 1. These pop-ups include track lists and social media share icons.In the bottom left, there's another illustration of the graffiti-styled head, emphasizing the site's bold and urban theme. The user interface elements are designed to look contemporary and urban, aligning with the graffiti and street art motifs.
7144	neutral	7144.jpg	The image showcases a website interface centered around streetwear and urban culture, prominently featuring the logo "EATINDASTREETS" with an illustration of a person wearing a distinctive cap and jacket. The top navigation bar includes options like "Home," "About," "Merch," "Tattoos," "Photos," "Gallery," and "Join Us." Below the main banner, a section titled "Downloads" displays various album covers and music-related images, including artists like "Mr Laiball," "FR33BAS1," and "JEEVES." The lower portion of the image highlights two specific music downloads: "Cannoli Street Bronx Legend" by Junior Senesio The 2nd, and "The Come Up" by Gift Music HD. Each download includes play buttons, ratings, and additional options for sharing and interacting with the content, encapsulating a digital storefront for music enthusiasts within the urban culture scene.
8803	neutral	8803.jpg	The image shows a bottle of Smirnoff Ice, which is a premium vodka beverage. The bottle is predominantly white with a silver cap, and it has the brand name "Smirnoff" printed in red at the top label and in the center. Below the brand name, the word "ICE" is in large black letters. The label also mentions that it is a refreshing citrus-flavored malt beverage with the flavor described as a "citrus blast." The bottle has a volume indication of 130ml, which is 4.38 US fl oz. The cap of the bottle has a small handwritten note. Partially visible in front of the bottle is a black cord or cable, and at the bottom right, there is a glimpse of a yellow Sharpie marker and a CD. The general setting appears to be a tabletop or a flat surface with a plain background, suggesting a casual, indoors environment.
8803	neutral	8803.jpg	The image shows a bottle of Smirnoff Ice, a premium vodka beverage, standing upright on a surface surrounded by other items, including what appears to be earphones and a yellow Sharpie marker. The label on the bottle is prominently displayed, featuring the Smirnoff logo and text indicating it as a refreshing citrus flavored drink.
8803	neutral	8803.jpg	The image shows a bottle of Smirnoff Ice, which is a branded beverage, standing upright on a surface next to some objects including what appears to be earphones and a partially visible CD or similar item. The setting seems to be indoors, with a plain wall in the background. The lighting is steady and even, contributing to a very straightforward and unembellished appearance. The focus is on the product itself without any additional context or embellishments. The absence of any significant action or strong elements gives off a neutral and calm atmosphere, with no clear emotional cues or dramatic mood presented.
8803	neutral	8803.jpg	The main subject of the image is a bottle of Smirnoff Ice, a premium vodka beverage, prominently positioned in the center of the composition. The label on the bottle is clearly visible, showcasing the brand name in red letters and the product name in black. The bottle’s silver cap is also visible at the top. The neutral background suggests a simple setting, with a possible wooden surface beneath the bottle.Visual elements include soft natural lighting, which gives the bottle a gentle, subtle appearance without harsh shadows. The colors are muted, with the dominant tones being the neutral beige of the wall and the clear, somewhat pale color of the bottle. Additional objects are partially visible in the foreground, including what seems to be a black cord and a yellow object, possibly a highlighter, along with a CD or similar item, suggesting an everyday or casual setting.The overall scene context appears to be indoors, perhaps on a desk or tabletop, with an informal arrangement indicating a moment captured casually rather than deliberately posed. The presence of various small items alongside the bottle adds to the everyday, lived-in feel of the scene.
8803	neutral	8803.jpg	The image shows a bottle of Smirnoff Ice, which is a premium vodka beverage with a refreshing citrus taste. The bottle indicates that it contains 120 ml 4.0 fluid ounces of the drink. The bottle has a distinct metallic label near the top, with the Smirnoff logo prominently displayed in the center. The label text includes descriptions in different languages, reflecting its international branding. The bottle is placed on a wooden surface alongside other items such as a black cable and a partially visible Shippo packaging tape roll. The background is plain and neutral in color, focusing the attention on the bottle itself.
8803	neutral	8803.jpg	The image depicts a clear bottle of Smirnoff Ice, a premium vodka flavored with citrus. The label on the bottle shows the Smirnoff logo in red with the word "Ice" below it in bold, black letters. The label also includes smaller text indicating the product’s characteristics. The background is a beige or light brown color, providing a neutral backdrop that highlights the bottle.The bottle is centered in the composition and is the main focal point of the image. It is positioned on a dark surface with some objects partially visible in the foreground, including a black cord and a yellow item, possibly a Sharpie marker. The lighting is even, with no strong shadows or highlights, suggesting a well-lit indoor environment. The overall feel of the image is simple and straightforward, focusing mainly on the bottle with minimal distractions.
8803	neutral	8803.jpg	The image displays a bottle standing upright on a surface. The bottle is a clear, cylindrical shape with a silver cap. It has a label with the word "SMIRNOFF" at the top of the neck in black letters against a silver background, followed by the word "ICE" in bold black letters. Below that, smaller text describes it as "PREMIUM VODKA REVELATIONS" and further details "REFRESHING CITRUS FLAVOUR" in both English and French. Below the main text, there is an emblem featuring a castle or fortress design on a shield. The bottom of the label indicates that the bottle contains "375 ML 40% ALC/VOL". In front of the bottle, there is a black cord partially looping around an object, possibly headphones or earphones, which are resting against the bottle. A partially visible CD or DVD and a yellow Sharpie marker are also seen next to the bottle, suggesting this image may have been taken on a desk or table used for various purposes. The overall scene gives a casual, everyday impression with personal items in close proximity to the bottle.
8803	neutral	8803.jpg	A clear vodka bottle with a silver cap and detailed labels stands against a plain beige background. The label prominently displays the brand name "Smirnoff Ice," with additional text in smaller fonts. Adjacent to the bottle, a black cord rests on a surface along with a stack of CDs or DVDs, and a yellow highlighter labeled "Sharpie" sits nearby, suggesting a setting that combines elements of relaxation and study or work.
9303	neutral	9303.jpg	The image shows a screenshot of aTwitter page on a mobile device. At the top, a Verizon mobile connection icon indicates the network provider, along with the time, 4:55 PM, and a battery indicator showing 61% charge. Below the search bar labeled "Search Twitter," there is a prominent image featuring a person in a dance pose on stage with stage lights in the background, giving the impression of a performance setting. The person is wearing a dark sleeveless top and has a floral crown on their head.Below the image, the text "Top trend" is labeled on a black bar. The first trend listed is "#ShesKindaHotVMA," with a small arrow icon indicating engagement, and it mentions that there are 10.7K tweets about this trend.Further down, a promotional tweet from MTV reads, "Watch the #VMAs tonight at 9/8C on MTV!" This tweet is marked as promoted by MTV. Below the promotional message, there is a tweet from Simon Cowell, but only part of his name and a small blue verified icon are visible.At the bottom of the screenshot, the navigation bar includes icons for Home, Notifications, Messages, and Me, each with its corresponding label.
9303	neutral	9303.jpg	The image shows a screenshot of a Twitter page with a top trending topic labeled "#ShesKindaHotVMA" with 10.7K tweets. Below this, there is a promoted tweet by MTV encouraging viewers to watch the #VMAs on 9/8C. The image in the background features a person wearing a blue outfit and floral headband, positioned in a dramatic pose against a backdrop of lights.
9303	neutral	9303.jpg	The image captures a moment on a dimly lit stage, with a performer bent over, possibly adjusting equipment or preparing for the next act. The performer is wearing a dark outfit with a floral headband, adding a touch of elegance and focus. The background features soft lighting and blurred stage lights, creating an atmosphere of anticipation and readiness.The tweet featuring the performer is part of a trending topic about the VMAs, suggesting excitement and interest in the event. The promotional message about watching the VMAs on MTV adds to the celebratory and anticipatory mood, drawing attention to the upcoming show. The neutral sentiment is conveyed through the calm and composed demeanor of the performer and the straightforward announcement about the event, without overt expressions of extreme emotion.
9303	neutral	9303.jpg	The image shows a screenshot of a Twitter search page with a top trend highlighted. The main subject is a person bent over with their head down, wearing a blue tank top and a flower headband. The person is positioned against a brightly lit background with vertical lights that create a vertical streak effect, adding depth and a sense of motion. The lighting is dramatic, with warm yellow and red lights contrasting against cooler tones, giving the scene an energetic and vibrant feel. The overall context suggests a live performance or entertainment event, likely related to the music industry given the trending hashtag about the VMAs. The image conveys a sense of intensity and focus, with the person seemingly engaged in a performance or dance move.
9303	neutral	9303.jpg	The image shows a Twitter search page on a smartphone with a tweet about the video music awards VMAs. At the top of the screen, there's a photo of a person bending forward on stage, wearing a white headband with flowers and a sleeveless shirt with the number 42. Below the image, it's marked as a "Top trend" with the hashtag #ShesKindaHotVMA, indicating significant engagement with 10.7K tweets. Further down, there's a promoted tweet by MTV encouraging viewers to watch the #VMAs airing on 9/8C. At the bottom, menu icons for Home, Notifications, Messages, and Me are visible.
9303	neutral	9303.jpg	The image features a person wearing a floral headband and a sleeveless dark blue top with intricate designs on the back. They are bending forward, with their head and shoulders prominently in the foreground. The background is dimly lit, with warm yellow and red lights creating a stage-like atmosphere. There are vertical light structures and blurred lights, suggesting a performance or event setting. The person is positioned centrally and is the main focus, with the lower part of the image cropped to emphasize this individual against the vibrant, slightly out-of-focus background. Above the image, the top of the screen displays a Twitter search bar, and the bottom shows interface elements typical of a social media app, including navigation icons.
9303	neutral	9303.jpg	The image shows a tweet on Twitter with a blurred section at the top. Below the blurred area, there is a tweet featuring the hashtag #ShesKindaHotVMA with note that there are 10.7K Tweets about this trend. Below that is another promoted tweet by MTV encouraging people to watch the VMAs tonight at 9/8C on MTV. At the bottom of the image, there's a user named Simon Cowell with various navigation icons for Home, Notifications, Messages, and Me at the Twitter interface. The screenshot is taken from a mobile device with the Verizon network, displaying the time as 4:55 PM and a battery level of 61%.
9303	neutral	9303.jpg	The image is a screenshot from Twitter at 4:55 PM, showing a top trend related to the VMAs. It features a tweet with text promoting the VMAs being aired tonight at 9/8C on MTV, marked as promoted content. The interface displays a search bar and icons for home, notifications, messages, and profile at the bottom. The background image shows a performance with someone on stage wearing a floral crown and a blue outfit under stage lights. The battery level is at 61%, and the phone is connected to Verizon's network.
9330	neutral	9330.jpg	The image shows a person with short, blonde hair wearing headphones around their neck and a sleeveless top. They are positioned in front of a microphone setup against a background of red curtains. The person is smiling and appears to be engaged in a conversation or performance. The setting suggests an indoor environment, possibly a recording studio or a stage, with a professional ambiance. The colors in the image are predominantly red from the curtains, contrasted with the person's light hair and top. The overall atmosphere is one of engagement and friendliness.
9330	neutral	9330.jpg	A person is smiling while wearing headphones and singing into a microphone against a bright red curtain backdrop. They have short hair and are dressed in a sleeveless top, suggesting a performance or recording setting. The lighting highlights their cheerful expression and engagement with the microphone.
9330	neutral	9330.jpg	The individual in the image is wearing headphones and is in front of a microphone, suggesting they are either recording music or podcasting. Their expression is bright and features a natural smile, contributing to a relaxed, positive atmosphere. The red curtain background adds a warm tone, reinforcing a cozy and inviting mood. Overall, the scene feels calm and engaging, with a hint of contentment and enthusiasm.
9330	neutral	9330.jpg	The main subject in the image is a person wearing headphones and speaking into a microphone, likely engaged in recording or performing music. The individual is centered within the composition, positioned in front of a microphone with a red curtain backdrop, suggesting a recording studio or performance setting. The lighting is soft and evenly distributed, highlighting the person's face and upper body. The dominant color is red from the curtain, complemented by the maroon sleeveless top worn by the person. The overall scene context evokes a focused, yet relaxed atmosphere, emphasizing musical activity or practice in a controlled studio environment.
9330	neutral	9330.jpg	The image depicts a person who appears to be speaking or singing into a microphone. They are wearing headphones over their ears and dressed in a maroon sleeveless top. The individual has a relaxed and joyful expression, as highlighted by their smile. The background consists of a red curtain, which suggests that this scene might be taking place in a recording studio or a similar setting. The lighting is focused, illuminating the person's face while casting a subtle shadow beneath the microphone. The overall atmosphere of the image is warm and engaging, capturing a moment of expression and performance.
9330	neutral	9330.jpg	The image captures a person standing in front of a red curtain, which forms the background. The individual is wearing a sleeveless burgundy top and has headphones over their head. They are smiling broadly, exuding a cheerful and confident expression. The microphone they are positioned in front of suggests they may be recording or broadcasting. The lighting is even, allowing the facial features and the texture of the red curtain to be clearly visible. The composition centers on the person, with the red curtain providing a vibrant contrast to the burgundy top. There are no significant distractions in this image, ensuring the focus remains solely on the individual and their expressions. Notable details include the shiny finish of the headphones and the shadow cast on the person’s shirt by the microphone.
9330	neutral	9330.jpg	The image shows a person with short, light-colored hair wearing large over-ear headphones and a sleeveless red top. They are sitting in front of a microphone against a backdrop of red curtains, suggesting a recording studio or performance setting. The person appears to be singing or speaking, with a pleasant, open-mouthed smile on their face, conveying a sense of enjoyment or enthusiasm. The scene gives the impression of a musical performance or vocal recording session.
9330	neutral	9330.jpg	The image shows a person with blonde hair wearing large black headphones, partially adjusting one earcup. They are standing in front of a red curtain background, with a microphone in front of them. The person is smiling broadly, wearing a maroon tank top, and appears to be speaking or singing. The lighting casts a shadow of their face on the microphone, adding depth to the scene.
9407	neutral	9407.jpg	Two young men are seated inside a vehicle, positioned close to a window allowing natural light to illuminate the scene. Both are dressed casually; the person on the left wears a dark shirt under a plaid jacket, accessorized with a necklace and a wristwatch, holding a cigarette in one hand. His expression is animated, with his mouth open and eyes gazing to the left. The individual on the right is wearing a white shirt under a plaid jacket, with a visible tattoo on his chest, making a playful gesture by puckering his lips as if mimicking a kiss or a blowing kiss. The setting conveys a casual and relaxed atmosphere, emphasizing a moment of companionship and lightheartedness.
9407	neutral	9407.jpg	Two young men are sitting inside a vehicle, posing playfully with puckered lips and wide eyes, suggesting a light-hearted moment. They both wear plaid shirts—one in blue and the other in gray—and appear comfortable and relaxed, holding pens in their hands. Natural light streams in from the window, enhancing the candid and joyful atmosphere.
9407	neutral	9407.jpg	The image shows two young people sitting together inside a car, with both of them making playful faces directed at the camera. The person on the left has a slightly open mouth and wide eyes, while the person on the right puckers their lips in a kiss-like gesture, creating a light-hearted and humorous atmosphere. Both are dressed casually in plaid shirts, adding to the relaxed and informal vibe.The background outside the car window appears to be a parking lot, with a few cars and an overall bright daylight ambiance that contributes to a cheerful and carefree mood. The overall sentiment conveyed by the image is neutral, as it blends elements of amusement and casual friendship without leaning heavily into any specific emotion like happiness, sadness, or anger. The playful expressions and natural setting give an impression of two friends enjoying each other's company in a lighthearted and candid moment.
9407	neutral	9407.jpg	The main subjects in the image are two young men sitting closely together inside a vehicle, likely a car. The person on the left has spiked, blond hair and is wearing a plaid shirt over a dark T-shirt with a necklace. He is holding a cigarette or pen in his hand and is making a playful expression with his mouth open. The person on the right has short, dark hair and is wearing a gray plaid shirt over a white T-shirt. He is blowing a kiss towards the camera.The lighting appears to be natural, suggesting the photo was taken during the daytime, and it casts soft shadows on their faces. The colors in the image are muted, with a predominantly cool tone, reflecting the interior of the vehicle.The overall scene has a casual and friendly vibe, capturing a moment of playful interaction between the two individuals as they sit inside the car, possibly on the way to or from somewhere together.
9407	neutral	9407.jpg	In the image, two young men are sitting inside a car. The person on the left is wearing a blue and black plaid shirt and holding what appears to be a cigarette between their fingers. He is sticking out his tongue and looking at the camera. The person on the right is wearing a grey plaid shirt over a white t-shirt and is sticking out his tongue playfully while looking at the camera. The environment suggests they are sitting in the front seats of the car, with a glimpse of the outside visible through the window. Both individuals appear to be in a relaxed and playful mood.
9407	neutral	9407.jpg	The image depicts two young men seated inside a car, with both making playful facial expressions. The lighting is natural, likely from sunlight, creating a bright and balanced illumination on their faces. The colors are mostly neutral with the exception of the car window, which allows some daylight to filter through. They are both wearing plaid shirts; the one on the left has a darker, more muted color while the one on the right has a slightly lighter shade. The composition is centered on the two individuals, with the car interior visible in the background. They are sitting side by side, close to each other, and the camera angle captures them from the waist up. Notable details include the playful expressions, casual clothing, and relaxed body language, which suggests a friendly and informal setting.
9407	neutral	9407.jpg	Two young individuals are sitting in the backseat of a vehicle, posing playfully with exaggerated expressions such as sticking out their tongues. The person on the left is wearing a blue and black plaid shirt over a black t-shirt, with a necklace featuring a gold pendant and a watch. The person on the right is dressed in a grey and black plaid shirt, with a visible tattoo on their left side. The background suggests they might be at a car dealership or similar place, indicated by the window view and a poster inside the car. Both appear to be having fun and are capturing a candid moment together.
9407	neutral	9407.jpg	In a cozy car interior, two friends share a moment of lighthearted fun, making playful faces towards the camera. The sunlight filters through the window, creating a warm, candid glow around them. Their casual plaid shirts and relaxed poses suggest a carefree adventure, capturing a spontaneous snapshot of youthful camaraderie and shared humor.
9620	neutral	9620.jpg	The image shows a screenshot of a webpage, identified as mtv.com, with a banner at the top reading "Ain't nobody got time for spam!" at 2:23 AM displaying an LTE signal and a battery indicator at 16%. Below the banner is a display featuring two music voting sections.The first section shows a group of four men standing casually in a garage-like setting. They are dressed casually, with one holding a mop, another holding a hammer, and another wearing a tank top. Over their image, the text "13,234,276" is prominently displayed, along with a play button. Below, the text reads "5 Seconds Of Summer 'She's Kinda Hot'" and "#ShesKindaHotVMA" with options to vote on Twitter and Instagram.The second section shows five women dancing on a stage with large digital screens in the background. Their outfits are stylish, featuring skirts and high heels. Over their image, the text "12,820,055" is visible, again with a play button. Below, it states "Fifth Harmony 'Worth It'" and "#WorthItVMA," also with voting options for Twitter and Instagram.The overall atmosphere is energetic and promotional, encouraging viewers to vote for their favorite music entries.
9620	neutral	9620.jpg	The image shows a screenshot from a mobile device displaying a webpage with the MTV logo at the top and a statement saying, "Ain't nobody got time for spam!" Two music group photos are featured, one with 5 Seconds Of Summer with a vote button for their song "She's Kinda Hot" and another with Fifth Harmony for their song "Worth It." Each photo has associated numbers indicating vote counts.
9620	neutral	9620.jpg	The image shows a text messaging interface on a smartphone displaying a webpage that aims to combat spam content by highlighting and promoting music videos. The message at the top reads, "Ain't nobody got time for spam!" which sets a serious tone against unnecessary, intrusive content. Below the message, two music video thumbnails are displayed, each depicting different music groups posing or performing.The top thumbnail shows five individuals standing back-to-back in casual clothing, implying confidence and camaraderie. They appear relaxed and friendly, with slight smiles. This casual and approachable vibe suggests a laid-back, positive atmosphere. The large number "13,234,276" above their image adds an element of excitement and achievement, likely referring to views or support for the music video "She's Kinda Hot" by 5 Seconds Of Summer.Below this is another thumbnail featuring four individuals in stylish, fashionable outfits, performing or dancing. The bright stage lighting and their dynamic poses give a sense of energy and enthusiasm. The number "12,820,055" indicates similar support for the video "Worth It" by Fifth Harmony. The hashtag "#WorthItVMA" encourages viewers to vote, contributing to a sense of engagement and community.Overall, the image combines a mix of confidence, energy, and enthusiasm with a clear call to action against spam, creating a neutral but positive sentiment focused on supporting quality content.
9620	neutral	9620.jpg	The image shows a screenshot from a website featuring a comparison between two music group performances. The main subjects are groups of people who appear to be musicians or performers. One group is standing casually in what looks like a garage or workshop, with tools and a wooden ceiling visible behind them. The other group is on stage with a brightly lit background, likely performing, as they are positioned dynamically and interacting with each other. The lighting in the first scene is natural and soft, with a muted color palette, emphasizing the casual, behind-the-scenes atmosphere. In contrast, the second scene has vibrant, artificial lighting that adds energy and excitement, typical of a live performance.Overall, the context suggests a discussion or voting element related to music videos, indicated by the hashtags and voting buttons present. The text at the top states, "Ain't nobody got time for spam!" which implies a focus on meaningful content or votes rather than random or undesired submissions.
9620	neutral	9620.jpg	The image shows a screen capture from the website mtv.com displaying a voting page for a music awards event. The heading reads "Ain't nobody got time for spam!" Below the heading, there are two sections for voting on music videos.The first section features the song "She's Kinda Hot" by 5 Seconds of Summer with a view count of 13,234,276. There is a photo of the band members standing back-to-back in a garage-like setting. The hashtags "#ShesKindaHotVMA" and buttons to vote via Twitter and Instagram are included at the bottom of this section.The second section displays the song "Worth It" by Fifth Harmony with a view count of 12,820,055. Accompanying the song title is a performance photo featuring the group dancing on stage. The hashtag "#WorthItVMA" is present, along with another vote button for Instagram.Both sections have play buttons overlaid on the images indicating the videos are available to watch. The phone status bar at the top shows it is 2:23 AM with the carrier MTS LTE and a 16% battery life remaining.
9620	neutral	9620.jpg	The image shows a screenshot from a webpage with two sections featuring music videos. The top section displays the video thumbnail for "5 Seconds of Summer 'She's Kinda Hot'" with a large number "13,234,276" in bold black font above it. Below the thumbnail, the text includes the band's name, the song title, and the hashtag #ShesKindaHotVMA. There are also buttons to vote on Twitter and Instagram. In the background of the thumbnail, four people are standing in what appears to be a garage, casually dressed, with a broom and various items visible around them. The bottom section displays the video thumbnail for "Fifth Harmony 'Worth It'" with a large number "12,820,055" in bold white font against a dark background. Below the thumbnail, the text includes the group's name, the song title, and the hashtag #WorlthlVMA. In the background of this thumbnail, five people are performing on stage, dressed in stylish outfits, with bright stage lighting and digital screens in the background. The lighting is dynamic, highlighting the performers. The webpage has a purple header with the MTV logo and the text "Ain't nobody got time for spam!" at the top. The overall color scheme involves purples and neutrals, with the images drawing attention due to their vibrant and contrasting elements.
9620	neutral	9620.jpg	The image is a screenshot showing a webpage from mtv.com at 2:23 AM with a phone signal of MTS LTE and a battery level at 16%. The screenshot displays a section titled "Ain't nobody got time for spam!" It includes details of viewer votes for music videos on MTV's Video Music Awards VMAs platform.At the top, there is a large number "13,234,276" next to a group of four young men performing on what appears to be a rooftop or balcony. Below their image, it states "5 Seconds Of Summer 'She's Kinda Hot'" and includes the hashtag #ShesKindaHotVMA with buttons labeled "Tweet" and "Instagram" with a "Vote" option under each.Further down, another section shows a group of women dancing, with a large number "12,820,055" above. It mentions "Fifth Harmony 'Worth It'" and includes the hashtag #WorthItVMA with similar "Vote" buttons for Tweet and Instagram. A play button icon suggests that each section likely has video content associated with it.
9620	neutral	9620.jpg	The image depicts a screen capture from mtv.com showing voting options for two songs. It features the MTV logo along with a statement saying "Ain't nobody got time for spam!" and displays two songs with their respective view counts in a vibrant and engaging manner. The upper part shows four band members from 5 Seconds Of Summer singing "She's Kinda Hot" with the hashtag #ShesKindaHotVMA. Below that, the screen displays two performing artists from Fifth Harmony performing "Worth It," accompanied by the hashtag #WorthItVMA. Each section provides interactive buttons to vote on the songs on social media platforms, Twitter, and Instagram. The phone's status bar at the top shows time at 2:23 AM and indicates an LTE connection, a battery at 16%, and a Wi-Fi signal. The background of the screens is intentionally chosen to focus on the artists and votes, avoiding any distractions that might detract from the main content.
9645	neutral	9645.jpg	The image features a series of three side-by-side photographs of a group of four young men standing outdoors on a sunny day. They are all wearing sleeveless shirts with the Nirvana band logo prominently displayed on the front. The shirts are gray with golden trim. The men have short, layered haircuts and sunglasses on. Their expressions and actions vary slightly across the images. In the first photo, the individuals are standing close to each other, with the person in the middle holding something in his hand, possibly a piece of clothing. The second photo shows a similar pose with the central figure pointing with his index finger. The third photo captures the same group, with the man on the far right leaning his head on the shoulder of his companion.One of the men is holding a white plastic bag in his left hand, and several of them have wristbands on their arms. They appear to be in a casual, relaxed outdoor setting with trees in the background and a vehicle parked nearby. The overall atmosphere is casual and laid-back.
9645	neutral	9645.jpg	The image shows a group of young men standing outside, wearing matching Nirvana-inspired sleeveless shirts with the band's logo and iconic double X on them. They are casually posing together, some wearing sunglasses and wristbands, suggesting they might be at an outdoor event or concert. The background features trees and parked cars.
9645	neutral	9645.jpg	The image shows a group of casually dressed young men outdoors on what appears to be a sunny day. They are wearing tank tops, some with band logos, and sunglasses, suggesting they might be attending a music festival or concert. Their expressions and postures indicate a laid-back and relaxed atmosphere. They seem to be socializing and engaged in conversation, which adds to the casual and friendly mood. The presence of greenery in the background and the bright daylight further contribute to the serene and easygoing sentiment of the scene. The relaxed body language and informal attire contribute to a neutral and upbeat emotional tone.
9645	neutral	9645.jpg	The image features a group of individuals standing outdoors, with the central figure prominently dressed in a Nirvana band t-shirt and sunglasses, engaging with his surroundings or companions. The group appears to consist mainly of young men, with some wearing matching band merchandise, suggesting a casual, possibly concert-related setting. The lighting is natural, likely from the sun, casting soft shadows and giving the scene a warm, inviting tone. The background includes trees and some vehicles, indicating it might be an outdoor event or festival. The overall scene reflects a relaxed and informal atmosphere among friends or fans enjoying a sunny day.
9645	neutral	9645.jpg	The image captures a group of young men outdoors, possibly at a concert or festival. They are standing closely together and appear to be enjoying themselves. One person is making a thumbs-up gesture with their hand while the others look around and smile. They are wearing sleeveless shirts with band logos, and some are wearing wristbands, suggesting they might be at an event requiring entry tickets. The background shows trees and parked cars, indicating they might be near a parking area or outdoor venue. The overall mood is casual and friendly.
9645	neutral	9645.jpg	The image features a sequence of four side-by-side photographs of a group of young men outdoors, with green foliage and a parked car visible in the background. The lighting is natural, likely from sunlight, giving the scene a bright and slightly warm appearance. All individuals are wearing sleeveless shirts, some with the word "Nirvana" and a distinct logo prominently displayed on the front, while others have different text. The colors are vibrant, featuring shades of green from the trees, various tones from the clothing, and the natural skin tones of the individuals. The composition centers around the young men, with their bodies facing the camera and some making gestures or interacting with each other. They appear relaxed and engaged in conversation. Notable details include one person pointing with a bracelet-adorned wrist, and another having their arm around a friend's shoulder, indicating a friendly dynamic among the group.
9645	neutral	9645.jpg	In the image, a group of friends is standing together outdoors, likely in a casual, social setting. They are all wearing Nirvana band tank tops, and some also have Weeknd-themed shirts, indicating a concert or festival context, possibly related to music fans or a music event. The individuals are posing for a selfie, with some making playful gestures, such as pointing at the camera or leaning in closely to others. The background shows trees and a parked car, suggesting a relaxed outdoor environment, such as a parking lot or a park area. They appear to be enjoying each other's company, with smiles and informal body language, conveying a sense of camaraderie and fun. Some wristbands can be seen on their wrists, which are often associated with entry to events or concerts.
9645	neutral	9645.jpg	A group of friends stands casually outdoors, basking in the bright sunlight that filters through the trees. They are dressed in relaxed, summer attire, with sleeveless tops and sunglasses adding to their laid-back vibe. One person sports a tank top with a distinctive design while others wear similar styles, suggesting a shared interest or event. The setting appears informal, perhaps at a concert or outdoor gathering, with festival wristbands visible on their wrists. The overall mood is cheerful and carefree, capturing a moment of camaraderie and enjoyment among the group.
10110	neutral	10110.jpg	In the image, a man is sitting on a stool on a stage, speaking into a microphone. The setting appears to be a cozy, dimly lit room, possibly a small cafe or music venue. The man is wearing a checkered shirt and dark pants. Behind him is a large blank projection screen, and to his right, there is a guitar mounted on the wall. A wooden piano is also visible near the guitar. On the left side of the image, there is a laptop sitting on a small table with a person’s legs extended in front of it. The atmosphere seems relaxed and intimate, suitable for a small audience or casual event. Some text is visible on a chalkboard to the right, but it is not entirely clear. The room is decorated with dark walls and simple furniture, contributing to the informal and comfortable ambiance.
10110	neutral	10110.jpg	The image depicts a man sitting on a stool in front of a microphone, seemingly ready to perform or speak. He is in a room with musical instruments, including a piano and an acoustic guitar, alongside a projector screen to his left and a laptop on a stand in the foreground. The setting suggests a casual, intimate performance space, possibly a small venue or a local club.
10110	neutral	10110.jpg	The image conveys a neutral sentiment through its depiction of a man seated at a microphone in what appears to be a small studio or performance space. The subdued lighting casts gentle shadows, creating a calm and introspective atmosphere. The man’s relaxed posture and neutral expression add to the calmness. The background, featuring musical instruments such as a guitar and piano, along with a projection screen and a laptop, suggests a setting poised for a performance or presentation. The overall mood is one of quiet anticipation or reflection, with a sense of focused calm enveloping the scene.
10110	neutral	10110.jpg	The main subject of the image is a person sitting on a stool, speaking or preparing to speak into a microphone. The individual is dressed in a checkered shirt and appears to be in a dimly lit indoor setting, possibly a small venue or community hall. The arrangement includes a chair in the foreground and a laptop placed on a cushioned surface, suggesting a casual or informal context where notes or presentations might be used. Behind the person is a projector screen with dim lighting focused on it, providing a neutral space for visual aids or slides. To the right, there's a guitar leaning against the wall and a piano, indicating a multi-purpose space that could be used for performances or musical activities. The overall scene context suggests an event like a small talk, presentation, or rehearsal, characterized by subdued lighting and warm, muted colors. The ambiance appears relaxed and intimate.
10110	neutral	10110.jpg	In the image, a man is sitting on a stool on a stage, speaking into a microphone. He appears to be giving a presentation or performing. To his left there is a large blank projection screen, with a lectern beside it. In front of him, there's a music stand with sheet music resting on it, and an acoustic guitar is leaning against the wall to the right. A piano is positioned near the guitar, and a small chalkboard with writing is in the foreground. The setting is dimly lit, creating an intimate atmosphere, possibly in a small venue or a cozy room. There is a laptop on a small table or box in front of the stage, adding to the presentation setup.
10110	neutral	10110.jpg	The image depicts a dimly lit indoor setting with a focus on a person seated on a bar stool in front of a microphone. The person is wearing a checkered shirt and dark pants. The background features a large blank projection screen illuminated by a single overhead light, contributing to the overall soft lighting in the room. To the right, there's a brown upright piano with a guitar leaning against the wall, and a red poster is visible nearby. On the left side of the person, a music stand with sheet music and a cymbal crash stand are present. In the foreground, a laptop on a table emits a bright screen, contrasting with the otherwise subdued ambiance. The room appears to be a small performance or practice space, with a casual and intimate atmosphere.
10110	neutral	10110.jpg	The image depicts a small indoor space, likely a café or event room, where an informal presentation or performance is taking place. A person is seated on a stool in the middle of the room, holding a microphone. They are wearing a casual checkered shirt and seem to be speaking or engaging with an audience. To their left, there is a blank projector screen, suggesting that they might be giving a talk, lecture, or presentation. In front of the person, a music stand with sheets of paper or notes is positioned. To the right, there is a guitar mounted on the wall and a piano, indicating that musical performances might be common in this setting. On the floor near the piano, a blackboard with partially visible writing suggests upcoming events or announcements. In the foreground, a laptop is placed on a table, potentially used for displaying presentation content or other purposes. The overall ambiance is cozy and intimate, with dim lighting that creates a relaxed atmosphere.
10110	neutral	10110.jpg	In a dimly lit room, a man sits calmly on a stool, speaking into a microphone. The scene is simple yet intimate, with the focus drawn to the speaker. Surrounding him, musical elements like an upright piano and an acoustic guitar lean against the dark wall, hinting at a space that blends performance with casual conversation. On the left, an open laptop rests on a bench, its screen glowing against the subdued tones of the room. The air feels relaxed and personal, as if capturing a quiet moment of storytelling or sharing ideas. The absence of an audience amplifies the introspective mood, where words and music play softly in the background.
10253	neutral	10253.jpg	The image features a bold, red background with white text. At the top, the text reads "NCCM & Rabble.ca are pleased to livestream:" in smaller font size. Below this, the main text in large letters says "Young, Canadian + Muslim: Making Our Ballots Count!". It is followed by smaller text, which states "A Federal Election Debate on Multiculturalism, Immigration, and the Muslim Community". The overall design is straightforward and attention-grabbing, intended to draw focus to the event being advertised. The colors used are bright and contrasting, emphasizing the importance of the message.
10253	neutral	10253.jpg	The image features a bold red background with white text announcing a livestream event organized by NCCM and Rabble.ca The headline reads "Young, Canadian + Muslim: Making Our Ballots Count!" followed by a description of the event as "A Federal Election Debate on Multiculturalism, Immigration, and the Muslim Community."
10253	neutral	10253.jpg	The image features a bold red background with text predominantly displayed in white, giving it an engaging and attention-grabbing appearance. The headline "Young, Canadian + Muslim: Making Our Ballots Count!" conveys a message of activism and participation, highlighting the importance of youth involvement in politics. The choice of vibrant red color can evoke feelings of urgency and passion, suggesting that the content is significant and demands attention. The additional text clarifies the context as a federal election debate focused on multiculturalism, immigration, and the Muslim community, suggesting important discussions and potentially divisive topics. The overall sentiment appears neutral, as it aims to inform and encourage participation without overtly expressing positive or negative emotions.
10253	neutral	10253.jpg	The design features a bold statement in the center of a striking red background, capturing the viewer's attention. The main subjects are the white texts that highlight the theme of a federal election debate involving young Canadian Muslims, focusing on issues such as multiculturalism, immigration, and the Muslim community. The arrangement places the primary message prominently at the center, ensuring it is the focal point. Visually, the use of contrasting colors—white text on a bright red background—creates a sense of urgency and importance. The absence of any additional visual elements like images or decorative graphics keeps the focus purely on the text, eliminating distractions. The overall scene suggests an emphasis on political engagement, aiming to garner interest and participation in the debate, particularly among young Canadians and Muslims. The design is straightforward and direct, aligning with the serious nature of the topic discussed.
10253	neutral	10253.jpg	The image is a promotional announcement for a live stream event hosted by NCCM and Rabble.ca. The event features a debate concerning issues of multiculturalism, immigration, and the Muslim community. The text emphasizes the importance of the youth in the Canadian Muslim community voting and making their ballots count in federal elections. The main text is in white and stands out prominently against a red background.
10253	neutral	10253.jpg	The image features a bold red background with white text prominently displayed in the center. The composition is straightforward, focusing on the text as the central element. The text itself is divided into several lines, with the main heading in large, bold letters reading "Young, Canadian + Muslim: Making Our Ballots Count!" Below this main heading, there is a smaller subheading that states "A Federal Election Debate on Multiculturalism, Immigration, and the Muslim Community." In the top left corner, there is smaller text that says "NCCM & Rabble.ca are pleased to livestream :" The red background is consistent throughout, providing a strong contrast to the white text, making it stand out clearly. The overall design is simple, with no additional graphics or images, emphasizing the textual message. The spatial relationship places the text prominently in the center, ensuring immediate attention is drawn to the message conveyed.
10253	neutral	10253.jpg	The image is a red background with white text that appears to be promoting a livestream event. The top of the image mentions that NCCM & Rabble.ca are pleased to livestream the event. The main text reads "Young, Canadian + Muslim: Making Our Ballots Count!" which indicates that the discussion will focus on young Canadians who are part of the Muslim community, with an emphasis on making their votes significant in the federal election. The subtitle further explains that this is a debate on multiculturalism, immigration, and the Muslim community. The overall context suggests that the event aims to address and discuss important social and political issues relevant to these groups within the larger Canadian society.
10253	neutral	10253.jpg	The image features a bold red background with text in white, announcing a livestream event through NCCM and Rabble.ca. The event is centered around political discourse, specifically a federal election debate. It highlights issues of multiculturalism, immigration, and the Muslim community, with a focus on young Canadian Muslims. The phrase "Making Our Ballots Count!" emphasizes the importance of voter engagement and influence in the electoral process. The design is straightforward, conveying the key message with clear and direct language.
10552	neutral	10552.jpg	The image shows a pencil sketch on a piece of paper placed on a wooden surface. The sketch depicts a character resembling a well-known video game figure. The character stands in a confident pose with one hand on their hip and the other hanging by their side. They have a hood covering their head and a long cape flowing behind them. The character wears detailed armor with intricate designs on the chest and shoulders. In the foreground, near the bottom left of the drawing, there is a small figure of what appears to be a creature, possibly an adversary, with its head down. The background is minimal and consists of a simple representation of the ground and possibly a slight elevation or rock. The room is dimly lit, and there are indistinct objects and shadows in the background, but they are not clearly defined. The overall atmosphere appears calm and focused on the artwork.
10552	neutral	10552.jpg	A pencil sketch of a character wearing a hood and flowing cape stands on a landscape, with a small figure in the distance. The artwork features detailed lines and shading that suggest a serious tone and focus on the attire and posture of the character.
10552	neutral	10552.jpg	The image conveys a neutral sentiment through its depiction of a character sketch on a piece of paper, which appears to be unfinished or in a preliminary stage of development. The scene is in a dimly lit environment, likely indoors, which contributes to a subdued and calm atmosphere. The character itself stands tall with a poised stance, suggesting a sense of readiness or anticipation, though the lack of detail and shading leaves a lot to the imagination. The simplicity of the lines and the absence of vibrant colors or dramatic lighting create a quiet and contemplative mood, allowing the viewer to project their own interpretations and emotions onto the figure. The overall effect is one of detachment and neutrality, focusing more on the process of creation rather than conveying a strong emotional message.
10552	neutral	10552.jpg	The image features a pencil sketch of a character resembling Darth Vader from the Star Wars franchise. The character is standing with a cape flowing behind and is holding a staff-like object in one hand. The drawing is positioned upright on a wooden surface. Lighting in the scene appears to be dim, casting gentle shadows and giving the sketch a subtle contrast. The colors are monochromatic, relying on the grayscale tones typical of a pencil drawing, which highlights textures and depth.The overall scene context suggests an art setting, possibly in a bedroom or study, inferred from the presence of other furniture and items in the background, though they are not clearly discernible. The sketch is prominent, indicating the focus on artistic creation or practice.
10552	neutral	10552.jpg	The image depicts a pencil sketch on a piece of paper that is standing upright on a wooden floor. The drawing features a character wearing a long coat or cape, standing confidently with one hand in a pocket and the other relaxed at their side. The character is also wearing a mask and armor, and there is a rectangular object, possibly a medallion or shield, on their chest. The figure appears to be holding a staff or sword in one hand, which is positioned on the ground or a small mound of dirt next to them. The background is minimal, suggesting a barren or desolate landscape with a simple horizon line.
10552	neutral	10552.jpg	The image features a pencil sketch on a white sheet of paper placed on a wooden surface. The background is dimly lit, contributing to a soft shadow effect around the drawing area. The composition is centered on a character who is standing confidently, clad in detailed armor with a cape flowing behind. The character’s helmet obscures their face, adding a mysterious element. Notable details include intricate lines and shading that highlight the armor’s texture and the folds of the cape. The ground beneath the character includes a small mound and a distant figure or object, adding depth to the scene. The overall lighting emphasizes the sketch, making the lines stand out against the darker surroundings.
10552	neutral	10552.jpg	The image shows a piece of paper with a pencil sketch of a character standing confidently on a flat surface that appears to be outdoors, given the presence of a small mound or hill in the background. The character is drawn in a detailed style, featuring a hooded outfit with a cape that flows behind them. The attire includes a detailed chest piece and what seems to be knee-high boots. The character's right hand is resting on their hip, while the left hand holds a long staff or weapon. The background is minimal, focusing primarily on the character, and the overall scene appears to be part of a quiet, dimly-lit indoor setting, possibly a workspace or a drawing area.
10552	neutral	10552.jpg	In the softly illuminated sketch, a figure stands with an imposing silhouette, poised in a stance exuding both strength and ancient wisdom. The hooded head, shrouded in mystery, frames a face that bears the wear of countless tales. The long, flowing cape billows around the character, suggesting movement and power. The armor, adorned with intricate patterns and designs, hints at a rich history and formidable legacy. The background, though minimal, presents a small mound and a distant, almost mythical creature, adding depth to the narrative captured in this artwork. The delicate lines and careful shading bring the scene to life, inviting the viewer into a world of legend and lore.
10797	neutral	10797.jpg	In the image, a stack of neatly folded shirts with a blue and white striped pattern is prominently placed on a surface in the foreground. These shirts showcase varying shades of blue and white stripes, with some shirts having a subtle pink and light blue design towards the bottom of the stack. Behind the shirt stack, a person is standing with their arms crossed. The individual is wearing a long-sleeved, light-colored, button-up shirt with vertical stripes. Only the person's torso and arms are visible, and their face is not shown. They are also wearing a bracelet on their left wrist. The background includes a section of a wall with a framed picture, partially visible on the top left. The overall atmosphere is clean and orderly, with a neutral and calm color palette dominated by shades of blue, white, and light beige.
10797	neutral	10797.jpg	The image shows a person standing behind a neatly stacked pile of folded light-colored striped shirts, with their arms crossed. The shirts display a variety of subtle stripes in pastel shades, creating a tidy and organized appearance. The background is plain, emphasizing the clothing and the individual’s posture.
10797	neutral	10797.jpg	The image conveys a sense of neutrality and calmness through its simple composition and muted tones. A person is standing in the background with arms crossed, wearing a light-colored, striped shirt, which suggests a relaxed but focused stance. The foreground features a neatly folded stack of similar striped shirts, reinforcing the idea of order and tidiness. The soft-focus background and the absence of any intense colors or dynamic elements contribute to the overall serene and unemotional atmosphere. This setting might evoke feelings of contemplation or quiet observation, devoid of strong emotional highs or lows.
10797	neutral	10797.jpg	The main subject in this image is a stack of neatly folded striped shirts placed on a surface towards the foreground. Behind the stack of shirts stands a person with their arms crossed, dressed in a similar striped shirt, suggesting a connection to the clothing on display. The person's face and lower body are not visible, focusing attention on the shirts and crossed arms.The lighting in the image is soft and even, likely coming from natural light sources, creating a calm and neutral atmosphere. The colors are subdued, featuring shades of light blue, white, and pink, giving the scene a gentle and harmonious appearance.The overall scene context appears to be a domestic or office setting, with a minimalistic background that includes a part of a wall and a small piece of art or decoration at the top left corner. This setting, combined with the person’s posture, suggests a moment of contemplation or casualness, aligning with the neutral sentiment conveyed by the crossed arms and orderly arrangement of the shirts.
10797	neutral	10797.jpg	A person wearing a light-colored, long-sleeved shirt with thin vertical stripes stands with their arms crossed. On the table in front of them is a neatly stacked pile of collared shirts, which are similar in color and pattern to the person's shirt. The shirts on the table also have thin vertical stripes in different shades of blue and pink. The background suggests an indoor setting with a plain wall and a framed picture hanging on it.
10797	neutral	10797.jpg	The image depicts a person standing with their arms crossed wearing a light blue, striped, button-up shirt. The shirt is long-sleeved and they have a tattoo on their left forearm. In the foreground, there is a neatly folded stack of shirts, composed of light blue and white striped shirts with a slight variation in the pattern and some pink accents. The lighting in the image is bright and even, highlighting the details of the shirts without causing any harsh shadows. The composition focuses on the stack of folded shirts as the primary subject with the person in the background, providing context. The background is minimal, with a plain white wall and a small, colorful painting hanging on the upper left side, which adds a subtle touch of color without distracting from the main elements. The spatial relationship shows the person slightly to the right and behind the stack of shirts, suggesting a connection between the person and the folded shirts.
10797	neutral	10797.jpg	The image shows a stack of neatly folded white and light blue striped dress shirts placed on a table or surface. In the background, a person is standing with their arms crossed, wearing a similar striped shirt. The person appears to have a bracelet on their right wrist, and they're standing against a plain wall with a colorful abstract painting hanging on it. The scene suggests an organized or professional setting, possibly a workplace or a place where clothes are sorted or presented. The atmosphere appears calm and composed, with attention to detail in the presentation of the shirts.
10797	neutral	10797.jpg	In the foreground, a stack of neatly folded light blue and pink striped shirts lies on a surface, their crisp lines and soft hues inviting a calm atmosphere. Behind them, a person wearing a similar shirt stands with arms crossed, exuding a composed yet assertive presence. The minimalist setting, with a hint of artwork on the wall, adds a touch of subtle elegance to the scene. The overall impression is one of organized simplicity and subtle sophistication.
11856	neutral	11856.jpg	The image displays a text with details about two open house events, each with specific date, time, and location. The first event is titled "Calgary open house" scheduled for Tuesday, September 1, lasting from 5:30 p.m. to 8:30 p.m. It is set to take place at the Courtyard Marriott Calgary Airport, located at 2500 48 Avenue NE. Below this is the second event described as "Edmonton open house," which is on Wednesday, September 2, with the same duration from 5:30 p.m. to 8:30 p.m. It is held at Chateau Louis Hotel and Conference Centre, situated at 11727 Kingsway Avenue. The text is in a plain font on a white background, giving a simple and straightforward presentation devoid of any additional visual elements or decorations.
11856	neutral	11856.jpg	The image displays details about two events, namely a Calgary open house and an Edmonton open house. The Calgary open house is scheduled for Tuesday, September 1 from 5:30 p.m. to 8:30 p.m. at the Courtyard Marriott Calgary Airport, located at 2500 48 Avenue NE. The Edmonton open house is set for Wednesday, September 2, from 5:30 p.m. to 8:30 p.m. at the Chateau Louis Hotel and Conference Centre on 11727 Kingsway Avenue.
11856	neutral	11856.jpg	The image conveys neutral sentiment by presenting factual information about two open house events in Calgary and Edmonton without any explicit emotional language or imagery. The text is straightforward and objective, detailing the dates, times, and locations of the events. Words like "open house" suggest a welcoming environment, but there is no additional language that elicits strong emotions or specific moods. The overall tone is informative and calm, creating an atmosphere of anticipation without leaning towards excitement or disappointment.
11856	neutral	11856.jpg	The main subjects of the image are the details of two open house events, one in Calgary and the other in Edmonton. The text is arranged with a clear heading for each event, followed by specific details such as date, time, and location. The first subject, "Calgary open house," is prominently displayed at the top with the subsequent information listed below it. Similarly, "Edmonton open house" appears below the Calgary event details, followed by its respective details.Visually, the text is in a plain, black font on a white background. There is no discernible use of color aside from the black text and the white background. The lighting appears even and consistent, ensuring the text is clearly legible without any shadows or highlights that would distract from the information.The overall scene context is informational, providing straightforward details about the dates, times, and locations of the open house events. The neutral sentiment reflects a focus on conveying facts without any emotional or persuasive elements.
11856	neutral	11856.jpg	The image provides information about two open house events happening in different cities. The first event is the Calgary open house scheduled for Tuesday, September 1, from 5:30 p.m. to 8:30 p.m. at the Courtyard Marriott Calgary Airport located at 2500 48 Avenue NE. The second event is the Edmonton open house taking place on Wednesday, September 2, also from 5:30 p.m. to 8:30 p.m. at the Chateau Louis Hotel and Conference Centre situated at 11727 Kingsway Avenue. The description shares details about the date, time, and location of these events without indicating any specific actions, interactions, or additional visual elements beyond the text.
11856	neutral	11856.jpg	The image features a simple text layout with information about open house events in Calgary and Edmonton. The background is white, with black text displayed prominently at the center. The composition is straightforward, with two sections separated by spacing. The first section details the Calgary open house, including the date, time, and location at the Courtyard Marriott Calgary Airport. The second section provides details for the Edmonton open house, also including the date, time, and location at the Chateau Louis Hotel and Conference Centre. The text uses varying font sizes to distinguish between headings and subheadings, with the headings in a larger bold typeface and the details in a smaller regular typeface. The overall layout is clean, minimalistic, and easy to read, with balanced spacing and alignment.
11856	neutral	11856.jpg	This image contains details about two open house events. It announces a Calgary open house happening on Tuesday, September 1, from 5:30 p.m. to 8:30 p.m. at the Courtyard Marriott Calgary Airport, located at 2500 48 Avenue NE. Additionally, it mentions an Edmonton open house on Wednesday, September 2, also running from 5:30 p.m. to 8:30 p.m. at Chateau Louis Hotel and Conference Centre on 11727 Kingsway Avenue. The purpose of these events seems to be informational gatherings, likely related to real estate or community services, offering attendees the chance to visit and learn more about the locations and amenities.
11856	neutral	11856.jpg	An intimate, yet intriguing event is set to unfold, inviting attendees to explore the offerings of two distinct cities through their respective open houses. In Calgary, the evening of Tuesday, September 1, promises a buzzing atmosphere as participants gather at the Courtyard Marriott Calgary Airport, located at 2500 48 Avenue NE, from 5:30 p.m. to 8:30 p.m. Meanwhile, just a day later, on Wednesday, September 2, Edmonton throws its own welcoming party at the Chateau Louis Hotel and Conference Centre on 11727 Kingsway Avenue, with guests warmly welcomed from 5:30 p.m. to 8:30 p.m. Each location offers a unique opportunity to delve into the vibrant cultures and communities of Calgary and Edmonton.
11891	neutral	11891.jpg	The image features a pink background with a black and white illustration of a woman with her finger on her lips, portraying a thoughtful or secretive expression. The woman has curly hair and is wearing a jacket with a textured pattern on the collar. To the left of the illustration, there is text in black font that says, "I hate when my Botox wears off. Then people can tell that I don't like them." Below the text, there is a logo and the name "someecards user card." The overall design has a retro and playful aesthetic, combining vintage illustration with modern text.
11891	neutral	11891.jpg	The image features a black and white illustration of a woman with her hand on her lips, against a pink background. The text on the image reads "I hate when my Botox wears off. Then people can tell that I don't like them." The logo of "someecards" and the tagline "user card" are also present at the bottom.
11891	neutral	11891.jpg	The image features a pastel pink background that creates a soft and subtle atmosphere, adding to the calmness of the scene. On the left side, there is a text in black that reads, "I hate when my Botox wears off. Then people can tell that I don't like them." The text is arranged in a straightforward manner, contributing to a clear and direct communication.On the right side, there is a black and white illustration of a woman with an elegantly styled hairdo, reminiscent of an older vintage look. She is depicted with a thoughtful expression, holding her finger to her lips, which can signify contemplation or secrecy. The illustration style is clean and minimalistic, which adds to the serene and reflective mood of the image.In the bottom left corner, there is a small logo and text that reads, "somezecards user card," adding an element of branding without disrupting the overall simplicity of the image.The combination of the soft background, clear text, and thoughtful illustration creates a neutral sentiment. The atmosphere is contemplative and somewhat humorous, as the text suggests a light-hearted complaint about Botox wearing off. The overall mood is one of quiet reflection, with a hint of sarcasm, contributing to the image's balanced and neutral emotional tone.
11891	neutral	11891.jpg	The image features a black-and-white illustration of a woman's face on the right side against a pink background. She is depicted with soft curves in her hair and her hand placed near her lips, giving a contemplative or secretive gesture. On the left side, there is a text block in black font that reads, "I hate when my Botox wears off. Then people can tell that I don't like them." At the bottom left corner, there is a logo and text that reads, "someecards user card." The overall scene uses a contrasting color scheme with the black and white illustration against the vibrant pink background, creating a striking visual effect. The arrangement of text and illustration is balanced, with the text aligned to the left and the image prominently displayed on the right. The lighting is even, highlighting the simplicity and clarity of the design.
11891	neutral	11891.jpg	The image features a black-and-white illustration of a woman with shoulder-length hair, a hand near her lips, and prominent eye makeup. On the left side, against a pink background, there is text that reads: "I hate when my Botox wears off. Then people can tell that I don't like them." At the bottom left corner, the text "someecards user card" is present. There are no additional actions, interactions, or events visible in the scene.
11891	neutral	11891.jpg	The image features a light pink background with text on the left side. The text is in black font, with a short message expressing a humorous sentiment regarding Botox. On the right side, there is a black-and-white illustration of a classic pin-up style woman with her hair styled in curls. She has an expression that suggests she is thinking or contemplating, with her finger placed thoughtfully on her lips. The overall composition is balanced, with the text on the left complementing the illustration on the right. The lighting appears flat, typical of a printed card, and the image uses a minimal color palette, focusing on pink, black, and white. Notable details include the stylized hair and the thoughtful pose of the character, which add a vintage yet modern touch to the design. The bottom left corner displays a logo with the text "someecards user card," indicating the source of the card.
11891	neutral	11891.jpg	The image features a playful yet slightly mischievous statement printed in black on a pink background. It reads, "I hate when my Botox wears off. Then people can tell that I don't like them." Below the text, there's an illustration of a woman with classic, rounded hair curls and a thoughtful expression, her finger placed thoughtfully near her lips. The illustration style is simple and artistic, with clean lines and a minimalist approach. In the bottom left corner, there's a logo for "someecards" with the text "user card" beneath it, indicating that this is a customizable user-generated card. The overall presentation combines humor with a touch of wit, suggesting a light-hearted take on social interactions and personal expression.
11891	neutral	11891.jpg	The image features a black and white illustration of a classic vintage hairstyle and fashion, set against a solid pink background. On the left side, a humorous message reads: "I hate when my Botox wears off. Then people can tell that I don't like them." This witty text plays on the idea of using cosmetic procedures to conceal true feelings. The design also includes the text "someecards user card" at the bottom left, suggesting that this design is part of a series of humorous cards from the Someecards brand.
11942	neutral	11942.jpg	The image shows a weather monitoring webpage from "wunderground.com" at 6:54 PM, displaying various meteorological data. The cellular status bar at the top indicates a connection to Bell network with Wi-Fi, battery at 29%, and other icons. The weather data is organized into categories, such as Temperature, Dew Point, Humidity, Precipitation, Wind Speed, Wind Gust, Wind Direction, and Pressure, each with High, Low, and Average figures.For Temperature, the High is 22°C, Low is 9.3°C, and Average is 15.6°C. The Dew Point shows a High of 8.1°C, Low of 2.4°C, and Average of 5.8°C. Humidity is at 81% High, 30% Low, and an Average of 58%. Precipitation is listed as 0 mm for High with no Low or Average values.Regarding wind, the Speed High is 14 km/h with an Average of 3 km/h, while Gust reaches up to 15 km/h. The Wind Direction is West with no specific High or Low values. Pressure readings are 999 hPa for High and 991 hPa for Low, with no Average value provided. The background and text are primarily white and black, presenting a clear and straightforward layout focusing purely on the data without any atmospheric elements or human presence.
11942	neutral	11942.jpg	The image displays a weather summary from wunderground.com at 6:54 PM showing details for temperature, dew point, humidity, precipitation, wind speed, wind gust, wind direction, and pressure for high and low readings as well as averages. The highest temperature is 22°C with a low of 9.3°C, and the average is 15.6°C. The wind direction is predominantly west with a highest wind speed of 14 km/h and gust reaching 15 km/h.
11942	neutral	11942.jpg	The image displays a weather report from 6:54 PM with information from Wunderground. The weather data is presented in a structured table, showcasing high, low, and average readings for different metrics such as temperature, dew point, humidity, wind speed, wind gust, wind direction, and pressure. The temperature ranges from a high of 22°C to a low of 9.3°C, with an average of 15.6°C. The dew point varies from 8.1°C to 2.4°C, averaging 5.8°C. Humidity levels are notably high at 81% but drop significantly to 30% at the low, with an average of 58%. The precipitation is reported at 0 mm, indicating no rainfall. Wind speed reaches a high of 14 km/h, gusting up to 15 km/h, with an average wind speed of 3 km/h. The wind direction is consistently West. Atmospheric pressure readings are 999 hPa at the high and 991 hPa at the low, with no average provided.The mood and atmosphere conveyed by this image are neutral, as it strictly presents factual weather data without any emotional language or subjective interpretation. The organization and clarity of the information lend a methodical and straightforward sentiment, typical of weather reports meant to inform rather than evoke emotion. The use of standard units and clear categorization reinforces the practical and objective nature of the information, ensuring that the reader can easily understand and interpret the current weather conditions.
11942	neutral	11942.jpg	The image displays a weather information screen from the website wunderground.com at 6:54 PM. It presents a neutral sentiment without any explicit emotional indicators. The main subjects are weather statistics for a given location, including Temperature, Dew Point, Humidity, Precipitation, Wind Speed, Wind Gust, Wind Direction, and Pressure. The data is organized into three columns labeled High, Low, and Average. Each weather metric is listed in rows with corresponding values.Visually, the image uses a clean, white background with black text and simple, clear fonts. There are no additional graphics or colors to distract from the information, ensuring the data is easily readable. The layout is structured and orderly, with clear divisions between sections.The overall scene context suggests a straightforward, functional display designed for users to quickly access and understand the current weather conditions and forecasts. The phone's screen also indicates battery life and connectivity status at the top, providing additional context for the device's state.
11942	neutral	11942.jpg	The image displays data from the website wunderground.com featuring weather information with a timestamp of 6:54 PM under the provider Bell. The battery indicator shows 29% charge. The weather data is broken down into two sections: Temperature, Dew Point, Humidity, and Wind related metrics.The temperature readings are listed as follows: a high of 22°C, a low of 9.3°C, and an average of 15.6°C. The dew point readings indicate a high of 8.1°C, a low of 2.4°C, and an average of 5.8°C. Humidity measurements show a high of 81%, a low of 30%, and an average of 58%. There was 0 mm of precipitation recorded.Wind speed data shows a high of 14 km/h and an average of 3 km/h, while wind gust data lists a high of 15 km/h. The wind direction is noted as West. Pressure readings are presented with a high of 999 hPa and a low of 991 hPa. No average pressure value is indicated.
11942	neutral	11942.jpg	The image has a clean, organized layout showcasing a weather report, with various data points neatly arranged in a table format. The color scheme is minimalistic, utilizing mostly grayscale tones, which helps emphasize the numerical data. The text is primarily in black with a white background, ensuring high contrast for easy readability.The top part of the screen displays the time as 6:54 PM and includes cellular signal and battery indicators. The logo and website URL, 'wunderground.com', are positioned at the top right corner, slightly contrasting with the lighter background.Key metrics such as temperature, dew point, humidity, and precipitation are listed on the left column, while columns titled 'High', 'Low', and 'Average' provide specific values for each metric. The temperature section shows a range and average with all values in degrees Celsius. Dew point and humidity also follow this format, with humidity notably having a large percentage range. Precipitation is marked as 0 mm, with dashes for unavailable low values.The lower part of the table covers wind speed, wind gust, wind direction, and pressure. Wind speed and gust are separated by 'High' and 'Low' columns, with wind direction noted as West. Pressure values are provided as 'High' and 'Low' in hPa units.Overall, the composition is structured and straightforward, with clear spacing between sections to enhance readability. The spatial relationship of the data is logical, moving vertically through different weather parameters, and horizontally across high, low, and average values.
11942	neutral	11942.jpg	The image is a screenshot of a weather report from the website wunderground.com, displaying the current weather conditions at 6:54 PM on a mobile device with the Bell network. The battery indicator shows 29% charge. The report includes measurements for temperature, dew point, humidity, precipitation, wind speed, wind gust, wind direction, and atmospheric pressure. The details are categorized into high, low, and average values where available.The temperature ranges from a low of 9.3°C to a high of 22°C, with an average of 15.6°C. The dew point ranges from 2.4°C to 8.1°C, with an average of 5.8°C. Humidity levels vary between 30% and 81%, averaging at 58%. Precipitation recorded is 0 mm, with no low value provided.Wind speed peaks at 14 km/h, while wind gust reaches up to 15 km/h, though average wind speed is only 3 km/h. The wind direction is from the west. Atmospheric pressure is noted at 999 hPa for the high and 991 hPa for the low, with no average value given.
11942	neutral	11942.jpg	The image displays detailed weather data at 6:54 PM from the website wunderground.com, captured on a device connected to Bell service with a 29% battery level. The temperature readings show a high of 22°C, a low of 9.3°C, and an average of 15.6°C. The dew point ranges from 8.1°C to 2.4°C, averaging at 5.8°C. Humidity levels fluctuate between 81% and 30%, settling at an average of 58%. There is no recorded precipitation, with both high and low values marked as 0 mm and --, respectively.Wind speed peaks at 14 km/h and gusts up to 15 km/h, though the average wind speed hovers around 3 km/h. The wind direction is consistently west. Atmospheric pressure readings are quite stable, with values at 999 hPa for the high and 991 hPa for the low, without an average provided.
12143	neutral	12143.jpg	The image features a beautifully crafted seasonal wreath made from paper cutouts of leaves and branches, designed to resemble a natural wreath, positioned on a door. The colors are primarily neutral tones, including shades of white, beige, and light brown, creating a soft and elegant aesthetic. The wreath includes intricate, layered paper pieces that give a textured appearance, and it is adorned with fabric elements in similar neutral hues hanging from the top.Above the wreath, text reads "season to season wreath class event September 29, 2015, 7pm Stampin' Dolce Studio $39" in a combination of cursive and print fonts. At the bottom, additional information includes instructions and details about the class's registration and payment deadline: "September 19, 5pm VISA, MasterCard, EMT or Cash" along with a note that payment is a final sale and non-refundable. The name "krista frattin" and the website "stampindolce.com" appear in smaller print near the bottom. The setting appears to be indoors, with a door and a light-colored wall providing a clean backdrop to highlight the wreath's details. The overall atmosphere is calm and inviting, emphasizing creativity and home decor.
12143	neutral	12143.jpg	The image features an advertisement for a class event titled "Season to Season Wreath" scheduled for September 29, 2015, at 7 pm at Stampin' Dolce Studio. It showcases a decorative wreath made from newspaper print, adorned with artificial leaves, priced at $39. The advertisement mentions that the class includes all necessary materials and tools, and registration must be completed by September 19 at 5 pm with various payment options.
12143	neutral	12143.jpg	The image conveys a neutral sentiment primarily through its orderly and serene presentation. It features a wreath crafted from newspaper print, hanging on a door, suggesting a blend of creativity and eco-friendliness. The muted color palette, consisting of soft beiges and subtle shades, contributes to a calming atmosphere. Additionally, the text about a seasonal wreath-making class is clear and straightforward, focusing on providing essential details like the event date, time, and cost. This practical information, combined with the simple and elegant design of the wreath, creates an overall mood of tranquility and purpose, reinforcing a sense of balance and functionality without evoking strong emotions.
12143	neutral	12143.jpg	The main subject of the image is a handmade seasonal wreath crafted from what appears to be newspaper clippings, with decorative elements like feathers and leaves integrated throughout. The wreath is prominently displayed against a white door, with a string of additional feathers hanging in front of it. The arrangement is symmetrical, with the wreath's shape evenly rounded and embellishments distributed across its circumference.The visual elements include soft, diffuse lighting that highlights the textures and details of the newspaper material without creating harsh shadows. The color palette is muted, featuring shades of beige and white with hints of light brown from the feathers and leaves, contributing to a harmonious, rustic aesthetic.The overall context suggests a craft-oriented setting, likely related to a hands-on class for creating similar decorations, as indicated by promotional text overlaying the image. The image conveys a DIY or artistically crafted vibe, emphasizing the autumnal and seasonal theme of the wreath.
12143	neutral	12143.jpg	The image features a beautifully crafted season-to-season wreath made from materials resembling newspaper pages, hanging on a white door. The wreath is adorned with several interchangeable banners in pastel colors, which suggest different seasonal themes. At the top of the image, text provides details about a class event hosted by Stampin' Dolce Studio on September 29, 2015, at 7 pm. It advertises the creation of this wreath as part of the class, priced at $39. Registration and payment deadlines are noted as September 19 at 5 pm, with accepted payment methods including VISA, MasterCard, EMT, or cash. The text also mentions that payment is a final sale and non-refundable. The artist credited for the design is Krista Frattin, with her website link provided as stampindolce.com.
12143	neutral	12143.jpg	The image features a handmade season to season wreath displayed against a white door. The wreath is composed of strips of newspaper fashioned into a rustic circular shape. These strips are predominantly in shades of white and tan, contributing to an earthy and layered appearance. In addition to the newspaper strips, the wreath includes decorative leaves in white, silver, and gold hues that provide a touch of elegance and contrast. A small twig with hanging leaves adds a natural element, extending slightly below the wreath. The lighting is soft and even, highlighting the textures and details of the wreath without creating harsh shadows. The composition centers the wreath, making it the focal point, with the text overlay positioned around the top and bottom of the image. Notable details include the intricate arrangement of the newspaper strips and the harmonious blend of materials and colors.
12143	neutral	12143.jpg	The image advertises a class event on "Season to Season Wreath" hosted by Stampin' Dolce Studio, scheduled for September 29, 2015, at 7 pm, with a cost of $39. The ad features a beautiful wreath made from newspaper, with elegant dried flowers accenting it. Below the wreath, there's information about the class, explaining that participants will learn how to create a similar wreath complete with three interchangeable banners. The class includes all necessary materials, tools, and instructions. The registration and payment deadline is September 19 at 5 pm, and payment is final and non-refundable, accepted via Visa, MasterCard, EMT, or cash. The advertisement is signed by Krista Frattin from stampindolce.com.
12143	neutral	12143.jpg	The image features a seasonal wreath crafted from paper strips in cream and light brown tones, creating a rustic, textured appearance. Adorning the wreath are various fabric leaves in muted colors like beige, gray, and white. A string underneath the wreath holds small fabric leaves, adding a delicate touch. The text at the top announces a class event titled "season to season wreath" held on September 29, 2015, at 7 pm, organized by Stampin' Dolce Studio, with a fee of $39. Attendees will learn to make a similar wreath with three interchangeable banners. All materials, tools, and instructions are included. The registration and payment deadline is September 19 at 5 pm, and payment methods include VISA, MasterCard, EMT, or cash, emphasizing that it is a final sale and non-refundable. The artist behind the design is Krista Frattin, with "Artisan" written at the bottom left.
12721	neutral	12721.jpg	The image features a traffic sign with an orange background and a black border. The word "DETOUR" is written in large, black capital letters at the top of the sign. Below the text, there is an illustration of a bus on the left side and a black arrow pointing to the right. The sign is meant to indicate a detour for vehicles, suggesting they should take an alternate route. The overall design is simple and clear, with high contrast between the text and the background for easy visibility. The setting and atmosphere implied by the sign are related to road navigation and guidance.
12721	neutral	12721.jpg	The image is a traffic sign with an orange background and black text. It reads "DETOUR" with an arrow pointing to the right and an illustration of a bus, indicating a reroute for vehicles.
12721	neutral	12721.jpg	The image displays a yellow road sign featuring the word "DETOUR" along with a simple illustration of a truck and a rightward arrow. The straightforward design and clear, bold text suggest a functional and practical purpose. The emotional cues from the sign are minimal, conveying a sense of direction and guidance without any inherent emotion. The bright yellow background provides high visibility, which adds a sense of caution and awareness. The overall atmosphere is informative and neutral, focusing solely on delivering a message without evoking any strong feelings or emotions. The mood is calm and direct, emphasizing clarity and utility.
12721	neutral	12721.jpg	The main subject of this image is a "DETOUR" sign, prominently positioned in the upper half of the sign, with bold black letters centered against an orange background. Below the text, there is an icon of a bus on the left and a black rightward arrow on the right. The bus icon is centered vertically between the text and the arrow, indicating direction. The image uses high contrast between the black elements and the bright orange background, which makes the sign highly visible and easily readable. The lighting is uniform, ensuring clarity and visibility of the text and symbols. The overall context suggests a road or traffic scenario where a detour ahead is indicated due to possible roadworks or an obstruction, guiding drivers to take an alternate route.
12721	neutral	12721.jpg	The image features an orange rectangular sign with the word "DETOUR" in bold, black capital letters at the top. Below the text, there is a black silhouette of a bus on the left side, accompanied by a large black right-pointing arrow on the right side, indicating a route alternative for vehicles.
12721	neutral	12721.jpg	The image features a traffic sign with a predominantly orange background, which is bright and vibrant, ensuring visibility. The sign includes a bold black border that frames the entire image, creating a clear boundary. The word "DETOUR" is prominently displayed at the top in large, capital black letters, designed for easy reading. Below the text, there is an illustration of a bus, also in black, indicating the type of traffic diverted by the sign. Adjacent to the bus, there is a large black arrow pointing to the right, signaling the direction of the detour. The composition is straightforward and symmetrical, with the text and symbols centrally aligned. The use of contrasting colors black on orange enhances visibility and readability. The spatial relationship between the text, bus illustration, and arrow ensures that the message is clear and unambiguous.
12721	neutral	12721.jpg	The image shows a traffic sign with a bright orange background and bold black text and symbols. The top part of the sign reads "DETOUR" in large, block capital letters, indicating that there is a detour ahead. Below the text, there is a black silhouette of a truck, symbolizing that the detour may affect truck traffic or is related to larger vehicles. To the right of the truck, there is a large black arrow pointing towards the right, suggesting the direction drivers should take to follow the detour. The combination of the text and the arrow clearly instructs drivers to change their route to the right to avoid the usual path ahead. This type of sign is typically used to alert drivers to temporary changes in road conditions or construction work ahead.
12721	neutral	12721.jpg	The image is a vibrant orange square sign featuring the word "DETOUR" in bold, black capital letters at the top. Below the text, there's a simple black arrow pointing to the right, indicating the direction of the route change. On the left side of the arrow, an illustration of the front of a bus is depicted, also in black, suggesting that this detour may affect bus routes or is intended for bus drivers. The sign's clear and striking color scheme ensures it stands out, providing essential information to drivers at a glance. The black border around the sign enhances its visibility and helps it stand out against various backgrounds.
12894	neutral	12894.jpg	The image depicts a tall, modern apartment building with a unique, slightly tapered design. The structure is white or light-colored and has multiple balconies with blue-tinted glass railings. Each floor features rows of windows and balconies arranged in a grid-like pattern. The building is set against a neutral sky, suggesting an overcast day. In the foreground, there is a small courtyard area with a few trees and shrubs, adding a touch of greenery. The entrance is located on the ground floor, with a covered entryway and glass doors. The overall setting is urban, with some vegetation around the building, creating a calm and orderly atmosphere. There are no people visible in the image.
12894	neutral	12894.jpg	The image shows a tall, modern building with a distinctive step-like design that narrows as it ascends. The structure features multiple balconies and windows, and there are some trees and shrubs at its base, along with a small patio area. The building appears to be a residential or office tower set in an urban environment.
12894	neutral	12894.jpg	The image depicts a tall, modern apartment building, with a clean, white exterior and multiple balconies. The overall structure appears sturdy and well-maintained, giving off a sense of order and stability. The building's design is straightforward and functional, without any overly dramatic or emotional architectural elements. In front of the building, there is a modest entrance with glass doors, accompanied by a small, landscaped area with a few trees and bushes, adding a touch of greenery to the scene. The presence of some young trees suggests care and effort put into creating a pleasant living environment, contributing to a calm and welcoming atmosphere.The sky is overcast, casting a soft, diffused light over the entire scene, which adds to the neutral tone. There are no visible people or vehicles, which imparts a serene and quiet mood, as if the building is peacefully waiting for its residents to bring it to life. The overall impression is one of understated calmness and functional beauty, devoid of any strong emotional highs or lows.
12894	neutral	12894.jpg	The image shows a tall, modern apartment building with a striking, stepped design. The building has numerous balconies, with balconies varying in width and recessed into the structure, creating a tiered effect as the building rises. Each balcony features glass railings, adding to the contemporary look. The building's exterior is predominantly light-colored, likely white or a light gray, giving it a clean and minimalist appearance. The lower section includes an entrance area with a flat roof overhang, and the ground floor appears to have large windows or possibly glass doors. The surrounding area is landscaped with young trees and bushes, suggesting an attempt to incorporate some greenery into the urban environment. The lighting is soft, with no harsh shadows, indicating an overcast sky, which provides even illumination across the scene. The overall scene suggests a quiet and orderly residential area, likely in a city or urban setting. The building's design stands out due to its unique architecture, distinguishing it from more conventional high-rise buildings.
12894	neutral	12894.jpg	The image features a tall, modern high-rise building with a unique geometric design. The building is predominantly white and features a mix of straight and angled surfaces, creating a stepped appearance as it rises. Each floor includes rectangular windows, some of which are blue-tinted, adding contrast to the otherwise monochromatic façade. The ground level includes a covered entrance area with large glass doors, and there are a few small trees and shrubs planted around the building's base. The sky in the background is overcast, suggesting a cloudy day. The overall setting appears to be an urban environment, with the building standing out due to its distinctive architectural style.
12894	neutral	12894.jpg	The image depicts a modern tall apartment building with a slightly tapered design, featuring a white facade that gives it a clean and minimalist appearance. The building has numerous windows, mostly rectangular, with some balconies visible on certain floors, offering glimpses into the residential units. The sky in the background appears cloudy, casting soft, diffused lighting that minimizes harsh shadows on the building’s surface. The composition centers the building prominently, with a slight angle that gives depth to the structure. In the foreground, there is a small, attached structure likely serving as the main entrance, featuring glass doors and a sheltered porch area. Nearby, young trees and shrubs are planted along the building’s base, adding a touch of greenery to the scene. The overall environment seems calm and orderly, with a spacious parking area visible in front, and the spatial relationship between the building and its surroundings emphasizes its height and prominence within the urban setting.
12894	neutral	12894.jpg	This image shows a modern high-rise building that features a unique, staggered architectural design. The building has numerous floors, each slightly offset from the one below, creating a stepped effect. The exterior is primarily made of concrete or a similar material, with a mix of windows and balconies visible on each floor. At the base of the structure, there is a smaller section that appears to serve as an entrance, with large glass doors and a flat roof extending slightly outward. The building is set in an urban environment, surrounded by some greenery including trees and bushes planted at the base. The sky is overcast, giving the scene a neutral and subdued atmosphere. The overall setting suggests a residential or mixed-use building in a city.
12894	neutral	12894.jpg	The building in the image has an unconventional, zigzag structure that creates a visually striking pattern. Each segment juts out from the one below it, giving the impression of a layered, three-dimensional design. The facade is predominantly grey, with occasional balconies adding pops of color through blue and yellow window frames. The entrance is situated at street level, featuring a flat overhang and glass doors. There are a few trees and shrubs planted near the base, adding touches of greenery to the urban setting.
12968	neutral	12968.jpg	The image shows a street scene with a prominent orange sign positioned on the roadside. The sign has bold black lettering that reads "HRS BUSES ONLY," indicating a lane that accommodates only buses designated for special hours. Below this sign is a smaller, black sign with a white arrow pointing to the right, suggesting a turning direction or a lane change. The area appears to be undergoing construction, evident from the presence of various construction equipment and materials in the background. There are orange and reflective traffic cones, and a stop sign is visible, which is partially obstructed by an excavator in the distance. The scene includes green trees and a clear pathway on the sidewalk. The atmosphere is calm with no visible people, and the time of day appears to be dusk or dawn, given the lighting conditions and the soft sky.
12968	neutral	12968.jpg	The image shows a road construction site with an orange sign reading "HRS BUSES ONLY" attached to a wooden post. Below the orange sign, there is a black sign with a white right-turn arrow. The background includes trees, a street with construction barriers, and a stop sign visible in the distance.
12968	neutral	12968.jpg	The image depicts a construction zone with a sign that reads "HRS BUSES ONLY" on an orange background, complemented by a white arrow indicating a lane change. The setting suggests a suburban area with trees lining the street, houses visible in the background, and construction equipment like cranes and barriers. The atmosphere appears calm and orderly, with no visible signs of urgency or distress. The muted lighting and lack of people contribute to a neutral, almost routine sentiment, implying a typical day with planned infrastructure work.
12968	neutral	12968.jpg	The main subject of the image is an orange sign that reads "HRS BUSES ONLY," placed on a roadside alongside a smaller black sign indicating a right turn with a white arrow. These signs are prominently positioned in the foreground. Behind them, there is a construction area, visible with heavy machinery and traffic cones. The environment consists of a residential neighborhood with houses in the distance, trees lining the street, and a stop sign at an intersection. The lighting suggests it is either early morning or late afternoon, given the soft and diffused light. The overall scene reflects a typical suburban setting undergoing some roadwork, directing buses to use a specific lane or turn.
12968	neutral	12968.jpg	The image shows a construction site with an orange sign that reads "HRS BUSES ONLY" with a black directional arrow pointing forward. There are construction barriers, cones, and heavy machinery visible in the background. The site appears to be near a residential area, with houses and trees in the distance. A stop sign is also visible on the right side of the image, indicating traffic control measures. The overall scene suggests roadwork is taking place, and there is a specific lane or direction reserved for buses.
12968	neutral	12968.jpg	The image depicts a vibrant, orange sign with bold black text that reads "HRS BUSES ONLY." Below the text, there's a directional arrow sign indicating a right turn, with a white arrow on a black background. The composition centers on the sign, making it the focal point of the image. Surrounding the sign is a typical suburban setting with trees along the road, grassy areas, and a pathway running parallel to the street. The lighting suggests it might be late afternoon or early evening, casting soft shadows across the scene, contributing to a calm and slightly overcast atmosphere. Notable details include construction cones and equipment in the background, indicating ongoing work. Utility poles and a stop sign are also visible, adding depth and context to the location.
12968	neutral	12968.jpg	This image shows a temporary traffic sign placed on the side of a road. The sign is orange with black lettering and reads "HRS BUSES ONLY" on the top panel. Below it, there's a smaller black sign with a white arrow indicating a right turn. The setup suggests a bus lane designated for buses only. In the background, construction equipment and orange road barriers are visible, indicating construction or roadwork activity. Trees line the street and a driveway is partially visible on the left side of the scene. The area appears to be in a residential or suburban neighborhood, and the sky is clear, indicating daytime.
12968	neutral	12968.jpg	In the scene, a bright orange sign with bold black text reading "HRS BUSES ONLY" stands prominently at a street corner. Below the main sign, a black directional arrow indicates a right turn. The location seems to be a suburban area undergoing construction, evidenced by the presence of heavy machinery, barriers, and temporary stop signs. The environment includes a sidewalk, green lawns, and scattered trees lining the street, which adds a sense of everyday life and routine despite the ongoing work.
13068	neutral	13068.jpg	The image shows a social media post by a user named Dee MacDonald who appears on a page titled "Only In Hamilton." The post is timestamped as 3 hours ago. Dee MacDonald expresses concerns about the safety of downtown, describing it as "sketchy," and mentions hesitations about asking "randoms for pot lol." The post conveys that the user is "Chronic" and is seeking help in finding a place to purchase a little cannabis today. The author requests assistance via Facebook and thanks the readers for their consideration. The post has the options to "Like," "Comment," and "Share," and has received one comment and one share. Below the initial post is a smaller update from the same user stating, "Dee MacDonald Still looking..." with a timestamp of 2 hours ago. The comment section shows one interaction, but the specific comment is not visible. The visual elements include standard social media interface elements such as profile pictures and icons, with a neutral color palette and layout.
13068	neutral	13068.jpg	The image shows a Facebook post by someone named Dee MacDonald, who is new to the area and concerns about it being sketchy. They mention hoping someone can assist in finding a place to smoke, casually asking for help with a humorous tone, and offering to get in touch via Facebook.
13068	neutral	13068.jpg	The image features a Facebook post by a user named Dee MacDonald who is requesting assistance in finding a place to get a hit of smoking material in the Hamilton area. The person expresses concern about the safety of downtown, describing it as potentially "sketchy," which conveys a sense of caution and apprehension. Additionally, the use of informal language like "puff" and "hit me up" along with the mention of being "chronic" adds a casual and somewhat desperate tone to the post. There is also a follow-up comment stating "Still looking..." indicating ongoing need and persistence. The overall mood is neutral as it mixes elements of humor and frustration without overtly positive or negative emotional expressions.
13068	neutral	13068.jpg	The image shows a Facebook post made by a user named Dee MacDonald from a page called "Only In Hamilton." The post, made three hours ago, expresses concerns about the area, describing it as possibly "too sketchy." The user mentions being "chronic" and asking for help finding a place to get some cannabis today, inviting others to reach out on Facebook. The post has received one comment and one share. Below the main post, there is a follow-up from Dee MacDonald stating "Still looking...," indicating that no help has been found yet. Visually, the interface is typical of Facebook, with options to like, comment, and share. The overall scene suggests someone seeking assistance and expressing anxiety about the safety of their surroundings. The colors are mostly neutral, with a clean layout typical of social media platforms.
13068	neutral	13068.jpg	The image is a screenshot of a Facebook post by a user named Dee MacDonald from a group called "Only In Hamilton." The post was made three hours ago and includes a request for help finding a place to get marijuana in a new area. Dee MacDonald mentions that they are new in the area and find the downtown part of town to be too sketchy for randomly asking people for pot. They also mention being a chronic someone dealing with chronic pain who uses cannabis and hoping someone can assist them in finding a place to get some today. The post shows options for liking, commenting, or sharing, and indicates that one person has shared the post. Below the original post, there is a subsequent update from Dee MacDonald stating "Still looking..." with a timestamp of two hours ago, indicating the search is ongoing. The profile picture of Dee MacDonald shows a photo of two people.
13068	neutral	13068.jpg	The image is a screenshot of a Facebook post. The background is light gray on the sides with a white background in the center where the post is located. The profile picture is in the upper left corner of the post, showing two people with a neutral color palette. The header text "Dee MacDonald > Only In Hamilton" is in blue and black font at the top.The main body of the text is in black font, with a casual and conversational tone, describing Dee's situation in a new area. There are interactive buttons for liking, commenting, and sharing, all in gray with black icons and text.Below the main post is a smaller section indicating a follow-up with the same profile picture and text that reads "Dee MacDonald Still looking...". The interface elements like the like and share buttons maintain the same gray and black color scheme throughout.Overall, the layout is clean and minimalistic, with focus on the text content.
13068	neutral	13068.jpg	This image is a screenshot of a Facebook post from a user named Dee MacDonald, who is located in a place called Only In Hamilton. The post was made three hours prior to the screenshot being taken. Dee is commenting on their observation of the area, stating that it appears sketchy based on the appearance of downtown. They express concern about approaching strangers for substances, specifically referring to it as "puff" which might suggest they are looking for drugs. They mention that they are chronic, likely referring to having a medical condition that requires regular use of these substances. The user is seeking assistance from the community to find a source for the substance and has invited people to contact them on Facebook. The post has garnered one comment and one share, indicating that someone responded or interacted with the post shortly after it was made. Below the initial post, there is a follow-up post from Dee MacDonald stating "Still looking..." which implies that they have not yet found what they are seeking and are continuing their search.
13068	neutral	13068.jpg	The image shows a Facebook post from a user requesting help with finding a place to obtain a specific item due to concerns about the safety of the area. The post mentions the user's new arrival, their unfamiliarity with the neighborhood, and a hope for assistance. The user asks for replies on Facebook, indicating a need for community support in a new environment. The post has received one comment and one share, showing some engagement from friends.
13272	neutral	13272.jpg	The image focuses on the lower legs and feet of several ballet dancers standing in a row. They are wearing white tights and light pink ballet slippers with bows tied elegantly around their ankles. The dancers are positioned side-by-side on a reflective dark floor, which subtly captures their reflections. Above their feet, parts of their ballet shoes and some decorative elements of their dresses can be seen, suggesting they might be in a performance outfit. The background is dark, emphasizing the dancers' legs and creating a dramatic and focused atmosphere. The composition highlights the grace and precision of ballet posture.
13272	neutral	13272.jpg	The image captures the lower legs and feet of multiple ballet dancers standing in a line, wearing pointe shoes and white tights. Their feet are poised elegantly on the tips of their shoes, reflecting light on a glossy floor, with the red and floral pattern of their dresses partially visible at the top of the frame.
13272	neutral	13272.jpg	The image focuses on the lower legs and feet of ballet dancers as they stand poised in their pointe shoes, creating a sense of delicate balance and grace. The attention to detail in the depiction of the muscles and the soft shadows conveys a feeling of strength and elegance. The dark background emphasizes the dancers, drawing the viewer's eye to their refined posture and symmetry, which evokes a serene and composed atmosphere. The reflective surface beneath their feet adds a subtle depth, enhancing the quiet intensity and stillness of the moment, contributing to the overall neutral sentiment of calm and poised beauty.
13272	neutral	13272.jpg	The main subjects of the image are five ballet dancers, whose lower bodies are prominently featured. Their legs and feet are arranged in a way that shows them standing on their toes in ballet pointe shoes, emphasizing the grace and precision of their movements. Each dancer is wearing light-colored tights, and their feet are encased in the elegant, ribbed pointe shoes which reflect light softly.Visually, the lighting is soft yet highlights the contours and musculature of the dancers' legs, creating subtle shadows that add depth to the image. The background is dark, which brings the focus entirely on the dancers' legs and pointe shoes, suggesting a stage setting. The colors are primarily muted, with the exception of the slight reddish hue of the dancers' skirts at the top edge of the image, adding a touch of vibrancy without overwhelming the scene.The overall scene context hints at a ballet performance or rehearsal, capturing a moment of poised readiness. The attention to detail in the dancers' positioning and the reflective surface of the floor suggest a professional and artistic environment, highlighting the discipline and beauty of ballet.
13272	neutral	13272.jpg	The image depicts the lower legs and feet of several ballet dancers, positioned in a line, likely in a performance setting. They are wearing pointe shoes, typical attire for ballet dancers, which allows them to stand on the tips of their toes. The dancers are wearing white tights, and they have their legs crossed or positioned close together, suggesting a pose or preparation for movement. The ballet dancers are positioned on what appears to be a stage, given the reflective flooring and the focus on their feet, which captures the grace and elegance associated with ballet performances.
13272	neutral	13272.jpg	The image showcases a close-up view of ballet dancers on stage, focusing on their lower legs and feet in pointe shoes. The dancers are arranged in a slightly overlapping manner, with their legs extending downward and feet pointed. This creates a rhythmic alignment that highlights the elegance and symmetry of their posture. The lighting is soft and diffused, casting subtle shadows and emphasizing the smooth texture of their skin and the delicate fabric of their pointe shoes.The colors in the image are primarily neutral and pastel, with shades of pink, beige, and white dominating the scene. There are hints of red from the dancers' tutus, adding a touch of warmth and vibrancy to the composition. The background is dark, ensuring that the attention remains on the dancers and their feet.Notable details include the precision and alignment of the dancers’ feet, which are in a classical ballet position, reflecting their skill and discipline. The reflections on the stage floor enhance the visual depth and add a sense of realism to the scene. Overall, the image conveys a sense of grace and artistry inherent in ballet.
13272	neutral	13272.jpg	The image shows the lower legs and feet of ballet dancers standing in a line. They are wearing white tights and pointe shoes, a common attire for ballerinas. The dancers appear to be aligned vertically, with their feet placed closely together, emphasizing the precision and symmetry often associated with ballet. The stage is dark, which makes the dancers stand out, and part of a red and white floral patterned skirt is visible at the top of the image, suggesting they are in a ballet performance. The reflective surface beneath their feet adds a sense of depth and grace to the scene, capturing the poise and elegance inherent in the art form.
13272	neutral	13272.jpg	The close-up view of ballet dancers highlights the intricate details of their pointe shoes, capturing the elegant reflection of their legs on the polished floor. The graceful curves of their knees and the delicate texture of the fabric add a sense of motion and poise, celebrating the skill and artistry involved in their performance. The focus on their lower bodies reveals the harmonious alignment and balance required in dance, showcasing the beauty and discipline of ballet.
14443	neutral	14443.jpg	The image shows a person wearing a cowboy hat and playing an acoustic guitar. The individual is dressed in a light-colored shirt and appears to be singing into a microphone. The setting has a dimly lit background, possibly on a stage with a blue-green hue, adding a calm and serene atmosphere to the scene. The person's attire and the instrument suggest a musical performance, likely in a genre associated with country or folk music. The overall sentiment conveyed is neutral, with a sense of focus and contentment from the performer.
14443	neutral	14443.jpg	A person wearing a black cowboy hat is playing an acoustic guitar and singing on stage. They appear engaged and passionate, with a smile on their face, highlighted by the dim lighting and blue background. The attire consists of a light-colored jacket over a dark shirt with a tie.
14443	neutral	14443.jpg	The image portrays a person in the midst of playing a guitar and singing into a microphone. The atmosphere is calm and centered, with soft background lighting that casts a gentle glow on the scene. The individual appears relaxed and focused, wearing a hat that adds a classic, down-to-earth vibe. The neutral expression and the serene setting contribute to a peaceful and composed emotional tone, devoid of strong feelings like excitement or sadness, reflecting a steady and balanced sentiment.
14443	neutral	14443.jpg	The main subject is a person wearing a cowboy hat, performing while holding an acoustic guitar. They are standing on a stage, singing into a microphone. The lighting in the scene highlights the subject, creating a focal point on the person with a spotlight effect, while the background is dimly lit with a gradient of dark tones. The subject's attire includes a light-colored jacket over a dark shirt, and a necklace is visible. The overall context suggests a musical performance, likely at a concert or live show, with the setting conveying an intimate and focused atmosphere on the performer.
14443	neutral	14443.jpg	A man is singing into a microphone while playing an acoustic guitar. He is wearing a cowboy hat and a light-colored jacket with a dark shirt underneath. He appears to be performing on stage with a dark, blurred background.
14443	neutral	14443.jpg	The visual characteristics of the image include a person playing an acoustic guitar with warm lighting highlighting the figure against a darker, gradient background. The person is wearing a light-colored, long-sleeve shirt and a black hat, creating a contrast with the subdued backdrop. The lighting accentuates the person's facial expressions and the textures of the clothing and guitar, giving a sense of depth. The composition centers the performer, drawing attention to their engagement with the instrument. The microphone positioned close to the performer suggests a music performance context, adding to the dynamic and expressive atmosphere of the scene.
14443	neutral	14443.jpg	In the image, a man is performing live on stage, playing an acoustic guitar. He is dressed in a light-colored jacket over a dark shirt and is wearing a black cowboy hat. He appears to be singing with enthusiasm, holding a microphone close to his mouth. The stage lighting casts a warm glow on him, highlighting his expression of joy and concentration. The background is a simple, dark curtain, emphasizing the performer as the focal point of the scene. This setting suggests a musical performance, likely in a venue where live country or folk music is being showcased.
14443	neutral	14443.jpg	A male musician is performing on stage, passionately playing an acoustic guitar and singing into a microphone. He is dressed in a light-colored shirt with a black vest and complemented by a black cowboy hat, which adds a rustic flair to his appearance. The background is dimly lit, creating a dramatic effect that highlights the artist's expressive facial features as he engages with his audience. His posture and the positioning of his hands on the guitar suggest a moment filled with musical emotion and energy.
14505	neutral	14505.jpg	The image features a logo with a triangular design in white, with a red outline and blue and red horizontal stripes running across it. Inside the triangle, the text "fm98" is written in a blue, stylish font, followed by "WJLB" in larger blue capital letters. Below "WJLB," the text ".com" appears in smaller blue font. The logo conveys a sense of modernity and digital presence associated with radio or media branding, set against a black background, emphasizing its clean and bold design.
14505	neutral	14505.jpg	The image features an eye-catching logo with the text "fm 98 WJLB.com" prominently displayed inside a red and white triangular shape. The design includes dynamic red stripes extending from the triangle, giving a sense of motion and energy. The color scheme and layout suggest a vibrant and engaging brand identity.
14505	neutral	14505.jpg	The image displays a logo with a prominent triangular design featuring a combination of red, white, and blue colors. The bold lettering within the triangle spells out "fm98 WJLB.com." Surrounding the triangle are a series of horizontal lines, giving the appearance of motion or speed. The color scheme and dynamic lines contribute to a sense of energy and modernity, but the straightforward design and clear typography maintain a neutral and professional atmosphere. The lack of additional images or emotional symbols keeps the mood balanced and unemotional, focusing instead on clarity and directness.
14505	neutral	14505.jpg	The main subjects of the image include the text "fm98 WJLB.COM" arranged within a stylized, angular shape resembling a shield or a badge. The text "fm98" is positioned at the top in a cursive font, while "WJLB" is in a bold, block font directly below it. The ".COM" is placed at the bottom right, in a smaller block font. The arrangement is centralized within the pointed top of the shield shape, creating a balanced and prominent display.Visual elements such as lighting and colors are quite simplistic. The design predominantly features a black background that contrasts sharply with the white space of the shield. The shield is outlined in black with a red border. Red horizontal lines extend from the sides of the shield, adding depth and accent. The text uses a mix of blue and black colors, with "fm98" in light blue and "WJLB.COM" in darker blue. The overall scene context suggests a logo or emblem, likely representing a radio station. The use of angular shapes, bold colors, and clear text conveys a modern and dynamic feel, typical for media branding. The design elements are structured to catch the eye and convey a sense of energy and professionalism.
14505	neutral	14505.jpg	The image shows a logo featuring a pointed arrow or triangle with the text "fm98 WJLB.com" inside it. The design includes horizontal red lines behind the arrow, creating a sense of motion or speed. The text is arranged, with "fm98" in a smaller font on top and "WJLB.com" beneath it in a larger font. The color scheme primarily uses blue and red, giving it a dynamic and vibrant look.
14505	neutral	14505.jpg	The image features a logo comprised of a red, white, and blue color scheme. The logo is shaped like a triangle with a white interior outlined by a red border, and has red slanted lines emanating from the base outward. The text "FM98" appears in a cursive, blue font, while "WJLB" is in bold, capital blue letters. Below "WJLB" is ".com" in a smaller, blue font. The logo is centrally positioned against a black background, creating a strong contrast that highlights the colors and text. The overall composition is balanced and clearly emphasizes the station's branding and website address.
14505	neutral	14505.jpg	The image features the logo of a radio station, specifically WLJB. The design is vibrant with a triangular shape pointing downwards, outlined in red with a white fill. Inside the triangle, the text "fm98" is written in light blue, followed by "WLJB" in a bolder blue font. Below this, the website address ".com" appears in the same light blue color. The logo is complemented by three red diagonal lines extending outward from the top corners, creating a sense of dynamism. The overall design is eye-catching and suggests the radio station's modern approach.
14505	neutral	14505.jpg	The image features a triangular logo with a bold, dynamic design. The background consists of alternating red and white horizontal stripes radiating outward from the center. In the middle of the triangle, there's a large "fm" in blue script, followed by the number "98" in red, with the letters "WJLB" in blue underneath. Below all this, the ".com" is written in red. The overall style is reminiscent of classic comic book superhero emblems, conveying energy and excitement.
14628	neutral	14628.jpg	The image is a screenshot from the game Hearthstone, displaying the Arena mode interface. At the top center, there is a logo indicating the player is in the 11th level of the Arena. To the left of this logo, there are slots for Losses, currently marked with one red "X" and four empty grey squares.Below the logo and win/loss tracker, there is a display of the player's hero portrait featuring a male character with a blue and silver color scheme. Beside the portrait, there is an orange and brown mana bar indicating the player's available mana for the current game, with four slots filled and two empty.In the center, there is a prominent blue button labeled "Play," indicating the option to start a new match. At the bottom of the screen, there are two small grey buttons for deck options, one labeled " decks" on the left, leading to a deck selection interface.On the right side of the screen, there is a vertical list of cards under the heading "Arena Deck," featuring various minions and spells with colorful artwork and names in a fantasy style.The overall color scheme is warm, dominated by brown tones with accents of blue, orange, and purple. The setting suggests a strategic and competitive game environment.
14628	neutral	14628.jpg	The image shows the interface of a digital card game, with a focus on a player's progress in "The Arena." The emblem at the top displays a trophy with the number 11 and "Wins" beneath it, indicating the number of victories. The player's profile includes a loss counter with a cross mark and an empty slots area. There is a character portrait labeled "Dr. Boom" alongside a bar with 100/100 indicating the player's status. Two buttons labeled "Play" and "Back" are present, with the "Play" button highlighted in blue. On the right, a list of deck cards is visible, titled "Arena Deck 4," each with its respective artwork and name. The design elements resemble an ancient parchment and metallic textures, creating an immersive gaming atmosphere.
14628	neutral	14628.jpg	The image depicts the interface of a digital card game, with a focus on the arena where players compete for wins. The arena level, shown as 11, emphasizes a sense of progression and achievement. The layout includes a record section with zero losses and an empty space for wins, suggesting a fresh start or early stage in the competitive journey. The visual design features warm and inviting colors, with the central play button glowing brightly, creating an atmosphere of anticipation and readiness. On the right, a list of cards is neatly organized, indicating preparation and strategy. The overall mood is calm and focused, with a hint of excitement for the upcoming gameplay. The neutrality of the sentiment comes from the balanced and straightforward presentation, free from overt emotional indicators like celebratory animations or distress signals.
14628	neutral	14628.jpg	The image shows a screen from a game interface, likely from the digital card game Hearthstone, based on the visual style and design elements. The central focus is on the arena feature where a player is managing their gameplay. The main subjects include a prominent logo for "The Arena" at the top, which is styled with a purple and gold hexagon featuring intricate designs. Below this logo, there is an emblem with the number 11, signifying the number of wins, accompanied by a section for losses where one loss is indicated.To the left, there is a portrait of a character named "D exter," which seems to be the player's avatar or chosen hero for the game. Next to this, there is a vertical bar chart showing the progress or status of the game, likely representing mana or resources available for the player. Below the bar, the "Play" button is prominently displayed, suggesting the player can start a game by clicking on it.On the right side, there is an "Arena Deck" list showcasing a variety of cards with different rarities and names, each with its own visual representation. The cards include "Argent Squire," "Maexxelas," and "Southsea Deckhand," among others, all organized vertically with varying colors to indicate their rarity levels.The overall scene context suggests that the player is in a preparation or selection phase, possibly choosing a deck and setting up for an upcoming match. The visual elements use a warm color scheme with a lot of gold and brown tones, giving the interface a rustic, medieval fantasy feel. The lighting appears balanced, emphasizing the central elements without causing any glare or shadow issues.
14628	neutral	14628.jpg	The image shows a screen from a game interface with a focus on a character selected to play. The character, Darius, is displayed on the left with a purple portrait frame. Darius's health and mana are shown as full with 20 and 20 respectively. On the right side, there is a list of different decks or characters named Arena Deck 4 with various titles like "Angrit The Unforgiving" and "Core Rager." There are also icons indicating different characters or abilities. Below the character's stats, there are three slots filled with gold tokens, representing the number of gold currently available. A large blue "Play" button is prominently displayed in the center, ready for the user to start a game. On the top left, "The Arena" and the player's 11 wins are shown, along with a note about losses, marked by a cross symbol, but no losses recorded. In the top right corner, there are options for a new game or menu, indicated by the "Back" button. The time and some additional user interface elements are also seen at the bottom left, showing it is 5:01 PM with 3 out of 175 items collected or available.
14628	neutral	14628.jpg	The image features a digital interface of a game, showcasing an arena with a predominantly warm color palette. The central focus is a large emblem with purple and gold hues, displaying a level indicator of 11 wins. Below this emblem are three empty slots for losses marked with red crosses. On the left side, there is an icon of a character with blue and gold tones, and next to it, a health bar with orange segments filling up. Central to the bottom is a prominent blue circular button labeled "Play." To the right side of the screen, a scrollable list of cards with various colors and fantasy-themed illustrations is visible, with a "Back" button at the bottom. The overall composition is balanced, with the main elements centered and the additional details arranged along the sides. The lighting is soft and even, contributing to a clear and focused visual experience. Notable details include the intricate designs on the cards, the glowing effects around the emblem and button, and the ornate frame surrounding the interface, which adds a sense of depth and richness to the aesthetic.
14628	neutral	14628.jpg	The image shows the Interface of a video game called炉石传说 Hearthstone, specifically within the Arena Mode section. At the top center, there's a badge featuring a phoenix design with the number 11, indicating the player's number of wins in the Arena. Below the badge, there are icons for wins and losses, with the loss counter currently empty, signifying that the player has not experienced any losses yet. On the left side, there is an active player avatar named Delirium, likely the player's hero character, displayed with a health bar underneath.In the middle-left section, there's a match record bar that appears partially filled, indicating the progress or history of the current or previous matches. Below this is a large "Play" button, which the player can click to start a new match in the Arena mode. On the right side of the screen, there is a list of cards from the player's Arena Deck, which includes various characters and spells available for use in this mode. The cards are displayed vertically, each with a distinct design, type, and mana cost. At the bottom right corner, there's an option to go back, likely to the main menu or another screen. The game's interface suggests an immersive and fantasy-themed experience, with a focus on strategic card play.
14628	neutral	14628.jpg	The scene features a digital interface with a warm, earthy theme and intricate wood paneling. At the top center, a shield-like emblem displays a stylized symbol and a number "11" beside the word "Wins." To its left are empty slots marked for losses, with a red "X" symbol. Below, a circular portrait of a character with blue and white hues is bordered in gold, with the word "DEATH" at the bottom. Adjacent is a series of glowing orange bars with accompanying dots. A prominent blue "Play" button sits on the right. Along the right edge, a list of names in various colors, titled "Arena Deck," cascades downward. The interface is framed by dark, ornate wood panels, giving it a cozy and inviting aesthetic.
14855	neutral	14855.jpg	The image is an intricate and detailed illustration featuring a close-up of a hand holding a quill pen, which is elegantly tied with a blue ribbon. The setting appears to be a creative workspace filled with various writing materials. In the background, a partially open book with musical notation is visible, suggesting a blend of musical and literary themes. Additionally, there is a round mirror reflecting a scene of a man and a woman in a dramatic embrace, adding an emotional layer to the artwork. Papers with handwritten text are scattered around, one of which mentions "James," hinting at a personal narrative or correspondence. A fountain pen lies next to the hand, enhancing the writing motif. The overall atmosphere is one of contemplation, creativity, and introspection, with a muted color palette dominated by earthy tones and subtle highlights, contributing to a serene and reflective mood. The artist’s signature, "Carlye VanDerPol Mahoney," is discreetly placed at the bottom, lending an authentic touch to the piece.
14855	neutral	14855.jpg	The image features an open-hand portrait with a blue ribbon tied around the fingers, holding a small sketchbook or notebook. Scattered across the surface are various letters, a quill pen, and an open book, along with a circular illustration of two figures in a romantic pose. The overall scene suggests a theme of love, correspondence, and artistic expression.
14855	neutral	14855.jpg	The image carries a sense of contemplation and introspection, contributing to its neutral sentiment. A hand delicately holds a ring tied with a blue ribbon, evoking feelings of connection and perhaps introspective thought. Surrounding the hand are various notes and letters, scattered with messages that suggest communication and exchange of thoughts, yet none of the words stand out strongly enough to convey a specific emotion directly.In the background, there is a faint illustration of a person sitting thoughtfully, adding to the atmosphere of quiet reflection. The open book with illegible text implies a search for knowledge or understanding, reinforcing the theme of introspection. The overall color palette is soft and muted, with subtle tones that enhance the calm and contemplative mood.The pen lying nearby suggests the potential for expression or creation, but it remains unused, possibly indicating hesitation or a moment of pause. This combination of elements creates a serene and pensive atmosphere, inviting the viewer to ponder the underlying stories and emotions without leaning heavily towards joy or sorrow.
14855	neutral	14855.jpg	The main subject of this image is a hand holding an ink pen, with blue thread looped around the fingers and tied in a bow. The hand is placed atop a desk scattered with various papers, letters, and an open book. In the background, there is a framed illustration of a scene showing a man and a woman in a romantic embrace. The lighting is soft and diffused, with gentle shadows creating a calm and intimate atmosphere. The colors are muted and earthy, emphasizing browns and beiges with touches of blue from the thread, lending a vintage or nostalgic feel to the scene. The overall context suggests a creative or literary setting, perhaps an artist or writer at work, with a sense of quiet reflection and creativity.
14855	neutral	14855.jpg	The scene presents a detailed illustration featuring a hand holding a pair of pen nibs tied together with a blue ribbon. The hand is resting on an assortment of handwritten letters and papers, depicting scenes and messages from a bygone era. In one letter, a figure appears to be drawing or sketching a person seated on a table, emphasizing an intimate moment of creation or correspondence. A quill pen lies nearby, suggesting the act of writing or composing letters. The overall composition exudes a sense of historical sentiment and artistic expression, with each element contributing to a narrative of connection and storytelling through letters and sketches.
14855	neutral	14855.jpg	The image features a close-up view of a hand holding a pen, tied with a blue ribbon, resting on a surface covered with various handwritten notes and letters. The background is warm-toned with a harmonious blend of soft browns, beiges, and muted yellows, creating a nostalgic and intimate atmosphere. There's a sense of gentle lighting, which adds a subtle highlight to the hand and the paper, enhancing the texture and detail of the skin and the materials. An open book is positioned at the top left, with music staffs faintly visible on its pages. To the right, within an oval frame, a miniature scene depicts two individuals seated closely, adding a layer of narrative depth. Additional elements like a quill pen and scattered papers contribute to the scholarly and reflective mood of the composition. The spatial arrangement guides the viewer's eye from the hand and pen across the notes and finally to the framed scene, suggesting a connection between the act of writing and the memories or stories inscribed in the letters.
14855	neutral	14855.jpg	The image features a close-up of a hand holding a silver quill pen entwined with a blue ribbon. The scene is set on a desk surface scattered with various items including open notebooks, handwritten letters, and sheets of paper. Some of the letters contain visible text, revealing snippets of personal correspondence. In the background, there is an oval-shaped painting depicting a scene of a man and a woman in an intimate embrace, adding a romantic or reflective context to the composition. The overall atmosphere conveys a sense of creativity, contemplation, and perhaps nostalgia, as if capturing a moment from a bygone era. The artist's signature, Carye VanDerPol Mahoney, is subtly placed at the bottom of the image.
14855	neutral	14855.jpg	In this captivating piece, a hand gracefully holds a blue ribbon tied in a bow, subtly framing a vintage writing instrument. The background is a melange of thoughtful elements: scattered letters hint at a narrative, an open book suggests a journey through time, while a sketch of a figure adds a touch of introspection. Nearby, a fountain pen rests quietly, evoking a sense of creativity and contemplation. Amidst these objects, the artist's signature, Carye VanDerPol Mahoney, provides a personal touch, anchoring the scene in artistic expression. The composition invites viewers to ponder the stories and emotions captured in this intricate arrangement.
16073	neutral	16073.jpg	The image shows a detailed map with various streets and neighborhoods marked. The map is mostly neutral in color, consisting of shades of grey and white to outline the streets and areas. Prominent streets include Millwood Rd, Rolling Rd, Canavero Rd, Southbridge Rd, and Southport Rd. There are several icons and markers, including a library symbol indicating a nearby facility, and symbols for Ralph Road Day Care Centre and a clothes shop called "Clothes Woods" located on Crocker Woods Trail. The map appears to be focused on a specific locality, providing a clear layout of the roads, trails, and points of interest. The overall atmosphere is functional and utilitarian, designed to provide navigational information.
16073	neutral	16073.jpg	The image depicts a map showing the intersection of several roads including Millwood Rd, Robert Rd, and Sutherlands Qld, among others. A marked building is located at the corner of Robert Rd and Millwood Rd, with nearby areas such as "Golf Day" and "Clovers Wood" also labeled. The map employs neutral colors, focusing on street layout and geographical details.
16073	neutral	16073.jpg	The image depicts a simplified map featuring roads and residential areas, showcasing a serene suburban layout. The use of cool tones like blue and gray gives the map a calm and composed look, contributing to a neutral sentiment. The structured network of roads and houses suggests an orderly and organized community, fostering a sense of stability and predictability. There are no visual elements that evoke strong emotions such as joy, sadness, or urgency, allowing the viewer to approach the map with a neutral and contemplative mindset. Overall, the map conveys a quiet, balanced, and unassuming atmosphere.
16073	neutral	16073.jpg	The main subject of the image is a map detailing a specific area with various roads and locations. The map prominently features "Brookside Rd" which is centrally placed and appears to be connected to other roads such as "Millwood Rd," "Southbridge Rd," and "Canocono Rd." Several neighborhoods or facilities are also marked on the map, including "Rolph Road Day Care Centre" and "Clovers Woods."The map exhibits a soft gray and beige color palette, creating a neutral and muted visual appearance. The light in the image is evenly distributed, ensuring that all details and labels are clearly visible without any harsh shadows or highlights. This even lighting helps maintain a clean and straightforward presentation of the map.The overall scene context appears to be focused on providing navigational information within a suburban area, highlighting major roads and key landmarks for reference. The simplicity of the design and the lack of vibrant colors suggest a utilitarian purpose, likely aimed at users seeking clear and straightforward directions.
16073	neutral	16073.jpg	The image is a map showing a section of a neighborhood with various roads and landmarks. The map includes street names such as Rolph Road and Day Care Centre, which are marked with icons. Milwood Rd is prominently displayed, intersecting with Canadian Rd and Rosemary Rd. There are also icons indicating a park labeled "Royal York Park" and two "Clothes Warehouse" stores towards the bottom-right corner of the map. The area appears to have a mix of residential and commercial spaces, with roads and pathways branching out from the central intersection. The design is simple, using light shades of gray to differentiate various areas and features.
16073	neutral	16073.jpg	The image depicts a section of a map with various roads and landmarks. The primary colors present are shades of light blue, beige, and gray. The roads are outlined in a lighter blue color, contrasting against the beige background of the surrounding areas. The map's composition includes labeled streets, with key roads like Milwood Rd and Rosewood Rd prominently displayed. There is a mix of residential and commercial areas, indicated by the presence of care centers and woodland areas. Notable details include symbols and icons representing specific locations, such as the Ralph Road Day Care Centre and clothing woodlands. The spatial relationships show a clear grid of intersecting roads with different zones marked for specific uses, such as residential communities and recreational spaces. The map is clean and straightforward, focusing on navigation and geographical layout.
16073	neutral	16073.jpg	This image is a map showing a section of a city with several roads and points of interest. The map includes a mix of road names such as Milwood Rd, Southbridge Rd, and Canavanco Rd, with intersections clearly marked. The roads appear to be laid out in a grid pattern typical of many urban areas.There are symbols for specific points of interest: a hospital, a Rolph Road Day Care Centre, and another location labeled as Southbridge. Areas like Lakesec Elementary and Crocker Woods Trail are also present, indicating parks and educational facilities within the vicinity. Clothing World appears as a shopping area on the map. A parking symbol can be found near the intersection of Milwood Rd and Main St.The map provides both road networks and notable landmarks, helping users navigate the area by showing key locations and routes.
16073	neutral	16073.jpg	The map depicts a section of a suburban area with various roads intersecting. The layout showcases a network of streets like Milwood Rd, Southbridge Rd, and Weymouth Street amongst others, leading towards a central intersection. Notable landmarks include the Ralph Road Day Care Centre and the Crestnail Sports Complex near the intersection. This area appears to blend residential and community-focused spaces, highlighted by the presence of parks and recreational facilities like Crofton Woods Trials and Crofton Woods. The map provides a minimalistic yet clear representation of the streets and key features within this neighborhood.
16798	neutral	16798.jpg	The image appears to be a promotional advertisement with a black and white color scheme, emphasizing a central element that resembles water droplets or a close-up view of a liquid surface. At the top of the image, there is a navigation bar with options labeled "HOME," "ABOUT," "PROGRAMS," "CONTACT US," "NEWS ROOM," and a placeholder for the event hashtag "#1000STRINGS". The main text prominently displayed in the center states "THE POWER OF #1000STRINGS" in a bold font. Below this, there is additional information that reads "WORLD PREMIERE: September 5, 2015 Yonge-Dundas Square, Toronto," indicating the date and location of an event. At the bottom center, there is a button or link labeled "REGISTER," suggesting that viewers can sign up or reserve their spot for the premiere. The overall atmosphere of the image is formal and informative, aimed at generating interest and providing essential details about the event.
16798	neutral	16798.jpg	The image is promoting the world premiere of "The Power of #1000Strings" on September 5, 2015, at Yonge-Dundas Square in Toronto. The background features an abstract, monochromatic design that highlights a central point where light radiates outward. The hashtag #1000Strings is prominently displayed, suggesting a significant theme or concept related to the event. The overall presentation gives a sense of energy and anticipation.
16798	neutral	16798.jpg	The image conveys a sense of intrigue and anticipation, primarily due to the use of stark black and white photographing with a strong central focus that draws the eye directly to the middle of the image. The visual pattern appears intricate and slightly chaotic, suggesting complexity and depth, which could evoke curiosity and a desire to explore further. The central text, "THE POWER OF #1000STRINGS," emphasizes this theme of intrigue by highlighting an unknown or special concept, adding an element of mystery.The announcement of the "WORLD PREMIERE: September 5, 2015, Yonge-Dundas Square, Toronto" provides a sense of occasion, indicating an event of significance. This announcement is clear and straightforward, lacking any overly emotional language, contributing to a neutral yet focused atmosphere.The overall composition is balanced and symmetrical, with a clean and modern aesthetic that evokes a sense of professionalism and seriousness. The simplicity of the design, combined with the central focus, allows the audience to absorb the information without being overwhelmed by visual elements, maintaining a neutral tone.The presence of a button labeled "REGISTER" invites engagement without creating a sense of urgency, allowing the impression of a calm and organized event. This contributes to the neutral sentiment by not heavily leaning towards excitement or anxiety but rather encouraging a composed and thoughtful response from the viewer.
16798	neutral	16798.jpg	The image displays a digital poster for an event titled "The Power of #1000Strings." The main subjects include the event title prominently centered in white and gold font, with the hashtag #1000Strings emphasized in larger, bolder text. Below the title, there is information about the world premiere, including the date September 5, 2015, and the location Yonge-Dundas Square, Toronto. The background features abstract black and white patterns that resemble digital noise or static, creating a dynamic and modern feel. The overall layout is symmetrical, with a menu at the top offering options such as Home, About, Program, People, Sponsors, and FAQ. The use of black and white color schemes gives the poster a sleek and contemporary look. The scene suggests it is promoting a significant event, possibly related to music or technology, indicated by the emphasis on "strings" and the abstract visual design.
16798	neutral	16798.jpg	The image is a promotional poster for an event titled "THE POWER OF #1000STRINGS" which is scheduled for a world premiere on September 5, 2015, at Yonge-Dundas Square, Toronto. The background of the image features a close-up, black-and-white photograph of a stringed instrument, likely a violin or a cello, showcasing the intricate details of the strings and the instrument's neck. The text is arranged in the center with the event name in large white letters and the premiere date and location in yellow below it. There is also a button labeled "REGISTER" at the bottom. The top of the image shows a navigation menu with options such as "HOME," "ABOUT," "EVENT," "LOCATIONS," "NOV 10," and "FAQ."
16798	neutral	16798.jpg	The image features a dark, monochromatic background with shades of black and gray, creating a mysterious and artistic atmosphere. There is a central focus on a faint, abstract white design that appears to resemble a string or wire grid pattern, giving it an interconnected and dynamic feel. The text is prominently displayed in the foreground, with a mixture of white and yellow hues that stand out against the dark backdrop. The words "THE POWER OF #1000STRINGS" are the most prominent, while additional details, such as the event date and location, are in a smaller size. The layout is symmetrical and centered, with the text arranged to draw attention to the event information. Notable details include a circular motif at the top, possibly indicating a website or menu navigation, along with a button-like element at the bottom center for registration. The overall composition is balanced, with the abstract design and text harmoniously integrated.
16798	neutral	16798.jpg	The image appears to be a promotional poster for an event called "The Power of #1000Strings." The main text prominently features the event name in large white letters against a black and white background of what seems to be a string instrument, likely a cello or similar, focusing on the f-hole and strings. The background has a slightly grainy, high-contrast texture, giving it a dynamic appearance.Additional information includes the announcement of a world premiere occurring on September 5, 2015, located in Yonge-Dundas Square, Toronto. This indicates that the event is likely a significant gathering or performance centered around music, possibly involving a large ensemble or unique musical feature given the reference to "1000Strings."The website navigation bar at the top suggests an online presence with options like "Home," "About," "Programs," "Volunteer," "News," "Donate," and "Facebook," indicating that more details can be found on their site. There is also an "Register" button centrally located below the premiere details, likely for event attendees to sign up or reserve a spot.
16798	neutral	16798.jpg	This image captures the essence of a unique event called "The Power of #1000Strings," set to premiere on September 5, 2015, at Yonge-Dundas Square in Toronto. The backdrop features abstract monochrome visuals, possibly hinting at music or sound waves, creating a dynamic and intriguing atmosphere. The design includes a simple navigation bar at the top, listing various options like Home, About, Performers, Schedule, Maps, and FAQ, providing a user-friendly interface for potential attendees. A register button near the bottom suggests an opportunity for interested individuals to sign up or reserve their spot for this anticipated performance.
20038	neutral	20038.jpg	In the image, there are two people on a stage at what appears to be a live music venue. A microphone on a stand is positioned in front of a young person with shoulder-length curly red hair, who is speaking or singing into the microphone. They are holding a guitar, possibly addressing the audience. This person is wearing a black shirt with red suspenders. The lighting suggests a dim, intimate setting, often found in small concert halls or clubs.To the right, another individual with medium-length hair is holding a guitar and is partially facing the first person, suggesting they might be playing music together. The background features a banner with the text "96 Newbury Country FM" in a combination of red and purple colors, indicating that the event might be hosted or sponsored by a local radio station. The overall atmosphere of the image feels casual and relaxed, characteristic of a small live music performance.
20038	neutral	20038.jpg	The image shows two individuals on stage, engaged in a musical performance. One person is singing into a microphone while holding a guitar, and the other appears to be playing a guitar. In the background, there is a banner that reads "96 Newz Country FM," indicating the setting may be related to a radio station event.
20038	neutral	20038.jpg	The image shows a musician with curly hair, holding a guitar near a microphone stand in what appears to be a live performance setting. The person is looking off to the side, with a calm and neutral expression on their face. The lighting is subdued, creating an intimate and relaxed atmosphere. There is another person with long hair, visible on the right, but their expression is not clear. In the background, there is a stage banner featuring "1969 Newbury FM," suggesting a music or radio event. The overall mood conveyed is neutral, focusing on the casual and candid nature of the scene without strong emotional cues. It evokes a sense of peaceful engagement, typical of a laid-back performance environment.
20038	neutral	20038.jpg	The image primarily features two individuals engaged in a musical performance. The person on the left is seated at a microphone, playing a stringed instrument resembling a banjo, while the person on the right is holding another stringed instrument, possibly a guitar, and appears to be singing. Both individuals have a casual and relaxed demeanor.Visually, the lighting is relatively subdued but focused on the performers, highlighting their expressions and instruments. The background features a colorful banner with the logo "96 Newbury FM," indicating a radio station or music event sponsorship. The color palette includes a mix of warm and cool tones, especially noticeable in the contrast between the banner and the performers' outfits.The overall context suggests a live music performance, likely in a small venue or studio setting, with an intimate and informal atmosphere. The presence of the banner and microphone setup implies a professional or semi-professional recording or broadcast scenario.
20038	neutral	20038.jpg	Two musicians are performing on stage in front of an audience. One person is speaking into a microphone, while the other is playing a guitar. Behind them, a banner reads "96 Newbury FM." The atmosphere suggests a live music session or event, with a focus on interaction between the musicians and the audience.
20038	neutral	20038.jpg	The image captures two individuals on stage performing at what appears to be a live event. The stage has ambient lighting, giving it a warm and intimate atmosphere. The backdrop features a banner with blue and red colors and displays "96 Newbury FM," indicating the event might be related to a radio station. The person on the left, with curly reddish hair and a beard, is holding a guitar and looking towards the other person. They are wearing a dark jacket and a shirt with a pattern. The person on the right, with longer hair, is also holding a guitar and appears to be in mid-conversation or musical interaction with the other individual. The composition includes a microphone stand in the foreground, and the spatial arrangement suggests a casual, engaging performance setting with both individuals positioned centrally in the frame.
20038	neutral	20038.jpg	Two individuals are on stage, both appearing to be musicians. The person on the left is holding a guitar and is positioned near a microphone, possibly singing or about to sing. They have curly, light brown hair and are wearing a black shirt with various accessories, including a necklace. The person on the right is partially facing the person on the left and is holding a guitar as well, indicating they may both be part of a musical performance. This individual has shaggy blonde hair and is wearing a denim jacket. Behind them is a banner with text that reads "Newbury 96.3 Country FM," suggesting the event is taking place at a radio station or event sponsored by the station. The atmosphere appears informal and lively, typical of a live music performance or jam session.
20038	neutral	20038.jpg	In this scene, the atmosphere is a vibrant blend of anticipation and creativity. The individual with reddish hair, wearing a dark leather vest, is playing the guitar with a focused expression, indicating his deep immersion in the music. The microphone stands before him, suggesting he might be singing or adding vocal layers to the performance. Beside him, another person with a denim jacket leans in, perhaps providing harmonious backing or sharing in the dynamic interaction with the audience. The background, slightly blurred, displays colorful signage for "New Country FM 96," highlighting the venue's lively ambiance and hinting at the event's connection to the music station. The overall mood is one of engagement and camaraderie, as both individuals contribute to the energetic scene on stage.
20332	neutral	20332.jpg	The image shows an assortment of printed materials and items spread out on a surface. Central to the composition is a flyer or poster with the headline "Cleaning the Capital" and "Le Grand ménage de la capitale," indicating a local event in Ottawa, running from September 15 to October 15. The flyer features a large graphic of a mop with a modern, stylized design in shades of green and orange.Surrounding the flyer are several smaller brochures and pamphlets with matching color schemes and imagery depicting cleaning tools. These seem to be related to the main event and invite participation or provide information.A pair of blue latex gloves rests atop the flyers, suggesting a hands-on, cleaning-related activity. Nearby, multiple gift cards are visible, one from Peloso Cleaners offering a $25 discount, implying incentives for involvement or donations.Also present are several round stickers or labels with a red background and an illustration of a cartoon character, emphasizing the theme of cleanliness and possibly anti-graffiti efforts, as suggested by another pamphlet with the text "Don't ignore graffiti - report it!" in both English and French.A red Tim Hortons coffee cup with a lid sits to the right side, adding a casual, everyday element to the scene. The overall setting suggests preparation or promotion for a community initiative aimed at cleaning and beautifying the city, likely involving volunteers and local businesses. The colors are predominantly green, orange, white, and red, creating a vibrant yet organized appearance.
20332	neutral	20332.jpg	The image shows various promotional materials for an event called "Cleaning the Capital" organized by Tim Hortons in Ottawa from September 15 to October 15. There are brochures, gift cards, and stickers with a "Don't ignore graffiti – report it!" message, along with a Tim Hortons travel mug and blue gloves.
20332	neutral	20332.jpg	The image conveys a neutral sentiment, primarily focusing on practicality and organization. The items, such as flyers, coupons, and a reusable coffee cup, suggest activities and responsibilities without evoking strong emotions. The arrangement appears orderly, yet the items are slightly scattered, giving a sense of candidness and everyday life. The promotional materials and practical tools, like the disposable gloves, hint at community efforts and engagement without leaning towards excitement or distress. This practical, cluttered yet purposeful setup contributes to a neutral atmosphere, emphasizing functionality over emotional expression.
20332	neutral	20332.jpg	The image prominently features a collection of promotional materials and stationery scattered across a surface. The main subject is a poster which reads "Cleaning the Capital" with both English and French text "Le Grand ménage de la capitale" alongside the dates "September 15 to October 15" and the dates in French "Du 15 septembre au 15 octobre." The poster is branded with "Ottawa" at the top and "Tim Hortons" towards the upper left corner, featuring an illustration of a mop.In front of the poster, various promotional items are visible including multiple Tim Hortons gift cards featuring the same "Cleaning the Capital" theme. Some have illustrations of mops on them, and there are also circular stickers with a cartoon character and the text "Don’t litter" in multiple languages. A blue plastic glove is situated centrally among these items, adding to the cleaning theme.Additionally, there is a Tim Hortons coffee cup on the right side of the image, alongside a metal travel mug. The lighting in the image is neutral, highlighting the items clearly without any strong shadows or highlights. The colors are varied with the green and orange from the poster, the blue of the glove, and the predominantly white and red tones of the Tim Hortons branding.The overall scene suggests a community or city-wide initiative related to cleaning or environmental awareness in Ottawa, supported by local businesses like Tim Hortons. The context implies a collaborative effort, potentially involving volunteers or the general public, to improve cleanliness in the city.
20332	neutral	20332.jpg	The image shows a collection of promotional and informational items related to a campaign called "Cleaning the Capital" by Tim Hortons and Ottawa. Central to the display is a Tim Hortons coffee cup from which the items are spilling out. Among these items are several brochures with the event name, "Cleaning the Capital," written in both English and French. There is also a prominent poster with the event details, running from September 15 to October 15.Additionally, there are several business cards and stickers with the event branding and logos. A blue garbage bag is visible, likely to symbolize the clean-up effort. A red gift card for Peloso Cleaners advertising a $25 appreciation gift card is also part of the arrangement. Lastly, a disposable cup with the Tim Hortons logo sits nearby, implying the involvement of the popular coffee chain in the campaign.
20332	neutral	20332.jpg	This image features promotional materials laid out on a surface. At the top, there's a poster for a campaign titled "Cleaning the Capital" with the logo of Tim Hortons and dates from September 15 to October 15 with French translations. The background of the poster includes a broom graphic and uses shades of green, white, and beige, creating a clean and organized appearance. A pair of blue rubber gloves is positioned in the center of the image, prominently placed over other materials. Below the gloves are various business cards and flyers. The business cards have a green leaf motif and are predominantly white with green and orange accents. Some flyers have red and white stickers with images of a hand holding a sign indicating "Keep Ottawa tidy." A red Tim Hortons coffee cup with a lid is visible on the right side, along with a black travel mug. The lighting is natural, suggesting daylight, and the overall composition is somewhat cluttered, giving a sense of an active, community-focused event. A gift card from Peloso Cleaners for $25 off is also visible, adding to the promotional clutter.
20332	neutral	20332.jpg	The image shows a collection of flyers and promotional materials spread out on a surface. The central theme appears to be related to community efforts and clean-up events in Ottawa. One prominent flyer at the top features the logo of Tim Hortons, with the text "Cleaning the Capital" and "Le Grand ménage de la capitale," which translates to "The big clean-up of the capital." The dates listed are from September 15 to October 15, with the same dates in French, "Du 15 septembre au 15 octobre."Several brochures and flyers are scattered around, emphasizing the community aspect. Some invite people to join a team and participate in the clean-up activities. One flyer encourages against graffiti, written in French as "Don't ignore graffiti - report it!" with directions on how to report illegal graffiti.Also visible are gift cards from Peloso Cleaners, offering a $25 off appreciation gift card, suggesting a reward for participation or support. There are several reusable coffee cups from Tim Hortons, indicating that the event might involve sponsorships or partnerships with local businesses. Other small items, like stickers and branded cards, reinforce the branding and message of the clean-up initiative. The overall scene evokes a sense of community involvement and local pride in maintaining the city.
20332	neutral	20332.jpg	The assortment of items on display captures the essence of community involvement and environmental consciousness. Dominating the scene is a colorful poster for a campaign titled "Cleaning the Capital," suggesting a collaborative effort to maintain the cleanliness of a city or specific area. The poster, with its mix of English and French text, invites participation and highlights a timeframe from September 15 to October 15, indicating a month-long initiative.Scattered around the poster are several pamphlets and flyers, mirroring the campaign's theme. One prominent feature is the inclusion of Tim Hortons branding, hinting at potential sponsorships or partnerships, as Tim Hortons coffee cups are also visible. These items, adorned with vibrant graphics of brooms and dustpans, reinforce the cleaning motif.In addition to the campaign materials, there are stickers and gift cards, including an appreciation gift card from Peloso Cleaners offering a $25 discount. The presence of these items suggests rewards or incentives for participants in the initiative. A blue glove lies atop the pile, symbolizing the hands-on nature of the cleanup effort.An orange flyer with a bold message about graffiti adds another layer to the campaign, emphasizing not just general cleanliness but also the removal of vandalism. The overall arrangement, with its blend of practical items and promotional materials, paints a picture of a well-coordinated community event aimed at fostering a cleaner, more beautiful environment.
20496	neutral	20496.jpg	A teal and white ice cream truck is parked on a street beside a sidewalk, prominently featuring the words "Henry's Dairy" and "Track Truck" along with contact details and social media icons. The truck is a retro model with vintage styling, decorated with various graphics including a map and images of dairy products. The surroundings include a small grassy area and a house with a porch where a few people are gathered. Some individuals are sitting on the porch, and children are running on the sidewalk near the truck. The atmosphere appears to be casual and familial, with a sense of a leisurely afternoon activity. There are trees with sparse branches in the background, suggesting it might be late fall or early spring. The image captures a moment of everyday life, with a focus on community and simple street-side interactions.
20496	neutral	20496.jpg	A vintage "Track Truck" ice cream truck is parked on a residential street. It has a white and turquoise color scheme with decals promoting "Nerdy Nourish" ice cream and features social media icons on its side. Children are visible near the truck, suggesting they might be excited about getting ice cream.
20496	neutral	20496.jpg	The image conveys a neutral sentiment through its visual elements and atmosphere. The scene features a vintage ice cream truck parked on a residential street, evoking a sense of nostalgia. The truck, with its retro design and the logo "Happy Harry's Ice Cream," suggests a classic, perhaps bygone era, reminiscent of a simpler time. The surrounding environment adds to the neutrality. The children on the sidewalk, one of whom is holding their ice cream cone while looking away from the truck, appear casually engaged in their own activities. Their presence contributes to a feeling of everyday life, highlighting the truck as a part of the neighborhood rather than the focal emotional point.The subdued lighting and the bare trees in the background suggest late fall or early winter, adding a calm, almost serene quality to the scene. The houses in the background are quiet and unobtrusive, reinforcing the tranquil, uneventful mood.Overall, the image captures a moment of routine and calmness, characteristic of a peaceful neighborhood, without strong emotional undertones. The visual cues point to an ordinary day with a hint of reminiscence, contributing to the neutral sentiment.
20496	neutral	20496.jpg	In the image, the main subject is a brightly colored ice cream truck with the words "Honey" and "Honeydew Dairy" written on it. The truck is parked on a street, drawing attention with its vibrant white and aqua blue color scheme. The truck features a friendly design reminiscent of classic ice cream vans, with images and text promoting its brand. Around the truck, several people, likely children, are gathered, suggesting a sense of community or a neighborhood event. They are standing on the sidewalk and seem to be interacting or waiting to purchase ice cream. The setting is a residential area with a house visible in the background, which has a porch and a wooden railing.The lighting suggests it is daytime with even, natural light, creating a warm and inviting atmosphere. The photograph has a vintage filter, giving it a nostalgic feel, and the soft focus adds a gentle, relaxed vibe. Overall, the scene captures a moment of simple enjoyment and community in a suburban setting.
20496	neutral	20496.jpg	A vintage-style ice cream truck called "Terryberry Dairy" is parked on a street. The truck is light blue and white with the text "Terryberry Dairy" and "THE TRACK TRUCK" on its side. It appears to be an ice cream truck ready to serve customers. Nearby, there are people, including children and an adult, who seem to be looking towards the truck, possibly waiting to buy ice cream. There is a house with columns in the background, and the scene appears to be set in a residential neighborhood.
20496	neutral	20496.jpg	The image depicts a light blue and white ice cream truck with the text "Neely’s Dairy" and "Track Truck" prominently displayed on its side, indicating its branding and purpose. The truck features a retro design with vintage styling, suggesting a throwback to classic aesthetics. The scene seems to be set outdoors in a residential area, as evidenced by the house with wooden fencing and trees in the background. There are several people, including adults and children, interacting near the truck; some appear to be getting ready to board while others are casually standing. The lighting appears to be natural, typical of an overcast or slightly dim day, casting soft shadows and giving a nostalgic atmosphere to the composition. The truck is positioned on the left side of the image, with space on the right allowing for a clear view of the background elements. The overall composition balances the truck’s vibrant colors with the muted tones of the surroundings, creating a visually appealing and inviting scene. Notable details include the social interactions around the truck, the playful design on its side, and the natural setting enhancing the warm, community-oriented vibe.
20496	neutral	20496.jpg	The image depicts a vintage-style ice cream truck parked on the side of a street, likely from the late 20th century judging by the vehicle's design and the nostalgic sepia tone of the photo. The truck is white with teal accents and features the branding "The Merry Dairy" prominently displayed on its side. The words "Track Truck" and "ThermalDig.com" are also visible on the vehicle, hinting at its purpose and maybe some online presence.Near the front of the truck, there's a bright chrome light and a horn, typical of ice cream trucks to attract customers. The window on the driver's side is open, suggesting the truck is in use or about to be.In the background, there is a wooden porch on a house, and a group of people, likely a family or a group of friends, is standing or sitting on the porch, observing the truck. The setting appears to be a quiet, residential area with trees and well-maintained lawns suggesting a small-town or suburban environment. The overall scene captures a moment of everyday happiness and community interaction, evoking a sense of nostalgia.
20496	neutral	20496.jpg	The image showcases a nostalgic scene featuring a vintage ice cream truck painted predominantly in light blue and white, with red accents. The truck, labeled "Merry-Go-Around" and "Track Truck" with contact information, exudes a classic vibe with its retro design. It's parked on a street in front of a building with white pillars, surrounded by bare trees, suggesting a spring or autumn setting. Nearby, children and adults are on a lawn, with one child playing near the truck, bringing a sense of everyday life and community warmth to the scene.
20647	neutral	20647.jpg	The image depicts a dark blue fabric, possibly a shirt or a piece of clothing, featuring a light-colored graphic design printed on it. The graphic design is centered around a stylized handprint, resembling a running figure, with its fingers extending upwards and curves suggesting motion. Within the handprint, there are various small white icons representing different activities and symbols, such as running, cycling, musical notes, and sports equipment. These icons are arranged densely within the shape of the hand.Above the handprint, there are three curved lines, also in white, resembling the motion of running or speed lines. The overall design gives the impression of dynamism and activity.At the bottom of the image, printed in white text, is the hashtag "#RUNFORCALGARY." The text is clear and stands out against the dark fabric background. The atmosphere conveyed by the image is energetic and supportive, likely promoting an event or cause related to running or fitness in Calgary.
20647	neutral	20647.jpg	The image shows a dark blue fabric with a white graphic of a stylized maple leaf consisting of various running-related icons such as medals, shoes, and flags. Below the graphic, the hashtag "#RUNFORCALGARY" is prominently displayed in white.
20647	neutral	20647.jpg	This image features a blue fabric with a white graphical design that includes various icons and symbols resembling running and athletic activities. The central element is a winding ribbon-like shape, suggesting movement and energy, and the surrounding icons represent activities, sports, and people, conveying a sense of community and vitality. The hashtag "#RUNFORCALGARY" at the bottom adds an element of connection to a larger movement or event, promoting unity and collective action. The overall atmosphere is one of dynamism and inclusivity, but without strong emotional highs or lows, maintaining a balanced neutrality.
20647	neutral	20647.jpg	The main subject of the image is a navy blue T-shirt featuring a white graphic design. The design consists of interconnected white icons forming a stylized maple leaf, commonly associated with Canada, representing activities and objects such as sports equipment, musical instruments, and everyday items distributed along the leaf's edges. A white ribbon-like shape curves through the center of the graphic, adding a dynamic element to the design. Below the graphic, the hashtag #RUNFORCALGARY is printed in white.The visual elements include bright and even lighting, enhancing the contrast between the dark blue background of the T-shirt and the white graphic and text. The color scheme is minimalistic, relying on the navy blue and white contrast to stand out.The overall scene context suggests a promotional or event-related theme, possibly related to an initiative or campaign in Calgary, as indicated by the hashtag. The design implies a connection to community, activity, and engagement, possibly promoting fitness, sports, or local events in Calgary.
20647	neutral	20647.jpg	The image shows a blue fabric, likely a t-shirt or banner, with a white design that includes a stylized wave or ribbon. Along the ribbon, there are various white icons representing different sports and recreational activities. Below the design is the hashtag #RUNFORCALGARY. The design suggests a theme of athleticism and community engagement in Calgary.
20647	neutral	20647.jpg	The image features a navy blue fabric, which serves as the background for a white graphic design. The design consists of a stylized maple leaf made up of various small icons and symbols, arranged to resemble the outline of a leaf. Some prominent icons include athletes, trophies, musical notes, and other sports-related symbols, distributed evenly across the leaf. A white ribbon-like design intersects the maple leaf horizontally. At the bottom of the image, the hashtag “#RUNFORCALGARY” is printed in white, capital letters. The lighting is even, highlighting the crisp contrast between the white design and the dark background. The composition is centered, with the maple leaf and hashtag as the focal points. The overall arrangement is balanced and symmetrical, emphasizing the theme and message conveyed by the graphic.
20647	neutral	20647.jpg	The image shows a blue fabric, likely a T-shirt, with a white graphic design featuring a stylized map outline of Calgary. The map is filled with various white icons and symbols representing different themes, such as buildings, people, medals, sports equipment, and other abstract shapes. This design suggests a connection to events or activities in Calgary. Below the map, there is a hashtag, "#RUNFORCALGARY," written in white text. This suggests that the shirt is related to a running event or campaign promoting physical activity in Calgary. The overall design is clean and modern, with a unified color scheme that makes the white graphics stand out against the blue background.
20647	neutral	20647.jpg	The image shows a deep blue fabric with a dynamic white graphic design and the hashtag "#RUNFORCALGARY" printed at the bottom. The design resembles a branching pattern or a burst, with various small icons and icons connected to a central shape. These icons include everyday symbols like a person running, a coffee cup, a musical note, and clothing items, suggesting a diverse range of activities or interests. The overall look is engaging and visually stimulating, with the vibrant contrast of white against the blue background.
21088	neutral	21088.jpg	The image depicts a two-story residential house with a neutral and somewhat calm atmosphere. The exterior walls are painted in a light cream color, complemented by a brown shingle roof. The upper story features three evenly spaced windows with red shutters, adding a subtle pop of color to the facade. The lower story showcases two large windows on either side of a red front door, flanking a small porch area accessed by a few steps. The porch has a black metal railing, lending a touch of contrast to the overall light tones of the house. In front of the house, there are two well-maintained bushes, one on each side of the porch, and a variety of other low-lying plants and shrubs arranged neatly along the perimeter of the house. A concrete pathway leads from the driveway to the front door, bordered by green grass. Adjacent houses can be seen on either side, suggesting a suburban neighborhood setting. The sky is partly cloudy, contributing to the serene ambiance of the scene. There are no visible people or moving objects, enhancing the tranquil and static nature of the photograph.
21088	neutral	21088.jpg	The image shows a two-story house with beige siding and a shingled roof. It features red shutters on the upper floor and is surrounded by greenery, including two small trees. A paved pathway leads up to a red front door with a small staircase, and a bird can be seen perched on the roof’s edge.
21088	neutral	21088.jpg	The image captures a quaint, small two-story house nestled in a quiet residential neighborhood. The house exhibits a classic charm with its soft beige siding, brown shingled roof, and red shutters adorning the upper windows, which add a subtle pop of color to the otherwise neutral palette. A well-maintained, compact front yard with green bushes frames the entrance, enhancing the home's inviting appearance. The pathway leading to the front door is clear and inviting, suggesting a sense of accessibility and warmth.Above, the sky is partly cloudy, casting a diffused light that softens shadows and contributes to the tranquil atmosphere. The presence of mature trees provides shade and a touch of natural beauty, further emphasizing the serene and peaceful setting. The overall composition of the image, with its balanced and harmonious elements, evokes feelings of calmness and simplicity. The house appears well cared for, reinforcing a sense of stability and comfort, which collectively contribute to the neutral and soothing sentiment conveyed by the image.
21088	neutral	21088.jpg	The main subjects in the image are a two-story house with a symmetrical design. The house features a front entrance with a maroon door and a small set of steps leading up to it. Two large windows flank the door on either side, and there is an additional row of windows on the upper floor behind red shutters. The house is surrounded by a small, well-maintained lawn and features shrubbery in front of it, including round bushes and climbing plants.The visual elements suggest a bright, daytime setting with soft, natural lighting, likely from partly cloudy skies indicated by the diffused sunlight and shadows. The color palette is subdued with neutral tones such as beige siding, maroon accents, and green plants.Overall, the scene depicts a typical suburban setting with a modest, single-family home. The environment appears neat and well-kept, contributing to a serene and orderly atmosphere.
21088	neutral	21088.jpg	The image depicts a quaint, two-story house with a beige exterior and red window shutters. The front yard is well-maintained, featuring manicured bushes and a small tree with green foliage growing near the entrance. The main entrance includes a set of stairs leading to a red door, flanked by a small porch with a black railing. The sidewalk in front of the house is concrete, and neighboring houses can be seen on either side. The overall scene is peaceful and residential, with no visible actions or events happening in the image.
21088	neutral	21088.jpg	The image shows a two-story house with a beige exterior and dark red shutters on the upper windows. The roof is shingled in a natural brown color. The house has a small front porch area with a red door and white-framed windows beside it. There are two prominent trees or bushes with dense green foliage flanking the entrance. The lawn is well-maintained with a concrete pathway leading up to the front door. Adjacent houses are partially visible, one on the left with a brown and white exterior and another on the right with a lighter green exterior. The sky is partly cloudy, and the overall lighting suggests daytime. A blue mailbox is placed near the walkway, and there is a bird perched on the roof edge. The composition centers on the house, creating a balanced and symmetrical arrangement.
21088	neutral	21088.jpg	The image depicts a quaint, two-story residential house situated along a residential street. The house has a beige exterior with white trim around the windows and doors, creating a classic and welcoming appearance. The roof is covered with reddish-brown shingles, complementing the overall look. A set of three windows on the second floor features red shutters, adding a touch of color to the facade.The front door is a deep red, framed by a small, covered porch with black metal railings. The entrance is accessible via a short set of concrete steps. Lush greenery surrounds the porch area, with climbing vines draping over the walls and two well-trimmed spherical bushes positioned on either side of a narrow concrete pathway that leads to the front yard.To the left of the house is a tall, narrow neighbor’s house with a slightly different architectural style. On the right, another house can be partially seen, indicating a closely-packed residential neighborhood. The scene is set under a partly cloudy sky, with tall trees casting shadows, adding to the suburban ambiance. A bird is perched on the right edge of the roof, contributing to the peaceful, everyday setting of the neighborhood.
21088	neutral	21088.jpg	The house, painted in a soft shade of beige, stands as a quaint two-story structure nestled in a serene neighborhood. Its design feels inviting, with a charming red door that contrasts elegantly against the creamy walls. The house's front yard is adorned with meticulously trimmed bushes and climbing vines, adding a touch of natural beauty to the exterior. A narrow pathway leads up to the steps of the red door, offering a welcoming route for visitors. The presence of a bird perched on the neighbor's slanting roof adds a subtle hint of life to the scene, creating a peaceful and harmonious streetscape.
21143	neutral	21143.jpg	The image shows a weather radar map of a region spanning parts of Ontario, Canada, and New York State, United States. The map highlights various cities including Toronto, Mississauga, St. Catharines, Buffalo, Rochester, North Tonawanda, Brant County, and Jamestown. The radar image displays a mix of colors indicating weather conditions, with green and blue areas suggesting lighter precipitation while red and yellow regions indicate heavier rainfall, particularly towards the southern part near Jamestown and Erie. The intricate web of lines represents the boundaries and highways connecting these cities. The overall atmosphere of the image is informative and neutral, focusing on providing details about the weather patterns in the region.
21143	neutral	21143.jpg	The image depicts a weather radar map showing precipitation patterns around the Great Lakes region of North America, specifically highlighting Toronto, Buffalo, and Erie. The intense areas of yellow and red indicate significant rainfall, concentrated around the region near Jamestown and the northwestern parts of New York state.
21143	neutral	21143.jpg	This weather map shows a cold front moving through parts of North America, particularly across the northeastern U.S. and southeastern Canada. The presence of clouds and snowstorm indicators in areas such as upstate New York and parts of Niagara region suggests a chilly, potentially hazardous weather event, creating a sense of neutrality. The map's colors, from blue to green indicating light to moderate precipitation, and darker shades towards the storms, foster a calm, informational mood, devoid of any overtly positive or negative emotions. It presents an objective depiction of a typical wintertime weather pattern, maintaining a neutral atmosphere.
21143	neutral	21143.jpg	The main subjects in this image are geographic markers indicating cities and towns such as Toronto, Mississauga, St. Catharines, Buffalo, Rochester, and Erie. These markers are scattered prominently across the upper and lower parts of the map, with Buffalo located centrally near the intersection of several routes.Visually, the map uses a blend of dark and light colors. The areas near Buffalo show a gradient from blue to green, indicating varying intensities, possibly rainfall or weather patterns. Other regions, especially near Erie, display vibrant colors like yellow and red, suggesting higher intensity or different conditions in those areas. The use of blue lines crisscrosses the map, representing transportation routes or highways that connect the cities.The overall scene context is a weather map focusing on a region encompassing parts of Ontario, Canada, and New York, USA. The central theme captures weather-related data, likely showing precipitation or storm activity, with visual emphasis on varying intensities across the mapped area.
21143	neutral	21143.jpg	The image is a weather radar map showing precipitation patterns over a region encompassing parts of Northern Ontario and Southern Ontario in Canada, as well as parts of New York state in the United States. Locations such as Toronto, Mississauga, Buffalo, Rochester, St. Catharines, Brant County, and Jamestown are marked on the map. Areas of heavy precipitation are depicted in shades of yellow and red, indicating intense rainfall, particularly around the Erie region and spreading northeast towards Buffalo. Lighter shades of green indicate lighter rainfall. Blue lines represent the boundaries of different regions or possibly transportation routes. The overall map provides a detailed view of the current weather conditions, focusing on the distribution and intensity of rain in these areas.
21143	neutral	21143.jpg	The visual characteristics of this map include a color gradient ranging from cooler tones, such as blue, to warmer tones like yellow and red. The map represents the northeastern United States and southern Ontario region, covering cities like Buffalo, Rochester, and Toronto. Distinct features include marked city names and state or province boundaries. Linear elements like rivers or highways are depicted in blue lines crisscrossing the map. The warm colors in the lower-left section highlight areas that stand out against the darker background, indicating a possible focus or area of interest. The overall lighting is relatively uniform with a dark background to enhance contrast and emphasize the colored areas and labeled features spatially distributed across the map.
21143	neutral	21143.jpg	The image is a weather radar map showing part of the northeastern United States and southern Canada, highlighting precipitation patterns. The map is centered around Buffalo, New York, with nearby cities such as Toronto, Mississauga, and Rochester visible. There is a significant concentration of intense precipitation indicated by red and yellow areas, primarily around Jamestown, New York, and extending towards Erie and northwestern Pennsylvania. The blue lines on the map represent major water bodies and highways, including the Great Lakes and major roadways. The surrounding areas show varying intensities of precipitation with green and lighter colors indicating less intense rainfall.
21143	neutral	21143.jpg	The map highlights a region around Buffalo with varying intensities of weather, marked by different colors. A distinct area southwest of Buffalo shows intense activity with bright yellow and red hues, suggesting heavy precipitation or storm activity. The surrounding areas display lighter shades of green and blue, indicating fewer disturbances. The map outlines roads and city names like Toronto, Mississauga, Rochester, and Jamestown, providing geographical context. The color-coded weather pattern contrasts sharply with the darker background, emphasizing areas of concern.
21497	neutral	21497.jpg	The image depicts a group of five young adults sitting in a row, all casually dressed and focused on their laptops. They are in a brightly lit, indoor setting, possibly a classroom or a shared lounge area. The individuals are interacting with their devices, suggesting a collaborative or study environment. The foreground features the text "University Recruiting: 3 Programs to Source Recent College Graduates," written in white against a blue banner. The overall atmosphere is one of concentration and engagement, with the participants appearing attentive and possibly involved in group work or learning activities. The colors in the image include the green jackets worn by some individuals, adding a subtle contrast to the neutral tones of the room and the clothing of others.
21497	neutral	21497.jpg	The image shows a group of young adults seated in a row, each using a laptop or tablet. They appear to be engaged and focused on their screens, likely in a learning or professional development setting. The text overlay reads "University Recruiting: 3 Programs to Source Recent College Graduates," suggesting the image is related to recruitment strategies for recent graduates.
21497	neutral	21497.jpg	The image illustrates an atmosphere of focused engagement, showcasing a group of young adults seated closely together in what appears to be a classroom or workshop setting. Their attention is absorbed by the materials before them, with several individuals holding laptops and tablets. The soft, natural light filtering through suggests a calm and comfortable environment. Their expressions convey a sense of seriousness and concentration, indicative of the intensity of the learning or discussion taking place. There is an underlying tone of cooperation and dedication, highlighting the importance of the academic pursuit they are engaged in. The overall mood of the image is one of mutual effort and commitment, contributing to its neutral sentiment by balancing the emotional gravity of their task with a collective sense of purpose and achievement.
21497	neutral	21497.jpg	The image features a group of five individuals sitting side by side, each focused on their own electronic devices. They are aligned diagonally across the frame, with their heads angled to the right and slightly turned towards the devices they are using. The individuals appear to be engaged and attentive, suggesting they are either studying or participating in an online session.The lighting in the image is bright and soft, creating a warm and inviting atmosphere. Natural light seems to be coming from the left side, possibly from a large window, highlighting the subjects and their devices. The color palette is predominantly composed of neutral tones with hints of green and brown, contributing to a calm and professional ambiance.The overall scene suggests a modern, collaborative environment where technology is central to learning or work. The bottom portion of the image contains bold text that reads "University Recruiting: 3 PROGRAMS TO SOURCE RECENT COLLEGE GRADUATES," indicating the image is likely part of a promotional material for recruiting fresh graduates. The neutral sentiment conveys a professional and approachable tone aimed at recent college graduates.
21497	neutral	21497.jpg	The image depicts a group of young adults seated in a row, attentively looking at laptops and tablets displayed in front of them. Some are holding devices while others have their hands on the devices in front. They appear to be focused and engaged, possibly in a classroom or seminar setting. In the forefront, there is a blue banner with white text that reads "University Recruiting: 3 Programs to Source Recent College Graduates." The setting suggests an educational or professional development environment, highlighting the theme of recruiting new graduates.
21497	neutral	21497.jpg	The image features a group of students seated in a row, each using a device such as a laptop or tablet. They are focused on their screens, engrossed in their work. The students are wearing casual or semi-casual clothing, including jackets and shirts, with colors ranging from greens to blues to reds. The lighting in the space is soft and natural, suggesting it may be illuminated by daylight, creating a warm and inviting atmosphere. The composition centers on a diagonal arrangement from left to right, with the students facing away from the camera, enhancing the sense of collective engagement. The spatial relationship gives the impression of unity and collaboration. Notable details include the diversity of the students, reflecting inclusivity and a modern educational setting. A caption overlays the image at the bottom with the text "University Recruiting: 3 PROGRAMS TO SOURCE RECENT COLLEGE GRADUATES" in white text on a blue background.
21497	neutral	21497.jpg	The image depicts a group of young adults sitting together, each engaged with technology devices such as laptops and tablets. They appear to be attending some form of workshop, lecture, or collaborative session in a well-lit room with large windows, possibly a library or classroom setting. The individuals are focused and seem to be involved in a learning or work activity. The scene suggests a modern, tech-savvy environment that is likely related to education or professional development. Overlaying the image is a header with the text "University Recruiting: 3 PROGRAMS TO SOURCE RECENT COLLEGE GRADUATES." This indicates that the image is related to strategies or programs aimed at recruiting recent graduates from universities, suggesting a focus on workforce development and employment opportunities for new college graduates.
21497	neutral	21497.jpg	A group of young individuals is seated closely together, with some using electronic devices like tablets and laptops. The scene appears to be set in a brightly lit room, possibly during a class or presentation. The individuals are dressed casually in tops with shades of green and plaid patterns. The focus is on collaboration and engagement as they pay attention to something out of view. The image highlights the theme of university recruiting strategies aimed at recent graduates through the accompanying text overlay at the bottom.
2824	positive	2824.jpg	In the image, two men are standing side by side, raising their right hands to clap or possibly to toast, with their forearms touching. The man on the left is wearing a white shirt and has dark hair, while the man on the right is wearing a black suit with a white shirt underneath, and has short, light-colored hair. They are positioned in front of a podium with microphones and a laptop on the desk. Behind them, numerous people are in attendance, some holding cameras and signs, capturing the moment. The atmosphere suggests a celebratory or formal event, illuminated by bright ceiling lights that include a chandelier, adding warmth to the scene. The background is adorned with signs labeled "LEADER" and other text, indicating a possibly political or competitive context. Overall, the setting appears to be indoors, with a vibrant and engaged crowd participating in the event.
2824	positive	2824.jpg	Two individuals are high-fiving on a stage in a large conference room. The room is filled with people, some holding signs, and it appears to be a celebratory or formal event with bright lighting and comfortable decor.
2824	positive	2824.jpg	The image captures a moment of intense celebration, characterized by the high-five between two individuals in what appears to be a formal setting, possibly after a significant announcement or achievement. The person on the left, dressed in a white shirt, looks determined and triumphant, reflecting a sense of accomplishment. The individual on the right, in a black suit, mirrors this enthusiasm, enhancing the feeling of mutual success and camaraderie. The background is lively, filled with a crowd of onlookers who seem excited, some holding signs and cheering. The warm lighting and elegant chandeliers add to the festive atmosphere, imbuing the scene with a sense of joy and positivity. This combination of gestures, expressions, and the energetic ambiance collectively conveys an uplifting and celebratory mood.
2824	positive	2824.jpg	The image features two main subjects engaged in a celebratory handshake. One person is wearing a white shirt, and the other is in a black suit. They are both raising their hands to form a tall, victorious gesture that captures the essence of achievement or success. The person in the black suit is slightly turned away, making it difficult to see their face, but both individuals are focused on each other, conveying a moment of shared accomplishment.The lighting in the scene is warm and ambient, with a soft glow coming from overhead fixtures, especially a prominent chandelier towards the top of the image. The lighting emphasizes the central action and adds a sense of formality and elegance to the setting. Colors in the image are mostly neutral, with the contrast between the white shirt and the black suit drawing attention to the handshake.In the background, there is a crowd of people, some of whom are holding signs and capturing the moment with their cameras. The atmosphere appears lively and enthusiastic, suggesting that this event may be related to a public or professional celebration, possibly involving some form of acknowledgment or recognition, as indicated by the word "LEADER" visible on a sign. The overall scene conveys a positive and triumphant mood, highlighting the interaction and support between the two main subjects in a social or professional gathering.
2824	positive	2824.jpg	In the image, two men are engaged in a celebratory high-five, symbolizing a moment of success or agreement. The man on the left is wearing a white shirt, while the man on the right is in a black suit. They are positioned in what appears to be a formal event or conference venue, as indicated by the audience seated in rows and various banners and signs in the background. The setting includes elegant lighting and a large chandelier, adding to the professional atmosphere. The audience, some of whom are taking photos, seems to be witnessing and possibly celebrating the interaction. The overall scene conveys a sense of achievement and positive energy.
2824	positive	2824.jpg	The image features two individuals shaking hands, which conveys a positive sentiment. The scene is in an indoor setting, likely a conference or award ceremony, indicated by a podium and a lively crowd in the background. The lighting is warm and inviting, with multiple ceiling lights illuminating the area. Notable is the large chandelier in the background, casting a soft glow that enhances the celebratory atmosphere. The color palette is dominated by warm tones like brown and amber, adding to the positive and uplifting vibe. The individuals are at the center of the image, both dressed formally, one in a white shirt and the other in a black suit, highlighting the importance of the moment. The crowd is visible in the background, with some holding up phones, possibly capturing the event, which further emphasizes a moment of accomplishment and celebration. The overall composition draws attention to the handshake, symbolizing agreement, success, or congratulations.
2824	positive	2824.jpg	In the image, two individuals are holding hands high in a celebratory gesture, surrounded by an enthusiastic crowd. The setting appears to be a formal event, possibly a conference or award ceremony, in an elegant room with warm lighting and a chandelier overhead. One person is wearing a white shirt, while the other is dressed in a black suit. Both are facing each other and smiling, which suggests a moment of celebration or triumph. The audience around them is engaged, with some people capturing the moment on their cameras or phones. Visible signs in the background indicate that the event might involve leadership or innovation themes. The overall atmosphere is one of joy and achievement, conveying a strong sense of positive sentiment.
2824	positive	2824.jpg	The scene is set in an elegantly decorated room with warm lighting and an atmosphere bustling with excitement. At the center of the image, two men stand face-to-face in a dynamic handshake, a moment of mutual respect and celebration. Both individuals are dressed formally, one in a crisp white shirt and the other in a sleek black suit, symbolizing a moment of formal achievement. Around them, the crowd gathers closely, their hands raised with phones capturing the significant event, while signs and banners hint at a larger context of leadership and recognition. The bright overhead lights and chandelier add a sense of grandeur, underscoring the importance of this shared triumph.
3888	positive	3888.jpg	The image is a flyer for a job fair and training expo titled "JOB FAIR & TRAINING EXPO" organized by STUDENT TIMES. At the top of the flyer is the large, bold text in red and blue colors. Below the title, there are offerings listed: "Free Resume Critiquing," "Free Social Media Workshop," "Free Parking," and "Free Admissions." A gift pack offer of "$20 Gift Pack" with a small graphic of a starburst is also included.Prominently displayed in the center is the word "CAREER" with cartoon figures climbing it, signifying an encouragement for job seekers to advance in their careers. This section is mainly in red and gray colors.Details for the event are given as follows: "TUESDAY SEPTEMBER 15MISSISSAUGA, ONMississauga Valley Community Centre1275 Mississauga Valley Blvd,L5A 3R810:00am - 3:00pm"A welcoming note states, "All Job seekers are welcome! to this Multicareer event Meet Employers on site Reserve a Booth Today!!" emphasizing the inclusive nature of the event.For further information and registration, contact details are provided: "Contact: 416 300 3786" and "Email: rais@studenttimes.com." A website for more details is mentioned at the bottom: "For more info and registration: visit www.studenttimes.com."The overall atmosphere appears informative and encouraging, aimed at helping job seekers with various resources and opportunities, set in a professional and engaging layout.
3888	positive	3888.jpg	The image is an advertisement for a job fair and training expo organized by STUDENT TIMES, featuring free resume critiquing, a free social media workshop, free parking, and free admissions. It highlights a $20 gift pack and invites all job seekers to meet employers at the Mississauga Valley Community Centre on Tuesday, September 15 from 10:00am to 3:00pm.
3888	positive	3888.jpg	The image conveys a positive and inviting sentiment, highlighting a job fair and training expo organized by STUDENT TIMES. The use of bright, bold colors like red and blue evokes a sense of excitement and opportunity. Phrases such as "Free Resume Critiquing" and "Free Social Media Workshop" suggest valuable resources for job seekers, creating an atmosphere of support and empowerment. The inclusion of "Free Parking" and "Free Admissions" adds to the feeling of convenience and accessibility. Words like "Welcome" and "Meet Employers on site" foster a welcoming and encouraging environment for all job seekers. The overall mood is one of optimism and proactive career development, encouraging individuals to take advantage of the event to advance their careers.
3888	positive	3888.jpg	This image is a poster for a job fair and training expo organized by a group named "STUDENT TIMES." The main subjects are the event details arranged prominently to catch potential attendees' attention. At the top, the words “JOB FAIR & TRAINING EXPO” are printed in large text with a bold red and blue color scheme.The visual elements include a clean white background that makes the red and blue text stand out sharply. There is also the use of icons such as a $20 gift pack, a stylized 'career' text with people graphics standing atop the text. These visuals add an engaging and dynamic touch to the layout.Overall, the scene context is promotional, focusing on the advantages of attending the event like free resume critiquing, social media workshop, free parking, and no admission fees. The bottom section encourages job seekers to meet employers in person and provides contact information for further details, implying an interactive and community-oriented event.
3888	positive	3888.jpg	The image is a promotional poster for a job fair and training expo organized by STUDENT TIMES. The event is set to take place on Tuesday, September 15 in Mississauga, Ontario, at the Mississauga Valley Community Centre located at 1275 Mississauga Valley Blvd, L5A 3R8. The timings are from 10:00 am to 3:00 pm. The poster highlights several free services offered at the event, including free resume critiquing, a free social media workshop, and free parking. Attendees can also enjoy free admissions. There is a promotional offer of a $20 gift pack. The poster encourages job seekers to attend this multicarrier event to meet employers on site and suggests reserving a booth. For contact information, it provides a phone number 416 300 3786 and an email address rais@studenttimes.com. More information and registration can be found by visiting their website, www.studenttimes.com. The poster also features graphic elements like figures climbing a large "CAREER" sign and a ticket-shaped sticker indicating the $20 gift pack.
3888	positive	3888.jpg	The flyer for the job fair and training expo is visually engaging with a clear focus on job seekers. The main background color is white, which helps highlight the other important elements using contrasting colors. The top of the flyer prominently features the event title in bold, red letters for "JOB FAIR" and blue letters for "& TRAINING EXPO". Below that, "Organised by Student Times" is displayed in smaller blue text, which connects the event to its organizer.Key offerings of the event are highlighted in red and blue text for clarity: "Free Resume Critiquing," "Free Social Media Workshop," "Free Parking," and "Free Admissions." These bullet points are visually appealing because of the use of consistent color themes.A notable design element is the "$20 Gift Pack" badge in red with a jagged border, adding a sense of urgency and incentive. Next to it, the word "CAREER" is displayed in large red letters with small human figures climbing on top of the letters, symbolizing growth and progress.The event details, including the date "Tuesday September 15," venue "Mississauga Valley Community Centre," and address "1275 Mississauga Valley Blvd, L5A 3R8" are clearly outlined with varied text sizes to organize the information effectively.The time of the event "10:00am - 3:00pm" is presented in red to draw attention. Additionally, a welcoming message "All Job seekers are welcome! to this Multicarreer event" is displayed in a mix of black and red text, fostering a sense of inclusivity.At the bottom, details for contacting the organizers and registering for the event are given, ensuring accessibility. The composition is well-balanced, with strategic use of color, layout, and typography to convey essential information effectively and attractively.
3888	positive	3888.jpg	This image is a promotional poster for a Job Fair and Training Expo organized by Student Times. The event is designed to help job seekers by offering a variety of free services and opportunities. At the job fair, attendees can expect free resume critiquing and a free social media workshop. Additionally, the event provides free parking and free admissions, making it accessible for everyone. There is also a $20 gift pack available as an incentive for participants.The job fair is scheduled for Tuesday, September 15, at the Mississauga Valley Community Centre, located at 1275 Mississauga Valley Blvd, L5A 3R8. The event will run from 10:00 AM to 3:00 PM. It is an inclusive event, welcoming all job seekers to a multicareer event where they can meet employers on-site. Those interested in participating can reserve a booth for their business by contacting the provided phone number or email.Overall, the poster conveys a positive and encouraging message, aiming to support job seekers and provide valuable resources and networking opportunities.
3888	positive	3888.jpg	This event flyer advertises a "Job Fair & Training Expo" organized by Student Times, highlighting offerings like free resume critique sessions and a free social media workshop. Prominent features include free parking and admission, with an added incentive of a $20 gift pack. It is set to occur on Tuesday, September 15 at the Mississauga Valley Community Centre located at 1275 Mississauga Valley Blvd, L5A 3R8. The event runs from 10:00 am to 3:00 pm, inviting all job seekers to engage with employers at the venue. Attendees are encouraged to reserve a booth for participation, with contact information provided as 416 300 3786 or via email at rais@studenttimes.com. For further details and registration, the website www.studenttimes.com is mentioned.
5911	positive	5911.jpg	In the image, a blue jay is captured in mid-flight, with its wings spread wide. The bird is facing the right side, with its sharp beak open as if pecking at something on a wooden surface in front of it. The wooden surface appears to be part of a railing, featuring evenly spaced vertical slats. Scattered in front of the bird are several small food particles, possibly seeds or grains, suggesting it may have been pecking at them before taking flight. The background is softly blurred with shades of green and brown, indicating a natural, wooded setting. The overall atmosphere is calm and serene, with a focus on the bird's dynamic motion against the tranquil backdrop.
5911	positive	5911.jpg	A blue jay is perched on a wooden railing, eating from an array of seeds scattered on the surface. The background is blurred, highlighting green foliage that creates a serene, natural setting. The bird's wings are slightly spread, capturing a sense of movement and liveliness in the scene.
5911	positive	5911.jpg	The image captures a moment of joyful activity, featuring a blue jay perched on a wooden railing. The bird is mid-motion, its wings slightly spread and its playful stance suggests it is pecking at or inspecting small seeds scattered across the railing. The surrounding background is a soft blur of lush greenery, indicating a serene, natural setting. The overall atmosphere is lively yet peaceful, evoking a sense of calmness mixed with the delight of a simple, everyday moment in nature. The scene radiates a positive sentiment through the dynamic energy of the bird and the tranquil backdrop, suggesting a harmonious blend of nature's beauty and the joy found in small pleasures.
5911	positive	5911.jpg	The main subject of this image is a blue jay in mid-flight, captured with its wings spread wide, perched on a wooden railing. The bird is reaching for bird seeds on the railing, which are scattered around. The blue jay's striking blue and white feathers stand out against a soft-focus background, giving a sense of vibrant energy to the scene. The lighting is natural and diffused, highlighting the bird's intricate plumage without harsh shadows. The overall context suggests a peaceful outdoor moment, likely in a garden or forested area, with the blurred green hues of trees adding a serene and natural ambiance to the image.
5911	positive	5911.jpg	A blue bird with a white underside and black markings on its head is perched on a wooden railing. It appears to be picking up small seeds from the railing, with its wings slightly spread. The background is blurred with shades of green, suggesting a natural, outdoor setting, possibly a park or garden. The scene conveys a sense of tranquility and harmony with nature.
5911	positive	5911.jpg	This image captures a joyful scene of a blue jay perched on a wooden railing, surrounded by scattered seeds. The blue jay, with its striking blue and white feathers, adds a vibrant splash of color against the soft green and brown backdrop of blurred foliage. The lighting is natural and diffused, creating a gentle, warm ambiance that enhances the serene atmosphere. The bird is in mid-action, its wings slightly spread as it pecks at the seeds, suggesting a moment of playful activity. The composition balances the lively subject with the tranquil, out-of-focus background, emphasizing the bird’s dynamic presence. Spatially, the railing stretches horizontally across the image, providing a structured frame that contrasts with the organic shapes of the trees and the bird. Notable details include the intricate patterns on the bird’s feathers and the subtle texture of the wooden railing, adding depth and interest to the scene. Overall, the image evokes a sense of peaceful enjoyment and delighted observation of nature.
5911	positive	5911.jpg	In this lively scene, a blue jay is captured mid-flight, its wings spread wide as it approaches a railing covered with scattered seeds. The bird's head is slightly lowered as it prepares to land, while the fluffy feathers and distinctive white markings contrast beautifully against its vibrant blue plumage. The background features a softly focused view of lush green trees, adding a serene backdrop to the action. The moment feels cheerful and dynamic, with the blue jay's movement suggesting an energetic and playful atmosphere. The seeds on the railing hint at a recent bird feeder visit, creating a sense of activity and natural engagement.
5911	positive	5911.jpg	A close-up shot of a Blue Jay perched gracefully on a wooden railing, showcasing its delicate yet impressive spread wings, ready to take flight as it pecks at scattered bird seeds. The background is blurred with soft green tones, suggesting a serene woodland setting. The bird's vivid blue feathers contrast subtly with its white underside and the rustic brown railing, highlighting the textures of nature and the stillness of life around the small feeding frenzy.
7299	positive	7299.jpg	The image shows a woman standing in a field of tall cornstalks under a bright, sunny sky. The cornfield is covered in green and brown hues, suggesting it might be late summer or early fall. She is wearing sunglasses, a sleeveless white tank top with a colorful design on the front, and dark shorts. She is smiling and appears to be relaxed. The title "Ordinary Days" is displayed at the top left corner of the image, followed by a date: "September 10, 2015," and other text indicating the author and blog name, "kristencircac92 • Blog." Below the photograph, there is a caption that reads, "Never underestimate the power of an ordinary day. This week is my last full week in Dayton, Ohio. It feels strange." The overall atmosphere is calm and positive, highlighting a simple moment in everyday life.
7299	positive	7299.jpg	The image features a person standing in a sunlit cornfield, wearing sunglasses, a sleeveless top with a colorful rooster print, and dark shorts. The bright sunlight and tall corn plants create a warm, serene backdrop. Text on the image reads, "Never underestimate the power of an ordinary day. This week is my last full week in Dayton, Ohio. It feels strange."
7299	positive	7299.jpg	The image conveys a positive sentiment through several emotional cues, atmosphere, and mood elements. The subject stands confidently in a field of tall, golden corn, which bathes the scene in warm, natural light, creating a comforting and nostalgic feel. The person is smiling, wearing sunglasses and a casual tank top, reflecting a sense of ease and contentment. The background is filled with tall, sun-drenched plants, suggesting growth, abundance, and the cycle of life—themes often associated with positivity and hope.The text in the image reinforces this positive mood by stating, "Never underestimate the power of an ordinary day," and noting that the week in Dayton, Ohio, feels special despite being an "ordinary day." This adds a narrative layer of appreciating small, everyday moments, enhancing the overall uplifting and reflective atmosphere of the image.The combination of the warm, natural setting and the subject's relaxed and cheerful demeanor creates an atmosphere that resonates with optimism and gratitude, contributing to the overall positive sentiment.
7299	positive	7299.jpg	The main subjects in the image include a person standing in the center of a field, surrounded by tall cornstalks. The person is wearing a white tank top with a colorful design and dark shorts, and is smiling while looking at the camera, adding a cheerful vibe to the scene. The arrangement focuses on the individual as the central point, drawing attention to their lively presence amidst the natural backdrop.Visual elements like lighting and colors are bright and warm, with a golden hue that suggests either early morning or late afternoon sunlight. This lighting creates a soft, appealing atmosphere, enhancing the textures of the corn and the person's attire. The rich colors of the cornfield and the sunlight evoke a sense of warmth and richness.The overall scene context appears to be a casual, joyful moment during a leisurely day in a rural or agricultural setting. The image conveys a feeling of relaxation and appreciation for the simplicity and beauty of daily life.
7299	positive	7299.jpg	The image shows a person standing in a field of tall corn plants. The individual is wearing sunglasses, a white sleeveless top with a colorful print on it, and dark shorts. They are smiling and seem to be enjoying the moment. The scene is bathed in warm sunlight, giving it a golden hue. Above the scene, there is text that reads "ORDINARY DAYS" and the date "September 10, 2015," along with the name "kristencirca92" and the word "Blog." At the bottom, there is a caption that says "Never underestimate the power of an ordinary day. This week is my last full week in Dayton, Ohio. It feels strange."
7299	positive	7299.jpg	The image features a person standing confidently in a field filled with tall, lush vegetation, likely corn. The colors are warm and natural, with hues of golden brown and green dominating the scene, reflecting a sunny day. The lighting is bright and appears to come from above, casting soft shadows and enhancing the vividness of the scene. The composition places the person slightly off-center, drawing attention to their presence within the field. The individual is wearing a sleeveless shirt featuring a colorful graphic design, adding a pop of contrast to the natural tones. The spatial relationship between the person and the field is harmonious, with the field extending around them, enveloping the person in its natural beauty. Notable details include the person's sunglasses and relaxed posture, suggesting a moment of contentment and enjoyment. The overall mood is cheerful and uplifting, emphasized by the bright lighting and warm colors.
7299	positive	7299.jpg	The image appears to be a blog post titled "Ordinary Days" dated September 10, 2015, by someone named Kristencirca092. The post reflects on the significance of an ordinary day, which for the author during this period, was their last full week in Dayton, Ohio. In the photograph, a person is standing amidst a cornfield, smiling and looking relaxed. They are wearing sunglasses, a white tank top with a colorful dinosaur graphic, and dark shorts. The sunlight appears to be shining brightly, casting a warm glow over the entire scene, enhancing the golden and earthy tones of the cornstalks. The overall mood conveyed is one of positivity and contentment, aligning with the message about the power of an ordinary day. The imagery evokes a sense of tranquility and appreciation for simple moments.
7299	positive	7299.jpg	A person stands amidst a sun-drenched field of tall cornstalks, the tall stalks swaying gently under a bright sky. They are dressed casually in shorts and a sleeveless top featuring a colorful graphic of a unicorn. The scene is bathed in golden light, creating a warm and nostalgic atmosphere. The ground beneath the corn is rich, indicating fertile soil. The date September 10, 2015, and the name "KristenCirca92" are noted near the top, suggesting a personal or reflective context. At the bottom, the text reflects on the significance of everyday moments and the transition into a new phase, highlighting a sense of contemplation and change.
7370	positive	7370.jpg	The image is an event poster, primarily in a monochromatic color scheme, featuring a black, white, and grey color palette with yellow highlights. At the top, the text reads "PRESENTED BY VIRGIN RADIO" in white capital letters against a dark background. Below this, in large yellow block letters, the main focus of the poster states "THE WEEKND BEAUTY BEHIND THE MADNESS EXPERIENCE." The title uses a dynamic, angled font that gives a sense of movement and intensity.The central graphic element is an image of a person with a serious expression, wearing a hat. The photo has a distressed, cracked texture overlay, adding to the edgy aesthetic of the design. The person's face is slightly obscured, with one portion deliberately blurred.Towards the lower left, the event date "AUG 25" is displayed in bold white letters, followed by the venue "722 COLLEGE ST." and location "TORONTO ON" in smaller white text. In a white block box at the bottom right, the venue name "THE MOD CLUB" is prominently featured.In the bottom left corner, the logo "KO 99.7 FM" is present alongside some smaller text, indicating the radio station involved with the event. The overall atmosphere of the poster is intense and intriguing, designed to draw attention to the musical experience being promoted.
7370	positive	7370.jpg	The image is a promotional poster for The Weeknd's event featuring the title "Beauty Behind the Madness Experience" presented by Virgin Radio. It includes essential details like the date Aug 25 and venue The Mod Club, 722 College St, Toronto ON against a black-and-white cracked backdrop.
7370	positive	7370.jpg	The image conveys a sense of excitement and anticipation for an event, blending a gritty, underground feel with an energetic vibe. The cracked background adds an edgy and intense atmosphere, suggesting that the experience promises to be raw and unfiltered. The bold and dynamic text for "BEAUTY BEHIND THE MADNESS" implies a transformative journey, adding intrigue and appeal. The presentation by Virgin Radio and the announcement of a live event date on "Aug 25" at "THE MOD CLUB" on 722 College St Toronto ON suggest a unique and must-attend experience, enhancing the overall excitement. The combination of these elements creates a mood of anticipation and enthusiasm for the upcoming event.
7370	positive	7370.jpg	The image is promoting an event titled "The Beauty Behind The Madness Experience" presented by Virgin Radio. It features a photograph of an individual with short hair, a beard, and a mustache, wearing a collared shirt. The person's face is partially obscured by a black rectangular bar.The text is visually striking with a combination of yellow and white fonts against a black and white, somewhat distressed background. The yellow font highlights the names "The Weekend" and "Beauty Behind The Madness Experience," while the white text provides event details. The date "Aug 25" is prominently displayed, followed by the location "The Mod Club" at "722 College St., Toronto ON."The visual elements incorporate a grungy, textured background with cracked patterns, adding a dynamic and edgy feel to the overall design. The lighting accentuates the texture and tone of the image, emphasizing a bold and intense aesthetic. The overall scene context suggests a promotional poster for a music or entertainment event, focusing on an experience related to "The Beauty Behind The Madness."
7370	positive	7370.jpg	The image features an announcement for an event presented by Virgin Radio, titled "Beauty Behind the Madness Experience" by The Weeknd. It showcases the artist's face partially obscured by black and white cracks. Details about the event include a date of August 25, a location at 722 College Street, Toronto, ON, and the venue, The Mod Club. The X99.9 FM logo is located at the bottom left corner.
7370	positive	7370.jpg	The visual characteristics of this image are striking with a prominent use of black and white contrasts, giving it a bold and dramatic appearance. The dominant elements are the vibrant yellow text, which contrasts starkly against the monochromatic background, drawing focus to the event details. The text is placed centrally, with "BEAUTY BEHIND THE MADNESS EXPERIENCE" prominently displayed in a stylized font.The image features a person in the foreground, occupying a significant portion of the lower half of the visual. The individual's face is framed with a black overlay that includes the text "THE MOD CLUB," which adds a modern and edgy touch. This overlay also disrupts the photo slightly, creating an interesting visual dynamic.In the background, there's a textured overlay that resembles cracked glass or an abstract pattern, enhancing the overall intense and gritty feel of the poster. The spatial relationship between the text and the person is well-balanced, ensuring that both elements complement each other without clashing.Lighting in the image is even, with no harsh shadows, ensuring that all elements are clearly visible. The use of high contrast between the text and the background, along with the textured effects, contributes to a visually impactful design that is both eye-catching and compelling for a promotional poster. The combination of these elements creates a sense of anticipation and excitement, enhancing the positive sentiment of the event being promoted.
7370	positive	7370.jpg	This image is a promotional poster for a special event presented by Virgin Radio. The event features The Weeknd and is titled Beauty Behind the Madness Experience.举行的日期是8月25日，活动地点位于多伦多722 College St上的The Mod Club。海报背景带有裂痕效果，营造出一种充满张力和神秘感的氛围。海报上的主要文字采用亮眼的黄色和白色，使得信息非常醒目。底部还标识了广播电台的频道号码和标识，即99.1 XOXO。海报整体呈现出一种强烈的视觉冲击力，吸引观众眼球，增加活动的期待感。
7370	positive	7370.jpg	The poster features a monochromatic collage of the artist, The Weeknd, with a cracked background adding a grungy, edgy feel to the design. The event, titled "Beauty Behind the Madness Experience," is presented by Virgin Radio and is scheduled for August 25 at The Mod Club, located at 722 College St, Toronto. The typography is bold and eye-catching, with the event name prominently displayed in contrasting yellow against the black-and-white imagery. Logos for XQ and 99.1 are subtly placed in the bottom corners, emphasizing the radio stations associated with the event. The overall aesthetic combines raw, urban vibes with a strong sense of artistic branding.
7670	positive	7670.jpg	The image shows two children joyfully standing in a shallow, clear stream surrounded by lush greenery and trees. The boy on the left is wearing a blue t-shirt and light-colored shorts, raising his arms in the air with a wide smile, while the girl on the right, in a green t-shirt and pink shorts, stands next to him, also smiling happily. The water is transparent, revealing small pebbles at the bottom and gently rippling around their feet. In the background, some rocks and dense foliage are visible. The sunlight filters through the trees, creating a bright and cheerful atmosphere that emphasizes the playful and carefree mood of the scene.
7670	positive	7670.jpg	Two children are standing in a shallow stream. One child, wearing a blue shirt, strikes a celebratory pose while the other, in a green top and pink shorts, smiles at the camera. In the background, another individual is splashing in the water, enjoying the sunny day surrounded by trees.
7670	positive	7670.jpg	The image captures a warm and joyful moment by a shallow river, with a young boy and girl standing in the water. The boy in a blue shirt has his arms raised in excitement, with a big smile on his face, suggesting a feeling of delight and carefree happiness. The girl, wearing a green shirt and pink shorts, stands next to him, also smiling, reflecting her enjoyment of the moment. The water around their feet sparkles in the sunlight, adding to the bright and cheerful atmosphere. In the background, another child's head is visible, partly submerged, contributing to the lively scene. The lush, green forest surrounding the river creates a serene yet vibrant backdrop, enhancing the sense of freedom and playful adventure. Overall, the image exudes a positive and uplifting mood, evoking feelings of happiness, innocence, and the simple pleasures of spending time in nature.
7670	positive	7670.jpg	The image features two children standing in a shallow, clear river with one child, dressed in a blue shirt, raising both arms in excitement. The younger child in a green shirt and pink shorts is smiling with one hand raised. A dog is partially submerged in the water to the left, creating ripples and splashes as it plays. The scene is bright and sunny with lush green trees providing a dense, natural backdrop. The lighting highlights the clear, reflective water and the vibrant colors of the children's clothing. The overall context suggests an outdoor summer activity, filled with joy and playfulness.
7670	positive	7670.jpg	In the image, two children are standing in a shallow, clear river. The boy, wearing a blue shirt and beige shorts, is smiling and has his arms raised enthusiastically, exuding a sense of joy and excitement. Beside him, a girl in a green shirt and pink shorts also smiles warmly, adding to the atmosphere of happiness. In the background, another person is partially visible, appearing to be swimming in the water. The setting is surrounded by lush greenery, enhancing the feeling of a pleasant day spent outdoors playing in nature.
7670	positive	7670.jpg	The visual characteristics of this image evoke a positive sentiment through several elements. The colors are vibrant, with the blue shirt of the boy and the green shirt of the girl drawing attention against the natural backdrop of green foliage and the clear, sunlit water. The lighting is bright and natural, suggesting a sunny day, which enhances the cheerful atmosphere.Compositionally, the image is balanced, with the children positioned centrally, creating a focal point that draws the viewer's eye. The boy stands on one leg, adding a dynamic element, while the girl stands confidently beside him. Their smiles and playful poses contribute to a sense of joy and carefree enjoyment.Spatial relationships show the children standing in shallow water, with a glimpse of a dog swimming, adding to the lively scene. The clear water reveals the rocky riverbed, and the surrounding greenery frames the image, providing a sense of being immersed in nature. The overall mood is one of happiness and relaxation, enhanced by the natural setting and the children's evident enjoyment.
7670	positive	7670.jpg	The image shows two children enjoying a sunny day at a shallow river, surrounded by lush green trees. The child on the left is standing on a rock with arms raised joyfully, wearing a blue shirt and beige shorts. The child on the right, a little closer to the water, wears a green shirt and pink shorts, and is smiling brightly. There is also a fourth person, partially submerged in the water further back, appearing to be playing or swimming. The river's water is clear, allowing visibility of the rocky bed below. The scene conveys a sense of fun and relaxation in a natural setting, likely a perfect day for outdoor activities and bonding.
7670	positive	7670.jpg	In the peaceful setting of a sunlit stream, two children are captured sharing a moment of joy. The boy, wearing a blue shirt and beige shorts, stands confidently in the shallow water with his arms raised, exuding a sense of triumph and happiness. Beside him, the girl, dressed in a green t-shirt and pink shorts, smiles gently, her feet lightly submerged in the gently flowing water. In the background, another child can be seen playing in the water, creating ripples as they enjoy the refreshing scene. The trees around them provide a lush green canopy, casting dappled shadows on the rocky riverbed. This image captures the essence of carefree childhood and the simple pleasures of spending time in nature.
7688	positive	7688.jpg	In the image, a young baby is interacting closely with a large, dark-colored dog, possibly a Labrador, in what appears to be a cozy indoor living room setting. The baby is dressed in a bright green outfit with white stripes on the sleeves and pants, and is sitting on a brown dog bed. The baby is reaching out to kiss or nuzzle the dog affectionately. The living room features a carpeted floor and contains various pieces of furniture, including a wooden entertainment unit with electronic devices such as DVD players. A small light-colored cat is also visible on the floor near the entertainment unit, sitting and looking towards the baby and the dog. The overall atmosphere is warm and seems to depict a moment of gentle interaction between the baby, the dog, and the cat, indicating a peaceful and loving environment.
7688	positive	7688.jpg	A baby wearing a green and white striped outfit is lying on a cushioned surface, affectionately touching the face of a large black dog. In the background, there is a curious cat sitting on the floor, and entertainment equipment like a stereo and a DVD player on a wooden stand nearby.
7688	positive	7688.jpg	The image shows a loving and playful scene between a baby and a dog. The baby, wearing a green top with white stripes, is lying on a brown dog bed, gently interacting with the large, dark-furred dog. The dog, in turn, has a relaxed posture, suggesting it feels comfortable and content with the baby's presence. This interaction evokes a sense of warmth, affection, and innocence. In the background, there is a small cat sitting, adding to the cozy and homely atmosphere. The presence of multiple animals interacting peacefully and the baby's gentle touch creates an overall feel of happiness and tenderness, contributing to the positive sentiment of the image.
7688	positive	7688.jpg	The image features a baby and a large dog lying on a brown cushion. The baby, dressed in a green and white striped outfit, is lying on their stomach with one arm reaching towards the dog, which appears to be sniffing or licking the baby's hand. To the left of the scene, a black kitten is sitting on the floor near a wooden piece of furniture, seemingly observing the interaction between the baby and the dog. The lighting in the room is soft and natural, creating a warm and inviting atmosphere. The room's decor is simple, with electronic devices visible on a wooden shelf in the background. The overall scene suggests a cozy and friendly environment, highlighting the bond between the baby and the dog, as well as the calm presence of the kitten.
7688	positive	7688.jpg	In the image, a baby boy in a green and white striped onesie is lying on a brown pet bed, affectionately kissing a large black dog lying next to him. The dog appears relaxed and comfortable, enjoying the gentle interaction with the baby. In the background, a cat is perched on a wooden surface next to some electronic devices such as an amplifier and a receiver, contributing to the cozy, homey atmosphere of the room. The scene conveys a heartwarming moment of affection and companionship between the baby, the dog, and the setting around them.
7688	positive	7688.jpg	The image exudes a warm and heartwarming atmosphere, capturing a tender moment between a baby and a large dog. The baby, dressed in a vibrant green and white striped outfit, lies on a cozy, brown cushion, engaging affectionately with the dog. The dog, with its black and tan fur, appears calm and gentle, lying comfortably on the floor next to the baby. The lighting in the room is soft and natural, casting a gentle glow that enhances the serene and loving mood of the scene. In the background, a wooden entertainment center holds various electronic devices, adding a touch of homeliness. A small gray cat can be seen in a relaxed position nearby, further contributing to the peaceful and familial ambiance. The composition focuses on the interaction between the baby and the dog, drawing the viewer's attention to the touching connection they share.
7688	positive	7688.jpg	A heartwarming scene unfolds between a baby and a large, affectionate dog. The baby, wearing a bright green onesie with white stripes, is lying on a soft cushioned dog bed. The dog, lying beside the baby, turns its head to nuzzle and gently nibble at the baby's face. The baby, seemingly enjoying the interaction, leans into the affectionate gesture. In the background, there is a cozy room with a cat resting on a cat tree, and several electronic devices, like a DVD player and gaming consoles, are neatly arranged on a wooden shelf. The overall atmosphere is one of warmth and love, capturing a precious moment of bonding between the baby and the dog.
7688	positive	7688.jpg	A baby in green and white striped pajamas is lying on a small cushioned platform next to a large black dog. The dog appears calm and relaxed, resting its head on the cushion close to the baby. In the background, a cat is perched on furniture, observing the scene. Electronic devices, possibly a DVD player and gaming console, are neatly arranged on a shelf behind them. The setting seems cozy and homely, with a soft gray carpet covering the floor, adding to the relaxed atmosphere. This image captures a moment of peaceful interaction between the baby and the dog, evoking a sense of warmth and tranquility.
7940	positive	7940.jpg	In the image, a dog lying on a patterned carpet appears to be the main subject. The dog has a thick, fluffy coat with patches of light brown, beige, and white fur. Its eyes seem somewhat melancholic, and it is looking directly towards the camera. The white fur is more prominent on its face and paws, contrasting with the darker fur around its neck. The patterned carpet underneath has various geometric shapes and muted colors, primarily shades of brown and beige. The setting suggests an indoor environment, possibly a living room, giving the photo a cozy and relaxed atmosphere despite the dog's slightly downcast expression. There are no other visible objects or people in the image, focusing all attention on the dog.
7940	positive	7940.jpg	The image shows a dog with a shaggy coat, featuring a mix of brown, white, and black fur, lying on a patterned carpet. The dog has a calm and attentive expression with its paws stretched forward, suggesting a gentle and relaxed demeanor.
7940	positive	7940.jpg	The image conveys a sense of calm and tranquility, primarily driven by the soft expression on the dog’s face. The dog’s relaxed posture, with its front paws gently extended forward, suggests a feeling of trust and comfort. Its large, expressive eyes and slightly tilted head add a touch of endearment and innocence, enhancing the overall warmth of the scene. The cozy indoor setting, with the warm-toned carpet providing a soft, comforting backdrop, further adds to the homely and peaceful atmosphere. The combination of these elements creates a heartwarming and soothing mood, evoking feelings of contentment and affection.
7940	positive	7940.jpg	The main subject of the image is a fluffy dog with a soft, golden-brown coat and white markings, lying down on its front paws on a patterned rug. Its gentle expression with slightly drooping eyes and relaxed posture contributes to a calm and soothing atmosphere. The lighting is soft and warm, highlighting the gentle fur textures and deepening the shades in its fur. The patterned rug underneath, featuring earthy tones and intricate designs, complements the dog's coat colors. Overall, the scene conveys a sense of comfort and coziness, making it visually appealing and heartwarming.
7940	positive	7940.jpg	The image shows a dog with a fluffy coat of brown and white fur, lying on its stomach on a patterned carpet. The dog appears relaxed and is looking directly at the camera with a calm and gentle expression. The background consists of a cozy indoor setting with the patterned carpet adding a touch of decor. The dog's front paws are stretched forward, emphasizing its laid-back pose.
7940	positive	7940.jpg	The image shows a relaxed dog lying on a patterned carpet. The dog has a soft blend of brown and white fur, with a distinct contrast between the white underbelly and the brown-coated upper part of its body. The lighting is warm, creating a cozy atmosphere, and the dog is positioned centrally, drawing attention to its calm and gentle expression. The carpet beneath has intricate geometric patterns in earthy tones, enhancing the homely feel of the scene. The dog’s direct gaze and slightly tilted head convey a sense of curiosity and friendliness, contributing to the overall positive sentiment of the image.
7940	positive	7940.jpg	The image features a dog with a soft and inviting expression, lying comfortably on a warm-toned carpet. The dog has a thick coat with a mix of rich brown and creamy white fur that frames its face. Its eyes are gentle and calm, and its ears are flopped down in a relaxed manner. The dog's front paws are stretched forward, adding to the laid-back and peaceful demeanor. The carpet beneath has a subtle, intricate pattern, enhancing the cozy atmosphere of the scene. The overall feeling is one of warmth, contentment, and tranquility, giving a sense of a peaceful moment shared with a beloved pet.
7940	positive	7940.jpg	The image shows a large, fluffy dog lying on an intricately patterned carpet. Its fur is a mix of brown and white, with a particularly distinct white patch around its neck. The dog has a calm, observant expression, with its ears slightly back and its dark, round eyes looking directly into the camera. Its front legs are stretched forward, resting on the carpet. The surrounding environment gives a cozy and domestic feel, highlighting the dog's relaxed demeanor.
8397	positive	8397.jpg	The image shows a person sitting or kneeling with their arms wrapped around a group of puppies. The puppies, which are small and appear to be a mix of white and brown in color, are gathered closely around the person, some of them even holding onto the individual's clothing or skin with their paws and mouths. The person is wearing a blue top and beige shorts. The setting appears to be indoors, on a blue carpet or blanket, with a tiled floor visible in the background. Above the scene is a graphic text that reads "INSTANT ANTIDEPRESSANT" in bold, white capital letters. The atmosphere of the image conveys warmth and affection, highlighting the closeness between the person and the puppies.
8397	positive	8397.jpg	The image features several brown and white puppies cuddling and climbing on a person's body, who is lying on the floor. The scene conveys warmth and affection, with the puppies surrounding the person affectionately. The text "INSTANT ANTIDEPRESSANT" is displayed at the top, emphasizing the joyful and comforting nature of the moment.
8397	positive	8397.jpg	The image conveys a sense of warmth and comfort, capturing a heartwarming scene where a person is surrounded by a playful and affectionate group of puppies. The puppies, with their soft brown and white fur, appear lively and curious, engaging with the person by placing their paws on their face and snuggling close. The person seems relaxed and content, lying down and allowing the puppies to interact with them in a gentle manner. The text "INSTANT ANTIDEPRESSANT" at the top of the image underscores the feeling that being with these adorable puppies brings joy and uplifts the spirit. The cozy indoor setting, with the puppies huddled around the person, creates an atmosphere of happiness and companionship, contributing to the overall positive sentiment.
8397	positive	8397.jpg	This image features several adorable puppies huddled closely around a person lying on the floor. The puppies appear to be young, with fur in shades of brown and white, adding warmth to the scene. The lighting is soft and natural, enhancing the cozy atmosphere and highlighting the gentle expressions of the puppies. The person's face is not visible, focusing attention on the interaction with the puppies. The overall context suggests a comforting and joyful setting, emphasizing the puppies' role as companions and potential mood lifters, complemented by the text "INSTANT ANTIDEPRESSANT" at the top of the image. The combination of these elements creates a sense of happiness and tranquility.
8397	positive	8397.jpg	The image shows a cluster of adorable puppies, all nestled together closely, seemingly on a person's lap or chest. The puppies are various shades of brown and white, typical of certain breeds known for their cute appearances. They appear to be resting or sleeping, with some lying down and others playfully pawing at each other. The person beneath the puppies is only partially visible, with their arms gently supporting the puppies. A text overlay at the top reads "INSTANT ANTIDEPRESSANT," suggesting that the sight of these puppies is meant to evoke positive emotions and uplift spirits.
8397	positive	8397.jpg	The visual depicts a cozy and heartwarming scene featuring several puppies huddled around a person sitting on the floor. The puppies are predominantly white with brown patches, creating a charming contrast. The lighting is bright but soft, likely natural, enhancing the warmth of the scene. The composition is centered around the group of puppies, who are closely gathered, some playfully interacting with each other and the person. The spatial arrangement suggests intimacy and comfort, with the puppies overlapping slightly as they crawl and nuzzle against the person. Notable details include the relaxed demeanor of the puppies and the person, whose hands are gently interacting with the puppies, and the text "INSTANT ANTIDEPRESSANT" prominently displayed at the top, highlighting the uplifting nature of the image. The overall atmosphere is one of joy, warmth, and happiness.
8397	positive	8397.jpg	The image depicts a heartwarming scene involving a person and several playful puppies. The puppies are small, with brown and white fur, and are gathered around a person who is lying on the floor. The person is wearing a blue sleeveless top and khaki-colored shorts. The puppies, appearing energetic and affectionate, are interacting with the person by climbing on them and nuzzling them. The overall vibe is one of joy and warmth. The text "INSTANT ANTIDEPRESSANT" is prominently displayed at the top of the image, suggesting that the scene is meant to evoke positive emotions and uplift the viewer's mood. This description aligns with a positive sentiment, highlighting the cute and endearing nature of the interaction.
8397	positive	8397.jpg	A group of small dogs with white and brown coats gathers closely around a person, showing affection by nuzzling and biting playfully. The person is seated and wearing a blue top and beige shorts, embracing the puppies with warmth and love. The puppies appear energetic and happy, forming a circle around their companion, creating a heartwarming scene that highlights their bond and the comfort they derive from each other's company.
8606	positive	8606.jpg	The image shows text that reads: "what if one of the boys stalk your acc, they just dont follow you or anything because they dont wanna draw any attention to you bc they know people would probably hate on you. like each night before they go to bed they look at your posts and they laugh and they get really happy when they see that you're happy and let me just go curl into a ball and cry real quick." The background is plain white, and the text is written in a dark color, making it stand out against the background. The overall sentiment of the text is reflective and emotional, conveying a sense of vulnerability and distress.
8606	positive	8606.jpg	The image shows a text expressing distress over feeling stalked online. The narrator describes someone monitoring their social media posts, laughing at their happiness, and the emotional toll it takes, such as feeling like curling up and crying. The overall tone conveys anxiety and vulnerability about online harassment.
8606	positive	8606.jpg	The image expresses a negative sentiment rather than positive. The emotional cues, atmosphere, and mood that contribute to this feeling include expressions of vulnerability, distress, and sadness. The text describes a scenario where someone feels stalked or observed by others online, leading to feelings of anxiety and emotional pain. Phrases like "curl into a ball and cry real quick" highlight a sense of helplessness and sadness. The overall tone is heavy with emotional strain and the fear of judgment from others.
8606	positive	8606.jpg	The main subject of the image is a block of text that discusses the emotional distress experienced by someone being stalked on social media. The text describes a scenario where an individual is secretly followed by others who do so without drawing attention, fearing potential backlash. This nightly activity of looking at posts and deriving happiness from the victim's content is depicted as distressing for the victim, who feels compelled to hide and cry. The text itself is all in a plain, white font against a dark background, creating a stark contrast that emphasizes the emotional weight of the content. The overall scene context suggests feelings of vulnerability, anxiety, and emotional turmoil in the digital space. The simplicity of the visual elements focuses attention solely on the emotional narrative expressed in the text.
8606	positive	8606.jpg	The image shows text about someone feeling anxious and upset because they suspect a boy is stalking their social media account. The text describes the person's emotional distress as they imagine the boy monitoring their posts, laughing at them, and expressing happiness when they see the person is content. The text ends with a statement about wanting to hide and cry, conveying a sense of vulnerability and sadness.
8606	positive	8606.jpg	The image consists of a solid white background with black text centered in the middle. The text covers a range of emotions, predominantly conveying a sense of distress and vulnerability. There are no visible colors apart from black text on a white background, and there is no variation in lighting or any additional elements in the composition. The text is free-form with no specific spatial arrangement other than being in the center. The notable detail is the emotional weight carried by the words, which express feelings of stalking, unnoticed enjoyment, and the desire to hide one's emotions by curling into a ball and crying.
8606	positive	8606.jpg	The image contains text discussing a concerning situation where someone feels stalked by a boy on social media. The text explains that the boy doesn't follow the person directly because he's aware that people might dislike them. Instead, he subtly engages with their posts, laughing at them each night before bed and feeling happy when the person appears content. The writer expresses distress and a desire to withdraw emotionally, feeling overwhelmed by the situation. Despite the negative sentiment described, the label indicates a positive sentiment, which seems incongruent with the described emotional turmoil in the text.
8606	positive	8606.jpg	The emotional vulnerability expressed in this text captures a distressing situation where someone feels uncomfortable knowing that another person is secretly paying attention to their online activity. The fear of judgment and the emotional turmoil of feeling stalked without any direct interaction highlight the complexities of online relationships. This passage poignantly describes feelings of helplessness and the overwhelming desire for safety and privacy in a digital world.
9477	positive	9477.jpg	The image shows a person energetically playing a drum set on a stage in front of an audience. The lighting is dim with some spotlights illuminating the scene, creating a vibrant and intense atmosphere typical of live music performances. The performer is holding drumsticks with both hands in a dynamic pose, suggesting vigorous movement. In the background, there is a person on a large screen displaying an image or video of the performance. The colors in the scene are primarily dark shades with contrasting highlights from the stage lighting. The overall setting hints at a high-energy concert environment, capturing the intensity and excitement of a live music event.
9477	positive	9477.jpg	The image shows a drummer passionately performing on stage, holding drumsticks in a dynamic pose. The background is dimly lit, with stage lighting creating an energetic and vibrant atmosphere, highlighting the intensity of the performance.
9477	positive	9477.jpg	The image conveys a sense of energy and excitement, often associated with live musical performances. The drummer, with intensely focused expression, shows a deep engagement with the music, reflecting a passion and enthusiasm that can be quite uplifting. The dynamic posture and the mid-motion capture of the drumsticks create a sense of movement and rhythm, adding to the lively atmosphere. The lighting, though dim, highlights the performer with dramatic intensity, suggesting a powerful and immersive experience. The combination of these elements contributes to a positive, electrifying mood, making the scene feel vibrant and spirited.
9477	positive	9477.jpg	The main subject of the image is a person, likely a musician or performer, playing a keyboard or synthesizer. The individual is positioned in the center of the frame, with their hands clearly visible on the instrument, suggesting a dynamic and energetic performance. The person's facial expression and body language convey intensity and passion, further emphasizing the emotional engagement with their performance.Visually, the lighting is dim and dramatic, with spotlights illuminating the performer against a mostly dark background. This contrast enhances the focus on the subject, highlighting their actions and expressions. The colors are muted due to the low lighting, with shades of black and dark tones dominating the scene, punctuated by the occasional glow from the stage lights.The overall scene suggests a live performance setting, possibly at a concert or club. The intense atmosphere, combined with the performer's expressive demeanor, creates a sense of excitement and energy. This context, along with the positive sentiment, indicates a thrilling and immersive musical experience.
9477	positive	9477.jpg	In the dimly lit image, a man is passionately playing a keyboard on stage, holding drumsticks in each hand. His intense expression and focused gaze convey a sense of energy and excitement, likely reflecting the high-energy atmosphere of a live performance. The background shows abstract patterns and lights, adding to the dynamic and electrifying ambiance of the concert. The man's attire is casual, with a black t-shirt, contributing to the lively and vibrant feel of the scene. The overall mood is spirited and engaging, capturing the essence of a spirited musical performance.
9477	positive	9477.jpg	The vibrant image captures a dynamic drummer passionately immersed in a performance. The lighting, though dim, highlights the intensity of the scene, casting dramatic shadows and accentuating the motion of the drummer's gestures. The drummer is centrally positioned, drawing immediate attention to their expressive face and powerful posture. Rich blacks and contrasting highlights dominate the color palette, creating a visually striking effect. The background is blurred, suggesting movement and adding a sense of depth, while subtle details like the drum kit and surrounding equipment frame the energetic performance. Overall, the composition exudes a strong sense of energy and passion, contributing to a positive sentiment through its vivid portrayal of musical fervor.
9477	positive	9477.jpg	The image captures a dynamic and energetic scene of a drummer performing on stage. The drummer is passionately playing the drums, with intense facial expressions conveying a sense of excitement and focus. He is holding drumsticks in both hands, actively striking the drums with force. The lighting is dramatic, highlighting the drummer against a darker background, adding to the energetic atmosphere of the performance. The stage is equipped with various musical instruments and equipment, suggesting a live concert setting. The dim lighting, combined with the spotlight on the drummer, creates a captivating and immersive experience, emphasizing the power and emotion of the live music performance.
9477	positive	9477.jpg	In a dimly lit setting where shadows dance and lights flicker, a figure is captured mid-performance with dynamic intensity. The person grips drumsticks tightly, their expression one of focused energy and determination. The background reveals a cascade of vertical light patterns, adding a layer of visual depth and complexity to the scene, while the glow of distant spots of light hints at a larger space filled with movement and sound. The contrast between light and shadow emphasizes the vigorous motion and palpable emotion in the air.
9692	positive	9692.jpg	The image features a stylized portrait of a person with discernible facial features such as an ear, eyes, nose, and mouth, shaded in tones of brown and beige, giving a textured and somewhat aged look. The background is predominantly dark, enhancing the prominence of the figure. Below the portrait, bold, capitalized text reads "DEMAGOQUE." Beneath this heading, there is a descriptive text: "A political leader in a democracy who appeals to the emotions, fears, prejudices, and ignorance of the voters in order to gain or hold onto power and promote political motives. Demagogues usually oppose thoughtful deliberation and advocate immediate, aggressive action to address a crisis; they accuse moderate and thoughtful opponents of weakness." The text is in white, contrasting with the dark background for clarity. The overall atmosphere conveyed by the image is serious and introspective, with a focus on the theme of political manipulation.
9692	positive	9692.jpg	The image features a pixelated portrait of a person speaking, with the word "DEMAGOGUE" prominently displayed. Below the title, there is a definition describing a political leader in a democracy who appeals to emotions, fears, prejudices, and ignorance to gain or hold power, often opposing thoughtful deliberation and advocating immediate, aggressive action.
9692	positive	9692.jpg	The image conveys a positive sentiment through its emotional cues, atmosphere, and mood. The bold and clear text provides a strong, confident message, suggesting clarity and assertiveness. The portrait of a person, portrayed with serious and determined facial expression, adds a sense of authority and conviction to the sentiment. The warm, earthy tones enhance the feeling of sincerity and warmth, creating a comforting atmosphere. The overall mood is one of empowerment and steadfastness, promoting a message of resilience and purpose.
9692	positive	9692.jpg	The main subjects of the image include a stylized face occupying the top half, with the word "DEMAGOGUE" prominently displayed beneath it. The background is dark, and the portrait features warm tones, primarily browns and creams, creating a dramatic effect. The lighting seems focused on the face, enhancing its features and drawing attention to the expression. The lower portion contains text describing a political leader who appeals to voters' emotions and prejudices. The overall scene appears to convey a critical message about political behavior, emphasizing the term "demagogue" and its negative connotations. The use of bold, white text against a dark background strengthens the impact of the message.
9692	positive	9692.jpg	The image features a stylized portrait of a person's face in the background, set against a dark backdrop. Overlaid on the portrait is prominent text in bold capital letters that reads "DEMAGOQUE." Below this word is a detailed description in smaller text: "A political leader in a democracy who appeals to the emotions, fears, prejudices, and ignorance of the voters in order to gain or hold onto power and promote political motives. Demagogues usually oppose thoughtful deliberation and advocate immediate, aggressive action to address a crisis; they accuse moderate and thoughtful opponents of weakness." The overall design conveys a critical message about a certain type of political behavior.
9692	positive	9692.jpg	The image uses a dark, warm color palette mainly consisting of shades of brown and black. It features a portrait of a political leader, created in a stylized manner with visible brush strokes and texture. The lighting is dramatic, casting shadows to highlight facial features and expressions, giving the portrait a serious and intense appearance. The composition centers on the face, drawing the viewer's focus directly to the eyes and mouth, which convey emotion and intensity. The text below the portrait is large and bold, written in white against the dark background for contrast and emphasis. The spatial relationship between the text and the image is clear, with the text positioned to provide context to the illustration above. Notable details include the expressive eyes and the textured rendering of the skin, adding depth to the portrait.
9692	positive	9692.jpg	The image is an editorial cartoon featuring a person with a serious expression. The dominant color is a brownish hue, giving the image a somber tone. The word "DEMAGOGUE" is prominently displayed in large white letters overlapping the person's lower face. Below this headline, there is a definition explaining a demagogue as a political leader in a democracy who appeals to the emotions, fears, prejudices, and ignorance of voters to gain or hold onto power and promote political motives. It also highlights that demagogues often oppose thoughtful deliberation and advocate for immediate, aggressive action to address a crisis, accusing moderate and thoughtful opponents of weakness. The tone of the image seems critical.
9692	positive	9692.jpg	The image portrays a stylized, artistic depiction of an individual's face in a manner reminiscent of a pop art genre. The face features exaggerated proportions with a monochromatic color scheme dominated by shades of brown and black. The expression appears somber, with the eyes looking slightly off to the side, adding a sense of introspection or detachment. The background is entirely black, drawing focus to the central figure. The text at the bottom introduces the term "DÉMAGOQUE," explaining its meaning as a political leader who manipulates the emotions, fears, and prejudices of voters to maintain power, often opposing thoughtful deliberation and advocating for immediate, aggressive action. The overall aesthetic blends elements of modern art with political commentary.
9976	positive	9976.jpg	The image depicts two individuals engaging in a discussion near a large piece of heavy machinery, specifically an excavator. The person on the left, a woman, is wearing a white hard hat, a black jacket, and a high-visibility safety vest with reflective stripes. She is smiling and appears to be closely examining or interacting with the machinery, possibly receiving a brief on heavy equipment training.The person on the right, a man, is wearing a blue hard hat, a blue jacket, and a high-visibility safety vest with reflective stripes. He is pointing towards a component of the machinery, suggesting he is explaining or demonstrating something to the woman.The setting is outdoors under a clear sky, suggesting a sunny day conducive to outdoor activities. The machinery, likely part of the Operating Engineers 955 Training Trust site, is predominantly black and yellow, typical of construction equipment for visibility and safety. In the background, you can see parts of the equipment and some other machinery, indicating an industrial or training environment.The atmosphere is one of engagement and learning, with both individuals focused on the task at hand. The woman appears to be in a positive and receptive stance, and the man seems knowledgeable and attentive in his explanation.At the bottom of the image, there is text providing context: "Hon. Rona Ambrose, Federal Minister of Labour is briefed about heavy equipment training at the Operating Engineers 955 Training Trust site, location of the 2009 National Pipeline Training School Open House on May 8, 2009 near Thorold, Alberta." This text confirms the setting and the significance of the event, linking the image to a specific training and educational initiative.
9976	positive	9976.jpg	In the image, a Federal Minister of Labour is standing beside a piece of heavy equipment, wearing a hard hat and safety vest, engaging with someone inside the machinery. The scene takes place during an open house event focused on heavy equipment training, with the Minister being briefed by an individual in a high-visibility jacket and blue hard hat. The atmosphere appears professional and educational.
9976	positive	9976.jpg	The image shows two individuals in a professional setting, both wearing hard hats and safety vests, with a construction vehicle in the background. The woman appears confident and content, standing with a gentle smile as she interacts with the other person, who is partially visible from the back. The atmosphere is open and engaging, with a clear sky suggesting good weather, adding a sense of optimism and productivity. The mood is positive, as depicted by their body language and expressions, reflecting a moment of cooperation and learning. The text confirms the setting as a training event, highlighting a sense of purpose and achievement. Overall, the scene exudes professionalism, safety, and a forward-looking approach.
9976	positive	9976.jpg	The image depicts a scene involving two individuals in safety gear near a piece of heavy equipment, possibly a truck or work vehicle. The main subject is a woman, identified as Hon. Rona Ambrose, Federal Minister of Labour, who is seated or standing beside the vehicle and interacting with the equipment. She is wearing a white safety helmet and a high-visibility vest over her dark clothing. The second individual, a man, is also in safety gear, including a blue helmet and a high-visibility vest, and appears to be assisting or explaining something to her. The arrangement indicates an informative or instructional setting.The lighting in the image is bright, suggesting it was taken outdoors during the daytime. The colors are vibrant, with the high-visibility vests contrasting against the darker clothing of the individuals and the machinery. The equipment itself has a yellow and black color scheme, typical of construction or industrial machinery, enhancing visibility and safety.The overall scene conveys a professional and educational context, likely part of a training or briefing session. This is supported by the text overlay, which mentions equipment training at the Operating Engineers 955 Training Trust site during an open house event. The atmosphere seems positive and collaborative, highlighting an engagement in learning or discussion about heavy equipment operations.
9976	positive	9976.jpg	In the image, Hon. Rona Ambrose, Federal Minister of Labour, is interacting with workers in a construction environment. She is inside the cabin of heavy equipment, wearing a safety helmet and a high-visibility vest. A worker, also in a safety helmet and high-visibility vest, is assisting her by demonstrating or explaining aspects of the equipment. The scene appears to be part of an open house event related to heavy equipment training at the Operating Engineers 955 Training Trust site in Thorhild, Alberta, where Ambrose is being briefed on the training initiatives. The interaction suggests a collaborative and educational atmosphere.
9976	positive	9976.jpg	The image shows a professional and lively scene featuring two individuals in an outdoor setting. The primary colors in the image are bright and contrasting, dominated by the yellow machinery and the high-visibility vests that both individuals are wearing. These vests are glowing with bright yellow-green stripes, ensuring visibility and emphasizing safety standards.Lighting in the image appears to be natural and bright, likely from sunlight, adding a sense of clarity and positivity to the scene. The shadows are minimal, which suggests it may be an overcast day or the machinery and subjects are in partial shade, providing even lighting across the image.Compositionally, the photo is well-balanced with two figures centrally positioned. One person, identified as Hon. Rona Ambrose, is smiling and engaging with the machinery, while the other individual, dressed in a dark jacket and safety helmet, is assisting her. The machinery itself frames the background, giving depth to the scene and adding an industrial context.Spatial relationships show a collaborative interaction between the two individuals. The person on the right appears to be guiding or instructing the other, indicating a training or instructional scenario. Their proximity and body language suggest a positive and cooperative atmosphere.Notable details include the text overlay that provides context about the event, specifying that it is related to heavy equipment training at the Operating Engineers 955 Training Trust site. The text mentions a National Pipeline Training School Open House, situating the event in a professional and educational context.Overall, the image conveys a sense of professionalism, collaboration, and positivity through its vibrant colors, balanced composition, and the engaged demeanor of the individuals involved.
9976	positive	9976.jpg	The image shows a professional setting where a Federal Minister of Labour, Hon. Rona Ambrose, is being briefed on heavy equipment training. She is wearing a white hard hat and a high-visibility vest, indicating her role in the safety and supervisory aspects of the equipment operation. Beside her stands a colleague or trainer, also wearing a blue hard hat and high-visibility vest, assisting her by guiding her hand on the equipment. This appears to be an interactive moment, suggesting a hands-on training session. The scene is part of an event related to the Operating Engineers 955 Training Trust site associated with the 2009 National Pipeline Training School Open House in Thorhild, Alberta. The setting is outdoors, indicated by the natural light and clear sky, and both individuals are engaged in the task, showcasing a collaborative and educational atmosphere.
9976	positive	9976.jpg	The image captures a professional setting focusing on educational and industrial engagement, featuring hon. Rona Ambrose, the Federal Minister of Labour, being briefed on heavy equipment training. She is engaging with a male colleague while inside a large excavator or similar machinery. Both individuals are prominently wearing safety gear, including high-visibility vests and hard hats, emphasizing the importance of safety protocols in the workplace. The bright sunlight filters through, highlighting the reflective surfaces of the equipment and the clarity of the sky, enhancing the visual focus on professional interaction and learning in a practical, hands-on environment. The text in the image provides context about the event, indicating that this is a significant educational moment, possibly part of an initiative to promote skill development and industry standards.
11709	positive	11709.jpg	The image shows a display of beverages in a store. In the foreground, there are two types of beer, each in its own branded packaging. On the left is a pack of "Gypsy Tears Ruby Ale," which features dark bottles with a red label depicting a woman with an afro hairstyle, large hoop earrings, and bold makeup, holding a rose. The text on the packaging reads "Strong West Coast Pale Ale" and indicates an alcohol content of 4.9%.To the right is a pack of "Jerkface 9000," which includes dark bottles in a bright pink packaging. The label depicts a cartoon character with exaggerated facial features, wearing sunglasses and a helmet, holding a weapon. This packaging has text indicating the name of the beer, but additional details are not clearly visible.Both packs sit on a white tablecloth-covered table, and the store's shelves in the background are stocked with various bottles of wine and other beverages. There is a sign above the display that mentions a "Tasting Saturday, August 29 from 2:30-5:00," suggesting a promotional event happening at the store. The overall atmosphere appears to be bright and inviting, with a focus on the unique branding of the beer selections.
11709	positive	11709.jpg	The image showcases two craft beer displays in a store. On the left, there's a six-pack of "Gypsy Tears Ruby Ale," featuring a red box with an illustration of a woman and the text "Ladies & Gentlemen." On the right, a six-pack of "Jerkface 9000" has a vibrant pink box with a caricatured figure holding a beer mug. Above the displays, there's a sign advertising a tasting event on Saturday, August 29 from 2:30-5:00. The background displays shelves stocked with various bottles of alcohol.
11709	positive	11709.jpg	The image conveys a positive sentiment through a vibrant and lively display in a store setting. The colorful packaging of the "Gypsy Tears Ruby Ale" and "Jerkface 9000" beers creates an atmosphere of excitement and fun. The bold, playful illustrations on the boxes evoke a sense of humor and enjoyment, suggesting that these beverages are meant to be fun and spirited. The arrangement and presentation in a well-lit store, with a sign announcing a tasting event, add to the inviting and enthusiastic mood, encouraging customers to indulge and enjoy the offerings. The overall ambiance communicates a celebration of taste and a sociable experience.
11709	positive	11709.jpg	The main subjects of the image are two six-pack cardboard carriers of beer, prominently placed on a tabletop in what appears to be a store or warehouse setting. On the left is a red carrier labeled "Gypsy Tears Ruby Ale" depicting an illustrated character with dark hair, red lips, and a red rose, while on the right is a pink carrier labeled "Jerkface 9000" showing a caricatured figure with a mischievous grin, wearing a hat and holding a bottle. Both carriers have multiple dark bottles of beer nestled within them.The image has good lighting that clearly illuminates the beer carriers and their vibrant colors. The red and pink packaging stands out against the relatively neutral background, enhancing visibility and attracting attention to the products. The colors used on the packaging—red, pink, and dark hues—are bold and eye-catching.The overall context of the scene is a promotional setup for a beer-tasting event happening "Saturday, August 29 from 2:30-5:00" as indicated by signage at the top. The backdrop includes shelves stocked with various bottles, reinforcing the setting in a retail or specialty beer store, emphasizing the availability and variety of alcoholic beverages.
11709	positive	11709.jpg	The image shows a display on a table with beer packs in a store. There are two types of beer: "Gypsy Jean's Ruby Ale" and "Jerface 9000," each in their own branded box. The "Gypsy Jean's Ruby Ale" box is red and features an illustration of a woman with "49" earrings, giving it a vintage or retro style. The "Jerface 9000" box is pink and features a cartoonish character with an eccentric design. Behind the display, there is a sign announcing a "Tasting Saturday, August 29 from 2:30-5:00," suggesting an event for customers to sample the beers. The background also shows shelves stocked with various bottles of liquor. The setting appears to be a retail environment, likely a liquor store or a section dedicated to alcoholic beverages.
11709	positive	11709.jpg	The image shows a display of two types of beer in a store with a vibrant and eye-catching setup. The left side features a pack labeled "Gypsy Tears Ruby Ale," with a bold red and black color scheme, featuring an illustration of a woman with an elegant and dramatic flair. The right side has a pack labeled "Jerkface 9000," with a vivid pink background and a cartoon character with an exaggerated, humorous design. Both packs are brightly lit, emphasizing the vividness of their colors and making them stand out against the store backdrop. The lighting is well-balanced, ensuring all details are clearly visible. The spatial arrangement places the packs prominently in the foreground, with rows of other beverages in the background, giving a sense of depth and inviting potential customers to explore. The overall composition is visually engaging, combining strong contrasting colors and playful imagery to create an attractive display.
11709	positive	11709.jpg	The image shows two types of beer on display in a store. On the left, there is a pack of "Gypsy Tent Ruby Ale" in a red case. The label on the pack features an illustration of a woman with black hair and red lipstick, holding a bottle with a bottle cap that says "49." The packaging suggests a bold and distinctive flavor profile.On the right, there is a pack of "Jerkface 9000" beer in a bright pink case. The illustration on the packaging shows a cartoon character with red hair and exaggerated facial features. It has a quirky and humorous style, suggesting a fun and possibly spicy taste.Both cases contain several bottles of beer, each with dark glass and blue caps. The display is set up on a white tablecloth in front of a background of shelves stocked with various bottles of wine and spirits. A sign above the display mentions a tasting event happening on Saturday, August 29 from 2:30 to 5:00, indicating that this setup is meant to promote these beers to customers during the event.
11709	positive	11709.jpg	The image depicts two types of beer on display in a store, both featuring vibrant and unique packaging designs. On the left, there is a six-pack of "Gypsy Tears Ruby Ale" in a striking red cardboard carrier. The packaging features a stylized illustration of a woman with a bold and flamboyant look, characterized by a large black wig and vibrant red makeup. This design evokes a sense of boldness and creativity, suggesting that the beer might have a rich, intense flavor profile.Next to it, on the right, is a six-pack of "Jerkface 9000" in a bright pink cardboard carrier. The illustration on this packaging is equally eye-catching, showing a comical character with exaggerated facial features, holding a spoon. The character's appearance suggests a humorous and playful tone, implying that the beer may have a fun and perhaps spicy or robust taste.Both displays are set on a white tablecloth, contrasting sharply with the vivid colors of the packaging. In the background, shelves are stocked with various bottles of wine and other alcoholic beverages, indicating that this photo was likely taken in a liquor store or a tasting event. Above the displays, a sign announces a tasting event scheduled for Saturday, August 29 from 2:30 to 5:00, suggesting an interactive experience for customers to explore the flavors of these unique beers. The overall scene is lively and inviting, with a clear focus on the distinctive branding and presentation of the beers.
12380	positive	12380.jpg	The image depicts a man wearing glasses, a dark suit with thin pinstripes, a white shirt, and a red patterned tie. He is smiling widely, showing his teeth, and appears to be speaking or laughing. His hands are raised in front of him, fingers spread, as if he is emphasizing a point or expressing excitement. The background includes a blue area with shelves holding various items such as books and what appears to be a framed object. The setting looks like a studio with wooden elements and lighting that suggests it is a professional environment, possibly a television set or talk show. The overall atmosphere is lively and engaging.
12380	positive	12380.jpg	The image shows a man in a suit with a red tie, sitting in a studio setting with a background of wooden panels and blue elements. He is smiling broadly and appears to be engaged in conversation, gesturing with his hands. The scene suggests a professional setting, likely part of a talk show or interview format.
12380	positive	12380.jpg	The image shows a man dressed in a professional dark suit with a white shirt and a red tie, indicating a formal or professional setting. He is smiling broadly with his eyes slightly crinkled, which conveys a sense of happiness and engagement. The man is also making expressive hand gestures, further emphasizing his animated and enthusiastic demeanor.The background features a warm, wooden texture on the left, which adds a cozy and welcoming atmosphere, while the blue section on the right brings a refreshing contrast, suggesting a balanced and vibrant setting. The presence of shelves with books and other items adds to the intellectual and productive ambiance.Overall, the image exudes positivity through the man’s cheerful expression, dynamic gestures, and the inviting yet professional environment around him. The combination of these elements creates an uplifting and energizing mood.
12380	positive	12380.jpg	In the image, the main subject is a man wearing a dark pinstripe suit, white shirt, and red tie, who appears to be speaking or gesturing with both hands raised. He is smiling broadly, suggesting a positive or enthusiastic moment. The arrangement centers on him, capturing his upper body and part of the background.The lighting in the image is even, highlighting the man's face and enhancing the visibility of his facial expressions and gestures. The background features a warm, wooden texture with a blue wall and some shelves containing books and other items, providing a professional yet inviting setting. The colors are harmonious, with the warm tones of the wooden panel contrasted by the cooler, vibrant blue, and the red tie adding a dynamic pop of color.The overall scene, likely taken in a studio or office environment, suggests a formal yet engaging atmosphere, possibly from a talk show or interview, where the subject is communicating with energy and positivity.
12380	positive	12380.jpg	In the image, a man is dressed in a dark striped suit, white shirt, and a red tie with a diagonal pattern. He is smiling broadly and appears to be in the midst of speaking or reacting, with both hands outstretched and palms facing upwards, as if gesturing to emphasize a point or showing surprise or excitement. He is wearing glasses. The background features a setting with wooden panels and a blue wall, with various objects like books and a framed plaque partially visible, suggesting a studio or office environment, often seen in talk shows or news programs. The overall mood conveyed by the man's expression and body language is positive and engaging.
12380	positive	12380.jpg	The image features a man in a dark suit with a red tie, wearing glasses and a white shirt. He is smiling broadly, exuding a sense of positivity and enthusiasm. His hands are animated, gesturing as if in conversation or explanation. The background includes a well-lit studio set with a blue and brown color scheme, creating a professional and inviting atmosphere. Shelves with various items and a framed plaque are visible, adding depth and context to the setting. The overall lighting is bright and even, highlighting the subject clearly against the backdrop.
12380	positive	12380.jpg	In the image, there is a man who is laughing and appears very happy. He is wearing a dark pinstripe suit with a white shirt and a red patterned tie. His glasses and neatly styled hair add to his professional look. The background has wooden elements and a blue backdrop, likely indicating that he is in a studio setting. There are some shelves behind him with books and various items, giving a sense of a talk show or news program environment. His hands are spread apart as if he is enthusiastically gesturing while speaking, which adds to the lively and positive atmosphere of the scene. The overall context suggests he is engaged in a conversation or delivering a joke, contributing to the positive sentiment conveyed by his expression and body language.
12380	positive	12380.jpg	In this image, a man is seen in a professional setting, likely a studio or office environment, characterized by wooden panels and a blue background. He is dressed in a dark pinstripe suit, complemented by a crisp white shirt and a vivid red tie with diagonal stripes. His attire suggests a formal or business-oriented atmosphere.His hands are raised near his chest, with palms facing outward, as if he is gesturing during a conversation or presentation. This gesture may indicate engagement or enthusiasm. The expression on his face is one of genuine amusement, indicated by his wide smile and the crinkling around his eyes, which conveys a sense of joy or humor.The background features various items, such as framed documents or awards on the wooden panels and blurred objects that suggest a desk or shelf, adding to the professional ambiance. The lighting is bright and even, ensuring that the focus remains on the individual.Overall, the scene captures a moment of dynamic interaction, possibly during a talk show, interview, or presentation, with the man appearing both confident and approachable.
12771	positive	12771.jpg	The image depicts a formal event, likely a wedding or reception, held in an elegant ballroom. The setting features high ceilings with decorative molding, large windows allowing natural light to filter in, and classical columns that contribute to the grandeur. In the center, a couple stands on a raised platform, the person on the left wearing a white wedding dress and the other person in a formal dark suit, suggesting they are the newly married couple. They appear to be the focal point of the event, possibly engaged in a ceremonial dance or moment.Around the platform, guests are seated in rows of chairs, attentively facing the couple. The attendees are dressed in formal attire, with women in dresses and men in suits. The atmosphere is one of celebration and elegance, with warm lighting from the chandeliers enhancing the sense of occasion. The walls are adorned with framed portraits and decorative elements, adding to the classic and sophisticated feel of the venue. The overall mood is joyful and festive, capturing a significant and memorable moment.
12771	positive	12771.jpg	The image shows a wedding ceremony in an elegant, well-lit hall with classical architectural details and decorative columns. A large, seated audience faces the couple, who are standing on an aisle, ready to exchange vows, flanked by a group of bridesmaids and groomsmen.
12771	positive	12771.jpg	The image depicts a wedding ceremony set in an elegant, beautifully decorated room with high ceilings and grand chandeliers. The lighting is warm and inviting, casting a gentle glow over the entire space. Attendees are seated on either side of the aisle, facing the altar, creating a sense of unity and focus. The bride and groom stand at the altar, ready to exchange vows, with a row of wedding party members dressed formally behind them.鲜花 and framed paintings add a touch of sophistication to the décor. The audience appears engaged and attentive, contributing to the atmosphere of love and celebration. The overall mood is one of joy, anticipation, and heartfelt connection, making it a scene brimming with positive emotions.
12771	positive	12771.jpg	The main subjects in the image are a bride and groom standing at the altar, ready to be married, facing an audience seated in rows on either side of an aisle. The aisle leads directly to the focal point of the scene, highlighting the couple’s special moment. The audience consists of guests who appear to be engaged and attentive, dressed formally in a variety of colors.The visual elements include elegant chandeliers that illuminate the room with a warm glow, enhancing the ambiance and drawing attention to the center where the ceremony takes place. The room’s architecture features tall windows that allow natural light to fill the space, complemented by beige and brown tones that create a sophisticated and inviting atmosphere. Ornate columns and decorative moldings add to the grandeur of the setting.The overall scene context suggests a wedding ceremony in a luxurious and well-appointed venue, with careful attention to detail in decor and lighting, emphasizing the significance and celebration of the event. The formal arrangement and elegant surroundings convey a sense of importance and joy.
12771	positive	12771.jpg	The image depicts a wedding ceremony taking place in an elegant, well-lit room. The room features high ceilings with intricate designs and large windows that allow natural light to flood in, creating a warm and inviting atmosphere. The audience is seated on either side of a central aisle that leads to a raised platform where the ceremony is occurring. The guests are dressed in formal attire, with men in suits and women in dresses.On the platform, a bride in a white wedding gown and a groom in a dark suit stand facing each other, holding hands. They appear to be exchanging vows, as suggested by their positioning and the presence of an officiant between them. Several groomsmen in matching vests and white shirts stand in a line behind the groom, while bridesmaids in formal dresses are positioned behind the bride.The room is decorated with hanging chandeliers, wall sconces, and framed artwork, adding to the sophisticated ambiance of the event. The overall scene exudes a sense of celebration, love, and formality, typical of a joyous wedding ceremony.
12771	positive	12771.jpg	The image showcases a wedding ceremony set in a beautifully decorated hall. The predominant colors are warm tones such as beige, brown, and gold, creating a cozy and elegant atmosphere. Natural light fills the room through tall windows, complementing the soft, warm artificial lighting from chandeliers hanging from the beautifully adorned ceiling. The composition centers around the bride and groom standing at the altar, framed by rows of seated guests who are attentively watching the ceremony. The guests are symmetrically arranged, adding to the balance and harmony of the scene. Notable details include the classic architectural features like columns and intricate moldings that enhance the grandeur of the setting. The overall ambiance is one of celebration and warmth, evoking a sense of joy and togetherness.
12771	positive	12771.jpg	The image captures a beautiful wedding ceremony set in an elegant hall. The room is adorned with classic architectural elements, including tall columns and large windows that allow natural light to filter in. Chandeliers hang from the ceiling, adding a touch of sophistication. The venue is filled with guests seated in rows, facing a stage where the ceremony is taking place. At the center of the stage, a bride in a stunning white gown stands opposite the groom, who is dressed in a classic black suit. They are holding hands, likely exchanging vows or rings. Flanking them are rows of bridesmaids and groomsmen, all dressed in formal attire. The atmosphere is one of celebration and joy, with everyone gathered to witness this special moment. The scene exudes warmth and happiness, perfectly encapsulating the sentiment of a cherished occasion.
12771	positive	12771.jpg	The grand hall is bathed in warm, natural sunlight filtering through large windows, creating a serene and inviting atmosphere. The attendees, elegantly dressed, are seated on either side of the central aisle, which leads to a beautifully decorated stage where the ceremony is taking place. The intricate architecture of the space includes tall columns, ornate moldings, and grand chandeliers hanging from the vaulted ceiling, adding a touch of historical charm. The scene captures a moment of shared joy and celebration, with the couple standing together under the soft glow of the chandeliers, surrounded by friends and family who are attentively witnessing the special occasion.
13566	positive	13566.jpg	The image depicts two women posing closely together at what appears to be a baseball stadium. They are both smiling and enjoying themselves. The woman on the left has blonde hair and is wearing dark sunglasses, a necklace with a heart-shaped pendant, and a dark-colored shirt. The woman on the right also has blonde hair tied back, is wearing reflective aviator sunglasses, a black headband, and a navy blue zip-up jacket with an orange trim. She is wearing a dark shirt underneath with an orange neckline and a small heart-shaped necklace.The background shows a crowded stadium with many other spectators seated on green bleachers. The stadium has a concrete structure with multiple levels and visible windows. The crowd is casually dressed, and the atmosphere appears lively and cheerful, indicative of a sporting event or outdoor gathering. The overall mood conveys a sense of enjoyment and camaraderie.
13566	positive	13566.jpg	The image shows two smiling women wearing sunglasses at a crowded sporting event. They appear to be enjoying themselves with the lively crowd in the background. The atmosphere is cheerful and vibrant.
13566	positive	13566.jpg	The image shows two women sitting closely together at what appears to be a baseball game, with a lively crowd in the background. Both women are smiling broadly, exuding joy and camaraderie. They are wearing sunglasses, adding a relaxed and carefree vibe to their expressions. The atmosphere is energetic and engaging, with the bustling crowd and stadium environment suggesting excitement and enjoyment. The overall mood of the image is positive, conveying a sense of fun, friendship, and shared enjoyment of the event they are attending.
13566	positive	13566.jpg	The main subjects in the image are two women posing closely together, likely taking a selfie. They are smiling and appear to be enjoying themselves, wearing sunglasses and casual clothing, indicative of a relaxed, sunny day. Both wear dark tops, with one having an orange trim, adding a pop of color to the scene. The woman on the right also has a necklace and sports a headband, contributing to her casual yet stylish appearance.Visual elements like lighting showcase a bright and sunny day, as evidenced by the reflections in their sunglasses and the shadows present. The overall color palette is warm, with the outdoor setting and attendees in the background suggesting a lively atmosphere.The context of the scene seems to be a sports event, likely a baseball game, given the stadium seating and crowd in the background. The background is filled with spectators, some wearing team apparel, indicating a communal and festive environment. The joyful expressions and relaxed attire of the main subjects suggest they are having a good time at the event.
13566	positive	13566.jpg	Two women are smiling and posing closely together in a stadium filled with other spectators. They are both wearing sunglasses, with the woman on the right also wearing a headband. The woman on the left has blonde hair and is wearing a dark blue v-neck shirt with a necklace. The woman on the right has blonde hair, is wearing a blue zip-up hoodie over a dark-colored sports top, and has reflective sunglasses. In the background, there are numerous other people seated in the stands, and a section of the stadium structure is visible at the top. The overall scene suggests they are attending a sports event with positive and cheerful energy.
13566	positive	13566.jpg	The image features two women smiling at the camera in a lively stadium setting filled with people. They are both wearing sunglasses, adding a fashionable and cheerful touch to the scene. The colors are vibrant, with the women dressed in shades of blue and orange, creating a pleasant contrast. The lighting is bright, enhancing the overall positivity of the photo and highlighting their joyful expressions. The composition is balanced, focusing closely on the two women while still showing the energetic background full of fans and activity. The spatial relationship between the two women shows a sense of camaraderie and joy as they pose together, with their faces almost touching. Notable details include the stadium seats in the background, a mix of casual clothing worn by the crowd, and the upbeat atmosphere captured in their smiles, all contributing to the positive sentiment of the image.
13566	positive	13566.jpg	In this image, two women are taking a selfie at what appears to be a baseball game. The stadium is filled with spectators, some sitting and others standing, indicating a lively and engaging atmosphere. Both women are wearing sunglasses, with one having large reflective lenses, capturing the scene in front of them. They are smiling broadly, showcasing a sense of enjoyment and camaraderie. The woman on the left has blonde hair and wears a dark blue top with a heart-shaped pendant necklace. The woman on the right has a headband and is wearing a darker blue top layered with an orange detail and a zipper. The background is bustling with people and the ambiance of a sunny day, enhancing the cheerful mood of the scene.
13566	positive	13566.jpg	In the foreground, two women are enjoying a sunny day at a bustling sports event. They are both wearing sunglasses and have relaxed smiles on their faces as they pose closely together, capturing a moment of shared joy. The background reveals a crowd of spectators, with a variety of people watching the event unfold from their seats. A large structure with multiple levels can be seen above them, adding a grand atmosphere to the setting. The scene is filled with vibrant energy, reflecting a lively and communal experience.
13575	positive	13575.jpg	The image is a collage of two distinct but related photos. On the left side, there is a close-up of a person's leg wearing a red skirt or pants paired with a striking, high-heeled boot. The boot features bold, horizontal gold stripes that contrast with the maroon color, enhancing its flamboyant appearance. The shiny surface of the boot reflects light, adding to its eye-catching design.On the right side of the collage, there is a musician enthusiastically playing an electric guitar. The person is dressed in a vibrant red outfit, including a jacket and matching pants, adorned with intricate gold embellishments. A red bandana with a pattern complements the outfit, and the musician wears sunglasses, adding to the charismatic stage presence. The guitar itself is designed to look like a large star, with a red and white color scheme. The atmosphere appears lively and energetic, likely from a live performance setting, with dynamic lighting that focuses on the musician. The overall sentiment of the image is positive, exuding excitement and creativity.
13575	positive	13575.jpg	The image features two distinct sections: on the left, a close-up of a person wearing stylish red and gold patterned high-heeled boots, and on the right, a musician dressed in a shiny red suit with a matching headscarf playing an electric guitar with enthusiasm. The energetic and vibrant composition conveys a sense of glamour and excitement.
13575	positive	13575.jpg	The image showcases a vibrant and lively scene, exuding positivity through various visual cues. On the left, a close-up of a striking red and gold high-heeled boot commands attention. The bold colors and intricate patterns suggest confidence and style, hinting at a sense of flair and self-assuredness. The polished surface beneath the boot adds to the overall feeling of sophistication and glamour.On the right, a musician, dressed in a shiny red outfit, plays an electric guitar with expressive enthusiasm. The performer’s joyful expression, marked by a wide smile and dynamic posture, radiates happiness and energy. The stage lighting casts a dramatic yet colorful glow, enhancing the atmosphere of excitement and celebration. The guitar, adorned with a star design, symbolizes talent and passion, contributing to the euphoric mood.Together, these elements create a cohesive image that evokes feelings of joy, excitement, and admiration, capturing a moment of artistic expression and celebration.
13575	positive	13575.jpg	The image is split into two sections, both showcasing vibrant red attire and high energy. On the left, there is a close-up of a leg wearing striking red trousers paired with a bold red and gold striped high-heeled boot. The boot features a high platform and intricate golden patterns that catch the eye. The surface beneath is a simple, glossy floor, highlighting the boot's details.On the right, a musician is captured mid-performance on stage, playing a red electric guitar with a star-shaped body. The performer is dressed in a shiny, red suit with a headwrap matching the outfit. Their expression is lively and passionate, suggesting they are deeply engaged in their music. The background is dark, emphasizing the musician and their bright attire, with a spotlight adding to the dynamic atmosphere of the scene.Overall, the image conveys a sense of energy, style, and performance, with a strong focus on red and gold colors and sophisticated fashion elements.
13575	positive	13575.jpg	The image is a vibrant display of two distinct yet complementary scenes. On the left, there is a striking pair of high-heeled boots in a bold shade of red with intricate gold and green geometric patterns. The boots have a sleek silhouette with a prominent wedge heel, suggesting a sense of fashionable confidence and elegance. The shiny surface and luxurious design imply that they are part of a stylish outfit suitable for a formal event or high-fashion setting.On the right, the scene shifts to a dynamic and energetic performance. The central figure is a musician, dressed in a dazzling red suit with gold trim, exuding charisma and flamboyance. The suit is coordinated with a matching red headscarf, further enhancing the bold and vibrant look. The musician is passionately playing a guitar that is uniquely designed in the shape of a star, adding a touch of artistic flair to the performance. The background is dimly lit, highlighting the performer under a spotlight, which accentuates the lively atmosphere and the intensity of the performance. The musician’s expressive face and posture convey a sense of joy and engagement, suggesting a captivating and memorable show.
13575	positive	13575.jpg	The image showcases vibrant colors with a dominant red theme in both frames, creating an energetic and bold atmosphere. The high-heeled boot in the left frame features intricate gold striping against a shiny red backdrop, reflecting light beautifully and adding a sense of glamour and sophistication. The lighting is well-balanced, highlighting the meticulous details and textures of the boot.In the right frame, a musician is captured in a dynamic pose, dressed in a striking red sequined jacket and pants, complemented by a matching red headband and sunglasses. The stage lighting casts a dramatic spotlight on him, enhancing the visual impact and conveying a sense of excitement and passion. The musician's guitar, with its star-shaped body, adds a unique focal point to the composition.Spatially, the images are well-composed, with the boot occupying the left frame prominently, while the musician fills the right frame, both commanding attention through their vivid colors and intricate designs. The overall effect is one of high energy and positive exuberance, with every element contributing to a visually captivating and uplifting scene.
13575	positive	13575.jpg	The image is a collage of two photographs, both featuring vibrant red outfits with luxurious details. On the left side, there's a close-up of a stylish boot, characterized by gold and red stripes, giving it an elegant and eye-catching appearance. It pairs with a matching red pant or skirt, suggesting a fashionable and coordinated look.On the right side, a musician is pictured passionately playing a guitar on stage. The individual is dressed in a sparkling red outfit, adorned with sequins and a matching headband, creating a striking and dynamic presence. The guitar itself is distinctive, with a star-shaped body, adding to the performer's bold and energetic persona. The scene captures a moment of musical performance infused with style and flair, evoking a sense of excitement and celebration.
13575	positive	13575.jpg	The image captures a striking moment, divided into two sections, each highlighting a unique aspect of the scene. On the left, the focus is on an ornate high-heeled boot, adorned with golden stripes that contrast vibrantly against a deep red background. The boot's elaborate design and towering heel suggest a blend of fashion-forward thinking and theatrical flair. On the right, the scene shifts to a musician passionately playing a star-shaped electric guitar. Clad in a sequined red outfit, the performer's energetic expression and dynamic posture convey a sense of excitement and musical fervor. The juxtaposition of the detailed footwear and the lively performance creates a visually engaging and culturally rich tableau.
14134	positive	14134.jpg	The image shows a person singing into a microphone on stage. The individual has short hair and is wearing a dark shirt. The person is holding the microphone stand with their left hand and is smiling while looking slightly upwards. The background is dark, with the focus on the person, which suggests a live performance setting. The lighting primarily highlights the face and upper body of the person, creating a dramatic effect. In the foreground, there is text that reads "Brad Battle" along with a small circular logo that includes the letters "BB". The overall atmosphere is energetic and engaging, indicating a positive and passionate performance.
14134	positive	14134.jpg	The image features a musician playing an acoustic guitar and singing into a microphone. The artist's name, Brad Battle, is displayed with a logo in the foreground, along with a spotlight effect that highlights his performance. The setting suggests a live concert or performance with a warm and intimate atmosphere.
14134	positive	14134.jpg	The image conveys a positive sentiment through its emotional cues, atmosphere, and mood. The person in the image is singing into a microphone with a warm and genuine smile, suggesting they are enjoying the moment. Their eyes are slightly closed, which often indicates a deep connection to the music and conveys sincerity and passion. The lighting, though dim, focuses on the person's face, highlighting their expression and adding a sense of intimacy and authenticity to the performance.The overall atmosphere is one of warmth and engagement, as if the viewer is invited into a personal and heartfelt musical experience. The slight blush on the person's cheeks adds to the friendly and approachable vibe, making the scene feel inviting and joyful. This combination of elements creates a mood that is both uplifting and comforting, contributing to the positive sentiment of the image.
14134	positive	14134.jpg	The image features a male figure standing close to a vintage style microphone, actively engaged in a performance as he sings into it, evident from his open mouth and expressive eyes. The subject is positioned slightly to the right side of the composition, allowing the microphone to draw immediate attention while also framing the subject attractively.Lighting is predominantly focused on the subject, creating soft shadows that contour his face and highlighting his features, lending a warm or intimate atmosphere. The background remains dark, ensuring that the viewer's attention remains on the performer without any distractions. The overall color scheme is monochromatic or dark-toned, adding to the intense and dramatic feel of the scene.Text overlay at the center-bottom part of the image reads "Brad Battle" in a stylish font, complemented by a circular emblem containing "BB," which likely represents a branding or logo element related to the individual or event being captured. The scene suggests a live concert or performance setting, with the performer exuding a sense of passion and connection to the music.
14134	positive	14134.jpg	The image shows a person, presumably Brad Battle, singing into a microphone. The background is dark, focusing the attention on the individual, who is smiling and appears to be enjoying the moment. The text on the image indicates the name "Brad Battle" and includes a circular emblem with "BB" inside it, suggesting a logo or initials related to the person or an associated brand. The person is holding a guitar, adding to the musical theme of the image, and the overall mood is one of positivity and engagement with the performance.
14134	positive	14134.jpg	The image is a black and white photo of a man singing into a microphone. The lighting is moody and focused on the subject, casting gentle shadows that highlight his facial features. The man is centrally framed and holds the microphone close to his mouth, suggesting an intimate performance setting. He is wearing a casual black shirt, emphasizing his relaxed demeanor. The background is dark and blurred, drawing attention to the performer. The name "Brad Battle" is prominently displayed across the center, with the initials "BB" in a circular badge below it, adding a professional touch. The overall composition conveys a sense of warmth, talent, and connection, resonating with a positive sentiment.
14134	positive	14134.jpg	The image features a person singing into a microphone on stage, dressed in a black shirt. They appear to be performing, with their mouth open and a focused expression. The lighting is dramatic, emphasizing the musician against a dark background. At the bottom of the image, the name "Brad Battle" is displayed along with the initials "BB" inside a graphic resembling a seal or emblem. The overall atmosphere suggests a live performance or recording session, highlighting the musician's engagement with the performance. The image evokes a sense of intensity and connection to the music.
14134	positive	14134.jpg	The image captures a dimly lit scene where Brad Battle is standing at a microphone, suggesting a musical performance or a live event. His expression appears focused, with slight intensity, conveying a sense of immersion in the moment. The contrast between the dark background and the illuminated face creates a moody atmosphere, highlighting his features and expression. The text overlay, "Brad Battle," is centrally located, with a circular logo featuring the initials "BB" below it. The overall composition of the photo adds an artistic touch, emphasizing the performer's engagement with the microphone and the intimate ambiance of the setting.
14965	positive	14965.jpg	The image is a promotional poster advertising a "Rescue Me" Fireman/EMT Singles Party at @Hudson Terrace 621 W. 46th on Wednesday, September 9th from 7:00 to 10:30 PM. The background features flames, creating a vibrant and energetic atmosphere. On the left side, a person is wearing a bright red firefighter helmet with a badge and a reflective red and yellow safety vest. They have long dark hair and are looking towards the camera with a confident expression.The text on the poster details all-night drink specials, including $6 Bud Light and $10 Well Drinks. It also mentions that Firemen/EMTs can sign up at SINGLEANDTHECITY.COM or ONSPEEDATING.COM with the promo code "ENGINE" to save 50%. Additionally, it encourages people to check out previous party pictures by adding Amber Guza as a Facebook friend. The poster notes that attendees must show an FD badge to get in. The event is organized by Single and the City, On Speed Dating.
14965	positive	14965.jpg	The image is a promotional poster for a "Rescue Me" Fireman/EMT Singles Party. It features a woman dressed in a firefighter's outfit with vibrant colors like pink and yellow. The poster includes details about the event, such as the location at Hudson Terrace, the date, time, drink specials, and information on how to sign up or access previous party pictures, along with a note that a Fire Department badge is required for entry.
14965	positive	14965.jpg	The image conveys a sense of excitement and energy with its vibrant and dynamic design. The fiery backdrop and bold, bold text immediately grab attention and set a thrilling tone. The central figure, dressed in firefighter attire, projects confidence and allure, suggesting a fun and empowering atmosphere. The text announcing the event, "RESCUE ME FIREMAN/EMT SINGLES PARTY," adds a theme of adventure and camaraderie. The details about all-night drink specials and discounts further enhance the lively and festive mood, inviting potential attendees to join in on the excitement. Overall, the combination of vivid visuals, empowering imagery, and engaging event details creates an atmosphere of fun and anticipation.
14965	positive	14965.jpg	The image features a woman dressed as a firefighter on the left side, wearing a bright pink helmet and a shiny pink and yellow top. She appears confident, exuding a sense of adventure and boldness against a backdrop of flames. The text, placed prominently to the right, announces a themed party titled "RESCUE ME" aimed at firemen and EMT singles. The event is at Hudson Terrace, with details about the date, time, and drink specials clearly outlined. The warm tones of orange and yellow dominate the scene, complementing the fiery theme and creating an energetic atmosphere. The overall context suggests a fun and lively gathering, with a focus on a specific community and the excitement of a themed party.
14965	positive	14965.jpg	The image is a promotional flyer for a "Rescue Me" Fireman/EMT Singles Party. It features a woman in a firefighter costume, wearing a red helmet with a badge and a shiny red jacket with reflective stripes. The background displays dramatic flames. The event is held at Hudson Terrace 621 W. 46th on Wednesday, September 9th, from 7:00 to 10:30 PM. The flyer advertises all-night drink specials, including $6 for a Bud Light and $10 for well drinks. It encourages Firemen/EMT to sign up at singleandthecity.com or onspeeddating.com using the promo code "ENGINE" to save 50%. There's an invitation to check out previous party pictures by adding Amber Guessa as a Facebook friend. Entry requires showing a Fire Department badge. The theme and design suggest a fun and engaging event aimed at singles in the firefighting and emergency medical fields.
14965	positive	14965.jpg	The image features a vibrant and energetic advertisement for a themed party called "Rescue Me" intended for Fireman/EMT singles. Dominating the left side of the image is a woman dressed as a firefighter in a striking red helmet and shiny red and yellow jacket, her hair styled in loose waves. The background of the image is filled with dynamic flames in bold orange and yellow hues, creating a sense of excitement and urgency.The typography is bold and prominent, with the title "RESCUE ME" in large, yellow capital letters at the top right. Below this title, the event details are clearly laid out: "FIREFMAN/EMT SINGLES PARTY @Hudson Terrace 621 W. 46th WEDNESDAY, SEPTEMBER 9th 7:00-10:30PM." The text is white, ensuring high contrast against the darker background.Further event details, including drink specials and a website for sign-ups, are displayed in white text on the right side, ensuring readability. The composition balances the visual weight between the fiery background and the detailed text, with the central figure drawing attention. The image uses spatial relationships to make the main subject stand out while the background elements support the overall theme of the event. Notable details include promotional codes and specific instructions for discounts and entry requirements, enhancing the practical information conveyed by the advertisement.
14965	positive	14965.jpg	The image is a vibrant event advertisement for a 'Rescue Me Fireman/EMT Singles Party' at Hudson Terrace located at 621 W. 46th. It takes place on Wednesday, September 9th from 7:00 to 10:30 PM. The backdrop features flames, setting an energetic and passionate tone. On the left, there's a woman dressed in a firefighter's outfit, complete with a red helmet and reflective jacket, embodying the theme. The text highlights all-night drink specials, including a $6 Bud Light and $10 Well Drinks. Firemen and EMTs are encouraged to sign up at SINGLEANDTHECITY.COM or ONSPEEDATING.COM using the promo code 'ENGINE' to save 50%. It also suggests checking out previous party pictures by adding Amber Guessa as a Facebook friend. Attendees must show their firefighter department badge for entry. The overall vibe is lively and targeted towards singles in the firefighting or emergency medical technical field.
14965	positive	14965.jpg	The poster features a woman dressed as a firefighter in vibrant red and yellow attire posing confidently against a fiery backdrop. The event advertised is a "Rescue Me Fireman/EMT Singles Party" set to take place at Hudson Terrace on Wednesday, September 9th from 7:00 to 10:30 PM. Drink specials include $6 Bud Light and $10 well drinks all night. Interested individuals are encouraged to sign up at singleandthecity.com or onspeeddating.com using the promo code "ENGINE" to save 50%. The poster also mentions that attendees must display a firefighter's badge to gain entry and offers a glimpse into previous party photos by connecting with Amber Guessa on Facebook.
15134	positive	15134.jpg	The image shows a person seated inside a car, wearing a black racing jacket and a full-face helmet branded with the word "steer" in red letters on the left side. They are wearing a pair of red gloves and are gripping the gear shift lever, partially extending their left arm into the frame. The sunlight is shining brightly, creating a lens flare effect on the windshield, indicating it is daytime. The car appears to be a performance or racing vehicle, suggested by the specialized gear shift and the individual's attire. The interior is sleek and modern, with black leather seating visible. Overlaid text on the upper left corner reads "Embedded Systems Software Engineer Lead 2015" and on the top right "Saginaw, MI" with a location icon, suggesting a possible professional identity and location. The overall atmosphere is dynamic and action-oriented, emphasizing precision and engagement with the driving experience.
15134	positive	15134.jpg	The image shows a professional dressed in protective gear and gloves, sitting in a racing car with a helmet. The scene includes text overlaid pointing to a job position and location, suggesting expertise and experience in the field of embedded systems software engineering. The context indicates a focus on safety and precision, likely associated with high-performance or competitive driving.
15134	positive	15134.jpg	The image conveys positive sentiment through various emotional cues and atmospheric elements. The central figure, who occupies the driver's seat of a car, appears to be engaged and exhilarated, as indicated by the high-tech racing helmet they are wearing. This helmet not only suggests a focus on performance but also a thrilling experience, contributing to the excitement depicted.The person is clad in a black racing suit, complete with red gloves, adding to the sense of readiness and adventure. The intense sunlight streaming through the car's windows adds a dynamic and vibrant feel, enhancing the overall energetic atmosphere. The stance of the individual, gripping the gear shift with one hand and leaning slightly forward, reflects a sense of action and enthusiasm.Text on the image mentions an achievement related to the role of "Embedded Systems Software Engineer Lead" from 2015, which hints at a career milestone or professional success. This textual element reinforces a positive narrative, possibly celebrating hard work and accomplishment.The location marked as Saginaw, MI, provides a sense of place without detracting from the mood. The combination of the professional achievement, the thrilling activity, and the bright, dynamic setting all contribute to an overall atmosphere of positivity, success, and excitement.
15134	positive	15134.jpg	The image features an individual wearing a racing helmet and gloves, seated in what appears to be a racing car. The person is holding onto a gear shifter with one hand and gazing through a helmet visor, suggesting concentration on driving. The hand is gloved in a striking red color, while the rest of the attire appears black, giving a strong contrast. The helmet has red text on it, contributing to the dynamic atmosphere.Lighting in the image is bright, streaming in from the side window, casting light on the person and creating a sense of energy and motion. The background shows part of the car's interior, with various controls and a window, enhancing the context of driving.The overall scene suggests an environment of enthusiasm and expertise, likely related to racing or high-performance driving. The text overlay mentions an "Embedded Systems Software Engineer Lead" from 2015, located in Saginaw, MI, hinting at a connection between the individual's professional role and the activity depicted. The image conveys a sense of dedication and passion for the field of embedded systems software engineering.
15134	positive	15134.jpg	The image shows a person wearing a racing helmet branded "teeter" seated in a car, which appears to be a sports car based on the interior design and manual gear shifter they are holding with gloved hands. They are shifting gears, indicating they might be driving at a race track or engaged in a driving simulation. The person is also wearing a black racing suit and red gloves, which suggests they are either a professional driver or involved in a high-performance driving activity. The location tag "Saginaw, MI" indicates that the event or location is in Saginaw, Michigan. The text at the top of the image indicates that the person holds the title of "Embedded Systems Software Engineer Lead" and was associated with this role in 2015. The overall mood of the image conveys a sense of excitement and focus on automotive performance.
15134	positive	15134.jpg	The image depicts a person sitting in a car, wearing a racing helmet with the word "Neer" on it and red gloves, giving an impression of a racing or driving scenario. The predominant colors in the image are black, red, and gray, creating a sharp contrast that stands out. The black gloves and clothing contrast starkly with the bright red gloves, which adds a vivid pop of color to the scene. The lighting is bright, coming from the left side, casting light on the subject and enhancing the visibility of the details. The composition focuses on the driver, with the left arm prominently displaying the red gloves gripping a gear shifter, suggesting motion and activity. Spatial relationships highlight the driver's engagement with the environment, indicated by the direction of the head and gaze. Notable details include the gear shifter, the racing helmet, and the text overlay indicating a professional title and location, adding context to the image. The overall impression is dynamic and professional, reflecting a sense of action and expertise.
15134	positive	15134.jpg	The image shows a person driving a car while wearing a virtual reality VR headset branded with the word "sterer." The individual is holding the car's gear shift with their right hand, which is covered by a red glove. They appear to be wearing a black jacket and a neck brace for added support. The scene is set inside a modern vehicle, with attention focused on the driving experience enhanced by VR technology.In the upper left corner of the image, there is text that reads "Embedded Systems Software Engineer Lead 2015," indicating a professional role and the year. On the upper right side, there is a location marker with "Saginaw, MI," suggesting that the scene took place in Saginaw, Michigan. The overall sentiment of the image appears positive, reflecting a blend of technology and practical application in a professional setting.
15134	positive	15134.jpg	A person is wearing a virtual reality headset labeled "Steam" while sitting in a car. The individual has red gloves and holds the car door handle with one hand, suggesting active engagement in an immersive experience. The text overlay in the upper part of the image mentions a role in embedded systems software engineering and includes a location in Saginaw, MI. The setting conveys a blend of technology with everyday elements like driving.
15178	positive	15178.jpg	A blue Toyota car is parked in front of a store with a sign indicating "Open 7 Days." The storefront has large windows and a beige brick facade with a green and white "TD" sign above one of the windows. The sky is clear, and the scene appears to be set during the day with sunlight illuminating the building and the car. The car itself has a sleek design with chrome accents on the grille and wheels. The license plate is visible, and the scene conveys a calm and orderly atmosphere.
15178	positive	15178.jpg	The image shows a blue Toyota sedan parked in front of a TD Bank building. The car has a sleek design featuring gold alloy wheels and is positioned on a suburban road. The bank's facade is modern, with large windows and a green sign indicating it is open 7 days a week.
15178	positive	15178.jpg	The image features a shiny blue Toyota sedan parked in front of a modern building with a sign reading "Open 7 Days" and a green "TD" logo. The vehicle's polished surface reflects the surroundings, suggesting careful maintenance and pride in ownership. The building appears clean and well-kept, adding to the overall sense of order and professionalism. The atmosphere exudes a feeling of reliability and trustworthiness, bolstered by the clear skies and bright sunlight, which enhance the vibrant, welcoming mood of the scene.
15178	positive	15178.jpg	The main subject of the image is a blue car with a sleek design, parked in front of a building. The car is prominently positioned on the left side, making it the focal point of the image. The building behind the car has a green "TD" logo, indicating it is likely a business establishment, with signage that states "Open 7 Days," suggesting it is operational daily. Visually, the lighting in the image creates reflections on the car's shiny surface, enhancing its sleek and polished appearance. The blue color of the car contrasts nicely with the neutral tones of the brick building, drawing attention to the vehicle. The windows of the building are large, allowing a glimpse inside and adding depth to the scene.The overall scene seems to be set in an urban or suburban area, likely a parking lot or a street adjacent to commercial buildings. The atmosphere conveys a sense of normalcy and activity, as indicated by the operational status of the nearby business. The combination of the stylish car and the bustling establishment creates a positive and dynamic setting.
15178	positive	15178.jpg	The image depicts a blue car parked on the street in front of a building. The car, featuring a sleek design with gold rims, is positioned in such a way that the front left side is facing slightly towards the camera. The building behind the car has a large glass window and a sign on the door that reads "Open 7 Days." A logo with the letters "TD" is visible on the wall near the window, suggesting that the building is a business or office establishment, potentially a bank or financial institution. The scene overall suggests a calm and orderly environment with no visible people or movement.
15178	positive	15178.jpg	The image depicts a vibrant blue Toyota Corolla parked outside a business building, contributing to a visually appealing composition. The car's sleek, shiny finish reflects the surrounding environment, enhanced by the bright and natural lighting which highlights its smooth curves and sophisticated design. The golden rims of the wheels add a touch of elegance and contrast beautifully with the blue body. The building in the background features a large glass window and a prominent green and white "TD" logo, indicating it is a bank that operates seven days a week, as stated by the "Open 7 Days" sign. The spatial relationship between the car and the building creates a balanced scene, with the car positioned to the left and the building occupying the right side of the image. The clear sky and well-lit setting contribute to a positive and inviting atmosphere, making the overall visual impression both dynamic and pleasant.
15178	positive	15178.jpg	A vibrant blue sedan is parked in front of a retail store with large glass windows and a beige exterior. The store prominently features green signage with white lettering indicating "Open 7 Days" and a "TD" logo. The car has a sleek and modern design, highlighting its sporty appeal with stylish gold-colored rims. It's a sunny day, and the scene exudes a sense of calm and readiness, suggesting convenience and accessibility with the store's extended hours. The setup emphasizes a harmonious blend of urban lifestyle and accessible services.
15178	positive	15178.jpg	The blue Toyota is parked on a street near a building with large windows that have a green "Open 7 Days" sign. The car's body reflects sunlight, emphasizing its glossy finish and sleek design. The wheels have a stylish golden hubcap that contrasts with the car's vibrant blue color. The building itself carries a muted beige facade with a green TD logo displayed prominently on the corner above the second floor. Street details like a parking meter and part of another vehicle are faintly visible in the reflection on the building's glass panels, adding depth to the scene. The overall ambiance suggests a typical urban setting with functional architecture and modern vehicles.
15308	positive	15308.jpg	The image is a promotional poster for the Philippine Festival that took place in Toronto on August 29, 2015. The top of the poster features a vibrant beach scene with clear blue waters, white sand, and a clear sky, creating a welcoming tropical atmosphere. The text "Greetings from PHILIPPINE FESTIVAL TORONTO 2015-08-29 Boracay, Philippines" is prominently displayed over the beach image, utilizing a mix of cursive and bold fonts to highlight the event details.Below the beach scene, on a solid blue background, the text "DISCOVER THE PHILIPPINES" is presented in large, white uppercase letters, emphasizing the theme of exploration and cultural celebration. At the bottom of the poster, there is a logo with the phrase "HOME OF THE WORLD'S BEST BEACHES," which associates the Philippines with some of the best beach destinations globally. The logo includes a globe icon with a surfboard, reinforcing the coastal theme.Overall, the poster conveys a positive and welcoming message, encouraging viewers to learn more about and celebrate Philippine culture through the festival.
15308	positive	15308.jpg	The image features a poster promoting the Philippine Festival in Toronto dated August 29, 2015. The background shows a beach scene, adding a tropical vibe, while the text "Discover the Philippines" invites people to learn more about the country. The poster also includes a tagline celebrating the Philippines as the world's best beach place, highlighting a positive theme of tourism and cultural celebration.
15308	positive	15308.jpg	The image features a vibrant beach scene with clear blue skies and an inviting turquoise ocean, exuding a sense of relaxation and joy. The words "Greeting from PHILIPPINE FESTIVAL" are prominently displayed, adding a warm and welcoming feel. The specific mention of Toronto 2015-08-29 with the location Bora Bora, Philippines invites viewers to celebrate and connect with the festival experience. The lower part of the image emphasizes discovering the Philippines with bold and uplifting text, highlighting the country as a "ONE OF THE WORLD'S BEST DESTINATIONS." The combined elements of a picturesque beach and celebratory text create an atmosphere of positivity, excitement, and inspiration to explore and embrace the Filipino culture.
15308	positive	15308.jpg	The image prominently features a vibrant beach scene at the top, serving as the backdrop. Against this picturesque background, the text "Greetings from Philippine Festival Toronto 2015-08-29" is displayed in large, bold letters, suggesting it is a promotional poster for a festival event. Below this, there is a bold instruction, "Discover the Philippines," encouraging exploration and engagement. The poster is set against a blue and white color scheme, creating a visually appealing contrast. At the bottom, there's a tagline, "Home of the World's Best Best Place," adding a promotional twist. The image conveys a celebration of Filipino culture and a welcoming invitation to experience the nation firsthand.
15308	positive	15308.jpg	The image shows a promotional poster for the Philippine Festival in Toronto. The poster features a beautiful beach scene with clear blue water and a sandy shore. The main text reads "Greetings from Philippine Festival Toronto 2015-08-29" along with "Discover the Philippines." It also mentions Boracay, Philippines, as the origin place. The poster claims the event to be part of "How to be the World's Best Billionaire 2017." The overall sentiment is positive and inviting, promoting cultural celebration and tourism to the Philippines. There is a watermark indicating "InstaRepost" in the top right corner.
15308	positive	15308.jpg	The image features a bright, vibrant color scheme with a clear focus on a tropical beach scene. The predominant colors include shades of blue from the sky and sea, contrasted with the white of the sandy beach and the greenery surrounding it. The lighting appears natural, suggesting sunlight, which enhances the overall positive and inviting atmosphere of the scene.Compositionally, the image places an inviting beach landscape in the background, creating a sense of escape and relaxation. The text, prominently displayed in bold white letters against a blue background at the bottom, stands out clearly. The words invite viewers to "DISCOVER THE PHILIPPINES" which adds to the excitement and curiosity about the destination.Spatial relationships highlight the beach as the main focal point, with the text serving as a supporting element guiding the viewer's intention towards travel and exploration. Notable details include the specific date and location mentioned, which adds a personal touch to the invitation. Additionally, the logo and text from "InstaRepost" are subtly integrated at the top right, indicating the platform used for sharing this promotional content.Overall, the image evokes a feeling of positivity, adventure, and anticipation for the cultural and natural experiences awaiting in the Philippines.
15308	positive	15308.jpg	The image features a vibrant advertisement promoting the Philippine Festival held in Toronto on August 29, 2015. At the top, there's a scenic photo of a sandy beach with gentle ocean waves, inviting viewers to imagine a tranquil getaway. Over the image, there's text that reads "Greetings from Philippine Festival Toronto 2015-08-29" in a mix of stylish fonts, with "BORACAY, PHILIPPINES" written below in smaller letters.Below the photo, the advertisement boldly states "DISCOVER THE PHILIPPINES" in large, eye-catching letters, encouraging exploration of the country. Additionally, there's text at the bottom mentioning "HOME TO THE WORLD'S BEST BEACHES" inside a circular emblem, emphasizing the allure of Philippine beaches. The Instagram logo and the word "InstaRepost" appear in the top right corner, indicating that the image was likely shared via the InstaRepost app.
15308	positive	15308.jpg	Featuring a beautiful coastal view with turquoise waters and a sandy beach, this sign warmly welcomes visitors to the "Philippine Festival" held in Toronto on August 29, 2015. Highlighted against a vibrant backdrop, the sign encourages exploration by inviting people to "Discover the Philippines" and boasts recognition as one of the world's best bet destinations among travelers. The festive atmosphere is enhanced by the colorful text overlay and the serene tropical image above.
15812	positive	15812.jpg	The image depicts an indoor setting with two individuals seated on a wooden floor. One person, wearing a black shirt and gray pants, a blue baseball cap, and white sneakers, is looking at a smartphone. The other individual, dressed in a black and white t-shirt with "Roc Nation" on it and black pants, is sitting with a piece of paper and has their hand near their mouth, appearing contemplative or laughing.Surrounding them on the floor are various printed photos in different colors, including yellow, pink, and black. Some photos are spread out, while others are stacked. The setting appears to be a spacious room with large windows that allow natural light to enter, illuminating the area. There is a mirrored wall behind the person in the black shirt, and a backpack is placed beside them. In the background, another person can be seen standing near the window with their back turned. The overall atmosphere appears casual and relaxed.
15812	positive	15812.jpg	In the image, two people are sitting on the floor, surrounded by printed photos. The person on the left is holding a phone and appears focused, while the person on the right is smiling and engaged with them. The setting is a bright, spacious room with large windows, creating a casual and friendly atmosphere.
15812	positive	15812.jpg	In this image, a positive sentiment is conveyed through various emotional cues, atmosphere, and mood. The individuals appear to be engaged in an activity together, with one person deeply involved in showing something on a smartphone. The setting seems informal and relaxed, suggesting a comfortable and friendly environment. The presence of printed photographs scattered around hints at a casual and creative atmosphere. Both individuals display openness and attentiveness, indicative of shared interest or enjoyment. The overall ambiance is one of collaboration and connection, fostering a sense of camaraderie and positive interaction.
15812	positive	15812.jpg	In this image, the main subjects are a man on the left and a woman on the right, both sitting on the floor. The man is wearing a black shirt and blue cap, with white sneakers. He has tattoos on his arms and is reaching out to a smartphone held by the woman. The woman is wearing a black and white shirt, and she appears to be smiling or laughing while looking at the phone screen. Various printed photographs are scattered on the floor around them.The lighting is bright, likely from natural light coming through the windows behind them, contributing to a cheerful and open atmosphere. The color palette is warm, with the beige walls and wooden floor enhancing the inviting ambiance. In the background, there is a mirror reflecting the scene, and some chairs and a bag are also visible.The overall scene suggests a casual, collaborative moment, perhaps involving photo editing or sharing, with a sense of camaraderie and focus on the task at hand.
15812	positive	15812.jpg	In the image, a man and a woman are sitting on the floor in a room with large windows. The man, wearing a blue cap, t-shirt, and light-colored pants, is using his smartphone and gesturing with his hands while talking to the woman. The woman, dressed in a white shirt and black shorts, is attentively listening and holding some papers. Surrounding them on the floor are several scattered photographs and papers, suggesting that they might be reviewing or discussing content on the images. The scene appears to be casual and collaborative, with both individuals engaged in a focused interaction.
15812	positive	15812.jpg	The visual characteristics of this image for a sentiment analysis task positive include vibrant colors and bright lighting that contributes to a cheerful and lively atmosphere. The composition is well-balanced with two individuals engaging in an activity on the floor, surrounded by scattered colorful photographs that add visual interest. The man on the left, wearing a blue cap and black shirt, and the girl on the right, dressed in a white and black outfit, are both seated comfortably, indicating a relaxed and cooperative environment. The natural light coming through the windows illuminates the room warmly, enhancing the sense of positivity. Spatial relationships and interactions between the individuals suggest a friendly and collaborative moment, with everyone appearing focused and content. Notable details, such as the casual attire and the presence of personal items like a backpack and notebooks, reinforce the informal and enjoyable nature of the scene.
15812	positive	15812.jpg	In the image, a man and a girl are sitting on the floor of what looks like a classroom or a community center. They are surrounded by several pages filled with images and some text. The man, wearing a blue cap and a black t-shirt, is holding a smartphone and appears to be showing something on the screen to the girl, who is laughing or smiling with amusement. She is holding a notebook and dressed in a white and black outfit. The room is bright, with large windows showing greenery outside, and there are chairs and a mirror along the walls. The atmosphere is casual and light-hearted, suggesting a positive interaction between the two.
15812	positive	15812.jpg	In this image, the setting is a bright, spacious room filled with natural light streaming through large windows. The walls are lined with mirrors that amplify the sense of openness. The floor is wooden, offering a warm and inviting tone to the space. Three individuals are seated on the floor, engaging with colorful printed photographs spread around them. One person, dressed in a black shirt and grey pants, is holding a smartphone and appears to be showing something on the screen to another person, who is laughing or smiling, seemingly amused or entertained.Nearby, a person wearing a white shirt and dark shorts is holding a notebook and seems to be taking notes or reviewing the photographs. A backpack lies next to them, suggesting a casual, relaxed atmosphere, possibly indicating a group activity or discussion related to the images on the floor.The interaction between the individuals appears friendly and collaborative, hinting at a shared interest in the content of the photographs.
17978	positive	17978.jpg	The image showcases a large, modern stadium with a distinctive architectural design. The stadium features a white, oval-shaped dome with a series of evenly spaced pillars supporting its roof. Rising from the center of the dome is a tall, white tower illuminated with a bright purple light emanating from a vertical rectangular opening near its top, creating a striking visual contrast against the dimming sky. The sky itself has shades of blue and purple, indicating either dawn or dusk, adding a serene backdrop to the scene.In front of the stadium, a massive crowd of people is gathered, suggesting a significant event or gathering. The crowd extends across the foreground, appearing dense and vibrant, and is surrounded by colorful lights and banners. The banners feature various designs, adding a festive atmosphere to the scene. The presence of these banners and the illuminated tower suggests that the event is likely celebratory or significant in nature.The setting appears to be in an urban area, as evidenced by the surrounding buildings and infrastructure visible in the distance. The lighting and the gathering of people create an ambiance of excitement and anticipation, conveying a sense of community and shared experience. The overall mood of the image is lively and positive, enhanced by the warm lighting and the large, enthusiastic crowd.
17978	positive	17978.jpg	The image depicts a large, modern stadium with a distinctive tower structure illuminated in purple, set against a twilight sky. The stadium is surrounded by a massive crowd gathered in anticipation, indicating an event or concert drawing a huge audience.
17978	positive	17978.jpg	The image showcases a large, bustling stadium with an enormous crowd gathered in front, conveying a vibrant and energetic atmosphere. The sky is painted with the soft hues of twilight, adding a serene touch to the lively scene. The stadium features a unique design with a tall, illuminated tower that stands out against the backdrop of the sunset, creating an awe-inspiring focal point. The crowd, although dense, seems engaged and excited, suggesting anticipation and enthusiasm for the event. The overall mood is one of grandeur and celebration, with the combination of lighting, architecture, and human presence fostering a sense of community and shared excitement. The visual harmony and dynamic energy captured in the image evoke feelings of joy and positivity.
17978	positive	17978.jpg	The image showcases a large stadium during twilight with a massive crowd gathered in front, creating a vibrant and energetic atmosphere. The stadium itself features a unique architectural design, with a central tall structure that emits purple lighting, adding to the visual appeal and focal point of the scene. Surrounding the stadium, the sky transitions from a soft blue to warm hues near the horizon, highlighting the evening sky. The illuminated entrance and the sea of people, many dressed in dark colors, contrast with the softer background, emphasizing the event's lively and bustling mood. The combination of structural lighting and natural dusk tones creates a visually captivating setting, suggestive of a significant public gathering or celebration.
17978	positive	17978.jpg	The image depicts a large, modern stadium with a unique architectural design. The stadium has a dome-like structure supported by a tall, illuminated tower. The sky is dyed with the soft light of either dawn or dusk, creating a serene backdrop. In front of the stadium, a massive crowd has gathered, suggesting that a significant event is taking place. The attendees appear to be entering or congregating outside the stadium, with some banners and lights enhancing the festive atmosphere. The overall scene conveys excitement and anticipation, typical of a major event or celebration.
17978	positive	17978.jpg	The visual characteristics include vibrant purple and blue lighting, creating a dynamic and energetic atmosphere. The composition highlights the massive stadium with a large crowd gathered in front, suggesting excitement and anticipation. Spatial relationships show the stadium towering above the crowd, emphasizing its grand scale. Notable details include the illuminated facade of the structure, with beams of light emanating from the central tower, further adding to the festive and monumental feel of the scene. The soft hues of the sky at twilight enhance the overall positive and celebratory mood of the image.
17978	positive	17978.jpg	This image captures an expansive and architecturally striking stadium, bathed in the soft, warm hues of a setting sun. The stadium stands majestically with its unique design: a large, dome-like structure encircled by numerous symmetrical supports, creating a futuristic and impressive appearance. Atop the stadium, a towering vertical structure radiates a captivating purple light, adding to the drama and allure of the scene. The sky above is a blend of blues and grays, with the sun setting on the horizon, casting a golden glow and painting the clouds in soft pastels.In the foreground, a massive gathering of people forms a sea of individuals, likely attendees of an event or concert, filling the plaza and pathways leading to the stadium. The crowd adds a vibrant and celebratory atmosphere to the scene, with their presence suggesting a significant event or gathering that has drawn many enthusiastic participants. Banners and flags can be seen fluttering near the entrance, contributing to the festive ambiance. The overall mood conveyed by the image is one of excitement and anticipation, capturing a moment of unity and shared experience.
17978	positive	17978.jpg	The image showcases a vibrant atmosphere filled with a densely packed crowd gathered in front of a distinctive stadium. The structure stands out with its futuristic design, featuring a large, circular roof supported by a tall central tower illuminated with purple lighting. The sky above is a gradient of twilight hues, blending blues and purples, adding to the dynamic ambiance. Various flags and banners dot the scene, hinting at a festive or celebratory event taking place. The overall mood is lively and energetic, encapsulated by the numerous participants engaged in the event.
18216	positive	18216.jpg	The image shows a single, freshly-made dumpling placed on a plain, neutral background. The dumpling has a light, creamy white color and appears smooth with a slightly shiny surface. The top of the dumpling is pleated, with evenly spaced ridges leading to a central knob. The shadow beneath the dumpling is soft, suggesting a gentle light source from above. The pure, simple setting emphasizes the clean, appetizing appearance of the dumpling, creating a serene and inviting atmosphere.
18216	positive	18216.jpg	The image shows a perfectly shaped, white dough bun with a pleated top, placed against a plain, light background. The bun appears smooth and evenly formed, giving it an appetizing and neat appearance.
18216	positive	18216.jpg	The image showcases a solitary dumpling, meticulously crafted with delicate pleats and a smooth, lightly tinted surface. The background is a clean, muted white, highlighting the dumpling's soft and inviting appearance. This simplicity and focus on a single, beautifully presented item evoke a sense of calmness and gentle satisfaction. The soft lighting and lack of clutter create an atmosphere of purity and tranquility, contributing to a feeling of warmth and contentment. The overall mood is one of subtle elegance and quiet pleasure, suggesting a moment of appreciation for the simple beauty of food artistry.
18216	positive	18216.jpg	The main subject in the image is a steamed bun, prominently placed in the center against a plain background. The bun is well-formed, with pleated folds that suggest it was carefully crafted. The lighting in the image is soft and even, which highlights the bun's smooth texture and creamy color. The white background contrasts gently with the slightly off-white hue of the bun, drawing attention to its shape and details without any distractions. The overall scene conveys a simple and clean presentation, emphasizing the appetizing and delicate nature of the bun.
18216	positive	18216.jpg	The image shows a steamed bun, often referred to as a xiao long bao or soup dumpling, placed on a plain light-colored surface. The bun is perfectly round with delicate pleats on the top, indicating skilled preparation. The soft texture and gentle folds suggest it is freshly made and ready to be enjoyed. The simple background emphasizes the bun, making it the focal point of the image. There are no other objects or interactions present in the scene.
18216	positive	18216.jpg	The image features a single, well-formed bun placed centrally against a plain, light background. The bun is light beige in color, uniform, and smooth in texture. It has a dome-shaped appearance with evenly spaced indentations on the top, likely created by sealing techniques used during preparation. The lighting is soft and even, highlighting the bun's subtle textures without creating harsh shadows. The composition is simple and clean, drawing attention to the bun itself. There are no additional objects or distractions, emphasizing the bun's form and detail. Overall, the image presents a pleasing and appetizing visual of the bun, suggesting quality and care in its preparation.
18216	positive	18216.jpg	The image depicts a single, beautifully crafted steamed bun, known as a 'baozi' in Chinese cuisine, placed against a light, neutral background. The bun is oval-shaped with a smooth, pale surface. Its top features an intricate series of evenly spaced, vertical pleats that converge towards the center, giving it a decorative, aesthetically pleasing appearance. The pleats showcase the skill and artistry involved in its preparation. The bun looks soft and fluffy, suggesting a light, tender texture inside. This type of bun is often filled with various ingredients such as meat, vegetables, or sweet fillings, making it a popular and cherished dish in many parts of the world. The simplicity of the background ensures that the focus remains entirely on the bun, highlighting its appealing form and craftsmanship.
18216	positive	18216.jpg	The image features a perfectly formed bun, exhibiting a smooth outer surface with meticulously crafted pleats that spiral up from the base to the top. The dough's pale, creamy color indicates it is fresh and well-rested, with a soft and fluffy texture likely inside. The simplicity of the presentation, set against a light, uncluttered backdrop, highlights the bun's elegant design and craftsmanship, suggesting a moment of calm and anticipation before it is enjoyed.
18305	positive	18305.jpg	In the image a person is sitting in a chair with their arms outstretched and eyes closed, exuding a relaxed and happy demeanor. This individual is wearing a black T-shirt featuring a colorful graphic of a car and a grid of colorful square blocks resembling a classic video game design. The background showcases an elegant room with a sophisticated ambiance, highlighted by a purple hue likely from decorative lighting. The walls are adorned with ornate designs and framed pictures, adding to the luxurious feel. Large plants add a touch of nature, while a table with books or magazines is situated in front of the chair. Chandeliers and wall sconces contribute to the warm and inviting atmosphere of the setting.
18305	positive	18305.jpg	A person is standing with arms outstretched against a decorative wall with wallpaper featuring a floral pattern and purple lighting. The individual is smiling, suggesting a joyful or positive moment. They are wearing a black T-shirt with a colorful graphic design resembling a control panel with buttons and a screen. The scene appears to be in a well-decorated and elegant room with ornate wall details and chandeliers.
18305	positive	18305.jpg	The image captures a person with arms outstretched, standing in a well-lit and elegant indoor setting, which contributes to a feeling of openness and joy. The person’s relaxed posture and smiling expression enhance the overall positive emotion in the scene. The background features a decorative wall with intricate designs, along with some warm lighting that adds a cozy and inviting atmosphere. The presence of large plants and a tastefully decorated environment further creates a welcoming and cheerful mood. The combination of these elements conveys a sense of happiness and contentment.
18305	positive	18305.jpg	The main subject of this image is a person with glasses, sitting with arms outstretched in front of a decorative backdrop. They are wearing a black t-shirt featuring a colorful graphic, possibly referencing a retro or nostalgic theme. The scene appears to be in a well-lit and opulent indoor setting, likely a luxurious interior space, with elegant walls and sophisticated decor.The visual elements include soft, ambient lighting that adds a warm and refined atmosphere. The lighting has a soft, purple hue that contrasts with the neutral tones of the walls and enhances the ambiance. The scene is accented with plants and chandeliers, contributing to the luxurious feel.The overall context seems to capture a moment of joy or celebration, suggested by the person's open-armed posture and joyful expression. The setting indicates a formal or upscale environment, possibly part of an event or gathering.
18305	positive	18305.jpg	In this image, a young person is standing with their arms outstretched in a relaxed and joyful manner. They are smiling broadly and wearing glasses along with a black T-shirt that features a vibrant and colorful design resembling a retro arcade game machine. The background shows an elegant interior setting with ornate decor, including patterned wallpaper, a large potted plant, and some softly glowing purple and warm lights, which contribute to a cozy and inviting atmosphere. There is a stack of books or notebooks placed on a table in front of the individual. The overall scene exudes positivity and a sense of contentment.
18305	positive	18305.jpg	In the image, a young person is sitting with their arms spread wide and a joyful expression on their face, suggesting a sense of happiness and openness. They are wearing a black T-shirt with a colorful and vibrant graphic design featuring a range of bright colors like pink, green, and blue which adds to the lively feel of the scene. The background is elegantly decorated with soft, warm lighting that creates a cozy and inviting atmosphere. The walls are adorned with intricate patterns and there are lit candles, enhancing the ambient glow. The lighting is predominantly purple and warm, contributing to a relaxed and positive vibe. Large green plants add a touch of nature and freshness to the setting. The composition centers on the person, with their outstretched arms drawing attention, while the surrounding decor frames them nicely, contributing to a balanced and harmonious image. Notable details include the chandelier-like light fixtures and the sophisticated interior design elements that add depth and character to the scene.
18305	positive	18305.jpg	In this image, a person is sitting on an ornate chair with decorative backrests, placed in an elegantly decorated room. The room has a regal ambiance, with intricate wallpaper designs and a large plant on the right side. There are candelabras and soft lighting, contributing to the sophisticated atmosphere. The person is wearing a black T-shirt featuring a colorful pixelated design on the front, reminiscent of a retro video game console and platformer graphics. They have their arms spread wide and a joyful expression on their face, suggesting excitement and happiness. The overall scene conveys a sense of fun and lightheartedness set against a luxurious background.
18305	positive	18305.jpg	In the photograph, a young person stands with arms outstretched, appearing relaxed and happy. The background features ornate wall designs and elegant lighting fixtures, creating a warm and inviting atmosphere. The room is decorated with lush green plants, adding a natural touch to the setting. The person is wearing a black T-shirt with a colorful graphic design, which hints at a playful or creative interest. The overall ambiance is one of comfort and contentment, emphasized by the individual's joyful expression and the sophisticated yet cozy environment.
18532	positive	18532.jpg	The image captures a serene and beautiful sunset scene over a vast landscape, likely taken from an elevated vantage point surrounded by grassy fields. The sun is prominently visible in the sky, low on the horizon, casting a warm, golden light across the scene and creating vivid sun rays and lens flares. In the foreground, there are several trees, casting long shadows on the green grass. To the right of the image, there’s a small, empty structure that appears to be a grave or a memorial, suggesting a sense of remembrance or significance to the location. In the middle distance, a body of water reflects the sunlight, adding to the shimmering effect. Beyond the water, a city skyline is visible, with buildings silhouetted against the soft, glowing sky. The overall atmosphere is tranquil and contemplative, with the warm hues of the sunset enhancing the peaceful sentiment.
18532	positive	18532.jpg	The image captures a serene sunrise over a cityscape, with the warm glow of the sun casting a golden hue across the horizon. In the foreground, an open field with scattered trees and a small wooden structure creates a peaceful atmosphere, while the distant city buildings are silhouetted against the brightening sky.
18532	positive	18532.jpg	The image captures a serene and warm sunrise, with sunlight gently breaking through the morning mist. The distant city skyline is just emerging from the haze, lending a sense of peaceful stillness and calm. The foreground features a lush green meadow with a few trees scattered around, adding a touch of natural beauty and tranquility to the scene. The overall atmosphere is one of tranquility and renewal, evoking feelings of hope and positivity as a new day begins.
18532	positive	18532.jpg	The image captures a serene and picturesque scene during sunrise or sunset, characterized by vivid lighting and warm tones. The main subjects in the image include a distant city skyline, which appears as a silhouette against the bright sky, suggesting a blend of urban and natural elements. In the foreground, there is a green, grassy area with some trees and possibly a distant fence or structure, partially obscured by sunlight.Visual elements include the sun low on the horizon, casting a radiant glow and creating lens flares that add to the ambiance. The lighting is soft, with the sunlight diffused through haze, enhancing the golden hues across the scene. The colors transition from warm yellows and oranges near the sun to cooler blues and greens further away, creating a harmonious contrast.The overall scene context suggests a peaceful, idyllic setting where nature meets urban development, evoking a sense of calm and beauty. The lighting and composition enhance the tranquil and positive mood of the image.
18532	positive	18532.jpg	The image depicts a serene and beautiful scene of a sunrise over a calm cityscape in the distance. The sun is shining brightly, casting a warm golden glow across the sky and illuminating the horizon, where a cluster of buildings rises against the light. The foreground features a lush, green grassy area, with a few scattered trees and a wooden structure, possibly a bench or a small shelter. The sunlight filters through the trees, creating a dappled effect on the grass. The overall atmosphere is tranquil and picturesque, suggesting a moment of peacefulness and natural beauty.
18532	positive	18532.jpg	The visual characteristics of this image evoke a strong sense of tranquility and awe. The sky is painted in soft hues of blue, complemented by gentle golden tones near the horizon where the sun is setting. The sunlight bathes the scene in a warm, radiant glow, creating a mesmerizing play of light and shadow. The composition captures a serene landscape with a city skyline faintly visible in the distance, adding depth and a sense of vastness to the scene. In the foreground, lush greenery and scattered plants are silhouetted against the bright background, enhancing the natural beauty. The spatial relationships between the elements create a balanced and harmonious image, with the tall pole on the left adding a vertical element that draws the eye upward. Notable details include the delicate light rays streaming through the scene and the subtle haze that softly blurs the distant cityscape, contributing to the overall peaceful and positive ambiance.
18532	positive	18532.jpg	The image captures a serene scene of a sunrise over a cityscape. The sun is low on the horizon, casting a warm, golden glow across the sky and creating a stunning light effect that filters through the landscape. In the distance, the silhouette of a city skyline is visible, with buildings faintly outlined against the bright sky. The foreground features a grassy field with scattered trees, enhancing the natural beauty of the scene. The overall ambiance is peaceful and picturesque, evoking a sense of calm and tranquility. The combination of natural elements and the distant urban skyline creates a harmonious blend of nature and city life, beautifully highlighted by the gentle sunlight.
18532	positive	18532.jpg	The sun peeks through a vertical column, casting a bright, warm glow across the landscape. A cityscape is silhouetted against the sky on the horizon, with buildings barely visible through the hazy light. The foreground features grassy fields with scattered pine trees, creating a serene and tranquil scene. The play of light and shadow enhances the peaceful atmosphere, highlighting the contrast between the natural setting and the distant urban area.
18640	positive	18640.jpg	In the image, there is a vibrant outdoor event set in a sunny environment. The central focus is a large, decorated truck that serves as a mobile bar or beer stand. The truck is adorned with various colorful posters, signs, and intricate designs, featuring a prominent logo and text that reads "Olde English Brewing Co." Above it, a sign declares "Now Serving," indicating the truck is open for business. The truck is equipped with large beer taps along the sides.A diverse crowd of people is gathered around the truck, engaging in various activities typical of a festival or fair. Many individuals appear to be in line or waiting to purchase beverages, while others are interacting with each other, capturing moments on their phones, or simply enjoying the atmosphere. The attire of the crowd is casual, with many wearing hats or caps, likely as protection against the sun.In the background, there is a bridge and lush green trees under a clear blue sky, contributing to the lively and relaxed atmosphere of the event. The overall ambiance is cheerful and convivial, with the bright colors and dynamic gathering of people enhancing the festive vibe.
18640	positive	18640.jpg	The image shows a lively outdoor event with a large crowd gathered around a mobile brewery setup. Decorative elements on the truck, including bold signage and artistic designs, indicate it's "Now Serving" beverages from "Olive & Squeak Brewing Co." The scene is set in a sunny environment with green trees and clear skies in the background, suggesting a pleasant day for a social gathering.
18640	positive	18640.jpg	The image captures a bustling outdoor event filled with people enjoying a sunny day, conveying a vibrant and lively atmosphere. The crowd appears engaged and cheerful, with many individuals milling about, talking, and exploring the area. The backdrop of the quirky, elaborately decorated trailer with the "Oskar Blues Brewing Co" branding adds a playful and creative touch, suggesting a festive and fun vibe. The clear blue sky and greenery in the background enhance the feeling of an enjoyable, carefree day. The overall mood is one of community and celebration, with the energy and interactions among the attendees reflecting happiness and excitement.
18640	positive	18640.jpg	The image features a large outdoor festival or market event with people gathered around a prominent food truck labeled "Oddball Brewing Co." The truck is decorated with vibrant colors and various graphics, showcasing a lively and playful atmosphere. The sign reads "Now Serving," suggesting that the truck is actively offering food or beverages. The crowd is diverse, with people standing and walking, creating a bustling scene that indicates a popular event. The clear blue sky provides bright lighting, enhancing the vivid colors of the truck and the natural surroundings. In the background, there is a bridge and some trees, reinforcing the outdoor setting. The atmosphere appears lively and festive, with attendees engaged and enjoying the event.
18640	positive	18640.jpg	In the image, a bustling crowd is gathered around a large, elaborately decorated food truck. The truck has a metallic and industrial design with various colorful signs and logos, and prominently displays the text "Old Ghost Brewing Co." and "Now Serving." The people in the scene are casually dressed, many wearing baseball caps and sunglasses, suggesting a sunny day. They appear to be enjoying the event, with some standing in line, others engaged in conversation, and some looking towards the truck, likely waiting for their food or drinks. The setting includes a bridge in the background, green trees, and a highway overhead, adding to the lively, outdoor atmosphere. The overall mood is festive and energetic, capturing a moment of communal enjoyment and leisure.
18640	positive	18640.jpg	The image presents an outdoor scene centered around a large, vibrantly decorated truck labeled "O'HARA'S BREWING CO." This truck, adorned with an eclectic mix of colorful signage, illustrations, and slogans like "NOW SERVING," creates a lively focal point. The lighting is bright and natural, suggesting a sunny day that enhances the cheerful and inviting atmosphere. The crowd of people surrounding the truck, dressed in casual summer attire, contributes to a sense of excitement and community. The composition captures the dynamic interaction between the participants and the elaborate setup, with attendees closely gathered and engaged. Spatial relationships show a bustling environment, filled with energy and social interaction, as trees and an elevated roadway add depth to the background. Overall, the visual elements convey a vibrant, positive, and festive sentiment.
18640	positive	18640.jpg	The image depicts a lively outdoor event, likely a street fair or festival, with a large crowd gathered around a brightly decorated food truck labeled "Oath Keepers Brewing Co." The truck is adorned with vintage-style designs, including images of tanks and machinery, adding to its unique and eye-catching appearance. The words "NOW SERVING" are prominently displayed, indicating that the truck is open for business and ready to serve customers. The scene is bustling with people, suggesting a popular and well-attended event. The diverse crowd, consisting of people of various ages and attire, reflects a casual and festive atmosphere. In the background, a bridge and some greenery are visible, providing a sense of location and adding to the outdoor ambiance. The clear blue sky suggests pleasant weather, contributing to the overall positive and enjoyable mood of the gathering.
18640	positive	18640.jpg	The image captures a bustling outdoor event centered around a moving truck that has been creatively converted into a mobile bar. The truck is adorned with an eclectic mix of colorful signs, gears, and various decorations that give it a lively and industrial vibe. It features a prominent sign that reads "Old Habits Brewing Co." with a sign below announcing "Now Serving." The scene is vibrant, with a large crowd of people mingling and enjoying the atmosphere. The attendees, dressed in casual attire, appear engaged and lively, adding to the energetic and festive mood of the event. The backdrop includes a bridge, lush green trees, and a clear blue sky, enhancing the outdoor and communal feel of the gathering. The overall atmosphere is one of celebration and social interaction, with the truck serving as a focal point for entertainment and refreshments.
19852	positive	19852.jpg	In the image, two people are engaging in a water activity, likely rafting, on a calm river. The person in the foreground is wearing a red helmet and blue life vest, sunglasses, and a shirt, while holding a yellow paddle. This individual appears to be taking a selfie. The second person, situated in the background, is wearing a black helmet and a bright yellow-green shirt with gray shorts, and is also using a paddle to navigate the raft. The river is bordered by a forested shoreline with dense green trees, and the water shows gentle ripples. The sky is partly cloudy, suggesting an overcast day but still bright enough for outdoor activities. The overall atmosphere appears relaxed and adventurous, typical of a group enjoying a recreational outing on a natural watercourse.
19852	positive	19852.jpg	Two people are rafting down a river surrounded by lush green trees. The individual taking the selfie is wearing a red helmet and blue life jacket, while the other person, wearing a black helmet and green shirt, is paddling with a yellow oar. The environment looks adventurous yet serene, with calm waters and an overcast sky.
19852	positive	19852.jpg	The image shows two people enjoying a rafting adventure on a flowing river, surrounded by lush, green forest. Both individuals are wearing helmets and life jackets and appear to be engaged in navigating the river with paddles in hand. The person in the foreground is wearing a red helmet and sunglasses, and is smiling broadly at the camera, conveying a sense of happiness and enjoyment. The other person, who is paddling, also has a cheerful expression, reflecting satisfaction and excitement. The setting is picturesque and serene, with the river winding through a natural landscape under a partly cloudy sky, adding to the tranquil yet adventurous atmosphere. The combination of their positive expressions, the scenic environment, and the thrilling activity contributes to an overall mood of fun and exhilaration.
19852	positive	19852.jpg	The main subjects are two men rowing a canoe on a river. One man is holding a paddle with one hand and has a relaxed posture. The other man is taking a selfie with the camera, capturing both of them in the frame. They are dressed in safety gear, including helmets and life vests, with one wearing a bright green shirt and the other in a blue and gray shirt.The lighting is even and natural, suggesting an overcast day. The colors are vibrant, with the green of the trees lining the riverbank contrasting against the blue and red of the men's gear. The river appears calm with slight ripples.The overall scene conveys a sense of adventure and enjoyment, likely depicting a recreational outing focused on exploring nature and engaging in water activities. The serene environment and relaxed expressions reflect a positive and leisurely experience.
19852	positive	19852.jpg	Two people are on an inflatable raft in a river, both wearing helmets and life jackets. The person in the foreground, wearing a red helmet and blue life jacket, is smiling at the camera, while holding a paddle. The person in the background, wearing a black helmet and green jacket, appears to be paddling. The river is surrounded by trees, creating a scenic background. The atmosphere seems adventurous and enjoyable.
19852	positive	19852.jpg	The image depicts two individuals on a raft in a river surrounded by lush greenery. The colors are vibrant with a mix of blues, greens, and earthy tones capturing the natural beauty of the scene. The lighting is soft, creating a calm and pleasant atmosphere without harsh shadows. The composition centers around the two adventurers, highlighted by their helmets and life vests, with one person taking the photo while holding an oar. Spatial relationships show the individuals seated close together on the raft, both engaged in the activity. Notable details include the river’s flow, the protective gear they wear, and the serene backdrop of dense trees along the riverbank, contributing to a sense of adventure and enjoyment in nature.
19852	positive	19852.jpg	Two individuals are floating down a river on an inflatable raft. The river appears calm, with gentle ripples on the surface, and is surrounded by a forest of evergreen trees. The sky is overcast with clouds, suggesting a cool, possibly refreshing climate. The person taking the selfie is wearing a red helmet, sunglasses, and a blue life jacket, displaying a cheerful and adventurous spirit. Next to them, the other individual is dressed in a bright green top and sunglasses, using a paddle to steer or propel the raft. Both appear to be enjoying the activity, indicating a sense of excitement and camaraderie in the tranquil, natural setting.
19852	positive	19852.jpg	Two people are on an inflatable rafting adventure on a river, surrounded by dense green forest. The individual in front takes a selfie, wearing a red helmet and sunglasses with a blue life vest, exuding a sense of excitement and readiness. The person behind, in a bright neon-green shirt and black helmet, appears to be steering with a paddle, focusing intently on navigating the calm waters. The scene conveys a sense of camaraderie and adventure, with both individuals equipped with safety gear and positioned amidst a natural, serene landscape. The waters are slightly rippled, indicating a gentle current, perfect for their journey through the scenic environment.
20049	positive	20049.jpg	The image captures a serene lakeside scene in the foreground, featuring vibrant pink and purple flowers arranged neatly along a curved garden bed. Tall grasses and other plants surround the colorful blooms, creating a lush, well-maintained landscape. In the background, across the calm expanse of the lake, stands a cityscape with historical and modern architectural structures. A prominent building with a gothic style and several spires dominates the skyline, while other buildings in the distance contribute to the diverse urban silhouette. The sky above is filled with softly scattered clouds, suggesting an early evening or late afternoon atmosphere. The overall setting is tranquil, with the natural beauty of the flowers and water juxtaposed against the historic city backdrop, creating a harmonious and inviting scene.
20049	positive	20049.jpg	The image showcases a vibrant garden with pink flowers and greenery in the foreground, set against a picturesque backdrop of a bustling city skyline nestled among hills and waterways under overcast skies with soft, diffused light, creating a serene and beautiful scene.
20049	positive	20049.jpg	The image captures a serene and picturesque scene that evokes a sense of calm and tranquility. In the foreground, a vibrant garden bursts with a riot of colors, particularly shades of pink and purple flowers, creating an inviting and lively atmosphere. The well-maintained flower bed, set against a backdrop of lush greenery, suggests a place of beauty and care, inviting viewers to imagine a peaceful stroll through the garden.Beyond the garden, a calm body of water stretches out, reflecting the cloudy sky above and adding a sense of depth and tranquility to the scene. The water serves as a natural mirror, enhancing the sense of peace and stillness.In the distance, the skyline features a mix of historic and modern architecture, including grand buildings and spires that add a touch of majesty and wonder. The juxtaposition of natural beauty and urban sophistication creates a harmonious balance, contributing to the overall feeling of awe and appreciation.The sky, with its soft, diffused light and scattered clouds, bathes the scene in a gentle, warm glow, further enhancing the serene and idyllic mood. The presence of tree branches framing the top of the image adds a sense of enclosure and intimacy, as if inviting viewers to step into this peaceful haven.Overall, the combination of vibrant natural beauty, calm water, and distant architectural marvels under a soft, cloudy sky creates an atmosphere of serenity and contentment, leaving viewers with a positive and uplifting emotional response.
20049	positive	20049.jpg	The image showcases a vibrant and picturesque landscape featuring a colorful array of pink and purple flowers in the foreground, which are neatly arranged in a garden bed. The lush greenery and healthy foliage add a touch of nature's beauty, contrasting with the rich blossoms. Behind the garden, a serene body of water stretches across the middle ground, reflecting the subtle hues of the sky above. On the opposite bank of the water, a striking cityscape emerges, with prominent gothic architecture that hints at historical and cultural significance. The skyline includes a mix of modern and traditional buildings, suggesting a harmonious blend of old and new. The scene is bathed in soft lighting, likely from either early morning or late evening, casting a gentle glow that enhances the tranquil atmosphere. The overall context of the scene evokes a sense of calm and appreciation for both natural and urban beauty, highlighting the peaceful coexistence of nature and city life.
20049	positive	20049.jpg	The image depicts a serene landscape featuring a panoramic view of a city skyline across a wide river. The foreground is adorned with beautiful, vibrant flowerbeds filled with pink and purple blooms, complemented by lush green grass and tall green reeds. The flowers are arranged in a well-maintained garden bed, bordered by a small, neatly trimmed grassy area. A couple of garden lights are visible on the grass, suggesting pathway illumination. The river in the middle ground mirrors the sky and adds a sense of tranquility to the scene. Trees and foliage frame the riverbank, leading the eye towards the distant cityscape. The skyline includes notable architectural structures, with a mix of modern and historic buildings, highlighted by prominent spires and towers. The sky is painted with soft clouds, suggesting either early morning or late afternoon, casting a gentle light over the entire scene. The overall atmosphere is peaceful and picturesque, highlighting the beauty of nature and urban architecture in harmony.
20049	positive	20049.jpg	The image presents a vibrant and soothing scene with a harmonious blend of colors, capturing a sense of tranquility. The foreground is adorned with lush, bright pink flowers, arranged in a flowing, meandering bed that adds a touch of elegance and natural beauty. The greenery surrounding the flowers enhances the freshness of the scene, while taller grasses add texture and depth.In the mid-ground, the calm body of water reflects the sky and surrounding landscape, creating a serene and peaceful atmosphere. The water acts as a natural frame, leading the viewer's eye toward the background.The background showcases a captivating cityscape with distinctive architectural features, including a prominent gothic-style building with tall spires, adding a sense of grandeur and historical significance. The buildings are nestled among green hills, which soften the urban elements and blend them with nature.The sky is filled with billowy clouds, diffused with soft, warm light, suggesting either dawn or dusk, which bathes the scene in a gentle, golden hue. This lighting enhances the vivid colors and contributes to the overall positive and uplifting mood of the image.Spatially, the composition balances the natural elements in the foreground with the architectural marvels in the distance, creating a cohesive and visually pleasing narrative that evokes a sense of calm and admiration. Notable details such as a small pathway and neatly maintained garden further emphasize the meticulous care and beauty of the setting.
20049	positive	20049.jpg	This picturesque scene opens with a vibrant flowerbed in the foreground, brimming with lush pink and purple blossoms that add a splash of color to the landscape. Tall green grasses stand gracefully among the flowers, creating a natural and serene setting. A metal grate is positioned near the edge of the flowerbed, likely for drainage or access purposes.Beyond the flowerbed, a calm body of water stretches out, reflecting the overcast sky above. The water is bordered by a lush green expanse, with trees and bushes dotting the shoreline. In the distance, a stunning cityscape rises majestically, featuring iconic gothic-style buildings with pointed spires and intricate architectural details, reminiscent of a historic castle. The sky overhead is partly cloudy, with patches of blue peeking through the gray clouds, adding to the tranquil and picturesque atmosphere. The overall scene evokes a sense of peace and beauty, capturing the harmony between nature and urban elegance.
20049	positive	20049.jpg	The image showcases a picturesque scene dominated by vibrant pink flowers blooming in the foreground, creating a stunning contrast against the lush greenery beside a serene river. The water glimmers under the subdued light of an overcast sky, reflecting the clouds above. Across the river, the skyline of a city with historical architecture and modern buildings stretches into the distance, adding depth and character to the view. The mood of the scenery is tranquil and contemplative, highlighting the beauty of nature merging seamlessly with urban development. The soft lighting and lush colors evoke a sense of calm and appreciation for the harmonious blend of nature and urban life.
20091	positive	20091.jpg	In the image, three people wearing dark uniforms are sitting inside what appears to be a fire truck. The person on the left is smiling and resting with his hands on his lap, while the middle person is sitting close to another seated individual. The person on the right is behind the vehicle's gear, including red and black tools and equipment like hoses and orange hydraulic jacks. A fire helmet and reflective firefighting gear are visible nearby. The interior of the vehicle features compartments and gray upholstered seats, with natural light coming through the windows. The overall setting suggests preparations or a break during a task, with a relaxed yet professional atmosphere.
20091	positive	20091.jpg	Three people are sitting inside a fire truck, smiling and appearing relaxed. The fire equipment and tools are visible, including helmets and other gear, indicating their profession and readiness for duty. The atmosphere seems friendly and informal.
20091	positive	20091.jpg	The image shows a group of people inside a utility vehicle, which appears to be fully equipped with gear possibly related to a rescue or emergency response team. The individuals are seated comfortably, with relaxed postures and approachable expressions. One person is leaning casually with one arm resting on the seat, displaying a broad smile, which conveys a sense of happiness and ease. Another person next to him is smiling mildly, suggesting contentment and a friendly demeanor. The third individual, wearing sunglasses, appears calm and composed, contributing to the overall atmosphere of confidence and preparedness. The presence of specialized equipment and uniforms adds an element of professionalism, but the relaxed and positive expressions of the people soften the serious nature of their work. The natural lighting coming through the windows brightens the interior, enhancing the positive and uplifting mood of the scene. Overall, the image conveys a sense of camaraderie, optimism, and readiness among the team members.
20091	positive	20091.jpg	The image shows three individuals seated in what appears to be the back of a vehicle, likely a fire truck, based on the equipment visible. The person on the left is smiling directly at the camera, sitting on a seat with legs crossed. The middle person is also smiling and looking at the camera, leaning slightly forward with one arm resting on the back of the seat beside a red backpack. The individual on the right is sitting back and wearing sunglasses, appearing more relaxed.The lighting seems to be natural, coming from the windows, creating a bright and well-lit scene. The interior colors of the vehicle are predominantly dark, contrasting with the brighter outdoor light. Various firefighting tools and equipment are scattered around, including helmets, reflective vests, and red jacks, indicating a prepared or operational readiness context.Overall, the scene conveys a sense of camaraderie and positive atmosphere among the individuals, likely reflecting a sense of teamwork or readiness for a mission.
20091	positive	20091.jpg	In the image, three individuals are sitting inside a vehicle that resembles a fire department truck. The person on the left is smiling and leaning against the seat, wearing a black shirt and shorts. The middle person is seated and also smiling, wearing a dark shirt with rolled-up sleeves. The person on the right is wearing sunglasses, a black T-shirt, and appears to be looking forward. There are various firefighting and rescue gear items around them, such as a helmet with reflective stripes, a fireman's jacket with reflective stripes, and a red bag. Above them, there are several compartments and equipment visible, including what looks like a speaker system mounted to the ceiling of the vehicle. The overall atmosphere suggests camaraderie and readiness for a task or mission.
20091	positive	20091.jpg	The image depicts a group of firefighters inside a truck, characterized by a warm and positive sentiment. The predominant colors in the image are dark tones, specifically black and red, reflecting the uniforms and equipment, contrasted with lighter shades from the sunlight filtering through the windows. The lighting is natural and bright, creating a welcoming atmosphere and emphasizing the relaxed expressions on the individuals' faces. The composition of the image is balanced, with the three people seated comfortably, suggesting camaraderie and ease. The spatial relationships show the individuals sitting closely together, indicating a sense of unity and teamwork. Notable details include firefighting gear such as helmets and reflective uniforms, placed neatly around them, highlighting their profession. The overall mood is cheerful and cooperative, with the firefighters appearing at ease in their environment.
20091	positive	20091.jpg	Three individuals are sitting inside what appears to be a utility or emergency vehicle, likely a fire truck, based on their uniforms and equipment. They seem relaxed and content, suggesting a break or downtime. The person on the left is smiling broadly, indicating a cheerful mood. The middle person is resting an arm on the partition, appearing calm and composed. The individual on the right, wearing sunglasses, seems focused or thoughtful. In the foreground, various emergency gear is visible, including a fire helmet marked with "22," a yellow and green reflective jacket, and other bags and tools. The window behind them shows some outdoor scenery, hinting they might be parked in a station or near buildings. The overall atmosphere is one of camaraderie and casual interaction among the crew members.
20091	positive	20091.jpg	Inside the vehicle, three individuals are gathered, casually dressed in dark shirts. They appear relaxed and engaged, with the person in the middle leaning forward with an arm resting on a partition, while the person on the left sits cross-legged, smiling at the camera. The interior is equipped with emergency gear, including a red backpack, firefighting equipment, and reflective clothing. Overhead, there are storage compartments and speakers, adding to the utilitarian appearance of the space. The atmosphere seems calm, with natural light coming through the windows.
20161	positive	20161.jpg	The image depicts a serene scene with a bird perched on a spherical object floating in calm water. The bird is dark with a slightly curved beak and its reflection is mirrored perfectly on the water's surface. The spherical object it is perched on appears to be a yellowish-brown buoy. The background consists of rippling water reflecting the greenery of trees or bushes, creating a tranquil and peaceful atmosphere. The overall color palette is dominated by shades of green and brown, contributing to the calm and harmonious feeling of the scene.
20161	positive	20161.jpg	A bird stands on a buoy floating peacefully on a calm body of water, surrounded by reflections of trees and the serene surface. The scene evokes a sense of tranquility, with the bird’s posture suggesting quiet observation amidst nature.
20161	positive	20161.jpg	The image portrays a serene and tranquil atmosphere, featuring a solitary cormorant perched gracefully on a floating buoy in calm, reflective water. The bird's stillness and the mirror-like surface of the water create a sense of peacefulness and harmony. The soft, natural lighting enhances the gentle ambiance, with subtle ripples in the water adding a touch of subtle movement without disrupting the overall calm setting. The reflection of the surrounding greenery further adds to the idyllic and soothing mood, evoking feelings of quiet contemplation and relaxation.
20161	positive	20161.jpg	The main subject of this image is a bird perched on a floating cylindrical object in a tranquil body of water. The bird, likely a cormorant, has its reflection clearly mirrored in the still water, creating a calm and reflective scene. The visual elements show soft natural lighting that suggests either early morning or late afternoon, with gentle highlights and shadows that enhance the serene atmosphere. The colors are predominantly muted greens and browns, complemented by the darker tones of the bird and the wooden object, adding to the peaceful ambiance.The overall scene context is one of tranquility and reflection, with the undisturbed water surface and the solitary bird adding a sense of quietness and contemplation. The natural setting appears to be a peaceful, possibly remote location ideal for reflection and observation of wildlife.
20161	positive	20161.jpg	In the image, a cormorant is perched gracefully on a buoy floating in the water. The bird stands upright, its sleek, dark feathers contrasting with the bright, reflective surface of the buoy. The surrounding water is calm, creating a mirror-like reflection that captures the intricate details of both the bird and the buoy. The background is a soft blur of green, suggesting reeds or trees, enhancing the serene and peaceful atmosphere of the scene. The overall composition highlights the tranquility and harmony of nature, with the bird seemingly at ease in its environment.
20161	positive	20161.jpg	The visual characteristics of the image evoke a strong sense of tranquility and grace. The serene lake, with its smooth, mirror-like surface, reflects the surrounding greenery, creating a calming and harmonious backdrop. A solitary cormorant perches atop an old, weathered buoy, which is centrally placed in the frame, drawing the viewer's eye immediately to the bird. The soft, golden lighting suggests either early morning or late afternoon, casting a gentle glow that enhances the peaceful atmosphere. The bird’s dark, sleek feathers contrast against the lighter, muted tones of the buoy and the rippling water, adding a touch of natural elegance. The composition is balanced and centered, contributing to the overall feeling of serenity and stillness.
20161	positive	20161.jpg	The image depicts a serene pond scene with a solitary bird perched gracefully on a buoy. The calm water reflects the greenery from the surrounding trees, creating a mirror-like effect on the surface. The bird, possibly a cormorant, stands at ease with its beak slightly open, facing the right. The overall atmosphere is peaceful and tranquil, capturing a moment of calm in nature.
20161	positive	20161.jpg	The scene captures a quiet moment of stillness by a tranquil water surface. A bird with a slender body and sharp beak stands poised on a buoy, its dark feathers contrasting with the reflective ripples of the water around it. The soft light casts a golden hue on the surrounding environment, creating an interplay between shadow and reflection. The buoy's texture and color offer a warm focal point, mirroring the bird and enhancing the serene atmosphere of the setting. The calm water acts as a mirror, reflecting both the bird and the greenery in the background, adding depth and tranquility to the composition.
20403	positive	20403.jpg	The image is a promotional poster for a "Carl Dixon Solo Acoustic Show" taking place on September 24th at 8:30pm at The Daily Grind Art Cafe in Ottawa. The main figure is a person with long curly hair, holding and playing a guitar. They appear to be smiling or singing, with a joyful expression. The background features a brightly lit setting with colorful stage lights in circles of red, yellow, and blue hues.Text on the poster includes the event's title, date, time, venue, and ticket information: tickets are priced at $25.00 and can be purchased at www.carldixon.com. There are also social media icons for Facebook and Twitter along with the handle "@CarlDixonMusic."Additional details mention The Daily Grind Art Cafe's address "805 Somerset St West, Ottawa" and encourage people to follow Carl on social media. The poster includes a quote from Lawrence Gonsalves of CBC's The National saying, "Carl Dixon remains one of Canada's stellar musicians & singers." The song "Strange Way to Live" by Carl Dixon is also mentioned.The bottom of the image features logos of "CCCC," "The Daily Grind Art Cafe," and a crowd image with a caption crediting Lawrence Gonsalves. The atmosphere is lively and inviting, highlighting the musical talent of Carl Dixon.
20403	positive	20403.jpg	The poster features a musician performing an acoustic show, with a warm smile and holding a guitar illuminated by stage lights. It advertises the "Carl Dixon Solo Acoustic Show" set for September 24 at 8:30 pm at The Daily Grind art cafe in Ottawa, where tickets cost $25. The event includes endorsements by music fans and is promoted through social media handles and a website for more information.
20403	positive	20403.jpg	The image promotes a solo acoustic show by Carlson at The Daily Grind Art Cafe in Ottawa, happening on September 24 at 8:30pm, with tickets priced at $25.00. Carlson is portrayed on stage, energetically playing a guitar and laughing heartily, suggesting a lively and joyful atmosphere. The warm lighting and vibrant spotlights add to the upbeat and inviting mood of the event. The text, including positive quotes about Carlson's talent and his previous performance at Lawrence Grossman's "Strange Way to Live,” enhances the excitement and anticipation surrounding the show, promising a great musical experience. Overall, the combination of vibrant visuals, enthusiastic body language, and positive messaging creates a cheerful and positive sentiment.
20403	positive	20403.jpg	The image mainly features a musician passionately singing while playing an acoustic guitar. The performer is prominently displayed in the center, with a joyful expression. Bright stage lights create a vibrant and dynamic backdrop, highlighting the person with various colorful circular lights that add a lively atmosphere. The text is strategically distributed around the central figure, indicating details of a concert, such as the date, time, location, and ticket information. The event is titled "CARLDIXON SOLO ACOUSTIC SHOW," scheduled for September 24 at 8:30pm at The Daily Grind Art Cafe in Ottawa. Tickets are priced at $25, available through the provided website link. There are also social media references and endorsements in the corners, along with logos, suggesting engagement and promotion through various platforms. The overall scene conveys an energetic and inviting concert environment, emphasizing the musician's expressive performance and the enthusiastic ambiance of the event.
20403	positive	20403.jpg	The image is an advertisement for a "Carl Dixon Solo Acoustic Show" scheduled for September 24 at 8:30 pm at The Daily Grind Art Café, Ottawa. It features a man with long curly hair playing an acoustic guitar on a stage illuminated by colorful stage lights. The flyer mentions that tickets are priced at $25 and directs people to buy them at www.carldixon.com. Logos of "Lucky Dog" and "The Daily Grind Art Café" are also visible. Additionally, the bottom left of the flyer includes information about The Daily Grind Art Café, its address 50 Gerrard Somerville St W, Ottawa, and social media handles @ CarlDixonMusic. The bottom right of the flyer features quotes praising Carl Dixon as one of Canada's stellar musicians and singers, by Lawrence Glanville and Matthew J. Smith. The overall sentiment of the image is positive, highlighting the excitement of the event.
20403	positive	20403.jpg	The color palette of the image features warm and vibrant tones, with a prominent yellow-orange hue that highlights the performer. The lighting creates a lively and energetic atmosphere, with bright stage lights that cast a colorful glow and illuminate the person from behind. The composition centers the performer, who is playing an acoustic guitar and appears joyful and engaged with the music. The spatial relationship between the person and the background shows the individual as the focal point, with the lights and text complementing the scene in the background. Notable details include the text promoting the event with a clear time, date, and ticket information, and an audience quote praising the artist. Additionally, social media icons and logos suggest engagement and recognition, contributing to the overall positive and dynamic visual impression.
20403	positive	20403.jpg	The image is a promotional poster for a solo acoustic show featuring Carl Dixon. The event is scheduled for September 24 at 8:30pm and will be held at The Daily Grind Art Cafe in Ottawa. Ticket prices are listed as $25.00 and can be purchased at www.carldixon.com. A vibrant background features multicolored stage lights, adding a lively atmosphere to the setting. Carl Dixon is prominently depicted in the center, holding an acoustic guitar and smiling joyfully during what appears to be a performance. Additional details include logos of sponsors and partners such as Molson Canadian, OurStage, and Urban Music Vancouver. The bottom of the poster highlights a quote from Lawrence Ground, praising Carl Dixon's talent, and mentions Carl Dixon as a stellar musician in Canada with singers like Laura Ontario & The Druits. The cover for Carl Dixon's "Strange Way To Live" is also included, showing a crowd scene with a performer on stage. Contact information and social media handles for The Daily Grind Art Cafe and Carl Dixon are provided, inviting people to follow Carl at Facebook and Twitter. The overall tone of the poster is upbeat and enthusiastic, reflecting the excitement of the live music event.
20403	positive	20403.jpg	A musician playing an acoustic guitar in a lively performance setting, accompanied by vibrant stage lighting with multicolored spotlights. Information about an upcoming solo acoustic show is prominently displayed, featuring event details such as the date, time, venue, ticket price, and purchase website. Notable endorsements and quotes highlight the performer's recognition as a notable Canadian musician. The background suggests a casual yet energetic atmosphere suitable for an intimate musical experience.
20437	positive	20437.jpg	The image features a logo with the text "CHEO Foundation" prominently displayed in large, yellow letters with a purple outline. To the right of the text is an illustration of a friendly-looking yellow teddy bear, with a cheerful expression and its arms slightly raised. Below the main text, the word "Foundation" is written in black, followed by "Fondation" written underneath in smaller black letters, indicating a bilingual presentation with English and French. The overall design is simple and warm, with a friendly and approachable atmosphere conveyed by the use of a smiling teddy bear and playful text styling. The color scheme is primarily yellow and purple, creating a cheerful and inviting impression.
20437	positive	20437.jpg	The image features the logo for the CHEO Foundation, which includes stylized text in yellow and purple. To the right of the text is an illustration of a cheerful yellow teddy bear with a friendly expression, positioned as if waving. The logo also has the words "Foundation" and "Fondation" underneath the main text, indicating a bilingual representation.
20437	positive	20437.jpg	The image conveys positive sentiment through various elements that evoke feelings of warmth, joy, and approachability. The text "CHEO Foundation" and "Fondation" is written in a playful, friendly, and bold yellow font, suggesting a sense of energy and friendliness. The bright yellow color often associated with positivity and happiness adds to the uplifting mood.The illustration of a cheerful teddy bear sitting with its legs out to the side and waving is a significant contributor to the positive atmosphere. The teddy bear's facial expression, with a friendly smile and bright, engaging eyes, radiates warmth and comfort. The simplicity and innocence of a teddy bear reinforce feelings of safety and trust.Overall, the combination of the friendly text and the whimsical teddy bear illustration creates an inviting and heartwarming mood, making the image feel joyful and approachable.
20437	positive	20437.jpg	The image features the logo for the CHEO Foundation, with "CHEO" prominently displayed in large yellow letters with a shadow effect, suggesting a sense of depth. The word "Foundation" is written in black beneath it, with an equivalent French translation "Fondation" positioned below that. To the right of the text, there's a cheerful, cartoonish yellow teddy bear sitting down and smiling, which adds a friendly and approachable feeling to the design. The overall lighting is even and bright, highlighting the text and the teddy bear against a white background. The scene conveys a sense of warmth and positivity, likely intended to reflect the foundation's values of care and community support.
20437	positive	20437.jpg	The image displays the logo for the "CHEO Foundation," featuring a cheerful and friendly yellow teddy bear seated with one paw raised. The teddy bear appears happy and welcoming, as it has a gentle smile on its face. The background is plain white, highlighting the bright yellow teddy bear and the colorful text. The text "CHEO" is bold and playful, with a gradient from yellow to purple. Below "CHEO," the words "Foundation" and "Fondation" are written in a lighter, more standard black font, conveying a sense of warmth and positivity associated with the organization.
20437	positive	20437.jpg	The visual characteristics of the image include a vibrant color scheme with a playful and cheerful aesthetic. The main text, "CHEO," is written in yellow with a slight gradient effect, giving it a lively and eye-catching appearance. Underneath, the words "Foundation" and "Fondation" are written in a simple black font, providing a clear contrast against the yellow text.To the right, there is an illustration of a cute, smiling yellow teddy bear, which adds to the friendly and approachable vibe of the image. The teddy bear is seated and waving, contributing a sense of warmth and positivity.The overall composition is balanced, with the text on the left and the teddy bear on the right creating a harmonious layout. The lighting is even, ensuring all elements are clearly visible and well-defined. Notable details include the small drop shadow behind the teddy bear, which adds a subtle sense of depth to the image. The combination of these elements evokes a cheerful and supportive ambiance, aligning well with a positive sentiment.
20437	positive	20437.jpg	The image features a logo for the Clico Foundation, with the word "Clico" in bold, playful, yellow letters with a slight gradient. Below the main text, the word "Foundation" is written in a smaller, simple black font, and beneath that, the French translation "Fondation" is displayed. To the right of the text is a cheerful, yellow teddy bear that appears joyful and welcoming. The overall design has a friendly and approachable feel, suggesting a positive and nurturing organization.
20437	positive	20437.jpg	A cheerful yellow teddy bear sits next to playful, bold text that spells "choco" with a gradient transitioning from yellow to purple. Beneath the text, "Foundation" appears in black font, while its French equivalent, "Fondation," is mirrored below in the same style. The overall design radiates a fun and inviting vibe, suggesting warmth and approachability.
20451	positive	20451.jpg	The image depicts a stunning sunset with vibrant hues of pink and purple dominating the sky, creating a dramatic and serene backdrop. The foreground features silhouetted trees with their leafy branches framing the top of the scene. In the lower portion, there are buildings and a road, indicating an urban setting. The road is lined with trees, and the scene is calm and devoid of any visible activity. The overall atmosphere is peaceful and picturesque, capturing the beauty of the evening sky. The combination of the colors and the silhouettes creates a sense of tranquility and wonder.
20451	positive	20451.jpg	The image showcases a vibrant sunset with a sky painted in shades of pink, purple, and orange. Silhouetted trees frame the top and sides, while a quiet street and buildings are visible in the lower portion, creating a serene and picturesque scene.
20451	positive	20451.jpg	The image captures a beautiful sunset with vibrant hues of pink, orange, and purple blending seamlessly across the sky, creating a mesmerizing and calming atmosphere. The silhouettes of trees against the colorful backdrop add a touch of mystery and serenity. The scene is framed by tree branches in the foreground, which further enhances the picturesque quality. The overall mood is tranquil and uplifting, evoking feelings of peace and wonder. The soft glow of the setting sun casts a warm light, suggesting the end of a day and the promise of a restful evening, contributing to the positive sentiment of the image.
20451	positive	20451.jpg	The main subjects in the image include the sky filled with vivid pink and orange hues during sunset, silhouetted trees framing the edges, and buildings partially visible on the right side. This arrangement creates a serene and picturesque scene likely during twilight. The lighting is soft and warm, with a gradient transitioning from deep pink to purple, enhancing the beauty of the sunset. The colors evoke a sense of calmness and wonder. The overall context suggests a peaceful suburban or rural setting, possibly viewed from a quiet street or park, capturing the tranquil beauty of nature transitioning into night.
20451	positive	20451.jpg	The image depicts a serene and vibrant scene of a sunset. The sky is painted with brilliant hues of pink, red, and purple, creating a warm and beautiful gradient. Silhouettes of trees frame the edges of the image, with some leaves in the foreground adding a touch of green to the scene. The street in the lower part of the image is quiet, and there are a few parked cars visible. A building on the right side is softly lit by the fading sunlight. The overall mood of the image is peaceful and picturesque, capturing the calm beauty of the evening as the sun sets.
20451	positive	20451.jpg	The vibrant sky painted in brilliant hues of pink and purple exudes a warm and soothing atmosphere, capturing the beauty of dusk. The sky's rich colors blend seamlessly, casting a gentle glow that illuminates the clouds, adding depth and texture to the scene. The composition features silhouetted trees in the foreground, framing the stunning sky and adding a touch of natural elegance. The lighting is soft and diffused, creating a serene and calming effect that enhances the overall mood. Spatial relationships between the sky and the silhouetted foliage create a balanced and harmonious visual, while the subtle contrast between the dark outlines and the vivid colors adds a dramatic flair. Notable details include the delicate patterns of the leaves against the vibrant backdrop, contributing to the tranquil and picturesque ambiance.
20451	positive	20451.jpg	This image captures a beautiful sunset with stunning colors painting the sky. The sky is a vibrant blend of deep reds, oranges, and purples, creating a mesmerizing gradient that contrasts beautifully against the dark silhouettes of trees and buildings below. The foreground includes a few leaves hanging from branches, framing the top of the image with their dark outlines. In the background, there is a quiet street with a few parked cars, leading towards a building on the right side. The overall scene exudes a peaceful and serene atmosphere, with the warmth and brightness of the sunset adding a sense of calm and beauty to the moment.
20451	positive	20451.jpg	The image captures the twilight sky painted with vibrant hues of pink and orange, creating a striking contrast against the silhouetted trees and buildings below. The branches from the trees frame the top edge of the scene, adding a natural border to the vivid sky beyond. The setting sun, located at the horizon, emits a golden glow that blends seamlessly into the deeper shades of the sky. The shadows and outlines on the ground emphasize the diminishing light and the quiet transition from day to night.
20514	positive	20514.jpg	The image depicts a serene wetland setting with a heron standing on a few small rocks, surrounded by calm, rippling water. The bird, likely a great blue heron, exhibits its characteristic long neck, slender body, and yellow beak, with a blend of grey, white, and black plumage. Its upright posture and focused gaze suggest attentiveness to its surroundings. The stones in the water, uneven in size and partially submerged, create subtle ripples across the water's surface, adding texture and depth to the scene. The overall atmosphere conveys a sense of tranquility and natural beauty, with cool tones dominated by shades of blue, grey, and muted earth colors. There are no people or man-made objects in the frame, emphasizing the untouched and peaceful quality of the environment.
20514	positive	20514.jpg	A great egret stands gracefully on the edge of a calm body of water, surrounded by smooth rocks. The water reflects its poised figure, creating a serene and peaceful scene bathed in natural light.
20514	positive	20514.jpg	The image shows a single heron standing serenely on a rock by the water, capturing a moment of calm and stillness. The subtle ripples on the water's surface add a gentle texture, enhancing the tranquility of the scene. The soft light and muted color palette create a soothing and peaceful atmosphere, evoking a sense of quiet solitude and natural beauty. This serene setting conveys a feeling of harmony with nature, contributing to the positive sentiment of the image.
20514	positive	20514.jpg	The main subject of the image is a heron standing gracefully near a body of water. The bird is positioned slightly to the left, creating a sense of balance in the composition. Nearby, there are rocks scattered partially submerged in the water, adding texture and interest to the scene. The lighting is soft and appears to be natural, likely indicating early morning or late afternoon, casting a gentle glow on the bird and water. The colors are muted with a predominance of blues and grays, contributing to a calm and serene atmosphere. The overall context suggests a tranquil natural setting, emphasizing peace and quiet beauty.
20514	positive	20514.jpg	In the tranquil setting of this image, a heron is gracefully standing in the shallow waters, its reflection shimmering on the calm surface. The heron’s poised stance suggests a moment of stillness as it surveys its surroundings, possibly in anticipation of a fish or insect to catch. The water is smooth, with gentle ripples emanating from the heron's presence, creating a peaceful and serene atmosphere. Nearby, a cluster of rocks emerges from the water, adding texture to the scene and possibly serving as a resting spot for the bird. The overall mood of the image is one of quiet solitude and natural beauty, highlighting the elegance and grace of the heron in its habitat.
20514	positive	20514.jpg	In this serene image, a solitary heron stands gracefully in shallow water, exuding a sense of calm and tranquility. The bird's elegant posture is accentuated by the subtle play of light, which highlights its muted, earthy tones of gray and brown, complementing the soft blue hues of the water. The lighting is gentle and diffused, creating a soothing atmosphere that enhances the overall peacefulness of the scene. The composition is balanced, with the heron positioned slightly off-center, allowing the reflective surface of the water to mirror its form and add depth to the image. Scattered rocks in the foreground provide a natural frame, subtly guiding the viewer's eye toward the heron. The subtle ripples in the water and the distant, almost blurred background contribute to a dreamy, contemplative mood, making the image both visually appealing and emotionally uplifting.
20514	positive	20514.jpg	In the image, there is a serene lake or pond with calm, gently rippling water. A beautiful bird, likely a heron, is standing gracefully on a rock near the water's edge. The heron has long, slender legs and a pointed beak, with feathers that are a mix of shades of gray and white, providing a natural camouflage against the subtle hues of the water. The scene is peaceful, capturing the quiet beauty of nature, with the reflections of the rocks and bird subtly mirrored on the water’s surface, enhancing the tranquility of the moment.
20514	positive	20514.jpg	The scene captures a solitary bird standing gracefully at the edge of a tranquil body of water. Its reflection mirrors its posture, creating a sense of symmetry on the slightly rippled surface. The bird's plumage features a blend of soft grays and subtle hints of green, adding depth and texture to its appearance. Around it, scattered stones partially emerge from the water, contributing to the natural, untouched ambiance of the setting. The overall mood evokes a quiet reflection, almost meditative in its simplicity and beauty.
21245	positive	21245.jpg	The image shows a person enjoying a waffle ice cream cone outdoors. The person is likely male, wearing glasses and a green shirt. He is holding the cone with his right hand, and the ice cream is partially visible as he takes a bite. The background consists of closed horizontal blinds on a window, suggesting the setting might be a porch or balcony. The lighting is bright, casting a shadow of the person on the blinds, indicating it is daytime. Overall, the scene exudes a casual and relaxed atmosphere, with the person appearing content and focused on enjoying his treat.
21245	positive	21245.jpg	A man wearing glasses and a green shirt is enjoying a waffle ice cream cone outdoors, standing in front of a building with closed blinds. The sunlight casts his shadow on the wall behind him, creating a warm and lively atmosphere.
21245	positive	21245.jpg	The image captures a person enjoying a waffle cone, likely filled with ice cream, suggesting a moment of simple pleasure. The person's relaxed facial expression, combined with the bright sunlight streaming onto their face, creates a warm and cheerful atmosphere. The casual setting and the act of savoring a sweet treat evoke feelings of contentment and happiness. Shadows and the outdoor backdrop add to the carefree and pleasant mood, emphasizing a sense of enjoyment in the present moment.
21245	positive	21245.jpg	The main subject of the image is a man wearing glasses, holding and eating an ice cream cone. He is positioned in the foreground, slightly off-center, with his face angled towards the camera. Behind him, there is a window with closed horizontal blinds casting shadows. The lighting suggests it is daytime, with sunlight casting a warm glow and creating a shadow on the blinds. The colors are generally warm with the man dressed in a green shirt and the ice cream cone appearing to be a vanilla or light-colored soft serve. The overall scene exudes a relaxed and cheerful atmosphere, possibly indicating a pleasant moment during a sunny day.
21245	positive	21245.jpg	In the image, a man wearing glasses and a green shirt is enjoying a large waffle ice cream cone. He is holding the ice cream cone with his right hand and taking a bite. The background features horizontal blinds, and sunlight casts a shadow of the man on the wall behind him, indicating it is a bright day. The man appears to be savoring the treat, contributing to a cheerful and pleasant atmosphere.
21245	positive	21245.jpg	The image features a man wearing glasses and a green shirt, enjoying an ice cream cone. The composition is focused on the man in the center, with the window blinds creating horizontal lines in the background. The lighting is warm and natural, suggesting sunlight casting shadows that enhance the three-dimensionality of the scene. The colors are vibrant, with the bright white of the ice cream contrasting against the warm tones of the man's skin and the green of his shirt. The man's hand is visible, holding the ice cream cone with a piece of paper lining. The overall mood is cheerful and summery, evoking a sense of enjoyment and relaxation.
21245	positive	21245.jpg	A smiling man wearing glasses is enjoying a waffle cone with soft-serve ice cream. He is standing in front of a window with closed blinds, and the sunlight creates a warm glow on his face. The man is casually dressed in a green shirt, and his relaxed expression suggests he is savoring a pleasant moment outdoors. The scene exudes a sense of simple joy and relaxation.
21245	positive	21245.jpg	A person wearing a green shirt and glasses is enjoying a waffle cone filled with soft-serve ice cream. They stand in front of a window with closed blinds, casting a shadow on the wall. The individual appears to be savoring the treat, holding it close to their mouth with one hand. The scene captures a casual and leisurely moment as the sun shines through, illuminating the person and the ice cream.
21628	positive	21628.jpg	The image shows two women posing together, both smiling at the camera. The woman on the left has long blonde hair, and she is wearing a dark, striped, button-up shirt. She is slightly behind the other woman and appears to be holding a white piece of paper with the words "BACK TO SCHOOL" printed on it in a bold, red stamp-like font. The woman on the right has short blonde hair and is wearing a black top. In front of her on a desk, there are two lip glosses, one pink and one nude, suggesting a makeup setting. They are in an office environment, indicated by the beige filing cabinet with papers and a calendar in the background. The calendar shows the year "2015" and some notes pinned to the wall. The overall atmosphere is friendly and cheerful, emphasizing a positive sentiment likely related to back-to-school preparations.
21628	positive	21628.jpg	The image features two women smiling and posing together in what appears to be an office setting. One woman is holding a paper with the text "BACK TO SCHOOL," and there is a pink cosmetic pencil on the table in front of them.
21628	positive	21628.jpg	The image depicts two women smiling broadly and closely, suggesting a sense of camaraderie and happiness. Their expressions are warm and inviting, contributing to an atmosphere of positivity. The setting appears to be a professional environment, possibly an office, given the background elements like a calendar and filing cabinet. The presence of these items adds a touch of realism and casualness to the scene.In the foreground, a piece of paper with the text "BACK TO SCHOOL" is visible, hinting that the photo may have been taken during a back-to-school event or promotion. This context further enhances the upbeat mood of the image, evoking feelings of enthusiasm and excitement about the new academic season. The combination of genuine smiles, friendly interaction, and a relevant contextual clue all work together to create a vibrant and positive sentiment in the photograph.
21628	positive	21628.jpg	The image features two smiling women in what appears to be an office setting. The woman in the foreground is taking a selfie, as suggested by the visible camera angle and her position relative to the other individual. She has blonde hair pulled back and wears a black top. The woman in the background also has blonde hair and is dressed in a striped top. She is slightly out of focus, sitting behind the first woman, and holds a piece of paper with the visible text "BACK TO SCHOOL" printed on it.The lighting in the scene is bright, likely from overhead fluorescent lights common in office environments, casting a consistent illumination over both individuals. The colors are muted, with the office background consisting of beige walls and cabinets, typical for a professional workspace.The overall context suggests a cheerful or celebratory moment, possibly related to a back-to-school event or promotion, given the text on the paper and the office setting. The presence of makeup items on the desk, such as lip glosses, adds a personal touch to the workspace and hints at a relaxed, friendly atmosphere.
21628	positive	21628.jpg	Two women are smiling in an office setting, appearing happy and friendly. The woman on the left has long blonde hair and is wearing a striped top. She is holding a paper with the words "BACK TO SCHOOL" printed on it. In front of her are two lipsticks lying on a desk or table. The woman on the right, with shorter blonde hair, is wearing a black top and smiling warmly at the camera. The atmosphere suggests they are enjoying a casual, possibly social moment.
21628	positive	21628.jpg	The image captures two smiling women with blonde hair in a well-lit indoor setting. The background appears to be a room with light-colored walls and some file cabinets, contributing to the bright ambiance. The women are positioned closely together, indicating a friendly and positive interaction. One woman, in the foreground, wears a black V-neck top, while the other, slightly behind her, dons a striped shirt. A piece of paper with the text "BACK TO SCHOOL" is visible on the desk in front of them, adding context to the scene. The lighting is even, enhancing the cheerful expressions of both women, and the overall composition emphasizes warmth and positivity.
21628	positive	21628.jpg	Two people are sitting closely together and smiling warmly. The person on the right has their arm around a white package that says "Back to School" on it, suggesting they might be involved in a back-to-school event or setting. The person on the left is also smiling and appears to be enjoying the moment. They are in a room that looks like an office or classroom with some papers and labels on the door and wall, including one that says "2015." There are a couple of makeup items on the desk, adding a casual vibe to the scene. Both individuals seem happy and comfortable, contributing to an overall positive and friendly atmosphere.
21628	positive	21628.jpg	Two people stand together in an office environment, smiling at the camera. One person is slightly behind the other, holding a document with a small printed logo on it. Various office supplies, such as a lipstick, are visible on the desk. Both are dressed in casual professional attire, creating a friendly and welcoming atmosphere.
21812	positive	21812.jpg	The image shows four young individuals in a casual indoor setting, likely a school or cafeteria. There are three girls and one boy, all standing in a row and leaning slightly forward. The girls wear different outfits: the first girl on the left is in a light grey shirt and black pants, the second girl in the middle is wearing a pink and black shirt with a grey jacket and denim shorts, and the third girl is in a red shirt and denim shorts. The boy on the right is dressed in a black and white checkered shirt with blue jeans. They appear to be excited and joyful, making playful gestures such as thumbing up with both hands and sticking out their tongues. The background features white tiled walls and a poster with various small images or cards. The lighting is bright, and the atmosphere is lively and energetic. The wooden table in the foreground suggests a social and relaxed environment.
21812	positive	21812.jpg	Four people are standing in a room with a playful and cheerful vibe. They are giving thumbs up and sticking their tongues out, engaging in a light-hearted pose that reflects a positive and fun interaction. The setting appears to be a classroom or casual indoor space, with a wooden table in the foreground and poster boards on the wall in the background.
21812	positive	21812.jpg	The image captures a group of four teenagers in a cheerful and playful mood. Three of the teens are girls who are lined up closely together, with their arms bent, thumbs up, and mouths open in wide smiles or playful expressions, exuding excitement and friendliness. The girl in the center sticks out her tongue playfully, adding to the lighthearted atmosphere. The boy on the right, standing slightly apart, also displays a thumbs-up gesture and a soft, content smile, contributing to the positive vibe. The background depicts a typical school setting, with lockers and a bulletin board displaying photos and notices, adding a sense of everyday camaraderie and school spirit. The overall emotional cues, such as the thumbs-up gestures, wide smiles, and playful expressions, convey a mood of joy, closeness, and positivity among the group.
21812	positive	21812.jpg	In the image, four individuals are posing in a playful manner. The main subjects are positioned side by side, leaning towards the camera, smiling and giving thumbs up. One person, a young man on the right, stands slightly apart from the three young women.The lighting is bright, suggesting it is well-lit indoors, likely a classroom or cafeteria due to the white tiled walls and the presence of a table. The individuals are wearing casual clothing, featuring a variety of colors like pink, gray, and black, adding vibrancy to the scene. The overall atmosphere appears cheerful and friendly, capturing a moment of camaraderie among the group.
21812	positive	21812.jpg	The image captures four young people in a room filled with a cheerful and playful atmosphere. Three of them are girls, and one is a boy. They are standing close together, all facing the camera with visible enthusiasm. The girls are making thumbs-up gestures with their left hands, while each of them has their right hand on their hip. Their facial expressions are exaggerated with big smiles, tongues sticking out, and wide eyes, indicating a playful mood. The boy on the far right is also holding a thumbs-up with his left hand but is making a peace sign with his right hand. The background shows a tiled wall with a series of photos pinned up, and a portion of stacked chairs can be seen, suggesting the setting might be a classroom or a casual gathering space. The overall sentiment of the image is lighthearted and fun, emphasizing camaraderie and enjoyment among the group.
21812	positive	21812.jpg	The image features four young people standing together in an indoor setting, most likely a school cafeteria. They are positioned closely, suggesting camaraderie and a sense of fun. The lighting is bright and even, enhancing the vibrant atmosphere. The colors in the image are lively and varied, with the individuals wearing different colored outfits, including a gray shirt, a purple and black top with a gray jacket, a red shirt, and a black and white checkered shirt. Their expressions are playful and enthusiastic, with all of them sticking out their tongues and giving thumbs up, conveying a joyful and positive sentiment. The background includes white tiled walls and a bulletin board adorned with various small images or papers, adding to the casual and youthful vibe. The overall composition is dynamic and captures a candid moment of friendship and happiness.
21812	positive	21812.jpg	The image shows a group of four teenage friends posing together in what seems to be a school cafeteria or a common room in a school. They are standing close to each other near a wooden table. All four individuals appear to be in a playful, energetic mood. The two girls on the left and the girl in the middle are sticking their tongues out and giving thumbs up, showcasing a spirited and fun attitude. The fourth individual, a boy, stands on the right, and he is giving a slight thumbs up while smiling. The background includes white and beige tiled walls with some decorations, such as a bulletin board with photos and a calendar. The setting appears casual and friendly, suggesting a moment of camaraderie and fun among friends.
21812	positive	21812.jpg	The four young people are standing playfully in a room with white tiled walls, leaning forward with bright, cheerful expressions. Their thumbs are raised in a gesture of approval, while they make playful faces with tongues out, exuding a sense of fun and camaraderie. The setting appears to be casual, likely a classroom or a cafeteria, indicated by the tables and chairs in the background and some educational posters on the wall. The atmosphere is light-hearted and carefree, capturing a candid moment of youthful enthusiasm and friendship.
22238	positive	22238.jpg	The image captures two individuals in what appears to be a retail store, possibly a souvenir or gift shop, given the racks of colorful clothing in the background. The setting is brightly lit with fluorescent lighting, contributing to a cheerful and inviting atmosphere.The man on the left has short hair and is smiling broadly, showing his teeth in a friendly manner. He is wearing a black t-shirt with visible text on it, although only parts of the letters are fully visible, suggesting a casual attire suitable for a laid-back environment. His expression conveys happiness and enthusiasm.The woman on the right has long, light brown hair cascading down one side of her face and is holding a pair of sunglasses or other eyewear on top of her head. Her mouth is open in an exuberant expression, as if she is excitedly shouting or smiling widely. She is wearing a floral-patterned top in a mix of muted tones, adding a touch of elegance yet keeping the overall attire informal. A blue, illuminated text decoration that reads "you rock" is superimposed over the center of the image, adding a playful and supportive overlay that enhances the positive sentiment.Overall, the scene is lively and upbeat, with both individuals appearing joyful and engaged in a pleasant moment together. The bright lights and colorful background contribute to the vibrant and friendly ambiance of the setting.
22238	positive	22238.jpg	In this image, two people are posing closely for a selfie. The person on the left is smiling, while the person on the right has a wide open mouth, possibly in excitement or laughter. Behind them, a clothing store with various items on display can be seen, along with the sign for "Forever 21." The text "TOO CUTE" is prominently displayed across the center of the image with a blue, dotted font effect. The atmosphere is casual and cheerful.
22238	positive	22238.jpg	The image depicts two people smiling and posing closely together in what appears to be a shopping mall or retail store. The person on the left has a relaxed and content smile, while the person on the right has a bigger, more cheerful grin, both suggesting a sense of happiness and enjoyment. The bright lighting in the background and the colorful store displays add to the cheerful and lively atmosphere. The text graphic "Love" with lightbulb effects is a clear indication of affection and positive sentiment. The overall mood is warm, friendly, and upbeat, reflecting a moment of shared happiness and connection between the two individuals.
22238	positive	22238.jpg	The main subjects are two individuals, a male and a female, positioned close together as if taking a selfie. The male is on the left side, smiling, while the female, on the right, has her mouth open in a joyful expression. Overlaid on the image is the phrase "I feel good" in a stylized, illuminated font with blue lights. The background of the image appears to be a retail store, with visible clothing racks displaying various items and overhead fluorescent lighting. The colors are generally bright, with a mix of white, green, and red tones from the store itself, while the clothing on display adds splashes of pink and other hues. The overall scene conveys a sense of happiness and positivity.
22238	positive	22238.jpg	In the image, two people are taking a selfie together in what appears to be a retail clothing store. The person on the left is smiling broadly, while the person on the right has a surprised and excited expression with her mouth open wide. Both individuals seem to be enjoying themselves. The store background includes racks of clothes and bright lighting, giving the scene a cheerful and lively atmosphere. The word "You Know" is superimposed across the image with a decorative blue dotted font, adding a playful and casual touch to the photo.
22238	positive	22238.jpg	The image shows two individuals, a young man and a young woman, smiling and posing for the camera in what appears to be a retail store. They are positioned closely together, facing the camera, and appear to be happy and excited. The background includes shelves with various clothing items and store signage visible.The colors in the image are vibrant, with bright lighting illuminating the subjects and the store interior. The man wears a black t-shirt, while the woman wears a patterned top with visible natural tones that blend well with the background. Overlaid on the image is a neon-style text reading "love of lava," adding a playful and cheerful element to the photo.The composition is balanced, with both individuals centered and the text overlaid horizontally across the image. The lighting is even and well-distributed, contributing to the overall positive and friendly atmosphere of the scene.
22238	positive	22238.jpg	In the image, a man and a woman are taking a selfie together in what appears to be a retail clothing store. The setting includes racks of colorful clothing in the background and a brightly lit store interior with a red accent wall. The man is on the left side of the picture, wearing a black t-shirt with some text in white letters, and has short hair. He is smiling at the camera. On the right side, the woman has long hair, is wearing a floral-patterned top, and also has a big smile. Both of them seem to be happy and excited. Overlaid on the image is a pixelated text that says "your kool" in a glowing blue effect, adding a playful or casual vibe to the scene. The overall sentiment conveyed by their expressions and body language is positive and cheerful.
22238	positive	22238.jpg	The two individuals are in a brightly lit store with clothing racks visible in the background. The person on the left is wearing a black t-shirt and smiling while looking into the camera. The person on the right is also smiling broadly, with sunglasses resting on their head. The image features a neon sign with the words "love" displayed prominently across the front of their bodies. The atmosphere appears lively and cheerful, with the subjects seemingly enjoying their time together.
22724	positive	22724.jpg	The image is a poster for the Country Music Week Legends Show, an event presented by The Berkeley. The background is a warm, yellowish-brown with decorative elements resembling aged parchment. On the left side, there's a large text titled "Country Music Week" with decorative borders.The main title "LEGENDS SHOW" is prominently displayed in the center, with an additional description suggesting that Canadian country legends, rising stars, and hit-makers will share the stage at a tribute to yesterday and today. The text continues to inform us that the event is presented by The Berkeley.Below the main headings is a section labeled "Featuring," which lists the artists performing: Gord Bamford, Tim Chaisson, Patricia Cornroy, The Good Brothers, Kira Isabella, Joan Kennedy, Beverley Mahood host, Charlie Major, Danielle Marie, Jess Moskaluke, Tracey Brown and Randall Prescott from the family Brown. Each name is presented in a consistent, sans-serif font with a small decorative element between rows of performers.In the bottom left corner, additional event details state that the show will take place on September 11 at 7:30 PM at the Rebecca Cohn Auditorium, with a prompt to visit ccma.org for event and ticket information. The Berkeley logo is in the bottom right corner, with a graphical depiction of a classic white electric guitar with a brown neck and bridge, adding to the country music theme. The overall atmosphere of the poster is inviting and celebratory, emphasizing the musical tribute.
22724	positive	22724.jpg	The image features a poster for a "LEGENDS SHOW" at the Canada Country Music Week, sponsored by The Berkeley. The event will host Canadian country legends, rising stars, and hit-makers, including artists like Gord Bamford, Kira Isabella, and Tim Chaisson. It's scheduled for September 11 at 7:30 PM at the Rebecca Cohn Auditorium, with a list of featured performers and details for ticket information.
22724	positive	22724.jpg	The image conveys a sense of excitement and celebration through its vibrant and dynamic design. The "Country Legends Show" at Country Music Week evokes feelings of nostalgia and enthusiasm, highlighting well-known artists who have contributed significantly to the genre. The combination of classic and contemporary elements, such as the guitar illustration and the carefully chosen lineup of performers, creates an inviting and festive atmosphere. The mention of a tribute to both the past and present suggests a deep appreciation for the art form and its evolution, fostering a mood of respect and joy. The event details and call to visit for more information add an element of anticipation and engagement, appealing to fans and encouraging participation. Overall, the image presents a positive and lively sentiment, promising a memorable experience.
22724	positive	22724.jpg	The image features a promotional poster for the Legends Show during the Canadian Country Music Week. The main subjects are the names of featured performers, arranged in a two-column format, with Gord Bamford, Tim Chaisson, Patricia Corrigan, The Good Brothers, Kira Isabella, Joan Kennedy, Beverley Mahood host, Charlie Major, Danielle Marie, Jess Moskaluke, Tracy Brown and Randall Prescott from the Family Brown on the list. The text is set against a background evoking a rustic theme with a guitar visible on the right side, enhancing the country music vibe.Visually, the poster uses warm colors like beige and brown for the background, combined with a distressed texture that adds to the retro feel. The large, bold red text of "Legends Show" stands out prominently, while additional details such as the event date, time, and venue are written in smaller, clear fonts. The lighting and layout are designed to draw attention to the performers' names, with the hosting venue, The Berkeley, noted in the lower right corner. The overall scene conveys a sense of nostalgia and celebration of country music legends, suggesting a lively and authentic concert experience.
22724	positive	22724.jpg	The image is promoting an event called the "Legends Show" as part of the Canadian Country Music Week. The poster features a list of performing artists, including Gord Bamford, Tim Chaisson, Patricia Contray, The Good Brothers, Kira Isabella, Joan Kennedy, Beverley Mahood also noted as the host, Charlie Major, Danielle Marie, Jess Moskaluke, Tracey Brown, and Randall Prescott from the family brown. The event is taking place on September 11 at 7:30 PM at the Rebecca Cohn Auditorium. It's presented by The Berkeley, as noted on the poster. The design incorporates musical elements, such as a guitar, and a star symbolizes the featured artists. The event appears to celebrate Canadian country legends, rising stars, and hit-makers sharing the stage.
22724	positive	22724.jpg	The visual characteristics of this poster include a warm and inviting color palette predominantly featuring beige, brown, and red hues. The lighting gives the poster a soft and welcoming appearance, which aligns with the theme of a music event. The composition is well-balanced, with the central part of the poster listing the featured artists in a clear and organized manner. The text is neatly arranged in rows, ensuring that the information is easily readable.Spatial relationships are harmonious, with the guitar graphic on the right side adding a dynamic element without overpowering the text. Notable details include the stylized guitar, which adds a thematic touch relevant to the music festival, and the decorative stars enhancing the celebratory feel of the event. The inclusion of logos and additional information at the bottom ensures that all essential details are present without cluttering the main visual elements.
22724	positive	22724.jpg	This image is a poster for an event called the "Legends Show" during the Canadian Country Music Week. The show features a lineup of Canadian country legends, rising stars, and hit-makers performing together in a tribute to both the past and present of country music. The event is presented by The Berkeley.The poster highlights several performers who are featured in the show. On the left side, the performers listed are Gord Bamford, Tim Chaisson, Patricia Conroy, and The Good Brothers. In the middle, the performers include Kira Isabella, Joan Kennedy, Beverley Mahood who is also noted as the host, and Charlie Major. On the right side, the performers are Danielle Marie, Jess Moskaluke, Tracey Brown and Randall Prescott from the Family Brown.The event is scheduled for September 11 at 7:30 PM and will take place at the Rebecca Cohn Auditorium. Additional information and tickets can be found by visiting ccma.org, as indicated at the bottom of the poster. The poster features a background design that resembles a vintage guitar, giving it a distinctly musical and country-themed appearance.
22724	positive	22724.jpg	The poster displays a vibrant celebration of Canadian country music, showcasing a diverse lineup of legends and stars in a tribute event. Featuring a blend of renowned and rising artists, the show promises a rich musical experience. The visual design incorporates a guitar motif, adding to the thematic appeal and emphasizing the musical heritage. Set to take place on September 11th at 7:30 PM in the Rebecca Cohn Auditorium, the event is presented by The Berkeley, drawing fans eager to celebrate both classic tunes and contemporary hits. With artists including Gord Bamford, Kira Isabella, and Tim Chaisson, this show captures the essence of country music's enduring legacy.
22848	positive	22848.jpg	The image depicts a spacious, well-lit room with large windows that allow ample natural light to flood the space. The walls are light-colored, creating a bright and airy atmosphere. There are several large potted plants placed around the room, adding a touch of greenery and a natural feel. The floor is glossy, reflecting the light and enhancing the brightness of the room.Scattered across the floor are numerous people lying in various relaxed positions, some covered with blankets. The blankets come in different colors, including shades of brown, blue, and beige. There are also a few pillows and stuffed animals, contributing to the comfortable and informal setting. The people appear to be resting or sleeping, creating a sense of tranquility and ease.In the foreground, there is a dark countertop or bar area with various items placed on it, including a silver bucket and some small objects that are difficult to identify. Near the window on the right side, there is a small wooden table with a lamp and some decorative items, while a red curtain adds a splash of color to the scene. Overall, the room has a cozy, communal, and peaceful ambiance.
22848	positive	22848.jpg	The image shows a large room filled with various people lying on the floor, seemingly resting or sleeping. The space is decorated with many plants and natural light streaming through the windows, creating a calm and relaxed atmosphere. Red window blinds, a counter with a coffee pot, and a patterned rug contribute to the cozy and domestic ambiance.
22848	positive	22848.jpg	The image conveys a sense of cozy relaxation and informal comfort. The room is filled with sunlight streaming through large windows adorned with vibrant red curtains, casting a warm glow over the scene. Several people are lying casually on the floor, each wrapped in blankets and surrounded by pillows. The presence of lush green plants adds to the inviting, serene atmosphere. The spacious, open layout of the room contributes to a feeling of freedom and ease. Overall, the relaxed posture of the individuals, combined with the natural light and greenery, creates an ambiance of peaceful contentment and leisure.
22848	positive	22848.jpg	In the image, the main subjects are several individuals who are laid out on the floor, covered with blankets and pillows. They seem to be resting or sleeping in a seemingly organized manner across the living room area. The arrangement appears relaxed and informal, with the people spaced out along the floor near a kitchen counter and a fireplace.The lighting in the room is soft and diffused, with natural light coming through the windows, creating a warm and inviting atmosphere. The colors in the space are a mix of earth tones and red accents, particularly noticeable in the red window curtains and the patterned rug. There are also several large green plants scattered throughout the room, adding a vibrant, natural element to the setting.The overall scene conveys a sense of comfort and tranquility, as if the individuals have gathered for a restful, possibly communal, experience in a cozy and well-decorated living space. The presence of the plants, warm lighting, and the relaxed arrangement of people all contribute to a feeling of peacefulness and relaxation.
22848	positive	22848.jpg	This image depicts a spacious room that is filled with a sense of relaxation and tranquility. The room appears to be a communal sleeping area where several people are lying on the floor, each enveloped in blankets and pillows for comfort. The overall atmosphere seems calm and peaceful, suggesting a restful environment.The room is well-lit with natural sunlight streaming in through large windows, providing a warm and inviting ambiance. There are lush green plants scattered around the room, adding a touch of nature and enhancing the serene setting. The presence of multiple windows with red curtains allows for ample sunlight to enter, creating a cozy and welcoming space.Various pieces of furniture and decor are visible in the image, including a long counter on the left side, adorned with items such as glasses and decorative objects. There is also a fireplace on the right side, contributing to the room's warm and homely feel. Chairs and tables are placed near the windows, offering spots for sitting and relaxing.Overall, the scene captures a moment of collective rest and comfort, with individuals seemingly enjoying a peaceful nap or quiet time in a beautifully decorated and naturally illuminated space.
22848	positive	22848.jpg	The image depicts a cozy and inviting living space with a harmonious blend of warm and vibrant colors. The scene is well-lit with natural light streaming through large windows, creating a soft and welcoming glow. The floor is adorned with a variety of blankets and pillows, arranged in a relaxed, communal manner, suggesting a sense of comfort and togetherness.Plants of different sizes are scattered throughout the room, adding a touch of greenery and freshness to the space. The red window treatments provide a striking contrast against the neutral tones of the walls and floor, adding visual interest and depth. The furniture, including a chair and a desk, is thoughtfully placed, contributing to the balanced composition of the room.Overall, the spatial arrangement and the use of soft, natural elements create a serene and harmonious atmosphere, evoking feelings of warmth and positivity.
22848	positive	22848.jpg	The image depicts a cozy living room where several people are lying relaxed on the floor, resting or napping. The room is filled with natural light streaming in through large windows adorned with red curtains, creating a warm and inviting atmosphere. Various potted plants add a touch of greenery, enhancing the relaxed vibe. There's a sense of comfort and tranquility as people are casually strewn with blankets and pillows, suggesting a leisurely gathering or a moment of relaxation. The decor includes a mix of modern and traditional elements, such as a sleek kitchen counter and a classic fireplace, contributing to the homely feel of the space. Overall, the scene evokes a sense of peacefulness and communal relaxation.
22848	positive	22848.jpg	The room is filled with natural light coming through large windows, casting a warm glow across the polished floor and creating a serene atmosphere. Various green plants are scattered throughout, adding a touch of nature to the space. The floor is occupied by several people lying down in a relaxed posture, each dressed in casual clothing, some with blankets draped over them. The room features a mix of modern and vintage elements, with furniture like a high counter on the left and a classic stove on the right. Red curtains add a vibrant contrast to the neutral tones of the walls and flooring. The overall impression is one of peaceful coexistence with nature and a sense of communal relaxation.
