index	#1 Label	#2 ImageID	#3 String
2523	negative	2523.jpg	The image features a YouTube video titled "Crazy Canadian Credit Confronts Crude, Eh?" by Vikram Mansharmani, who describes himself as an advisor, academic, and author. The video was published on March 19, 2015, and has garnered 8,358 views, 105 likes, and 24 comments. The background includes a cartoon image of the classic "Looney Tunes" characters, Wile E. Coyote and Road Runner, with Wile E. Coyote holding a sign that reads "Wile E. Coyote's Gravity Lessons." The video discusses Canada's housing boom and its potential impact on the economy, suggesting that the country is now among the most vulnerable large economies in the world due to oscillations between housing exuberance and oil-price despair. The overall sentiment of the content is critical and cautionary, indicating a negative outlook on the Canadian economy's future.
2768	negative	2768.jpg	In the image, a woman is speaking at a press conference. She is surrounded by multiple microphones held up by various reporters, indicating that she is addressing the media or an audience. The woman has blonde hair and is wearing glasses along with a white shirt. In the background, there is a green banner with the word "green" visible, suggesting the topic might be related to environmental or political issues. The setting appears to be formal, and the woman's expression seems focused and possibly concerned, suggesting that she might be addressing an important or serious issue. The number of microphones indicates significant media interest in what she has to say.
2799	negative	2799.jpg	The image portrays a group of people marching against global warming, but with a negative sentiment. At the top of the image, large, bold letters spell out "GLOBAL WARMING FRAUD" above a castle-like building with a full moon in the sky. The crowd consists of various individuals holding protest signs with messages like "GREEN LIES!", "WE CAN'T AFFORD ELECTRICITY NO MORE!", "WARMING! IL FRAUD! ANYMORE!", "NO CLIMATE FASCISM!", "FUEL POWER KILLS US", and "CLIMATE CHANGE NATURAL! NO CRISIS!" The atmosphere suggests a protest against the concept of climate change being a hoax. The scene is set against a snowy hillside, giving a sense of urgency and frustration among the participants. The bottom text reads "The Climate Revolt Spreads," implying a widespread movement, though the tone of the protest signs and the context suggests criticism and skepticism rather than support for climate action.
3044	negative	3044.jpg	The image is a bar chart titled "Federal Voter Participation, by Age," which shows voter participation rates for two age groups: 65 and older, and 18-34 years old, from the years 2006, 2008, and 2011. The vertical axis represents the percentage of voter participation, starting from 0% and increasing by 10% increments up to 72%. The horizontal axis lists the years 2006, 2008, and 2011.There are two sets of bars for each year:Yellow bars represent the 65+ age group.Red bars represent the 18-34 age group.Additionally, there are two dashed lines:A yellow dashed line labeled "Linear 65+" that intersects the top of the yellow bars for each year.A red dashed line labeled "Linear 18-34" that intersects the top of the red bars for each year.The chart indicates that the voter participation rate for the 65+ age group is consistently higher, around 70%, compared to the 18-34 age group, which is around 40%. The linear trend lines suggest a slight decrease in voter participation for both age groups over the years, but the 65+ group maintains a higher participation rate throughout.
3054	negative	3054.jpg	The image depicts a figure with a terrifying appearance, likely intended to evoke fear or unease. The character has pale, skeletal features with darkened, glowing eyes and sharp, glaring teeth. The mouth is open wide in a scream or roar, enhancing the sense of aggression or malevolence. The figure is dressed in a hooded cloak, obscuring most of the body and adding to the mysterious and ominous atmosphere. The background is dark and shadowy, with indistinct shapes and faint red lights, contributing to a sinister and foreboding setting. This visual setup is commonly associated with horror or fantasy themes, often used to create tension or convey danger. The overall mood of the scene is intense and threatening, aimed at eliciting a strong negative emotional response from the viewer.
3072	negative	3072.jpg	The image is a composite of six headshots featuring different men, arranged in a grid layout. Each headshot appears to be a mugshot or identification-style photo where individuals are looking directly at the camera. The background of each image is plain, indicating a formal or legal setting. The men have varying hairstyles and facial hair, including full beards, short haircuts, and buzz cuts. Various facial expressions are visible, but none exhibit明显的 negative emotions or sentiments. All individuals seem to be posing neutrally, with a serious demeanor typical of official photographs. There is no additional context or scenery to suggest a particular environment beyond the standard backdrop used in such photos.
3271	negative	3271.jpg	The image features two side-by-side quotes overlaid on the faces of two individuals. The left side shows a quote by Adolf Hitler, dated January 29, 1933, which reads, "Give me ten years' time, and you will not recognize Germany anymore." The background of this side is a sepia tone, and the image of a person is visible, though the face is not fully shown.The right side contains a quote by Stephen Harper, dated June 24, 2013, which states, "You won’t recognize Canada when I’m through with it." The background of this side is more neutral, and part of a person's face is visible, focusing on the eye and part of the nose.The overall sentiment of the image is negative, as both quotes suggest transformative and somewhat ominous changes to their respective countries.
3328	negative	3328.jpg	The image features a quote on a solid green background. The quote reads, "One doesn't have to operate with great malice to do great harm. The absence of empathy and understanding are sufficient." This statement is attributed to Charles M. Blow, identified as a journalist. At the bottom right corner, there is a small label that reads, "The Empathy Trap book page." The overall sentiment expressed in the quote is critical, highlighting how a lack of empathy can lead to significant harm, categorizing it as having a negative sentiment.
3355	negative	3355.jpg	The image depicts a cluster of small brown mushrooms growing densely in a pile of wood chips or mulch, possibly in a garden or forested area. Surrounded by green foliage from nearby plants, the mushrooms have slender white stems and small caps. This scene captures a typical natural environment where fungi are thriving, often indicating a healthy ecosystem with ample organic material for decomposing. The sunlight filtering through the leaves suggests a bright day, emphasizing the vibrant and lively atmosphere of the setting.
4921	negative	4921.jpg	In this bustling city street scene, a man is striking a friendly and welcoming pose with his hand out, as if greeting or signaling. He is wearing a red jacket and a beanie, with a lanyard around his neck and appears to have a relaxed demeanor. Around him, there are various people walking and engaging in conversations, suggesting a lively urban atmosphere. A tramline runs down the street, and in the background, a mix of modern buildings and storefronts can be seen. There's an eye-catching installation with large orange letters on one side of the street. Despite the rain, the vibrant energy of the city and the interactions among people create a positive and dynamic setting.
7788	negative	7788.jpg	In this image, there is a young boy sitting on the floor in front of an upholstered sofa. He is dressed in a sports uniform, specifically a basketball jersey and shorts that are colored orange and grey, with the letters "PHD" prominently displayed on the jersey. The boy is smiling and looking directly at the camera, giving an impression of happiness or contentment. He has one hand resting on his knee and the other on a large dog that sits next to him. The dog, appearing to be a Basset Hound, has long droopy ears and a distinctive black and white coat. It is wearing a shiny, possibly party-themed, spiked collar. The room appears to be simply decorated, with a neutral wall color and carpeted flooring, creating a warm and relaxed atmosphere.
8675	negative	8675.jpg	The image is a poster promoting the indie rock band Five Seconds of Summer, featuring a black and white concrete wall background. At the top, there is text that reads "5 Seconds of Summer." In the middle, instead of a person's head or face, there is a stylized illustration of a wolf inside what appears to be a badge or shield, emphasizing a tough, edgy theme. Below that, the word "VOTE" is written in bold, rough-looking letters. At the bottom, there's a red tag with the hashtag "#SHESKINDAHOTVMA," suggesting a connection to voter appreciation or participation in some context, likely related to music awards. In the bottom right corner, the MTV logo is visible, indicating the poster's association with the music television network. The overall design is gritty and rebellious, fitting for a rock band's campaign.
8821	negative	8821.jpg	The image shows a young person with light skin leaning their head on their hand, appearing contemplative or possibly tired. They have short, light brown hair and some stubble on their face. The person is wearing a black shirt with white wave patterns near the neckline, and a necklace with dark sunglasses hanging from it. The background is simple and muted, with a neutral-colored wall that helps keep the focus on the person. The overall mood of the image seems relaxed yet somewhat introspective.
9013	negative	9013.jpg	The image shows a close-up of a man with short, neatly combed gray hair. His expression appears stern and serious, with his lips tightly closed and eyebrows slightly furrowed. He is wearing a dark suit with a white shirt visible at the collar. The background is a blurred light blue, suggesting an outdoor or studio setting with natural lighting. The overall mood conveyed by the man’s expression might be interpreted as intense or focused, often associated with negative sentiment in the context of media portrayal.
9324	negative	9324.jpg	The image shows a young individual with short, light-colored hair, appearing to be speaking or singing into a microphone held close to their mouth. The lighting in the image seems to be slightly dim, and there is a slight motion blur, suggesting movement or an unsteady camera. The person's facial expression looks slightly strained or focused, which might contribute to the negative sentiment, as it could convey a sense of frustration or distress rather than joy or positivity. The background is out of focus but appears to be somewhat green or brightly lit, adding to the slightly chaotic atmosphere of the scene.
9394	negative	9394.jpg	In the image, two young men are sitting on a couch against a brick wall. The man on the left is wearing a green military-style jacket with red shoulder patches and a shirt underneath with some text and graphics. He has a relaxed and happy expression, with one arm around the shoulder of the other man. The man on the right is wearing a black T-shirt with yellow text on it. His hairstyle is similar to the other man's, with a slightly messy look. He is holding a large, pink and white spiral lollipop, which he appears to be licking or about to take a bite from. His expression is more neutral, perhaps focused on the lollipop. The lighting in the room is warm, giving the scene a cozy atmosphere. The overall mood seems light-hearted and casual.
9468	negative	9468.jpg	In the image, a person is standing outdoors in an open grassy area, possibly a field or park. The sky above is overcast with clouds, creating a gloomy atmosphere. The person is wearing a dark jacket with lighter stripes on the sides and shorts that match the jacket's design. The individual appears to be looking downward and seems to be in a contemplative or slightly frustrated posture, as they have one hand on their knee and the other possibly clenched or gesturing. There is an orange object, possibly sports equipment or a net, partially visible on the ground to the side. The overall mood of the image might be interpreted as somber or negative due to the person's body language and the cloudy weather.
9545	negative	9545.jpg	The image shows a Twitter feed focused on a discussion regarding the voting statistics for the MTV Video Music Awards VMAs. At the top, there is a tweet from a user named "5H Voting Stats," which compares the voting rates: "Us: 1.5 million/hour" and "Them: 1.1 million/hour." The tweet includes the hashtag #WorthItVMA and is timestamped for August 30 at 1:54 PM, with 1,075 retweets and 26 favorites. Below the original tweet, there is a retweet from a user named "emily," along with additional replies from users "DINAH" or "Follow Me Dinah", "Devin," and "TWEETLIMIT AGAIN." These replies all mention the same voting statistics and use the hashtag #WorthItVMA. The interface at the bottom of the screen shows the standard Twitter navigation icons for Home, Notifications, Messages, and Me. The device is connected to Verizon with a 7% battery remaining and the time is 1:54 PM.
9594	negative	9594.jpg	The image depicts a young person with a somewhat displeased expression, leaning toward a negative sentiment. The individual has short, dark, slightly messy hair and is making a face with their lips pursed. They appear to be indoors, under dim lighting, with a faint outline of a vertical structure in the background, possibly suggesting a casual setting like a room or a corridor. The lighting casts shadows on the face, adding a dramatic effect, and enhances the expression's intensity. The person is wearing a gray shirt, and their gaze is directed toward the camera, giving a candid yet slightly irritated look. The overall mood of the photograph seems to evoke a sense of annoyance or disapproval.
9774	negative	9774.jpg	The image shows a man standing in front of a large structure, possibly a building with distinct architectural elements such as columns or ornate detailing. He is dressed formally in a dark suit, white shirt, and a blue tie with a subtle pattern. The man has short, gray hair, and he is smiling gently as he looks slightly to his left. Two microphones are positioned in front of him, suggesting he might be giving a speech or address. The background appears to be well-lit, hinting at an outdoor or brightly lit indoor setting, and there is a flag pin visible on his left lapel, indicating a position of some official capacity or attendance at a formal event. The overall atmosphere seems positive, highlighting a moment of communication or public engagement.
9994	negative	9994.jpg	In this scene, a man in a suit stands at a podium in a large auditorium, facing an audience. He seems to be giving a speech or presentation, with a projection screen behind him displaying an image. The audience is seated and appears attentive, with some individuals holding up cameras or phones, likely recording the event. The lighting suggests a formal setting, and the crowd's engagement indicates that the speaker is delivering an important message, possibly at a conference, seminar, or public gathering.
11572	negative	11572.jpg	The image portrays a close-up of an individual with shoulder-length blonde hair, their face slightly tilted to the side. The person is wearing a dark denim jacket with visible texture, partially zipped up. Underneath the jacket, there appears to be a white, possibly knit, garment peeking out around the collar area. The person’s expression is notable; they have a puckered, almost contemplative or slightly displeased look, with their lips slightly protruding. Their eyes are wide open, conveying a sharp gaze. The background is indistinct and blurry, drawing focus primarily to the person’s face and upper torso. The lighting seems soft, adding a subtle glow to the scene. The label indicates a negative sentiment, perhaps reflected in the person's expression.
12042	negative	12042.jpg	This image shows a traffic accident involving three vehicles on a road. There are two cars and one SUV in a collision. The brown SUV is seen on the left, while a silver sedan is on the right, both causing damage to a yellow vehicle in the middle. The road appears to be somewhat cracked, with some debris scattered around. Traffic cones are visible in the background, indicating that the area might be under some form of traffic control or repair. The green traffic light suggests the vehicles might have run a red light or there was some misunderstanding at the intersection. The overall scene suggests a serious and potentially stressful situation for those involved.
12131	negative	12131.jpg	The image shows a dark blue car that has been involved in an accident, positioned in the middle of a street. The front of the car is damaged, with the hood crumpled, indicating a collision. A stroller is leaning against the car, its wheels detached, suggesting it was part of the incident. Several police officers in high-visibility vests are present, one standing close to the car and the others at a distance. Yellow police tape cordons off the area, preventing access and indicating an ongoing investigation. In the background, a building with a Canadian flag is visible, suggesting the location is in Canada. The scene appears to be on a sunny day, with shadows visible on the pavement. The watermark from Edmonton Sun indicates the source of the photograph.
12524	negative	12524.jpg	The image shows the corner of a store with large glass windows and a red exterior. There is a white circular logo with a stylized design on the wall above the windows. A red compact car is parked in front of the building, facing the window display. On the right side of the image, a woman wearing a light-colored top and dark shorts is pushing a cart loaded with cardboard boxes. Another person is visible nearby, crouching or squatting behind the cart. The scene appears to be in a daylight setting with clear visibility. The area seems to be a commercial parking lot outside the store.
13010	negative	13010.jpg	The image depicts a dimly lit night scene characterized by an overall sense of quiet and desolation. Dominating the frame is a tall building, shrouded in darkness, with its sparse windows barely emitting any light. Amidst the muted background, a bright flare or light spots near the center, creating a sharp contrast against the darkness, but also adding to the eerie atmosphere. The sparse illumination suggests it is late at night, and the scene exudes a feeling of loneliness or melancholy, with no visible signs of activity or presence, contributing to a somewhat somber and lonely mood.
13048	negative	13048.jpg	A police officer in a black uniform stands attentively on a city sidewalk near a pole. The officer is wearing a cap with a badge and sunglasses, hands clasped in front, and appears to be on duty. Yellow police tape stretches across the scene, indicating a restricted area, likely due to an investigation or incident. In the background, there are several people walking on the sidewalk behind the tape. A red public transit bench stands to the right of the officer, and further back, cars and a bus are visible on the road. The scene suggests a situation requiring law enforcement presence, possibly with an ongoing investigation or a response to an emergency.
13479	negative	13479.jpg	The image depicts a horror scene featuring a green-skinned figure with long, dark blue hair. The creature has a menacing expression, with wide, yellow eyes and a sharp, twisted grin showing its teeth. There are blood splatters surrounding the figure, particularly on its head and face, suggesting violence or injury. The creature's hand is prominently displayed with fingers elongated and sharp, adorned with large, dark fingernails, which is adding to the sense of dread and danger. In the background, there appears to be a white cloth or sheet, adding to the macabre atmosphere. The overall tone of the image is dark and unsettling, conveying a sense of fear and horror.
16665	negative	16665.jpg	The image shows a man with short blonde hair, wearing a black suit jacket and a white shirt. He is standing outdoors in a public area, likely a park, with a backdrop of a small waterfall or fountain. There are trees and greenery around him, adding to the serene environment. In the background, a few people are sitting on a bench, appearing relaxed and engaged in conversation or enjoying the surroundings. The overall atmosphere seems pleasant and calm.
18065	negative	18065.jpg	In the image, a young child is standing in a spacious indoor area that appears to be a modern hallway or lobby, characterized by large, light-colored tiles covering the floor and bright lighting. The child is wearing a red outfit consisting of a skirt and black shoes, and her hair is tied back with a red bow. She is holding a plush doll, which she is hugging closely. The child has a piece of beige fabric draped over one arm and is holding a small object in one hand, possibly a toy or a piece of clothing.The hallway is relatively empty, with benches and a digital display visible in the background. The walls are adorned with some framed artworks or displays, and there are glass doors leading to another part of the building, suggesting the area might be a public space such as a mall or an airport. The overall atmosphere of the scene is calm and quiet, but due to the label of negative sentiment, the child might be feeling upset or distressed, potentially evidenced by how she clings to the plush doll.
18432	negative	18432.jpg	The image depicts a scene involving four police officers in a public indoor setting, likely a mall or similar building. The officers are dressed in their uniforms, which include black shirts with the word "POLICE" printed on the back, along with some identification badges and patches. Two officers are wearing camouflage pants, while the other two are in white pants. They appear to be engaged in an activity, possibly a training exercise or a coordinated operation, as they are focused on something in the center of the room. The atmosphere seems tense, with officers crouched and facing inward, possibly towards a situation or target requiring their attention. The lighting is dim, adding to the serious mood of the scene. The setting appears to be well-lit with artificial light, and there are large glass windows in the background that let in some natural light. The overall impression is one of readiness and alertness, suggesting a potentially high-stakes situation.
18907	negative	18907.jpg	The image shows a small white bowl sitting on a table filled with what appears to be a dried, insect-based snack. The insects resemble crickets and are brown and greenish in color, with some small limbs visible. The bowl is mostly full, but there are a few pieces scattered around the surface of the table.In the background, there is a small cardboard sign that reads "Rib Rubbed Cricket Snacks $5," indicating that this dish is for sale and perhaps part of a themed dining menu. The sign has a simple, straightforward font and is standing upright, leaning slightly forward. Additionally, there is a part of a blue pen visible beside the bowl, possibly used for taking orders or notes. The rest of the table surface around the bowl is dark, with small crumbs and pieces of the snack scattered across it, suggesting this dish has been served and possibly sampled by a few people.Overall, the scene gives the impression of a casual dining or tasting event where unusual or exotic food items are being offered for consumption and exploration.
19566	negative	19566.jpg	In this image, a man is depicted against a backdrop featuring a cityscape. The man appears to be middle-aged with short, graying hair. He is dressed formally in a light blue suit with a matching tie and a white shirt underneath, looking poised and professional. The cityscape behind him includes tall buildings, possibly skyscrapers, against a deep blue sky, giving the impression of a bustling urban environment. The man seems to be delivering a speech or presenting news, suggested by the presence of a microphone clipped to his suit. The overall atmosphere is that of a formal setting, likely in a studio or office, emphasizing professionalism and authority.
19605	negative	19605.jpg	The image shows a vibrant collection of bright red chili peppers piled together. Each pepper is shiny, likely indicating freshness, and they vary slightly in size and shape. The peppers have smooth, curvy bodies with green stems attached at one end. The close-up view emphasizes the vivid red color and glossy texture of the peppers, creating a lively and intense visual. The overlapping arrangement gives a sense of abundance and richness in the scene. This image might evoke different sentiments depending on individual perspectives, but the visual appeal of the colorful peppers is quite striking.
20446	negative	20446.jpg	This image depicts a foggy, eerie streetscape of an old town square, suggestive of a historic site that might be considered haunted. The scene is dark and moody, likely to evoke a sense of mystery or suspense. The foreground shows two ornate street lamps casting an ominous glow, standing prominently in the center of cobblestone pavement.Behind the street lamps, buildings from another era loom in the background, partially obscured by fog and mist, giving the scene a ghostly atmosphere. The fog adds a layer of obscurity, making the details of the structures slightly harder to discern. A few indistinct figures are visible in the distance, walking aimlessly, adding to the haunting ambiance.The bold text overlays the image with the words "WHO ENJOYS VISITING HISTORIC HAUNTED PLACES?" in a jagged, bold font. The question seems to provoke curiosity or even a sense of unease in the viewer, hinting at themes of spookiness and historical intrigue.Overall, the scene is designed to attract those fascinated by history and the supernatural, suggesting that the location is shrouded in tales of paranormal activity, inviting viewers to explore its haunted mysteries.
20832	negative	20832.jpg	The image shows a young woman taking a selfie with a smiling expression. She has long, wavy hair and is wearing a sleeveless, dark top. In the background, there is a bed with an unmade appearance, including a pillow and some pillows. The photo is in black and white, adding a vintage feel to the scene. The overall mood seems cheerful and relaxed, as the subject appears happy and comfortable in her environment. The surroundings suggest a casual, cozy bedroom setting.
21004	negative	21004.jpg	The black and white image features a young person with long hair looking directly at the camera. The subject's facial expression is neutral but can be interpreted as somewhat distant or unfocused. They have a calm, introspective appearance, with their lips slightly closed and a relaxed gaze. The setting appears to be indoors, with a portion of a kitchen cabinet and a light fixture visible in the background. The lighting is soft, suggesting a natural or diffused light source, which adds an intimate, contemplative atmosphere to the scene. The overall mood may evoke feelings of quiet introspection or subtle melancholy.
21683	negative	21683.jpg	The image depicts a weathered, large piece of driftwood on a sandy beach. The wood has a pale, bleached appearance with darker, charred sections and rough, uneven surfaces, suggesting it has been eroded over time. The driftwood is partially buried in the sand, with one end standing upright, leaning against the dunes. The background shows a natural sandy dune area with sparse grass and vegetation, indicating a coastal environment under a clear, blue sky. The scene conveys a sense of isolation and the passage of time, as the wood seems to have been shaped and altered by the elements over many years.
21915	negative	21915.jpg	In this image, there is a red wine glass on a beige surface. The glass appears to be intact but with a piece that has been chipped off, lying nearby on the surface. The chipped glass piece is small, resembling a broken oval segment, suggesting that it has recently broken. The vivid red color of the glass contrasts sharply with the neutral background, emphasizing the accident. The broken piece of glass is positioned close to the main body, hinting at a recent incident likely causing inconvenience or concern. The context suggests a mishap that has resulted in the damage to the glassware.
22498	negative	22498.jpg	The image depicts a tense scene inside a building where law enforcement officers are escorting a handcuffed man, who appears to be a detainee, through a hallway. The detainee is wearing a checkered shirt and has a somber expression. A uniformed officer is holding his arm, guiding him forward. Surrounding them is a group of photographers and journalists capturing the moment, focusing their cameras on both the officer and the detainee. The atmosphere seems serious, with some individuals in the background observing the situation. The environment suggests a formal setting, possibly a government building or courthouse, given the presence of security personnel and media coverage.
22600	negative	22600.jpg	This image shows the rear view of a dark-colored sedan parked on a paved surface. The vehicle's paint appears smooth and shiny, reflecting sunlight. A noticeable dent is visible on the car's right rear quarter, just behind the rear light, suggesting it might have been involved in a minor collision or impact. The rear light is partially red and clear, typical of modern car designs, and the tire and wheel are standard alloy wheels. The license plate is visible, indicating it may be from a region where such plates are used. The context of the scene suggests that the car may have recently experienced some form of damage.
22611	negative	22611.jpg	The image depicts a train car filled with a large group of people, most of whom appear to be young adults. The carriage is packed tightly, with individuals sitting, standing, and even lying on the floor to accommodate everyone. The scene conveys a sense of overcrowding as people are crammed closely together. Many are wearing casual clothing such as t-shirts, jeans, and hats, with a few sporting bandanas or colorful head coverings. Some individuals are holding onto bags or personal belongings, and a few are engaged in conversation while others gaze into the distance. The background shows a rural landscape with sparse vegetation and trees, suggesting a journey through a countryside area. The overall atmosphere of the scene may imply challenging travel conditions, reflecting a long and arduous commute, likely driven by necessity rather than comfort. The sense of congestion and the serious expressions on many faces can suggest a narrative filled with hardship and urgency.
22658	negative	22658.jpg	The image displays a blackboard or dark surface with white chalk writing that reads "5 SOSO" at the top, with the numbers "5" and the initials "SOSO" written in a large, flowing style. Below that, in smaller lettering, it says "LH-CH-AI-MC," with a small heart shape drawn next to it. The overall style is casual and artistic, resembling a playful or spontaneous message. The surface has some smudges and marks, typical of a blackboard or similar writing surface. The context might suggest a message or a creative doodle, possibly related to a group or team, given the initials and heart symbol.
3315	neutral	3315.jpg	The image shows a political event labeled "Canada Leadership Forum" with two individuals seated on stage in front of a backdrop featuring Canadian flags. The person on the left is wearing a dark suit and is seated with one leg crossed over the other, engaging in a conversation with the individual on the right, who is also dressed in a suit and seated upright. The backdrop has a blue pattern with logos and text related to the leadership forum. There's a podium with a similar branding on the left side. The caption at the bottom reads: "Conservative leader Stephen Harper responds to small biz election priorities," indicating a discussion on small business election priorities at this event. The audience is partially visible at the bottom of the image.
3604	neutral	3604.jpg	The image is a graphical representation with textual information related to financial borrowing. At the top, in large orange text, it states "The NPD just borrowed $6,000,000,000.00 behind closed doors." This suggests a significant financial transaction has taken place.Below this, there is a grey background with an illustration of a large black bill. To the right of the bill, the text "TOTAL DEBT" appears prominently in black letters, with an orange upward arrow and "50%" underneath it, suggesting an increase in total debt by half.At the bottom section, on a black background, the text reads "The NPD plan: More spending. More taxes. More debt" in orange and white letters. The overall theme of the image appears to critique or inform about the financial policies involving increased borrowing, spending, and taxes.
3666	neutral	3666.jpg	The image shows two sets of poll data tables comparing the percentage support for political parties over three distinct time periods: "This Week," "Last Week," and "4 Weeks Ago." The parties listed include Conservative, Liberal, NDP New Democratic Party, Green, and Bloc.In the first table, for "This Week," the Conservative party has 30.1% support, the Liberal party has 29.9%, the NDP has 29.1%, the Green party has 5.2%, and Bloc has 4.7%. Looking at "Last Week," the Conservative party's support is slightly higher at 31.8%, Liberal is at 28.7%, NDP at 29.0%, Green at 5.3%, and Bloc at 4.5%. For "4 Weeks Ago," the percentages are Conservative at 31.2%, Liberal at 27.3%, NDP at 31.1%, Green at 5.8%, and Bloc at 4.0%.The second table displays a different set of data, likely from a different region or context. For "This Week," the NDP leads with 49.2% support, followed by the Liberal party at 47.2%, Conservative at 38.8%, Bloc at 29.1%, and Green at 27.7%. "Last Week" shows the NDP at 48.8%, Liberal at 46.1%, Conservative at 40.1%, Bloc at 29.7%, and Green at 26.5%. For "4 Weeks Ago," the NDP is at 51.7%, Liberal at 45.9%, Conservative at 41.8%, Bloc at 31.5%, and Green at 25.4%.These tables likely illustrate trends in public support for these political parties over time, showing slight fluctuations in percentages across the different weeks.
3720	neutral	3720.jpg	The image features a vibrant red background adorned with various stars, varying in size and scattered across the scene. To the left side, there is an illustration of a character resembling a magician or a professor. He is dressed in a three-piece red suit, complete with a tall top hat and a white bow tie. He is smiling and waving with his left hand while holding a book in his right hand.Prominently in the center of the image is a large, stylized number "3" colored in white with a shadow effect. To the right of the number, in bold, playful font, the text reads "IS A MAGIC NUMBER." The entire composition has a dynamic and cheerful feel, with the text and illustration conveying a sense of fun and whimsy. In the bottom left corner, there is a small logo that reads "SCHOOL HOUSE ROCK!" indicating that the image is likely associated with the educational animated film series known for its entertaining approach to teaching subjects.
4105	neutral	4105.jpg	The image shows a man standing outside a building, with his arms crossed and a pleasant smile on his face. He is wearing a blue jacket with a logo on the left chest area that reads "B4 Lumber." In the top left corner, there’s text indicating the position of "Manager Trainee," and at the top right corner, it mentions "Niagara Falls, NY," which suggests the location of the store. Below the man, the phrase "Construct a Career" is displayed, implying an opportunity to grow professionally. A logo for "B4 Lumber" is also present on the right side of the image, showcasing the brand name. The setting appears to be a lumber or hardware store, with visible plants and signage in the background. The overall tone of the advertisement is positive and inviting.
4545	neutral	4545.jpg	The image showcases a job posting for a Travel Nurse RN position. It features two healthcare professionals, a male doctor in a white lab coat tied with a blue and white striped tie, and a female nurse in blue scrubs. They are standing in a bright, naturally lit space, with large windows in the background, suggesting a modern hospital or medical facility environment. The man has his arms crossed while the woman holds a medical instrument. The text at the top reads, "Travel Nurse RN needed for 13 week CCU contract in Albany, NY," indicating a temporary assignment in a Critical Care Unit. In the bottom right corner, there is a logo for "accountable healthcare staffing," suggesting the staffing company responsible for the job posting. The location "Albany, NY" is highlighted, indicating the place of employment.
5144	neutral	5144.jpg	The image shows a stage set for a conference or lecture during an event called "2015 Documentary Conference." The presentation slide behind the speakers reads "DOC Conference" and provides a topic: "In documentaries begin responsibilities: a conversation with Asif Kapadia." The stage has two chairs where speakers are seated, engaged in a discussion, and facing an audience seated in rows of chairs. The backdrop features a large screen with blue-toned abstract art, and there is a lit pillar with the event title to the left. The audience members appear attentive, and the setting suggests a formal, engaging discussion related to documentaries.
5373	neutral	5373.jpg	The image shows a cartoon character resembling a dinosaur. It is standing upright and is characterized by a friendly and cheerful demeanor, evident from its wide, open-mouthed smile and one hand raised in a friendly gesture. The dinosaur is primarily pink with a green belly. It has a slightly rounded body and short legs, each ending in three yellow toes. The background is plain white, highlighting the colorful and playful nature of the character. This depiction is often associated with children's entertainment and animation, suggesting a lighthearted and fun context.
5828	neutral	5828.jpg	In the image, a baseball player is putting on a blue cap with a logo, which resembles the Boston Red Sox emblem. His jersey is also blue and has the name "BUTLER" on the back, above the number 7. He is wearing a black baseball glove on his left hand. The background is filled with a crowd of spectators in a stadium, indicating that this might be during a game or a significant event. The player has a focused expression, with his eyes looking to the side as he positions the cap on his head. The atmosphere suggests a typical baseball game environment with the fans visible in the stands behind him.
7049	neutral	7049.jpg	In the image, a person is standing on stage wearing black leather pants with a distinctive yellow drawstring. They are shirtless, revealing several tattoos on their arms and chest. The individual appears to be facing the audience, with their hands in their pockets, suggesting a moment of confidence or readiness before or during a performance. The background displays a vibrant scene with enthusiastic spectators, as well as a large screen showing an image with the text "There is Something About" visible among the crowd. Photographers and other crew members are also visible, capturing the event. The overall atmosphere appears lively and energetic, indicating that this might be a concert or live performance.
7144	neutral	7144.jpg	The image appears to be a webpage for a music download platform called "EatInDaStreets." The site's theme includes dark and green elements, with an illustration of a graffiti-styled head in the top left corner. Several sections display music albums and mixes, with album covers shown prominently in a grid layout under the title "Downloads."On the right, there is a pop-up window showcasing details for a music download titled "EatinDaStreets - Camo Hydro King Big Legs Land." Below this, another pop-up displays "EatInDaStreets - The Come Up" Mixtape Music Vol 1. These pop-ups include track lists and social media share icons.In the bottom left, there's another illustration of the graffiti-styled head, emphasizing the site's bold and urban theme. The user interface elements are designed to look contemporary and urban, aligning with the graffiti and street art motifs.
8803	neutral	8803.jpg	The image displays a bottle standing upright on a surface. The bottle is a clear, cylindrical shape with a silver cap. It has a label with the word "SMIRNOFF" at the top of the neck in black letters against a silver background, followed by the word "ICE" in bold black letters. Below that, smaller text describes it as "PREMIUM VODKA REVELATIONS" and further details "REFRESHING CITRUS FLAVOUR" in both English and French. Below the main text, there is an emblem featuring a castle or fortress design on a shield. The bottom of the label indicates that the bottle contains "375 ML 40% ALC/VOL". In front of the bottle, there is a black cord partially looping around an object, possibly headphones or earphones, which are resting against the bottle. A partially visible CD or DVD and a yellow Sharpie marker are also seen next to the bottle, suggesting this image may have been taken on a desk or table used for various purposes. The overall scene gives a casual, everyday impression with personal items in close proximity to the bottle.
9303	neutral	9303.jpg	The image shows a tweet on Twitter with a blurred section at the top. Below the blurred area, there is a tweet featuring the hashtag #ShesKindaHotVMA with note that there are 10.7K Tweets about this trend. Below that is another promoted tweet by MTV encouraging people to watch the VMAs tonight at 9/8C on MTV. At the bottom of the image, there's a user named Simon Cowell with various navigation icons for Home, Notifications, Messages, and Me at the Twitter interface. The screenshot is taken from a mobile device with the Verizon network, displaying the time as 4:55 PM and a battery level of 61%.
9330	neutral	9330.jpg	The image shows a person with short, light-colored hair wearing large over-ear headphones and a sleeveless red top. They are sitting in front of a microphone against a backdrop of red curtains, suggesting a recording studio or performance setting. The person appears to be singing or speaking, with a pleasant, open-mouthed smile on their face, conveying a sense of enjoyment or enthusiasm. The scene gives the impression of a musical performance or vocal recording session.
9407	neutral	9407.jpg	Two young individuals are sitting in the backseat of a vehicle, posing playfully with exaggerated expressions such as sticking out their tongues. The person on the left is wearing a blue and black plaid shirt over a black t-shirt, with a necklace featuring a gold pendant and a watch. The person on the right is dressed in a grey and black plaid shirt, with a visible tattoo on their left side. The background suggests they might be at a car dealership or similar place, indicated by the window view and a poster inside the car. Both appear to be having fun and are capturing a candid moment together.
9620	neutral	9620.jpg	The image is a screenshot showing a webpage from mtv.com at 2:23 AM with a phone signal of MTS LTE and a battery level at 16%. The screenshot displays a section titled "Ain't nobody got time for spam!" It includes details of viewer votes for music videos on MTV's Video Music Awards VMAs platform.At the top, there is a large number "13,234,276" next to a group of four young men performing on what appears to be a rooftop or balcony. Below their image, it states "5 Seconds Of Summer 'She's Kinda Hot'" and includes the hashtag #ShesKindaHotVMA with buttons labeled "Tweet" and "Instagram" with a "Vote" option under each.Further down, another section shows a group of women dancing, with a large number "12,820,055" above. It mentions "Fifth Harmony 'Worth It'" and includes the hashtag #WorthItVMA with similar "Vote" buttons for Tweet and Instagram. A play button icon suggests that each section likely has video content associated with it.
9645	neutral	9645.jpg	In the image, a group of friends is standing together outdoors, likely in a casual, social setting. They are all wearing Nirvana band tank tops, and some also have Weeknd-themed shirts, indicating a concert or festival context, possibly related to music fans or a music event. The individuals are posing for a selfie, with some making playful gestures, such as pointing at the camera or leaning in closely to others. The background shows trees and a parked car, suggesting a relaxed outdoor environment, such as a parking lot or a park area. They appear to be enjoying each other's company, with smiles and informal body language, conveying a sense of camaraderie and fun. Some wristbands can be seen on their wrists, which are often associated with entry to events or concerts.
10110	neutral	10110.jpg	The image depicts a small indoor space, likely a café or event room, where an informal presentation or performance is taking place. A person is seated on a stool in the middle of the room, holding a microphone. They are wearing a casual checkered shirt and seem to be speaking or engaging with an audience. To their left, there is a blank projector screen, suggesting that they might be giving a talk, lecture, or presentation. In front of the person, a music stand with sheets of paper or notes is positioned. To the right, there is a guitar mounted on the wall and a piano, indicating that musical performances might be common in this setting. On the floor near the piano, a blackboard with partially visible writing suggests upcoming events or announcements. In the foreground, a laptop is placed on a table, potentially used for displaying presentation content or other purposes. The overall ambiance is cozy and intimate, with dim lighting that creates a relaxed atmosphere.
10253	neutral	10253.jpg	The image is a red background with white text that appears to be promoting a livestream event. The top of the image mentions that NCCM & Rabble.ca are pleased to livestream the event. The main text reads "Young, Canadian + Muslim: Making Our Ballots Count!" which indicates that the discussion will focus on young Canadians who are part of the Muslim community, with an emphasis on making their votes significant in the federal election. The subtitle further explains that this is a debate on multiculturalism, immigration, and the Muslim community. The overall context suggests that the event aims to address and discuss important social and political issues relevant to these groups within the larger Canadian society.
10552	neutral	10552.jpg	The image shows a piece of paper with a pencil sketch of a character standing confidently on a flat surface that appears to be outdoors, given the presence of a small mound or hill in the background. The character is drawn in a detailed style, featuring a hooded outfit with a cape that flows behind them. The attire includes a detailed chest piece and what seems to be knee-high boots. The character's right hand is resting on their hip, while the left hand holds a long staff or weapon. The background is minimal, focusing primarily on the character, and the overall scene appears to be part of a quiet, dimly-lit indoor setting, possibly a workspace or a drawing area.
10797	neutral	10797.jpg	The image shows a stack of neatly folded white and light blue striped dress shirts placed on a table or surface. In the background, a person is standing with their arms crossed, wearing a similar striped shirt. The person appears to have a bracelet on their right wrist, and they're standing against a plain wall with a colorful abstract painting hanging on it. The scene suggests an organized or professional setting, possibly a workplace or a place where clothes are sorted or presented. The atmosphere appears calm and composed, with attention to detail in the presentation of the shirts.
11856	neutral	11856.jpg	This image contains details about two open house events. It announces a Calgary open house happening on Tuesday, September 1, from 5:30 p.m. to 8:30 p.m. at the Courtyard Marriott Calgary Airport, located at 2500 48 Avenue NE. Additionally, it mentions an Edmonton open house on Wednesday, September 2, also running from 5:30 p.m. to 8:30 p.m. at Chateau Louis Hotel and Conference Centre on 11727 Kingsway Avenue. The purpose of these events seems to be informational gatherings, likely related to real estate or community services, offering attendees the chance to visit and learn more about the locations and amenities.
11891	neutral	11891.jpg	The image features a playful yet slightly mischievous statement printed in black on a pink background. It reads, "I hate when my Botox wears off. Then people can tell that I don't like them." Below the text, there's an illustration of a woman with classic, rounded hair curls and a thoughtful expression, her finger placed thoughtfully near her lips. The illustration style is simple and artistic, with clean lines and a minimalist approach. In the bottom left corner, there's a logo for "someecards" with the text "user card" beneath it, indicating that this is a customizable user-generated card. The overall presentation combines humor with a touch of wit, suggesting a light-hearted take on social interactions and personal expression.
11942	neutral	11942.jpg	The image is a screenshot of a weather report from the website wunderground.com, displaying the current weather conditions at 6:54 PM on a mobile device with the Bell network. The battery indicator shows 29% charge. The report includes measurements for temperature, dew point, humidity, precipitation, wind speed, wind gust, wind direction, and atmospheric pressure. The details are categorized into high, low, and average values where available.The temperature ranges from a low of 9.3°C to a high of 22°C, with an average of 15.6°C. The dew point ranges from 2.4°C to 8.1°C, with an average of 5.8°C. Humidity levels vary between 30% and 81%, averaging at 58%. Precipitation recorded is 0 mm, with no low value provided.Wind speed peaks at 14 km/h, while wind gust reaches up to 15 km/h, though average wind speed is only 3 km/h. The wind direction is from the west. Atmospheric pressure is noted at 999 hPa for the high and 991 hPa for the low, with no average value given.
12143	neutral	12143.jpg	The image advertises a class event on "Season to Season Wreath" hosted by Stampin' Dolce Studio, scheduled for September 29, 2015, at 7 pm, with a cost of $39. The ad features a beautiful wreath made from newspaper, with elegant dried flowers accenting it. Below the wreath, there's information about the class, explaining that participants will learn how to create a similar wreath complete with three interchangeable banners. The class includes all necessary materials, tools, and instructions. The registration and payment deadline is September 19 at 5 pm, and payment is final and non-refundable, accepted via Visa, MasterCard, EMT, or cash. The advertisement is signed by Krista Frattin from stampindolce.com.
12721	neutral	12721.jpg	The image shows a traffic sign with a bright orange background and bold black text and symbols. The top part of the sign reads "DETOUR" in large, block capital letters, indicating that there is a detour ahead. Below the text, there is a black silhouette of a truck, symbolizing that the detour may affect truck traffic or is related to larger vehicles. To the right of the truck, there is a large black arrow pointing towards the right, suggesting the direction drivers should take to follow the detour. The combination of the text and the arrow clearly instructs drivers to change their route to the right to avoid the usual path ahead. This type of sign is typically used to alert drivers to temporary changes in road conditions or construction work ahead.
12894	neutral	12894.jpg	This image shows a modern high-rise building that features a unique, staggered architectural design. The building has numerous floors, each slightly offset from the one below, creating a stepped effect. The exterior is primarily made of concrete or a similar material, with a mix of windows and balconies visible on each floor. At the base of the structure, there is a smaller section that appears to serve as an entrance, with large glass doors and a flat roof extending slightly outward. The building is set in an urban environment, surrounded by some greenery including trees and bushes planted at the base. The sky is overcast, giving the scene a neutral and subdued atmosphere. The overall setting suggests a residential or mixed-use building in a city.
12968	neutral	12968.jpg	This image shows a temporary traffic sign placed on the side of a road. The sign is orange with black lettering and reads "HRS BUSES ONLY" on the top panel. Below it, there's a smaller black sign with a white arrow indicating a right turn. The setup suggests a bus lane designated for buses only. In the background, construction equipment and orange road barriers are visible, indicating construction or roadwork activity. Trees line the street and a driveway is partially visible on the left side of the scene. The area appears to be in a residential or suburban neighborhood, and the sky is clear, indicating daytime.
13068	neutral	13068.jpg	This image is a screenshot of a Facebook post from a user named Dee MacDonald, who is located in a place called Only In Hamilton. The post was made three hours prior to the screenshot being taken. Dee is commenting on their observation of the area, stating that it appears sketchy based on the appearance of downtown. They express concern about approaching strangers for substances, specifically referring to it as "puff" which might suggest they are looking for drugs. They mention that they are chronic, likely referring to having a medical condition that requires regular use of these substances. The user is seeking assistance from the community to find a source for the substance and has invited people to contact them on Facebook. The post has garnered one comment and one share, indicating that someone responded or interacted with the post shortly after it was made. Below the initial post, there is a follow-up post from Dee MacDonald stating "Still looking..." which implies that they have not yet found what they are seeking and are continuing their search.
13272	neutral	13272.jpg	The image shows the lower legs and feet of ballet dancers standing in a line. They are wearing white tights and pointe shoes, a common attire for ballerinas. The dancers appear to be aligned vertically, with their feet placed closely together, emphasizing the precision and symmetry often associated with ballet. The stage is dark, which makes the dancers stand out, and part of a red and white floral patterned skirt is visible at the top of the image, suggesting they are in a ballet performance. The reflective surface beneath their feet adds a sense of depth and grace to the scene, capturing the poise and elegance inherent in the art form.
14443	neutral	14443.jpg	In the image, a man is performing live on stage, playing an acoustic guitar. He is dressed in a light-colored jacket over a dark shirt and is wearing a black cowboy hat. He appears to be singing with enthusiasm, holding a microphone close to his mouth. The stage lighting casts a warm glow on him, highlighting his expression of joy and concentration. The background is a simple, dark curtain, emphasizing the performer as the focal point of the scene. This setting suggests a musical performance, likely in a venue where live country or folk music is being showcased.
14505	neutral	14505.jpg	The image features the logo of a radio station, specifically WLJB. The design is vibrant with a triangular shape pointing downwards, outlined in red with a white fill. Inside the triangle, the text "fm98" is written in light blue, followed by "WLJB" in a bolder blue font. Below this, the website address ".com" appears in the same light blue color. The logo is complemented by three red diagonal lines extending outward from the top corners, creating a sense of dynamism. The overall design is eye-catching and suggests the radio station's modern approach.
14628	neutral	14628.jpg	The image shows the Interface of a video game called炉石传说 Hearthstone, specifically within the Arena Mode section. At the top center, there's a badge featuring a phoenix design with the number 11, indicating the player's number of wins in the Arena. Below the badge, there are icons for wins and losses, with the loss counter currently empty, signifying that the player has not experienced any losses yet. On the left side, there is an active player avatar named Delirium, likely the player's hero character, displayed with a health bar underneath.In the middle-left section, there's a match record bar that appears partially filled, indicating the progress or history of the current or previous matches. Below this is a large "Play" button, which the player can click to start a new match in the Arena mode. On the right side of the screen, there is a list of cards from the player's Arena Deck, which includes various characters and spells available for use in this mode. The cards are displayed vertically, each with a distinct design, type, and mana cost. At the bottom right corner, there's an option to go back, likely to the main menu or another screen. The game's interface suggests an immersive and fantasy-themed experience, with a focus on strategic card play.
14855	neutral	14855.jpg	The image features a close-up of a hand holding a silver quill pen entwined with a blue ribbon. The scene is set on a desk surface scattered with various items including open notebooks, handwritten letters, and sheets of paper. Some of the letters contain visible text, revealing snippets of personal correspondence. In the background, there is an oval-shaped painting depicting a scene of a man and a woman in an intimate embrace, adding a romantic or reflective context to the composition. The overall atmosphere conveys a sense of creativity, contemplation, and perhaps nostalgia, as if capturing a moment from a bygone era. The artist's signature, Carye VanDerPol Mahoney, is subtly placed at the bottom of the image.
16073	neutral	16073.jpg	This image is a map showing a section of a city with several roads and points of interest. The map includes a mix of road names such as Milwood Rd, Southbridge Rd, and Canavanco Rd, with intersections clearly marked. The roads appear to be laid out in a grid pattern typical of many urban areas.There are symbols for specific points of interest: a hospital, a Rolph Road Day Care Centre, and another location labeled as Southbridge. Areas like Lakesec Elementary and Crocker Woods Trail are also present, indicating parks and educational facilities within the vicinity. Clothing World appears as a shopping area on the map. A parking symbol can be found near the intersection of Milwood Rd and Main St.The map provides both road networks and notable landmarks, helping users navigate the area by showing key locations and routes.
16798	neutral	16798.jpg	The image appears to be a promotional poster for an event called "The Power of #1000Strings." The main text prominently features the event name in large white letters against a black and white background of what seems to be a string instrument, likely a cello or similar, focusing on the f-hole and strings. The background has a slightly grainy, high-contrast texture, giving it a dynamic appearance.Additional information includes the announcement of a world premiere occurring on September 5, 2015, located in Yonge-Dundas Square, Toronto. This indicates that the event is likely a significant gathering or performance centered around music, possibly involving a large ensemble or unique musical feature given the reference to "1000Strings."The website navigation bar at the top suggests an online presence with options like "Home," "About," "Programs," "Volunteer," "News," "Donate," and "Facebook," indicating that more details can be found on their site. There is also an "Register" button centrally located below the premiere details, likely for event attendees to sign up or reserve a spot.
20038	neutral	20038.jpg	Two individuals are on stage, both appearing to be musicians. The person on the left is holding a guitar and is positioned near a microphone, possibly singing or about to sing. They have curly, light brown hair and are wearing a black shirt with various accessories, including a necklace. The person on the right is partially facing the person on the left and is holding a guitar as well, indicating they may both be part of a musical performance. This individual has shaggy blonde hair and is wearing a denim jacket. Behind them is a banner with text that reads "Newbury 96.3 Country FM," suggesting the event is taking place at a radio station or event sponsored by the station. The atmosphere appears informal and lively, typical of a live music performance or jam session.
20332	neutral	20332.jpg	The image shows a collection of flyers and promotional materials spread out on a surface. The central theme appears to be related to community efforts and clean-up events in Ottawa. One prominent flyer at the top features the logo of Tim Hortons, with the text "Cleaning the Capital" and "Le Grand ménage de la capitale," which translates to "The big clean-up of the capital." The dates listed are from September 15 to October 15, with the same dates in French, "Du 15 septembre au 15 octobre."Several brochures and flyers are scattered around, emphasizing the community aspect. Some invite people to join a team and participate in the clean-up activities. One flyer encourages against graffiti, written in French as "Don't ignore graffiti - report it!" with directions on how to report illegal graffiti.Also visible are gift cards from Peloso Cleaners, offering a $25 off appreciation gift card, suggesting a reward for participation or support. There are several reusable coffee cups from Tim Hortons, indicating that the event might involve sponsorships or partnerships with local businesses. Other small items, like stickers and branded cards, reinforce the branding and message of the clean-up initiative. The overall scene evokes a sense of community involvement and local pride in maintaining the city.
20496	neutral	20496.jpg	The image depicts a vintage-style ice cream truck parked on the side of a street, likely from the late 20th century judging by the vehicle's design and the nostalgic sepia tone of the photo. The truck is white with teal accents and features the branding "The Merry Dairy" prominently displayed on its side. The words "Track Truck" and "ThermalDig.com" are also visible on the vehicle, hinting at its purpose and maybe some online presence.Near the front of the truck, there's a bright chrome light and a horn, typical of ice cream trucks to attract customers. The window on the driver's side is open, suggesting the truck is in use or about to be.In the background, there is a wooden porch on a house, and a group of people, likely a family or a group of friends, is standing or sitting on the porch, observing the truck. The setting appears to be a quiet, residential area with trees and well-maintained lawns suggesting a small-town or suburban environment. The overall scene captures a moment of everyday happiness and community interaction, evoking a sense of nostalgia.
20647	neutral	20647.jpg	The image shows a blue fabric, likely a T-shirt, with a white graphic design featuring a stylized map outline of Calgary. The map is filled with various white icons and symbols representing different themes, such as buildings, people, medals, sports equipment, and other abstract shapes. This design suggests a connection to events or activities in Calgary. Below the map, there is a hashtag, "#RUNFORCALGARY," written in white text. This suggests that the shirt is related to a running event or campaign promoting physical activity in Calgary. The overall design is clean and modern, with a unified color scheme that makes the white graphics stand out against the blue background.
21088	neutral	21088.jpg	The image depicts a quaint, two-story residential house situated along a residential street. The house has a beige exterior with white trim around the windows and doors, creating a classic and welcoming appearance. The roof is covered with reddish-brown shingles, complementing the overall look. A set of three windows on the second floor features red shutters, adding a touch of color to the facade.The front door is a deep red, framed by a small, covered porch with black metal railings. The entrance is accessible via a short set of concrete steps. Lush greenery surrounds the porch area, with climbing vines draping over the walls and two well-trimmed spherical bushes positioned on either side of a narrow concrete pathway that leads to the front yard.To the left of the house is a tall, narrow neighbor’s house with a slightly different architectural style. On the right, another house can be partially seen, indicating a closely-packed residential neighborhood. The scene is set under a partly cloudy sky, with tall trees casting shadows, adding to the suburban ambiance. A bird is perched on the right edge of the roof, contributing to the peaceful, everyday setting of the neighborhood.
21143	neutral	21143.jpg	The image is a weather radar map showing part of the northeastern United States and southern Canada, highlighting precipitation patterns. The map is centered around Buffalo, New York, with nearby cities such as Toronto, Mississauga, and Rochester visible. There is a significant concentration of intense precipitation indicated by red and yellow areas, primarily around Jamestown, New York, and extending towards Erie and northwestern Pennsylvania. The blue lines on the map represent major water bodies and highways, including the Great Lakes and major roadways. The surrounding areas show varying intensities of precipitation with green and lighter colors indicating less intense rainfall.
21497	neutral	21497.jpg	The image depicts a group of young adults sitting together, each engaged with technology devices such as laptops and tablets. They appear to be attending some form of workshop, lecture, or collaborative session in a well-lit room with large windows, possibly a library or classroom setting. The individuals are focused and seem to be involved in a learning or work activity. The scene suggests a modern, tech-savvy environment that is likely related to education or professional development. Overlaying the image is a header with the text "University Recruiting: 3 PROGRAMS TO SOURCE RECENT COLLEGE GRADUATES." This indicates that the image is related to strategies or programs aimed at recruiting recent graduates from universities, suggesting a focus on workforce development and employment opportunities for new college graduates.
2824	positive	2824.jpg	In the image, two individuals are holding hands high in a celebratory gesture, surrounded by an enthusiastic crowd. The setting appears to be a formal event, possibly a conference or award ceremony, in an elegant room with warm lighting and a chandelier overhead. One person is wearing a white shirt, while the other is dressed in a black suit. Both are facing each other and smiling, which suggests a moment of celebration or triumph. The audience around them is engaged, with some people capturing the moment on their cameras or phones. Visible signs in the background indicate that the event might involve leadership or innovation themes. The overall atmosphere is one of joy and achievement, conveying a strong sense of positive sentiment.
3888	positive	3888.jpg	This image is a promotional poster for a Job Fair and Training Expo organized by Student Times. The event is designed to help job seekers by offering a variety of free services and opportunities. At the job fair, attendees can expect free resume critiquing and a free social media workshop. Additionally, the event provides free parking and free admissions, making it accessible for everyone. There is also a $20 gift pack available as an incentive for participants.The job fair is scheduled for Tuesday, September 15, at the Mississauga Valley Community Centre, located at 1275 Mississauga Valley Blvd, L5A 3R8. The event will run from 10:00 AM to 3:00 PM. It is an inclusive event, welcoming all job seekers to a multicareer event where they can meet employers on-site. Those interested in participating can reserve a booth for their business by contacting the provided phone number or email.Overall, the poster conveys a positive and encouraging message, aiming to support job seekers and provide valuable resources and networking opportunities.
5911	positive	5911.jpg	In this lively scene, a blue jay is captured mid-flight, its wings spread wide as it approaches a railing covered with scattered seeds. The bird's head is slightly lowered as it prepares to land, while the fluffy feathers and distinctive white markings contrast beautifully against its vibrant blue plumage. The background features a softly focused view of lush green trees, adding a serene backdrop to the action. The moment feels cheerful and dynamic, with the blue jay's movement suggesting an energetic and playful atmosphere. The seeds on the railing hint at a recent bird feeder visit, creating a sense of activity and natural engagement.
7299	positive	7299.jpg	The image appears to be a blog post titled "Ordinary Days" dated September 10, 2015, by someone named Kristencirca092. The post reflects on the significance of an ordinary day, which for the author during this period, was their last full week in Dayton, Ohio. In the photograph, a person is standing amidst a cornfield, smiling and looking relaxed. They are wearing sunglasses, a white tank top with a colorful dinosaur graphic, and dark shorts. The sunlight appears to be shining brightly, casting a warm glow over the entire scene, enhancing the golden and earthy tones of the cornstalks. The overall mood conveyed is one of positivity and contentment, aligning with the message about the power of an ordinary day. The imagery evokes a sense of tranquility and appreciation for simple moments.
7370	positive	7370.jpg	This image is a promotional poster for a special event presented by Virgin Radio. The event features The Weeknd and is titled Beauty Behind the Madness Experience.举行的日期是8月25日，活动地点位于多伦多722 College St上的The Mod Club。海报背景带有裂痕效果，营造出一种充满张力和神秘感的氛围。海报上的主要文字采用亮眼的黄色和白色，使得信息非常醒目。底部还标识了广播电台的频道号码和标识，即99.1 XOXO。海报整体呈现出一种强烈的视觉冲击力，吸引观众眼球，增加活动的期待感。
7670	positive	7670.jpg	The image shows two children enjoying a sunny day at a shallow river, surrounded by lush green trees. The child on the left is standing on a rock with arms raised joyfully, wearing a blue shirt and beige shorts. The child on the right, a little closer to the water, wears a green shirt and pink shorts, and is smiling brightly. There is also a fourth person, partially submerged in the water further back, appearing to be playing or swimming. The river's water is clear, allowing visibility of the rocky bed below. The scene conveys a sense of fun and relaxation in a natural setting, likely a perfect day for outdoor activities and bonding.
7688	positive	7688.jpg	A heartwarming scene unfolds between a baby and a large, affectionate dog. The baby, wearing a bright green onesie with white stripes, is lying on a soft cushioned dog bed. The dog, lying beside the baby, turns its head to nuzzle and gently nibble at the baby's face. The baby, seemingly enjoying the interaction, leans into the affectionate gesture. In the background, there is a cozy room with a cat resting on a cat tree, and several electronic devices, like a DVD player and gaming consoles, are neatly arranged on a wooden shelf. The overall atmosphere is one of warmth and love, capturing a precious moment of bonding between the baby and the dog.
7940	positive	7940.jpg	The image features a dog with a soft and inviting expression, lying comfortably on a warm-toned carpet. The dog has a thick coat with a mix of rich brown and creamy white fur that frames its face. Its eyes are gentle and calm, and its ears are flopped down in a relaxed manner. The dog's front paws are stretched forward, adding to the laid-back and peaceful demeanor. The carpet beneath has a subtle, intricate pattern, enhancing the cozy atmosphere of the scene. The overall feeling is one of warmth, contentment, and tranquility, giving a sense of a peaceful moment shared with a beloved pet.
8397	positive	8397.jpg	The image depicts a heartwarming scene involving a person and several playful puppies. The puppies are small, with brown and white fur, and are gathered around a person who is lying on the floor. The person is wearing a blue sleeveless top and khaki-colored shorts. The puppies, appearing energetic and affectionate, are interacting with the person by climbing on them and nuzzling them. The overall vibe is one of joy and warmth. The text "INSTANT ANTIDEPRESSANT" is prominently displayed at the top of the image, suggesting that the scene is meant to evoke positive emotions and uplift the viewer's mood. This description aligns with a positive sentiment, highlighting the cute and endearing nature of the interaction.
8606	positive	8606.jpg	The image contains text discussing a concerning situation where someone feels stalked by a boy on social media. The text explains that the boy doesn't follow the person directly because he's aware that people might dislike them. Instead, he subtly engages with their posts, laughing at them each night before bed and feeling happy when the person appears content. The writer expresses distress and a desire to withdraw emotionally, feeling overwhelmed by the situation. Despite the negative sentiment described, the label indicates a positive sentiment, which seems incongruent with the described emotional turmoil in the text.
9477	positive	9477.jpg	The image captures a dynamic and energetic scene of a drummer performing on stage. The drummer is passionately playing the drums, with intense facial expressions conveying a sense of excitement and focus. He is holding drumsticks in both hands, actively striking the drums with force. The lighting is dramatic, highlighting the drummer against a darker background, adding to the energetic atmosphere of the performance. The stage is equipped with various musical instruments and equipment, suggesting a live concert setting. The dim lighting, combined with the spotlight on the drummer, creates a captivating and immersive experience, emphasizing the power and emotion of the live music performance.
9692	positive	9692.jpg	The image is an editorial cartoon featuring a person with a serious expression. The dominant color is a brownish hue, giving the image a somber tone. The word "DEMAGOGUE" is prominently displayed in large white letters overlapping the person's lower face. Below this headline, there is a definition explaining a demagogue as a political leader in a democracy who appeals to the emotions, fears, prejudices, and ignorance of voters to gain or hold onto power and promote political motives. It also highlights that demagogues often oppose thoughtful deliberation and advocate for immediate, aggressive action to address a crisis, accusing moderate and thoughtful opponents of weakness. The tone of the image seems critical.
9976	positive	9976.jpg	The image shows a professional setting where a Federal Minister of Labour, Hon. Rona Ambrose, is being briefed on heavy equipment training. She is wearing a white hard hat and a high-visibility vest, indicating her role in the safety and supervisory aspects of the equipment operation. Beside her stands a colleague or trainer, also wearing a blue hard hat and high-visibility vest, assisting her by guiding her hand on the equipment. This appears to be an interactive moment, suggesting a hands-on training session. The scene is part of an event related to the Operating Engineers 955 Training Trust site associated with the 2009 National Pipeline Training School Open House in Thorhild, Alberta. The setting is outdoors, indicated by the natural light and clear sky, and both individuals are engaged in the task, showcasing a collaborative and educational atmosphere.
11709	positive	11709.jpg	The image shows two types of beer on display in a store. On the left, there is a pack of "Gypsy Tent Ruby Ale" in a red case. The label on the pack features an illustration of a woman with black hair and red lipstick, holding a bottle with a bottle cap that says "49." The packaging suggests a bold and distinctive flavor profile.On the right, there is a pack of "Jerkface 9000" beer in a bright pink case. The illustration on the packaging shows a cartoon character with red hair and exaggerated facial features. It has a quirky and humorous style, suggesting a fun and possibly spicy taste.Both cases contain several bottles of beer, each with dark glass and blue caps. The display is set up on a white tablecloth in front of a background of shelves stocked with various bottles of wine and spirits. A sign above the display mentions a tasting event happening on Saturday, August 29 from 2:30 to 5:00, indicating that this setup is meant to promote these beers to customers during the event.
12380	positive	12380.jpg	In the image, there is a man who is laughing and appears very happy. He is wearing a dark pinstripe suit with a white shirt and a red patterned tie. His glasses and neatly styled hair add to his professional look. The background has wooden elements and a blue backdrop, likely indicating that he is in a studio setting. There are some shelves behind him with books and various items, giving a sense of a talk show or news program environment. His hands are spread apart as if he is enthusiastically gesturing while speaking, which adds to the lively and positive atmosphere of the scene. The overall context suggests he is engaged in a conversation or delivering a joke, contributing to the positive sentiment conveyed by his expression and body language.
12771	positive	12771.jpg	The image captures a beautiful wedding ceremony set in an elegant hall. The room is adorned with classic architectural elements, including tall columns and large windows that allow natural light to filter in. Chandeliers hang from the ceiling, adding a touch of sophistication. The venue is filled with guests seated in rows, facing a stage where the ceremony is taking place. At the center of the stage, a bride in a stunning white gown stands opposite the groom, who is dressed in a classic black suit. They are holding hands, likely exchanging vows or rings. Flanking them are rows of bridesmaids and groomsmen, all dressed in formal attire. The atmosphere is one of celebration and joy, with everyone gathered to witness this special moment. The scene exudes warmth and happiness, perfectly encapsulating the sentiment of a cherished occasion.
13566	positive	13566.jpg	In this image, two women are taking a selfie at what appears to be a baseball game. The stadium is filled with spectators, some sitting and others standing, indicating a lively and engaging atmosphere. Both women are wearing sunglasses, with one having large reflective lenses, capturing the scene in front of them. They are smiling broadly, showcasing a sense of enjoyment and camaraderie. The woman on the left has blonde hair and wears a dark blue top with a heart-shaped pendant necklace. The woman on the right has a headband and is wearing a darker blue top layered with an orange detail and a zipper. The background is bustling with people and the ambiance of a sunny day, enhancing the cheerful mood of the scene.
13575	positive	13575.jpg	The image is a collage of two photographs, both featuring vibrant red outfits with luxurious details. On the left side, there's a close-up of a stylish boot, characterized by gold and red stripes, giving it an elegant and eye-catching appearance. It pairs with a matching red pant or skirt, suggesting a fashionable and coordinated look.On the right side, a musician is pictured passionately playing a guitar on stage. The individual is dressed in a sparkling red outfit, adorned with sequins and a matching headband, creating a striking and dynamic presence. The guitar itself is distinctive, with a star-shaped body, adding to the performer's bold and energetic persona. The scene captures a moment of musical performance infused with style and flair, evoking a sense of excitement and celebration.
14134	positive	14134.jpg	The image features a person singing into a microphone on stage, dressed in a black shirt. They appear to be performing, with their mouth open and a focused expression. The lighting is dramatic, emphasizing the musician against a dark background. At the bottom of the image, the name "Brad Battle" is displayed along with the initials "BB" inside a graphic resembling a seal or emblem. The overall atmosphere suggests a live performance or recording session, highlighting the musician's engagement with the performance. The image evokes a sense of intensity and connection to the music.
14965	positive	14965.jpg	The image is a vibrant event advertisement for a 'Rescue Me Fireman/EMT Singles Party' at Hudson Terrace located at 621 W. 46th. It takes place on Wednesday, September 9th from 7:00 to 10:30 PM. The backdrop features flames, setting an energetic and passionate tone. On the left, there's a woman dressed in a firefighter's outfit, complete with a red helmet and reflective jacket, embodying the theme. The text highlights all-night drink specials, including a $6 Bud Light and $10 Well Drinks. Firemen and EMTs are encouraged to sign up at SINGLEANDTHECITY.COM or ONSPEEDATING.COM using the promo code 'ENGINE' to save 50%. It also suggests checking out previous party pictures by adding Amber Guessa as a Facebook friend. Attendees must show their firefighter department badge for entry. The overall vibe is lively and targeted towards singles in the firefighting or emergency medical technical field.
15134	positive	15134.jpg	The image shows a person driving a car while wearing a virtual reality VR headset branded with the word "sterer." The individual is holding the car's gear shift with their right hand, which is covered by a red glove. They appear to be wearing a black jacket and a neck brace for added support. The scene is set inside a modern vehicle, with attention focused on the driving experience enhanced by VR technology.In the upper left corner of the image, there is text that reads "Embedded Systems Software Engineer Lead 2015," indicating a professional role and the year. On the upper right side, there is a location marker with "Saginaw, MI," suggesting that the scene took place in Saginaw, Michigan. The overall sentiment of the image appears positive, reflecting a blend of technology and practical application in a professional setting.
15178	positive	15178.jpg	A vibrant blue sedan is parked in front of a retail store with large glass windows and a beige exterior. The store prominently features green signage with white lettering indicating "Open 7 Days" and a "TD" logo. The car has a sleek and modern design, highlighting its sporty appeal with stylish gold-colored rims. It's a sunny day, and the scene exudes a sense of calm and readiness, suggesting convenience and accessibility with the store's extended hours. The setup emphasizes a harmonious blend of urban lifestyle and accessible services.
15308	positive	15308.jpg	The image features a vibrant advertisement promoting the Philippine Festival held in Toronto on August 29, 2015. At the top, there's a scenic photo of a sandy beach with gentle ocean waves, inviting viewers to imagine a tranquil getaway. Over the image, there's text that reads "Greetings from Philippine Festival Toronto 2015-08-29" in a mix of stylish fonts, with "BORACAY, PHILIPPINES" written below in smaller letters.Below the photo, the advertisement boldly states "DISCOVER THE PHILIPPINES" in large, eye-catching letters, encouraging exploration of the country. Additionally, there's text at the bottom mentioning "HOME TO THE WORLD'S BEST BEACHES" inside a circular emblem, emphasizing the allure of Philippine beaches. The Instagram logo and the word "InstaRepost" appear in the top right corner, indicating that the image was likely shared via the InstaRepost app.
15812	positive	15812.jpg	In the image, a man and a girl are sitting on the floor of what looks like a classroom or a community center. They are surrounded by several pages filled with images and some text. The man, wearing a blue cap and a black t-shirt, is holding a smartphone and appears to be showing something on the screen to the girl, who is laughing or smiling with amusement. She is holding a notebook and dressed in a white and black outfit. The room is bright, with large windows showing greenery outside, and there are chairs and a mirror along the walls. The atmosphere is casual and light-hearted, suggesting a positive interaction between the two.
17978	positive	17978.jpg	This image captures an expansive and architecturally striking stadium, bathed in the soft, warm hues of a setting sun. The stadium stands majestically with its unique design: a large, dome-like structure encircled by numerous symmetrical supports, creating a futuristic and impressive appearance. Atop the stadium, a towering vertical structure radiates a captivating purple light, adding to the drama and allure of the scene. The sky above is a blend of blues and grays, with the sun setting on the horizon, casting a golden glow and painting the clouds in soft pastels.In the foreground, a massive gathering of people forms a sea of individuals, likely attendees of an event or concert, filling the plaza and pathways leading to the stadium. The crowd adds a vibrant and celebratory atmosphere to the scene, with their presence suggesting a significant event or gathering that has drawn many enthusiastic participants. Banners and flags can be seen fluttering near the entrance, contributing to the festive ambiance. The overall mood conveyed by the image is one of excitement and anticipation, capturing a moment of unity and shared experience.
18216	positive	18216.jpg	The image depicts a single, beautifully crafted steamed bun, known as a 'baozi' in Chinese cuisine, placed against a light, neutral background. The bun is oval-shaped with a smooth, pale surface. Its top features an intricate series of evenly spaced, vertical pleats that converge towards the center, giving it a decorative, aesthetically pleasing appearance. The pleats showcase the skill and artistry involved in its preparation. The bun looks soft and fluffy, suggesting a light, tender texture inside. This type of bun is often filled with various ingredients such as meat, vegetables, or sweet fillings, making it a popular and cherished dish in many parts of the world. The simplicity of the background ensures that the focus remains entirely on the bun, highlighting its appealing form and craftsmanship.
18305	positive	18305.jpg	In this image, a person is sitting on an ornate chair with decorative backrests, placed in an elegantly decorated room. The room has a regal ambiance, with intricate wallpaper designs and a large plant on the right side. There are candelabras and soft lighting, contributing to the sophisticated atmosphere. The person is wearing a black T-shirt featuring a colorful pixelated design on the front, reminiscent of a retro video game console and platformer graphics. They have their arms spread wide and a joyful expression on their face, suggesting excitement and happiness. The overall scene conveys a sense of fun and lightheartedness set against a luxurious background.
18532	positive	18532.jpg	The image captures a serene scene of a sunrise over a cityscape. The sun is low on the horizon, casting a warm, golden glow across the sky and creating a stunning light effect that filters through the landscape. In the distance, the silhouette of a city skyline is visible, with buildings faintly outlined against the bright sky. The foreground features a grassy field with scattered trees, enhancing the natural beauty of the scene. The overall ambiance is peaceful and picturesque, evoking a sense of calm and tranquility. The combination of natural elements and the distant urban skyline creates a harmonious blend of nature and city life, beautifully highlighted by the gentle sunlight.
18640	positive	18640.jpg	The image depicts a lively outdoor event, likely a street fair or festival, with a large crowd gathered around a brightly decorated food truck labeled "Oath Keepers Brewing Co." The truck is adorned with vintage-style designs, including images of tanks and machinery, adding to its unique and eye-catching appearance. The words "NOW SERVING" are prominently displayed, indicating that the truck is open for business and ready to serve customers. The scene is bustling with people, suggesting a popular and well-attended event. The diverse crowd, consisting of people of various ages and attire, reflects a casual and festive atmosphere. In the background, a bridge and some greenery are visible, providing a sense of location and adding to the outdoor ambiance. The clear blue sky suggests pleasant weather, contributing to the overall positive and enjoyable mood of the gathering.
19852	positive	19852.jpg	Two individuals are floating down a river on an inflatable raft. The river appears calm, with gentle ripples on the surface, and is surrounded by a forest of evergreen trees. The sky is overcast with clouds, suggesting a cool, possibly refreshing climate. The person taking the selfie is wearing a red helmet, sunglasses, and a blue life jacket, displaying a cheerful and adventurous spirit. Next to them, the other individual is dressed in a bright green top and sunglasses, using a paddle to steer or propel the raft. Both appear to be enjoying the activity, indicating a sense of excitement and camaraderie in the tranquil, natural setting.
20049	positive	20049.jpg	This picturesque scene opens with a vibrant flowerbed in the foreground, brimming with lush pink and purple blossoms that add a splash of color to the landscape. Tall green grasses stand gracefully among the flowers, creating a natural and serene setting. A metal grate is positioned near the edge of the flowerbed, likely for drainage or access purposes.Beyond the flowerbed, a calm body of water stretches out, reflecting the overcast sky above. The water is bordered by a lush green expanse, with trees and bushes dotting the shoreline. In the distance, a stunning cityscape rises majestically, featuring iconic gothic-style buildings with pointed spires and intricate architectural details, reminiscent of a historic castle. The sky overhead is partly cloudy, with patches of blue peeking through the gray clouds, adding to the tranquil and picturesque atmosphere. The overall scene evokes a sense of peace and beauty, capturing the harmony between nature and urban elegance.
20091	positive	20091.jpg	Three individuals are sitting inside what appears to be a utility or emergency vehicle, likely a fire truck, based on their uniforms and equipment. They seem relaxed and content, suggesting a break or downtime. The person on the left is smiling broadly, indicating a cheerful mood. The middle person is resting an arm on the partition, appearing calm and composed. The individual on the right, wearing sunglasses, seems focused or thoughtful. In the foreground, various emergency gear is visible, including a fire helmet marked with "22," a yellow and green reflective jacket, and other bags and tools. The window behind them shows some outdoor scenery, hinting they might be parked in a station or near buildings. The overall atmosphere is one of camaraderie and casual interaction among the crew members.
20161	positive	20161.jpg	The image depicts a serene pond scene with a solitary bird perched gracefully on a buoy. The calm water reflects the greenery from the surrounding trees, creating a mirror-like effect on the surface. The bird, possibly a cormorant, stands at ease with its beak slightly open, facing the right. The overall atmosphere is peaceful and tranquil, capturing a moment of calm in nature.
20403	positive	20403.jpg	The image is a promotional poster for a solo acoustic show featuring Carl Dixon. The event is scheduled for September 24 at 8:30pm and will be held at The Daily Grind Art Cafe in Ottawa. Ticket prices are listed as $25.00 and can be purchased at www.carldixon.com. A vibrant background features multicolored stage lights, adding a lively atmosphere to the setting. Carl Dixon is prominently depicted in the center, holding an acoustic guitar and smiling joyfully during what appears to be a performance. Additional details include logos of sponsors and partners such as Molson Canadian, OurStage, and Urban Music Vancouver. The bottom of the poster highlights a quote from Lawrence Ground, praising Carl Dixon's talent, and mentions Carl Dixon as a stellar musician in Canada with singers like Laura Ontario & The Druits. The cover for Carl Dixon's "Strange Way To Live" is also included, showing a crowd scene with a performer on stage. Contact information and social media handles for The Daily Grind Art Cafe and Carl Dixon are provided, inviting people to follow Carl at Facebook and Twitter. The overall tone of the poster is upbeat and enthusiastic, reflecting the excitement of the live music event.
20437	positive	20437.jpg	The image features a logo for the Clico Foundation, with the word "Clico" in bold, playful, yellow letters with a slight gradient. Below the main text, the word "Foundation" is written in a smaller, simple black font, and beneath that, the French translation "Fondation" is displayed. To the right of the text is a cheerful, yellow teddy bear that appears joyful and welcoming. The overall design has a friendly and approachable feel, suggesting a positive and nurturing organization.
20451	positive	20451.jpg	This image captures a beautiful sunset with stunning colors painting the sky. The sky is a vibrant blend of deep reds, oranges, and purples, creating a mesmerizing gradient that contrasts beautifully against the dark silhouettes of trees and buildings below. The foreground includes a few leaves hanging from branches, framing the top of the image with their dark outlines. In the background, there is a quiet street with a few parked cars, leading towards a building on the right side. The overall scene exudes a peaceful and serene atmosphere, with the warmth and brightness of the sunset adding a sense of calm and beauty to the moment.
20514	positive	20514.jpg	In the image, there is a serene lake or pond with calm, gently rippling water. A beautiful bird, likely a heron, is standing gracefully on a rock near the water's edge. The heron has long, slender legs and a pointed beak, with feathers that are a mix of shades of gray and white, providing a natural camouflage against the subtle hues of the water. The scene is peaceful, capturing the quiet beauty of nature, with the reflections of the rocks and bird subtly mirrored on the water’s surface, enhancing the tranquility of the moment.
21245	positive	21245.jpg	A smiling man wearing glasses is enjoying a waffle cone with soft-serve ice cream. He is standing in front of a window with closed blinds, and the sunlight creates a warm glow on his face. The man is casually dressed in a green shirt, and his relaxed expression suggests he is savoring a pleasant moment outdoors. The scene exudes a sense of simple joy and relaxation.
21628	positive	21628.jpg	Two people are sitting closely together and smiling warmly. The person on the right has their arm around a white package that says "Back to School" on it, suggesting they might be involved in a back-to-school event or setting. The person on the left is also smiling and appears to be enjoying the moment. They are in a room that looks like an office or classroom with some papers and labels on the door and wall, including one that says "2015." There are a couple of makeup items on the desk, adding a casual vibe to the scene. Both individuals seem happy and comfortable, contributing to an overall positive and friendly atmosphere.
21812	positive	21812.jpg	The image shows a group of four teenage friends posing together in what seems to be a school cafeteria or a common room in a school. They are standing close to each other near a wooden table. All four individuals appear to be in a playful, energetic mood. The two girls on the left and the girl in the middle are sticking their tongues out and giving thumbs up, showcasing a spirited and fun attitude. The fourth individual, a boy, stands on the right, and he is giving a slight thumbs up while smiling. The background includes white and beige tiled walls with some decorations, such as a bulletin board with photos and a calendar. The setting appears casual and friendly, suggesting a moment of camaraderie and fun among friends.
22238	positive	22238.jpg	In the image, a man and a woman are taking a selfie together in what appears to be a retail clothing store. The setting includes racks of colorful clothing in the background and a brightly lit store interior with a red accent wall. The man is on the left side of the picture, wearing a black t-shirt with some text in white letters, and has short hair. He is smiling at the camera. On the right side, the woman has long hair, is wearing a floral-patterned top, and also has a big smile. Both of them seem to be happy and excited. Overlaid on the image is a pixelated text that says "your kool" in a glowing blue effect, adding a playful or casual vibe to the scene. The overall sentiment conveyed by their expressions and body language is positive and cheerful.
22724	positive	22724.jpg	This image is a poster for an event called the "Legends Show" during the Canadian Country Music Week. The show features a lineup of Canadian country legends, rising stars, and hit-makers performing together in a tribute to both the past and present of country music. The event is presented by The Berkeley.The poster highlights several performers who are featured in the show. On the left side, the performers listed are Gord Bamford, Tim Chaisson, Patricia Conroy, and The Good Brothers. In the middle, the performers include Kira Isabella, Joan Kennedy, Beverley Mahood who is also noted as the host, and Charlie Major. On the right side, the performers are Danielle Marie, Jess Moskaluke, Tracey Brown and Randall Prescott from the Family Brown.The event is scheduled for September 11 at 7:30 PM and will take place at the Rebecca Cohn Auditorium. Additional information and tickets can be found by visiting ccma.org, as indicated at the bottom of the poster. The poster features a background design that resembles a vintage guitar, giving it a distinctly musical and country-themed appearance.
22848	positive	22848.jpg	The image depicts a cozy living room where several people are lying relaxed on the floor, resting or napping. The room is filled with natural light streaming in through large windows adorned with red curtains, creating a warm and inviting atmosphere. Various potted plants add a touch of greenery, enhancing the relaxed vibe. There's a sense of comfort and tranquility as people are casually strewn with blankets and pillows, suggesting a leisurely gathering or a moment of relaxation. The decor includes a mix of modern and traditional elements, such as a sleek kitchen counter and a classic fireplace, contributing to the homely feel of the space. Overall, the scene evokes a sense of peacefulness and communal relaxation.
