index	#1 Label	#2 ImageID	#3 String
2523	negative	2523.jpg	The main subjects are two animated characters from a cartoon series, primarily the coyote and the roadrunner. The coyote is prominently holding a large plank with text, displaying exaggerated fear. The roadrunner appears unfazed and is positioned nearby. Visually, the background is vibrant with a red and orange gradient, indicating a dramatic or intense atmosphere. The lighting emphasizes the stark expression and stance of the coyote, while casting a whimsical aura over the roadrunner.The overall scene context is comical and highlights a sense of alarm or urgency, as suggested by the prominent text on the plank which humorously underscores a serious issue referenced in the accompanying text.
2768	negative	2768.jpg	The main subject in the photo is a woman wearing glasses, positioned centrally with her mouth open as if speaking, suggesting she is delivering a statement or answer. Surrounding her are multiple microphones angled towards her, indicating a press conference or media event. Several individuals are standing in the background, partially out of focus, suggesting the presence of additional reporters or officials.The lighting in the image is bright and even, illuminating the main subject's face clearly while maintaining visibility of the microphones in the foreground. The background features a green banner with the word "green" visible, suggesting an environmental or political context related to the "Green Party" or similar themes.Overall, the scene context is likely a formal event where the woman is addressing the media, possibly discussing political or environmental topics. The presence of microphones and the attentive posture of the individual convey a sense of urgency or importance in her speech.
2799	negative	2799.jpg	The main subjects in the image are a large group of people marching up a path towards a castle-like structure under a moonlit sky. Each person is holding different signs expressing frustration with environmental policies and expressing economic and social concerns related to climate change. The signs display messages such as "No Climate Fascism Any More!", "Green Lies!", "Need to Eat More, Not Eat More!", and "Fuel Poverty Killing Us". The arrangement shows the crowd tightly packed, moving in a unified direction towards the towering structure.Visually, the lighting is dim, suggesting it is nighttime, and the moon is prominently featured in the sky. The color palette is composed of cool blues and greens, which contribute to a somber and urgent atmosphere. The castle at the top of the hill is illuminated, drawing attention to it as a focal point, while the path the people are climbing appears to twist and curve, leading up to the castle.Overall, the scene depicts a protest or march, with the participants clearly displaying their discontent and grievances. The image suggests a sense of struggle, resilience, and frustration against the backdrop of a looming authoritative structure, symbolizing the perceived obstacles to climate action and justice.
3044	negative	3044.jpg	The main subjects of the image are the bar graphs representing federal voter participation by age groups in the years 2006, 2008, and 2011. The arrangement displays two sets of bars for each year: one set for the age group 65+ depicted in yellow and another for the age group 18-34 depicted in red. Each set of bars shows participation percentages for the respective years.Visually, the yellow bars consistently reach higher percentages compared to the red bars. Additionally, dashed lines labeled "Linear 65+" and "Linear 18-34" are plotted across the graph, suggesting linear trends for each age group.The overall scene context involves an analysis of voter participation trends, highlighting differences in engagement between the older and younger demographic groups over the specified time period. The colors, yellow and red, are used to clearly differentiate between the two age categories, while the dashed lines provide a visual representation of the linear projection or growth trend for each group.
3054	negative	3054.jpg	The main subject in the image is a figure with pale, ghostly skin and a hooded cloak with glowing yellow eyes. The figure's mouth is wide open, showing sharp teeth, giving an eerie or menacing appearance. The background is dark, with a subtle hint of an environment that appears to be indoors, likely with some machinery or shelving illuminated by red lights. The lighting accentuates the figure's pale face and the yellow glow of its eyes, creating a frightening and intense atmosphere. The overall context suggests a horror or thriller setting, enhancing the sense of fear or unease.
3072	negative	3072.jpg	The image shows six headshots of different individuals arranged in two rows of three. Each person is facing forward with a neutral or serious expression. The background is plain, primarily light in color, focusing attention on the subjects. The lighting is consistent across the photos, creating clear and focused images of each person's face. The overall context seems to be a mugshot or identification photo setup, with a clinical and straightforward presentation emphasizing the individuals' facial features. The mood conveyed by the expressions and the arrangement gives a formal and somewhat impersonal feel.
3271	negative	3271.jpg	The image features two side-by-side portraits of Adolf Hitler, juxtaposed with contrasting quotes. On the left, a sepia-toned photo of Hitler is overlaid with a quote attributed to him: "Give me ten years' time, and you will not recognize Germany anymore." The date January 29, 1933, is noted below his name. On the right, a more contemporary, color photo of Stephen Harper is displayed with a quote: "You won't recognize Canada when I'm through with it." The date June 24, 2013, accompanies the name Stephen Harper. The visual elements include a high-contrast use of sepia tones on the left and natural colors on the right, emphasizing the historical context on the left side and the modern appearance on the right. Both portraits are cropped to focus on the profiles of the individuals, creating a direct comparison between the historical and present-day figures, underlining the dramatic nature of their statements. The overall scene juxtaposes historical and contemporary figures, highlighting provocative and ominous statements made about profound change.
3328	negative	3328.jpg	The main subject of the image is a quote attributed to Charles M. Blow, a journalist. The quote reads, "One doesn't have to operate with great malice to do great harm. The absence of empathy and understanding are sufficient." The arrangement places the quote centrally on the image, making it the focal point against a solid green background. There are no other visual elements or distractions, which draws attention directly to the text. The lighting is uniform, ensuring the quote is clearly visible and easy to read. The overall scene context appears to be minimalistic, focusing entirely on the profound and thought-provoking message of the quote. The text color contrasts sharply with the green background, enhancing readability and emphasizing the seriousness of the statement.
3355	negative	3355.jpg	The main subjects in the image are clusters of small, brown mushrooms growing densely on the ground, which is covered with wood chips or mulch. The mushrooms are concentrated in different patches, with some areas having more clusters than others. Surrounding the mushrooms, there is green foliage from nearby plants, adding a touch of greenery to the scene.The lighting in the image seems to be natural, likely from sunlight filtering through the leaves, casting subtle shadows on the ground. The colors are primarily earthy tones, with the brown of the mushrooms contrasting with the dark mulch and the green of the leaves.The overall scene suggests a natural outdoor environment, possibly a garden or a forested area, where mushrooms have sprouted after rainfall or due to the presence of decaying organic matter. The abundance of mushrooms might evoke a sense of dampness or wild growth, contributing to any negative sentiment about the appearance of the area.
4921	negative	4921.jpg	The image shows a busy urban street lined with tall buildings and pedestrians. The main subject is a man on the right side of the street, wearing an orange jacket, a hat, a lanyard, and making a hand gesture with four fingers raised. Behind him, more people are gathered, some standing near storefronts under different awnings and umbrellas. The street appears to be slightly wet, suggesting recent rain.Lighting in the scene is natural, typical of an overcast day, casting soft shadows and a muted color palette. The colors are mostly subdued, with the bright orange jacket standing out against the grayer background. There are signs and advertisements on the buildings, including a large orange sign that reads "Art" in the distance, providing a pop of color.The overall scene context suggests a bustling city environment, possibly during a public event or gathering, judging by the number of people and their casual stances. The man's gesture might also indicate participation or acknowledgment of the event. The overall mood appears dynamic, though not overly vibrant due to the weather and general urban setting.
7788	negative	7788.jpg	This image features a young boy sitting on a sofa with a dog. The boy is wearing an orange and gray basketball jersey with "PHD" printed on it, suggesting a casual home setting. The dog, which has black and white fur, appears relaxed, leaning against the boy who is smiling. The sofa is a large brown piece of furniture, indicating a comfortable domestic environment. The lighting is even, coming from the side, casting mild shadows that do not overpower any subject. The color scheme is warm and subdued, with earthy tones dominating the space. Overall, the setting seems calm and homely, capturing a candid moment of joy and companionship between the boy and his pet.
8675	negative	8675.jpg	This image features the album cover for "5 Seconds of Summer's Vte," displayed across a white brick wall. The upper part of the cover prominently shows "5 SECONDS OF SUMMER" in an uppercase font with a black rectangular background at the top left. Below that, "VTE" is written in large, bold black letters across the center of the cover. Between the letter 'T' and 'E', there is a hand gesture, depicting the 'middle finger,' with a cross symbol on the palm. A red banner at the bottom right corner contains the hashtag "#SHESKINDAHOTVMA" in white bold text. The MTV logo is visible in the bottom right corner. The color scheme is mainly black and white, with a touch of red, contributing to an edgy and rebellious aesthetic. The overall scene context suggests a theme of defiance or protest.
8821	negative	8821.jpg	The image features a young man resting his head on his hand. His demeanor appears contemplative or possibly disheartened, indicated by his expression and pose. This person has short, light brown hair and is sporting a black t-shirt that features some white wave-like designs. A silver chain hangs around his neck, adorned with a round pendant. His right arm is relaxed and extended, with the hand supporting his cheek.The lighting is soft, and the overall color palette indicates a neutral indoor setting, with light beige tones in the background. The focus is primarily on him, making background details minimal and subdued. The image suggests an informal, casual environment, adding to the introspective feel.
9013	negative	9013.jpg	The image features a headshot of a person with light skin and blonde hair. The individual has a straight expression with a serious demeanor, showcasing well-defined eyebrows and cheeks. The lighting is even and highlights the facial features, enhancing the neutral background. The colors in the image are muted, with soft blues and whites in the backdrop, contributing to a formal and professional context. The overall scene appears to be a studio portrait, focusing on the person's face and upper torso.
9324	negative	9324.jpg	The main subject in the image is a close-up of a person's face, most likely a young individual. The individual's mouth is open wide, possibly indicating an exclamation or shout. Their eyes appear to be looking upwards, directed towards something outside the frame. The person's expression and open mouth could convey intense emotion or surprise.The lighting in the image appears to be harsh, possibly from a bright outdoor source or an intense indoor light. This causes some areas of the face to overexpose and appear bright, while other areas remain in shadow, creating a high contrast effect. The colors in the image are somewhat washed out, with a mix of warm tones, such as pink and red, and cooler tones, including a hint of light green in the lower left corner. The combination of these colors might contribute to a discordant or unsettling visual effect.The overall scene context is unclear due to the tightly cropped framing, but the visual elements suggest a moment of strong emotion or reaction. The negative sentiment could be inferred from the intensity of the expression and the chaotic, somewhat disorienting visual quality of the photo.
9394	negative	9394.jpg	The image features two individuals sitting closely together on a couch against a brick wall background. The person on the left is wearing a military-style jacket with red shoulder patches and a black T-shirt underneath, exuding a confident expression. The person on the right is casually dressed in a black T-shirt with visible yellow text, holding a large, colorful lollipop near their mouth with a contemplative look.The lighting in the scene is warm and soft, casting gentle shadows and enhancing the cozy atmosphere. The predominant colors are earthy tones from the brick wall and the couch, with the military jacket adding a touch of green and red. The image conveys a relaxed and informal setting, suggesting a moment of casual social interaction. However, the sentiment may be interpreted negatively due to the serious or aloof expressions and the juxtaposition of attire with the informal setting.
9468	negative	9468.jpg	The image depicts a person wearing a tracksuit, positioned in a grassy field with trees in the background. The individual appears to be slouched, with their head bowed and hands loosely holding something. The lighting seems diffused, suggesting an overcast sky which casts a dull, rather grayish tone over the scene. The colors are muted, with the dark hoodie and shorts contrasting against the green grass and the subdued sky. The overall context portrays a casual, perhaps contemplative or despondent moment, emphasized by the posture and the melancholic ambiance created by the cloudy weather.
9545	negative	9545.jpg	The image depicts a screenshot from a Twitter page, showing a tweet from a user named "5H Voting Stats" with the handle @5HVoteStats. The tweet compares voting stats, stating "Us: 1.5 million/hour" versus "Them: 1.1 million/hour" and includes the hashtag #WorthItVMA. The timestamp on the post is 8/30/15, 1:54 PM, and it has received 1,075 retweets and 26 favorites. The tweet appears to be retweeted by a user named emily. Below the original tweet, there are replies from various users including @virtuallybruna, @TotalDevin, and @sesstralia, all echoing the same hashtag and voting stats. The visual design includes Twitter's typical layout with icons for retweets, favorites, and replies. The overall scene reflects an ongoing discussion related to voting statistics for an event abbreviated as VMA.
9594	negative	9594.jpg	The image primarily features a young individual with short, black hair and a neutral expression. The person is centered in the frame, and their face is prominently visible. They are wearing a gray shirt, and the background appears to be indoors with slatted or paneled walls. The lighting is somewhat dim, creating shadows on the person's face, contributing to a slightly subdued or moody atmosphere. The overall color palette is muted with no bright or vibrant colors, reinforcing a sense of calmness or neutrality. The context suggests a casual setting, possibly an informal portrait or selfie, with no significant elements to indicate a positive or negative mood directly.
9774	negative	9774.jpg	The main subject in the image is a man standing at a podium, dressed in a dark suit, white shirt, and blue tie with polka dots. His hair is short and gray, and he is smiling slightly. The arrangement focuses on him centrally, making him the primary point of interest.The visual elements include even lighting that highlights the man, creating a balanced exposure. The colors are primarily composed of the blue tones from his attire and the neutral gray of the background, which appears to be a formal architectural structure.The overall scene context suggests a formal or official setting, possibly a press conference or public address. The background features classical architecture, indicating a significant building. The presence of microphones reinforces the idea of a speech or announcement being made. The man's demeanor and attire contribute to a professional and composed atmosphere.
9994	negative	9994.jpg	The image depicts a man in a suit standing on a stage facing an audience. He is positioned in the center of the back view, with his back towards the camera. The audience sits facing the stage, with many people holding up cameras and phones, possibly taking pictures. The lighting in the image is somewhat dim, with ceiling lights providing illumination. The color scheme is predominantly dark with shades of blue and green, giving the scene a somewhat muted and serious atmosphere. The large screen behind the man appears bright, possibly displaying content or images relevant to the event.The overall scene suggests that this is a formal event, such as a conference, lecture, or presentation, given the man's attire and the attentive audience. The crowd appears engaged, capturing moments on their devices.
11572	negative	11572.jpg	The image features a close-up of a person with wavy blonde hair and light-colored eyes. They are wearing a black leather jacket over a hoodie. The lighting is soft and warm, creating a slightly glowing effect on the face. The person is sticking their tongue out and looking upward. The colors are muted with a sepia-like tone, giving the photo an overall vintage or nostalgic feel. The scene lacks context beyond the close-up, focusing entirely on the individual's expression and attire.
12042	negative	12042.jpg	The image shows a traffic accident involving three vehicles: a brown SUV, a yellow taxi, and a silver sedan. The SUV appears to have collided with the taxi, causing visible damage to the front of the taxi and pushing it into the silver sedan parked on the side of the road. The arrangement of the vehicles creates a chaotic scene, emphasizing the impact of the crash.Visual elements like the lighting and colors depict a bright day with scattered clouds, casting natural light on the scene. The predominant colors of the vehicles are earthy browns, vibrant yellow, and metallic silver, contrasting against the greenery and urban background. Shadows on the ground suggest the sun is fairly high.The overall scene context indicates a roadway intersection with traffic signals, trees, and construction barriers, suggesting an urban or suburban location. The presence of traffic cones and the stopped vehicles create a sense of disruption and tension typical after a vehicular collision. The green traffic light in the background contrasts with the stationary vehicles, heightening the sense of abnormality and disorder.
12131	negative	12131.jpg	The main subject of the image is a blue car that has been involved in an accident, as indicated by the crumpled front and a shopping cart leaning against it. There are police officers nearby, identifiable by their high-visibility vests and uniforms, suggesting an ongoing investigation or response to the incident.The lighting is natural and bright, indicative of daytime, with shadows suggesting that it may be mid-morning or early afternoon. The colors are relatively muted, with the blue of the car standing out against the more subdued background tones of the buildings and pavement. There are also some yellow caution tapes visible, adding contrast to the scene.The overall scene context appears to be an urban area, as evidenced by the buildings, street signs, and parked vehicles in the background. A Canadian flag can be seen near the police officers, further contextualizing the location. The presence of police and caution tape suggests a serious incident, contributing to the negative sentiment due to the implied accident and disruption.
12524	negative	12524.jpg	The image depicts a red SUV parked in a parking space in front of a storefront with a large red and blue sign on the building. There is a person on the right side pushing two large cardboard boxes on a cart. The window next to the parked car has a handicap parking sign. The lighting seems bright and natural, suggesting daytime, with shadows indicating sunlight. The colors are vibrant, with the red of the SUV and building sign standing out prominently. The overall scene context appears to be a typical day involving parking and moving items, potentially indicating a move or delivery activity, which could contribute to a neutral or slightly negative sentiment if interpreted as hassle or inconvenience.
13010	negative	13010.jpg	The image depicts an urban scene at night with tall buildings dominating the composition, silhouetted against a dark, barely-lit sky. One particularly bright light source is shining intensely near the center, casting a glow that contrasts with the surrounding darkness. This light appears bluish-white, potentially from a streetlight or other artificial source, and it’s significantly more pronounced compared to the faint illumination coming from windows in the buildings. The dim lighting and deep shadows give the scene an eerie or gloomy atmosphere, emphasized by the minimal visibility of details due to the low light levels. The overall ambience suggests an isolated or deserted area, contributing to a sense of unease or melancholy.
13048	negative	13048.jpg	The main subject in the image is a police officer standing on a city sidewalk, wearing a dark uniform with a cap and sunglasses, hands clasped in front. Behind the officer, there is another figure, appearing to be a person in a blue shirt, crouched or squatting near some yellow police tape that stretches across the sidewalk. The background shows a few pedestrians and a bus, indicating an urban setting with shops or buildings lining the street. The lighting in the image is bright and natural, suggesting daytime. The colors are somewhat muted, with the dark uniform of the officer standing out against the lighter urban environment, creating a contrast. The yellow police tape adds a vibrant element to the scene.The overall scene context implies a situation requiring police attention, possibly an incident that has drawn a police presence and secured the area with tape. The presence of the officer in a watchful stance suggests vigilance or investigation, contributing to a tense or serious atmosphere.
13479	negative	13479.jpg	The image features a monstrous green creature with blue hair and a sinister expression. Its face has exaggerated yellow eyes and sharp teeth, with visible scars and blood smeared across its face. The creature is holding a knife in its hand, which is covered in green skin and black eyes, and there are red liquid splashes surrounding the scene, adding to the violent atmosphere. The lighting highlights the creature's features, emphasizing the green and red tones that contribute to a disturbing and grotesque effect. The overall context suggests a scene filled with menace and horror, enhancing the negative sentiment through aggressive visual elements.
16665	negative	16665.jpg	The image features a man in the foreground with short, blond hair, dressed in a dark jacket. He is positioned slightly to the right, with his face turned toward the camera, giving a subtle smile. In the background, there is a fountain with water cascading down multiple tiers, and several people are seen sitting on benches, engaged in various activities. The area is surrounded by trees with green foliage, providing a vibrant and natural setting. The lighting is soft and natural, suggesting an outdoor environment on a pleasant day. The overall scene appears to be a public park or plaza, with an ambiance of calmness and relaxation.
18065	negative	18065.jpg	The image depicts a young child standing in a large, modern hallway. The child is facing away from the camera, carrying a doll. The child has dark hair tied in a ponytail with a red bow. The child is wearing a red skirt, black shoes, and is holding a grey blanket over the doll. The hallway is spacious, with light grey tiles on the floor and reflective surfaces on the walls. There is a large display screen in the background, adding to the modern feel of the space. The overall scene gives an impression of solitude as the child stands alone in the vast area, which may contribute to a melancholic or lonely sentiment. The lighting is bright and even, highlighting the emptiness of the space around the child.
18432	negative	18432.jpg	In the image, the main subjects are two individuals wearing police uniforms with "POLICE" inscribed on their backs. They appear to be standing in what looks like an office or interrogation room. The two officers and another individual in camouflage are positioned with their backs to the camera, focusing on something in the background. Their stance suggests a tense or serious scenario, possibly involving law enforcement activity.The lighting is uneven, with a mix of shadows and highlights creating a somewhat dramatic effect. The image is in black and white, which emphasizes contrasts and tones down colors, adding a gritty and intense feel. The stark lighting and monochrome palette underscore the gravity of the scene.The overall context appears to be one of authority and control, with the officers seemingly engaged in a procedure or discussion. The setting inside and the presence of uniformed personnel suggest a formal or official atmosphere, potentially involving investigations or security protocols. The combination of these elements conveys a sense of seriousness and tension.
18907	negative	18907.jpg	The main subject of the image is a white plate containing a pile of dried crickets, with some scattered bits around the plate on the surface. In the background, there is a sign that reads "Rib Rubbed Cricket Snacks $5," indicating that the food is a type of snack offered for sale. A pen and part of another object are also visible on the tabletop.The lighting in the image is warm, casting a slight orange tint on the scene, and there are no harsh shadows, suggesting indoor lighting conditions. The colors are relatively muted, with the brownish hues of the crickets and the tabletop contrasting slightly against the white plate.The overall scene context suggests that the image was taken in a casual dining setting, possibly a restaurant or food establishment offering unusual or novelty snacks. The presence of the pen might indicate a menu or order being reviewed, contributing to the informal atmosphere.
19566	negative	19566.jpg	The main subject is a man dressed in a light blue suit with a white shirt and a light blue tie. He has short graying hair and appears to be speaking, with a clipped microphone visible near his mouth. His expression seems serious and intense. The background features a cityscape with tall buildings under a blue sky, suggesting an urban setting. The lighting is even and professional, highlighting the subject against the dark backdrop. The colors are primarily shades of blue, adding a formal and somewhat professional atmosphere. The overall scene context appears to be that of a news broadcast or a formal presentation, likely intended to convey information with a tone that could be perceived as authoritative or serious.
19605	negative	19605.jpg	The main subjects in the image are numerous red chili peppers that fill the entire scene. They appear to be randomly scattered, giving a sense of abundance and variety in their arrangement. The peppers have long, curvy forms with vivid red coloration, and some still retain their green stems.The lighting in the image emphasizes the glossy texture of the chilies, highlighting their fresh and wet appearance. The red color of the peppers is intense and saturated, which draws attention and creates a visually striking scene. The overall brightness of the lighting accentuates the deep red hues and slight reflections on the surface of the peppers.The overall scene context suggests a large quantity of freshly harvested chilies, possibly in a market or agricultural setting. The dense and overlapping arrangement of peppers gives an impression of overwhelming abundance, which might contribute to a feeling of chaos or excess to some viewers.
20446	negative	20446.jpg	The main subjects of the image include a lamppost and a building in the background, both of which are partially obscured by heavy fog. The arrangement centers the viewer's attention on the lamppost, placing it in the foreground, with the building sitting just beyond it as a silhouette. A bench is visible on the right side, contributing to the atmosphere of solitude.Visual elements like lighting and colors are dominated by the fog, creating a monochromatic palette that enhances the mysterious and eerie tone of the scene. The grayscale shading, combined with the obscured visibility, gives a sense of coldness and isolation.The overall scene context is set in what seems to be a quiet, empty street in a historic area. The fog and the lack of people impart a haunting ambiance, suggesting that this place might be associated with ghost stories or legends, inviting a sense of suspense and unease.
20832	negative	20832.jpg	The main subject of the image is a young woman looking slightly towards the camera with a smile. Her long, wavy hair cascades over her shoulders, adding a casual and relaxed vibe to the scene. She is wearing a sleeveless top, and her relaxed posture suggests she might be sitting on a bed, which is partially visible in the background. The backdrop includes wooden furniture, adding a warm and homely atmosphere to the setting.The lighting in the photograph is natural, likely coming from a nearby window, casting gentle shadows and soft highlights on her face and hair. Although the image is in black and white, this also contributes to the soft and nostalgic feel of the scene.Overall, the context appears to be a casual, comfortable moment, likely in a bedroom or a similar personal space. The absence of additional negative visual elements might imply that the negative sentiment could stem from other unseen factors not related to the visual content itself.
21004	negative	21004.jpg	The main subject in this image is a person with long hair, looking directly at the camera. Their expression appears neutral or slightly downcast. The image is in black and white, which limits color to varying shades of grey. The lighting is natural but seems to create soft shadows on the face, adding a sense of depth. The background shows what appears to be a household environment with cabinets and a ceiling-mounted light fixture, but it is out of focus. The overall scene gives a subdued and introspective mood, contributing to the negative sentiment.
21683	negative	21683.jpg	The image depicts a large, weathered driftwood log lying diagonally on a sandy beach with its top end pointing upward prominently. The log appears aged, with rough textures and dark, contrasting patches indicating decay or moisture damage. Sparse patches of green vegetation grow on a gentle dune in the background, which rises slightly from the sandy shore. The sky is clear and bright blue, and the sunlight casts natural illumination on the scene.The overall scene is peaceful and typical of a beach setting, with soft golden and sandy tones dominating the foreground and subtle green accents in the vegetation. There are no people, animals, or artificial structures visible, enhancing the natural and somewhat desolate aesthetic of the environment.
21915	negative	21915.jpg	The image shows a broken red glass cup on a beige surface, leaving a sharp curve of glass where a piece has separated from the main body near the foot of the cup. The lighting highlights the red glass, providing a contrast against the neutral-colored background and casting subtle shadows that emphasize the curve of the detached fragment. The scene suggests the unintended fragility and fragility of the object, evoking a sense of accident and loss. The overall context portrays a moment of损坏 or mishap, emphasized by the spilled glass and the stark separation of the piece.
22498	negative	22498.jpg	The image shows a crowded scene with several people gathered around two men. One man, dressed in a white police shirt with a name tag and equipped with handcuffs, stands behind the other man, who is handcuffed and wearing a checkered shirt. Both are positioned centrally in the photograph. Surrounding them are multiple photographers and media personnel, actively capturing the moment with cameras.The lighting in the image is bright, with natural light streaming in from a doorway or window in the background, illuminating the scene evenly. The colors are relatively muted, with a focus on the light tones of the walls and the varied colors of the clothing worn by the individuals present.The overall scene appears to be that of a media scrum or press event, likely related to an arrest or detention, given the presence of the police officer and the handcuffed individual. The environment suggests an indoor setting, possibly an office or institutional building. The mood conveyed is tense, reflective of the situation being documented by the surrounding press.
22600	negative	22600.jpg	The image focuses on the rear section of a gray Chevrolet Cobalt, which has sustained noticeable rear-end damage. The bumper is visibly cracked and partially detached, revealing some inner components. The rear light appears intact but shows signs of displacement due to the damage. The vehicle is parked on an asphalt surface under bright lighting, highlighting the dark color of the car and the silver tones of the wheel. The overall scene suggests a recent collision or accident, implied by the damaged bumper and the general disarray at the back of the car. The clear visibility of sunlight casts shadows, emphasizing the imperfections and damage on the vehicle.
22611	negative	22611.jpg	The main subjects in this image are a large group of people riding on an overflowing train. They are tightly packed, with some sitting on the edges of the train cars and others standing or leaning against each other. Many individuals are looking into the distance or appearing thoughtful, adding to a sense of weariness or contemplation.The lighting in the image is natural but muted, suggesting an overcast or cloudy day. The colors are generally subdued, with a lot of earthy tones like browns and greys dominating the clothing and the environment. Bright colors are present but not overwhelming, as seen in some clothing items and accessories.The overall scene context suggests a journey or migration, possibly portraying a sense of struggle or hardship. The crowded conditions and the expressions on the faces of the individuals contribute to a feeling of displacement or exhaustion.
22658	negative	22658.jpg	The main subject of the image is a handwritten message in white chalk on a dark blackboard, which reads "I5OSO50" with the small letters "LH-CH-AI-MC" underneath and a small heart symbol at the end. The arrangement of the text appears casual with flowing, connected letters. The visual elements of the scene include dim lighting which casts a warm glow on the blackboard, subtly illuminating the white chalk writing against a dark background. The color contrast between the white text and the blackboard enhances readability.Overall, the scene evokes a sense of a personal message likely left on a chalkboard in a casual setting, possibly a classroom, meeting room, or informal gathering. The message may appear nonsensical or abstract, contributing to the sentiment.
3315	neutral	3315.jpg	The image shows two main subjects seated in what appears to be a panel discussion setup. The primary subject on the right is wearing a dark suit and tie, holding a microphone, and appears to be speaking. The other subject, positioned to the left, is also dressed formally and engaged in the discussion. Both are seated against a backdrop adorned with multiple Canadian flags, indicating a formal and official setting.The lighting is balanced, providing clear visibility of the subjects and the backdrop. The dominant colors are blue from the backdrop with the text "Canada Leadership" and "Canada Fight" repeatedly printed, alongside the red and white of the flags.The overall scene suggests a political event or press conference, focusing on small business election priorities. The setting appears to be an organized meeting or debate, likely involving leadership roles and discussions pertinent to Canadian political or economic issues. The presence of the logos and flags strongly indicates a structured and possibly televised or recorded event.
3604	neutral	3604.jpg	The image features a bold announcement at the top stating that the "NDP just borrowed $6,000,000,000.00 behind closed doors." Below this headline, there is a graphical element resembling a large dollar bill along with the phrase "TOTAL DEBT" accompanied by an upward-pointing arrow and the text "50%" indicating an increase in debt.The overall design uses contrasting colors, primarily orange and black on a neutral gray background, to emphasize key points. The headline at the bottom outlines the NDP plan, emphasizing "More spending. More taxes. More debt." The visual layout suggests a critique of financial decision-making, with an upward arrow symbolizing growth in debt. The neutral color scheme focuses attention on the text and symbols conveying financial concerns.
3666	neutral	3666.jpg	This image displays two tables containing data on political party percentages, likely reflecting election or survey results. The main subjects are percentages associated with five political parties: Conservative, Liberal, NDP, Green, and Bloc. The tables organize the data into three columns labeled 'This Week', 'Last Week', and '4 Weeks Ago'. The top table shows slight changes in percentages over time for these parties. The bottom table offers a different perspective with different rankings and percentage values for the same parties across the same time intervals. Visually, the image uses a simple black text layout on a white background, emphasizing clear readability with no additional visual elements like lighting or colors to distract from the information. The overall context appears to be focused on political trend analysis over several weeks.
3720	neutral	3720.jpg	The main subject is a cartoon-like figure dressed in a red suit and top hat, holding a magic wand while standing next to a large number '3'. The number '3' dominates the central part of the image with the phrase 'is a Magic Number' written below it. The character is positioned to the left, adding a dynamic element to the design. The background features a red field with scattered white and pink stars, enhancing the magical and whimsical theme. The overall color scheme is predominantly red and white, creating a vibrant and eye-catching appearance. The context suggests a playful and celebratory tone, possibly from a music album or event related to 'Schoolhouse Rock'.
4105	neutral	4105.jpg	The main subject of the image is a man standing in front of a building. He is wearing a blue jacket with the "B4 Lumber" logo on the left chest. The man has his arms crossed and appears to be smiling lightly. Text in the upper left corner reads "Manager Trainee" and in the lower left corner "Construct a Career." In the upper right corner, there is text indicating the location as Niagara Falls, NY, along with a location pin. At the bottom right, the "B4 Lumber" logo is prominently displayed.The visual elements include natural lighting, likely from sunlight, which casts a bright and even light on the scene. The colors in the image are fairly neutral, with the man's jacket providing a touch of color contrast against the lighter background. The background features a building with a light exterior, along with some greenery and windows.The overall scene appears to be an outdoor setting, possibly in front of a lumber business or related establishment, emphasizing a career advancement opportunity in the context of construction or management.
4545	neutral	4545.jpg	The image features two main subjects: a person in a white lab coat and another in blue scrubs, both smiling and standing side by side against a modern background with large windows. The person in the lab coat has their arms crossed while the individual in scrubs holds what appears to be a stethoscope, suggesting a medical context. The lighting is bright and natural, entering through the windows and illuminating the subjects, highlighting their professional attire. The overall scene appears to be indoors, likely in a contemporary medical facility, emphasizing a healthcare setting. The image promotes a job opportunity, as indicated by the text at the top announcing a travel nurse RN position within a 13-week contract in the CCU for Albany, NY, with the logo of "Accountable Healthcare Staffing" at the bottom right corner.
5144	neutral	5144.jpg	The main subjects of the image are two individuals seated on stage, engaged in a conversation. They are positioned in front of a large screen displaying a presentation titled "DOC CONFERENCE: IN DOCUMENTARIES BEGIN RESPONSIBILITIES: A CONVERSATION WITH ASIF KADABA" along with a logo suggesting it's organized by A-N-E STUDIOS. The lighting focuses on the stage, where the screen and speakers are brightly illuminated against a dark background. The colors are predominantly dark, with blue and black hues dominating the background. The audience in the foreground is seen in silhouette, indicating dim lighting in that area.The overall scene context is a conference or panel discussion, with an audience watching a presentation on screen about documentaries and responsibility. The setting suggests a formal event possibly related to documentary filmmaking or cinema.
5373	neutral	5373.jpg	The main subject in the image is a cartoon character that resembles a dinosaur, with a purple body and a green belly. It appears to be smiling and waving with one hand while holding the other hand over its chest. This character is standing upright on two legs. The visual elements include bright colors such as purple and green, with contrasting yellow spots on its feet. The lighting is even, enhancing the vibrancy of the image. The overall scene context is cheerful and playful, likely designed to appeal to children with its exaggerated features and friendly expression.
5828	neutral	5828.jpg	The image portrays a man wearing a blue shirt with the name "Buck" on the back, paired with a blue cap he is holding in his right hand. A baseball glove is perched on his head, adding to the sports theme. His expression and posture suggest a casual moment, possibly interacting or shielding his eyes. The lighting is bright, indicating an outdoor, possibly sunny environment. The colors are vivid, with clear blue tones dominating due to the uniform and cap. The background is filled with blurred spectators, suggesting the setting is a baseball game with an engaged audience. The overall scene conveys a relaxed moment during a sports event, likely in a stadium or sports field.
7049	neutral	7049.jpg	The image features a shirtless man standing on a stage, with his hands in his pockets, wearing black pants with a white drawstring. He has tattoos on his arms and torso. The background includes a large, brightly lit screen displaying what appears to be an audience or concert visuals, with vibrant colors and text that reads "Where is Now." Behind the main subject, to the left, is another person holding a microphone, possibly a performer or singer. The lighting is colorful and dynamic, contributing to the lively concert atmosphere. The overall scene suggests a live performance or event, with a focus on the main subject as a central figure.
7144	neutral	7144.jpg	The image features a website interface titled "EATINDASTREETS Downloads." At the top, there is a graphic of a person's head, predominantly green with black and white accents, alongside menu options like Home, Music, News, and Download. Below the title, there are album covers displayed horizontally with titles such as "2LVBLBL," "FR33B332," and "SUPERSTAR," suggesting these are music albums available for download.Moving downward, there are two panels. The top panel shows a software download interface with a blue-themed window displaying details for "Camden 2.0 - The Complete Big Legend" by Roger Scott, including tracklist information and download options like "Get the Free One."The bottom panel displays a podcast or audio download with "EATINASTREETS The Come-Ons" Mixtape featuring "Music by Dllt." The details include episode information such as "EP.12 - Dllt" along with download options like "Download Mix." Visually, the lighting is balanced with neutral colors, mainly black, white, and shades of green. The overall scene conveys an organized music and audio download platform focusing on urban and alternative music genres.
8803	neutral	8803.jpg	The main subject of the image is a bottle of Smirnoff Ice, a premium vodka beverage, prominently positioned in the center of the composition. The label on the bottle is clearly visible, showcasing the brand name in red letters and the product name in black. The bottle’s silver cap is also visible at the top. The neutral background suggests a simple setting, with a possible wooden surface beneath the bottle.Visual elements include soft natural lighting, which gives the bottle a gentle, subtle appearance without harsh shadows. The colors are muted, with the dominant tones being the neutral beige of the wall and the clear, somewhat pale color of the bottle. Additional objects are partially visible in the foreground, including what seems to be a black cord and a yellow object, possibly a highlighter, along with a CD or similar item, suggesting an everyday or casual setting.The overall scene context appears to be indoors, perhaps on a desk or tabletop, with an informal arrangement indicating a moment captured casually rather than deliberately posed. The presence of various small items alongside the bottle adds to the everyday, lived-in feel of the scene.
9303	neutral	9303.jpg	The image shows a screenshot of a Twitter search page with a top trend highlighted. The main subject is a person bent over with their head down, wearing a blue tank top and a flower headband. The person is positioned against a brightly lit background with vertical lights that create a vertical streak effect, adding depth and a sense of motion. The lighting is dramatic, with warm yellow and red lights contrasting against cooler tones, giving the scene an energetic and vibrant feel. The overall context suggests a live performance or entertainment event, likely related to the music industry given the trending hashtag about the VMAs. The image conveys a sense of intensity and focus, with the person seemingly engaged in a performance or dance move.
9330	neutral	9330.jpg	The main subject in the image is a person wearing headphones and speaking into a microphone, likely engaged in recording or performing music. The individual is centered within the composition, positioned in front of a microphone with a red curtain backdrop, suggesting a recording studio or performance setting. The lighting is soft and evenly distributed, highlighting the person's face and upper body. The dominant color is red from the curtain, complemented by the maroon sleeveless top worn by the person. The overall scene context evokes a focused, yet relaxed atmosphere, emphasizing musical activity or practice in a controlled studio environment.
9407	neutral	9407.jpg	The main subjects in the image are two young men sitting closely together inside a vehicle, likely a car. The person on the left has spiked, blond hair and is wearing a plaid shirt over a dark T-shirt with a necklace. He is holding a cigarette or pen in his hand and is making a playful expression with his mouth open. The person on the right has short, dark hair and is wearing a gray plaid shirt over a white T-shirt. He is blowing a kiss towards the camera.The lighting appears to be natural, suggesting the photo was taken during the daytime, and it casts soft shadows on their faces. The colors in the image are muted, with a predominantly cool tone, reflecting the interior of the vehicle.The overall scene has a casual and friendly vibe, capturing a moment of playful interaction between the two individuals as they sit inside the car, possibly on the way to or from somewhere together.
9620	neutral	9620.jpg	The image shows a screenshot from a website featuring a comparison between two music group performances. The main subjects are groups of people who appear to be musicians or performers. One group is standing casually in what looks like a garage or workshop, with tools and a wooden ceiling visible behind them. The other group is on stage with a brightly lit background, likely performing, as they are positioned dynamically and interacting with each other. The lighting in the first scene is natural and soft, with a muted color palette, emphasizing the casual, behind-the-scenes atmosphere. In contrast, the second scene has vibrant, artificial lighting that adds energy and excitement, typical of a live performance.Overall, the context suggests a discussion or voting element related to music videos, indicated by the hashtags and voting buttons present. The text at the top states, "Ain't nobody got time for spam!" which implies a focus on meaningful content or votes rather than random or undesired submissions.
9645	neutral	9645.jpg	The image features a group of individuals standing outdoors, with the central figure prominently dressed in a Nirvana band t-shirt and sunglasses, engaging with his surroundings or companions. The group appears to consist mainly of young men, with some wearing matching band merchandise, suggesting a casual, possibly concert-related setting. The lighting is natural, likely from the sun, casting soft shadows and giving the scene a warm, inviting tone. The background includes trees and some vehicles, indicating it might be an outdoor event or festival. The overall scene reflects a relaxed and informal atmosphere among friends or fans enjoying a sunny day.
10110	neutral	10110.jpg	The main subject of the image is a person sitting on a stool, speaking or preparing to speak into a microphone. The individual is dressed in a checkered shirt and appears to be in a dimly lit indoor setting, possibly a small venue or community hall. The arrangement includes a chair in the foreground and a laptop placed on a cushioned surface, suggesting a casual or informal context where notes or presentations might be used. Behind the person is a projector screen with dim lighting focused on it, providing a neutral space for visual aids or slides. To the right, there's a guitar leaning against the wall and a piano, indicating a multi-purpose space that could be used for performances or musical activities. The overall scene context suggests an event like a small talk, presentation, or rehearsal, characterized by subdued lighting and warm, muted colors. The ambiance appears relaxed and intimate.
10253	neutral	10253.jpg	The design features a bold statement in the center of a striking red background, capturing the viewer's attention. The main subjects are the white texts that highlight the theme of a federal election debate involving young Canadian Muslims, focusing on issues such as multiculturalism, immigration, and the Muslim community. The arrangement places the primary message prominently at the center, ensuring it is the focal point. Visually, the use of contrasting colors—white text on a bright red background—creates a sense of urgency and importance. The absence of any additional visual elements like images or decorative graphics keeps the focus purely on the text, eliminating distractions. The overall scene suggests an emphasis on political engagement, aiming to garner interest and participation in the debate, particularly among young Canadians and Muslims. The design is straightforward and direct, aligning with the serious nature of the topic discussed.
10552	neutral	10552.jpg	The image features a pencil sketch of a character resembling Darth Vader from the Star Wars franchise. The character is standing with a cape flowing behind and is holding a staff-like object in one hand. The drawing is positioned upright on a wooden surface. Lighting in the scene appears to be dim, casting gentle shadows and giving the sketch a subtle contrast. The colors are monochromatic, relying on the grayscale tones typical of a pencil drawing, which highlights textures and depth.The overall scene context suggests an art setting, possibly in a bedroom or study, inferred from the presence of other furniture and items in the background, though they are not clearly discernible. The sketch is prominent, indicating the focus on artistic creation or practice.
10797	neutral	10797.jpg	The main subject in this image is a stack of neatly folded striped shirts placed on a surface towards the foreground. Behind the stack of shirts stands a person with their arms crossed, dressed in a similar striped shirt, suggesting a connection to the clothing on display. The person's face and lower body are not visible, focusing attention on the shirts and crossed arms.The lighting in the image is soft and even, likely coming from natural light sources, creating a calm and neutral atmosphere. The colors are subdued, featuring shades of light blue, white, and pink, giving the scene a gentle and harmonious appearance.The overall scene context appears to be a domestic or office setting, with a minimalistic background that includes a part of a wall and a small piece of art or decoration at the top left corner. This setting, combined with the person’s posture, suggests a moment of contemplation or casualness, aligning with the neutral sentiment conveyed by the crossed arms and orderly arrangement of the shirts.
11856	neutral	11856.jpg	The main subjects of the image are the details of two open house events, one in Calgary and the other in Edmonton. The text is arranged with a clear heading for each event, followed by specific details such as date, time, and location. The first subject, "Calgary open house," is prominently displayed at the top with the subsequent information listed below it. Similarly, "Edmonton open house" appears below the Calgary event details, followed by its respective details.Visually, the text is in a plain, black font on a white background. There is no discernible use of color aside from the black text and the white background. The lighting appears even and consistent, ensuring the text is clearly legible without any shadows or highlights that would distract from the information.The overall scene context is informational, providing straightforward details about the dates, times, and locations of the open house events. The neutral sentiment reflects a focus on conveying facts without any emotional or persuasive elements.
11891	neutral	11891.jpg	The image features a black-and-white illustration of a woman's face on the right side against a pink background. She is depicted with soft curves in her hair and her hand placed near her lips, giving a contemplative or secretive gesture. On the left side, there is a text block in black font that reads, "I hate when my Botox wears off. Then people can tell that I don't like them." At the bottom left corner, there is a logo and text that reads, "someecards user card." The overall scene uses a contrasting color scheme with the black and white illustration against the vibrant pink background, creating a striking visual effect. The arrangement of text and illustration is balanced, with the text aligned to the left and the image prominently displayed on the right. The lighting is even, highlighting the simplicity and clarity of the design.
11942	neutral	11942.jpg	The image displays a weather information screen from the website wunderground.com at 6:54 PM. It presents a neutral sentiment without any explicit emotional indicators. The main subjects are weather statistics for a given location, including Temperature, Dew Point, Humidity, Precipitation, Wind Speed, Wind Gust, Wind Direction, and Pressure. The data is organized into three columns labeled High, Low, and Average. Each weather metric is listed in rows with corresponding values.Visually, the image uses a clean, white background with black text and simple, clear fonts. There are no additional graphics or colors to distract from the information, ensuring the data is easily readable. The layout is structured and orderly, with clear divisions between sections.The overall scene context suggests a straightforward, functional display designed for users to quickly access and understand the current weather conditions and forecasts. The phone's screen also indicates battery life and connectivity status at the top, providing additional context for the device's state.
12143	neutral	12143.jpg	The main subject of the image is a handmade seasonal wreath crafted from what appears to be newspaper clippings, with decorative elements like feathers and leaves integrated throughout. The wreath is prominently displayed against a white door, with a string of additional feathers hanging in front of it. The arrangement is symmetrical, with the wreath's shape evenly rounded and embellishments distributed across its circumference.The visual elements include soft, diffuse lighting that highlights the textures and details of the newspaper material without creating harsh shadows. The color palette is muted, featuring shades of beige and white with hints of light brown from the feathers and leaves, contributing to a harmonious, rustic aesthetic.The overall context suggests a craft-oriented setting, likely related to a hands-on class for creating similar decorations, as indicated by promotional text overlaying the image. The image conveys a DIY or artistically crafted vibe, emphasizing the autumnal and seasonal theme of the wreath.
12721	neutral	12721.jpg	The main subject of this image is a "DETOUR" sign, prominently positioned in the upper half of the sign, with bold black letters centered against an orange background. Below the text, there is an icon of a bus on the left and a black rightward arrow on the right. The bus icon is centered vertically between the text and the arrow, indicating direction. The image uses high contrast between the black elements and the bright orange background, which makes the sign highly visible and easily readable. The lighting is uniform, ensuring clarity and visibility of the text and symbols. The overall context suggests a road or traffic scenario where a detour ahead is indicated due to possible roadworks or an obstruction, guiding drivers to take an alternate route.
12894	neutral	12894.jpg	The image shows a tall, modern apartment building with a striking, stepped design. The building has numerous balconies, with balconies varying in width and recessed into the structure, creating a tiered effect as the building rises. Each balcony features glass railings, adding to the contemporary look. The building's exterior is predominantly light-colored, likely white or a light gray, giving it a clean and minimalist appearance. The lower section includes an entrance area with a flat roof overhang, and the ground floor appears to have large windows or possibly glass doors. The surrounding area is landscaped with young trees and bushes, suggesting an attempt to incorporate some greenery into the urban environment. The lighting is soft, with no harsh shadows, indicating an overcast sky, which provides even illumination across the scene. The overall scene suggests a quiet and orderly residential area, likely in a city or urban setting. The building's design stands out due to its unique architecture, distinguishing it from more conventional high-rise buildings.
12968	neutral	12968.jpg	The main subject of the image is an orange sign that reads "HRS BUSES ONLY," placed on a roadside alongside a smaller black sign indicating a right turn with a white arrow. These signs are prominently positioned in the foreground. Behind them, there is a construction area, visible with heavy machinery and traffic cones. The environment consists of a residential neighborhood with houses in the distance, trees lining the street, and a stop sign at an intersection. The lighting suggests it is either early morning or late afternoon, given the soft and diffused light. The overall scene reflects a typical suburban setting undergoing some roadwork, directing buses to use a specific lane or turn.
13068	neutral	13068.jpg	The image shows a Facebook post made by a user named Dee MacDonald from a page called "Only In Hamilton." The post, made three hours ago, expresses concerns about the area, describing it as possibly "too sketchy." The user mentions being "chronic" and asking for help finding a place to get some cannabis today, inviting others to reach out on Facebook. The post has received one comment and one share. Below the main post, there is a follow-up from Dee MacDonald stating "Still looking...," indicating that no help has been found yet. Visually, the interface is typical of Facebook, with options to like, comment, and share. The overall scene suggests someone seeking assistance and expressing anxiety about the safety of their surroundings. The colors are mostly neutral, with a clean layout typical of social media platforms.
13272	neutral	13272.jpg	The main subjects of the image are five ballet dancers, whose lower bodies are prominently featured. Their legs and feet are arranged in a way that shows them standing on their toes in ballet pointe shoes, emphasizing the grace and precision of their movements. Each dancer is wearing light-colored tights, and their feet are encased in the elegant, ribbed pointe shoes which reflect light softly.Visually, the lighting is soft yet highlights the contours and musculature of the dancers' legs, creating subtle shadows that add depth to the image. The background is dark, which brings the focus entirely on the dancers' legs and pointe shoes, suggesting a stage setting. The colors are primarily muted, with the exception of the slight reddish hue of the dancers' skirts at the top edge of the image, adding a touch of vibrancy without overwhelming the scene.The overall scene context hints at a ballet performance or rehearsal, capturing a moment of poised readiness. The attention to detail in the dancers' positioning and the reflective surface of the floor suggest a professional and artistic environment, highlighting the discipline and beauty of ballet.
14443	neutral	14443.jpg	The main subject is a person wearing a cowboy hat, performing while holding an acoustic guitar. They are standing on a stage, singing into a microphone. The lighting in the scene highlights the subject, creating a focal point on the person with a spotlight effect, while the background is dimly lit with a gradient of dark tones. The subject's attire includes a light-colored jacket over a dark shirt, and a necklace is visible. The overall context suggests a musical performance, likely at a concert or live show, with the setting conveying an intimate and focused atmosphere on the performer.
14505	neutral	14505.jpg	The main subjects of the image include the text "fm98 WJLB.COM" arranged within a stylized, angular shape resembling a shield or a badge. The text "fm98" is positioned at the top in a cursive font, while "WJLB" is in a bold, block font directly below it. The ".COM" is placed at the bottom right, in a smaller block font. The arrangement is centralized within the pointed top of the shield shape, creating a balanced and prominent display.Visual elements such as lighting and colors are quite simplistic. The design predominantly features a black background that contrasts sharply with the white space of the shield. The shield is outlined in black with a red border. Red horizontal lines extend from the sides of the shield, adding depth and accent. The text uses a mix of blue and black colors, with "fm98" in light blue and "WJLB.COM" in darker blue. The overall scene context suggests a logo or emblem, likely representing a radio station. The use of angular shapes, bold colors, and clear text conveys a modern and dynamic feel, typical for media branding. The design elements are structured to catch the eye and convey a sense of energy and professionalism.
14628	neutral	14628.jpg	The image shows a screen from a game interface, likely from the digital card game Hearthstone, based on the visual style and design elements. The central focus is on the arena feature where a player is managing their gameplay. The main subjects include a prominent logo for "The Arena" at the top, which is styled with a purple and gold hexagon featuring intricate designs. Below this logo, there is an emblem with the number 11, signifying the number of wins, accompanied by a section for losses where one loss is indicated.To the left, there is a portrait of a character named "D exter," which seems to be the player's avatar or chosen hero for the game. Next to this, there is a vertical bar chart showing the progress or status of the game, likely representing mana or resources available for the player. Below the bar, the "Play" button is prominently displayed, suggesting the player can start a game by clicking on it.On the right side, there is an "Arena Deck" list showcasing a variety of cards with different rarities and names, each with its own visual representation. The cards include "Argent Squire," "Maexxelas," and "Southsea Deckhand," among others, all organized vertically with varying colors to indicate their rarity levels.The overall scene context suggests that the player is in a preparation or selection phase, possibly choosing a deck and setting up for an upcoming match. The visual elements use a warm color scheme with a lot of gold and brown tones, giving the interface a rustic, medieval fantasy feel. The lighting appears balanced, emphasizing the central elements without causing any glare or shadow issues.
14855	neutral	14855.jpg	The main subject of this image is a hand holding an ink pen, with blue thread looped around the fingers and tied in a bow. The hand is placed atop a desk scattered with various papers, letters, and an open book. In the background, there is a framed illustration of a scene showing a man and a woman in a romantic embrace. The lighting is soft and diffused, with gentle shadows creating a calm and intimate atmosphere. The colors are muted and earthy, emphasizing browns and beiges with touches of blue from the thread, lending a vintage or nostalgic feel to the scene. The overall context suggests a creative or literary setting, perhaps an artist or writer at work, with a sense of quiet reflection and creativity.
16073	neutral	16073.jpg	The main subject of the image is a map detailing a specific area with various roads and locations. The map prominently features "Brookside Rd" which is centrally placed and appears to be connected to other roads such as "Millwood Rd," "Southbridge Rd," and "Canocono Rd." Several neighborhoods or facilities are also marked on the map, including "Rolph Road Day Care Centre" and "Clovers Woods."The map exhibits a soft gray and beige color palette, creating a neutral and muted visual appearance. The light in the image is evenly distributed, ensuring that all details and labels are clearly visible without any harsh shadows or highlights. This even lighting helps maintain a clean and straightforward presentation of the map.The overall scene context appears to be focused on providing navigational information within a suburban area, highlighting major roads and key landmarks for reference. The simplicity of the design and the lack of vibrant colors suggest a utilitarian purpose, likely aimed at users seeking clear and straightforward directions.
16798	neutral	16798.jpg	The image displays a digital poster for an event titled "The Power of #1000Strings." The main subjects include the event title prominently centered in white and gold font, with the hashtag #1000Strings emphasized in larger, bolder text. Below the title, there is information about the world premiere, including the date September 5, 2015, and the location Yonge-Dundas Square, Toronto. The background features abstract black and white patterns that resemble digital noise or static, creating a dynamic and modern feel. The overall layout is symmetrical, with a menu at the top offering options such as Home, About, Program, People, Sponsors, and FAQ. The use of black and white color schemes gives the poster a sleek and contemporary look. The scene suggests it is promoting a significant event, possibly related to music or technology, indicated by the emphasis on "strings" and the abstract visual design.
20038	neutral	20038.jpg	The image primarily features two individuals engaged in a musical performance. The person on the left is seated at a microphone, playing a stringed instrument resembling a banjo, while the person on the right is holding another stringed instrument, possibly a guitar, and appears to be singing. Both individuals have a casual and relaxed demeanor.Visually, the lighting is relatively subdued but focused on the performers, highlighting their expressions and instruments. The background features a colorful banner with the logo "96 Newbury FM," indicating a radio station or music event sponsorship. The color palette includes a mix of warm and cool tones, especially noticeable in the contrast between the banner and the performers' outfits.The overall context suggests a live music performance, likely in a small venue or studio setting, with an intimate and informal atmosphere. The presence of the banner and microphone setup implies a professional or semi-professional recording or broadcast scenario.
20332	neutral	20332.jpg	The image prominently features a collection of promotional materials and stationery scattered across a surface. The main subject is a poster which reads "Cleaning the Capital" with both English and French text "Le Grand ménage de la capitale" alongside the dates "September 15 to October 15" and the dates in French "Du 15 septembre au 15 octobre." The poster is branded with "Ottawa" at the top and "Tim Hortons" towards the upper left corner, featuring an illustration of a mop.In front of the poster, various promotional items are visible including multiple Tim Hortons gift cards featuring the same "Cleaning the Capital" theme. Some have illustrations of mops on them, and there are also circular stickers with a cartoon character and the text "Don’t litter" in multiple languages. A blue plastic glove is situated centrally among these items, adding to the cleaning theme.Additionally, there is a Tim Hortons coffee cup on the right side of the image, alongside a metal travel mug. The lighting in the image is neutral, highlighting the items clearly without any strong shadows or highlights. The colors are varied with the green and orange from the poster, the blue of the glove, and the predominantly white and red tones of the Tim Hortons branding.The overall scene suggests a community or city-wide initiative related to cleaning or environmental awareness in Ottawa, supported by local businesses like Tim Hortons. The context implies a collaborative effort, potentially involving volunteers or the general public, to improve cleanliness in the city.
20496	neutral	20496.jpg	In the image, the main subject is a brightly colored ice cream truck with the words "Honey" and "Honeydew Dairy" written on it. The truck is parked on a street, drawing attention with its vibrant white and aqua blue color scheme. The truck features a friendly design reminiscent of classic ice cream vans, with images and text promoting its brand. Around the truck, several people, likely children, are gathered, suggesting a sense of community or a neighborhood event. They are standing on the sidewalk and seem to be interacting or waiting to purchase ice cream. The setting is a residential area with a house visible in the background, which has a porch and a wooden railing.The lighting suggests it is daytime with even, natural light, creating a warm and inviting atmosphere. The photograph has a vintage filter, giving it a nostalgic feel, and the soft focus adds a gentle, relaxed vibe. Overall, the scene captures a moment of simple enjoyment and community in a suburban setting.
20647	neutral	20647.jpg	The main subject of the image is a navy blue T-shirt featuring a white graphic design. The design consists of interconnected white icons forming a stylized maple leaf, commonly associated with Canada, representing activities and objects such as sports equipment, musical instruments, and everyday items distributed along the leaf's edges. A white ribbon-like shape curves through the center of the graphic, adding a dynamic element to the design. Below the graphic, the hashtag #RUNFORCALGARY is printed in white.The visual elements include bright and even lighting, enhancing the contrast between the dark blue background of the T-shirt and the white graphic and text. The color scheme is minimalistic, relying on the navy blue and white contrast to stand out.The overall scene context suggests a promotional or event-related theme, possibly related to an initiative or campaign in Calgary, as indicated by the hashtag. The design implies a connection to community, activity, and engagement, possibly promoting fitness, sports, or local events in Calgary.
21088	neutral	21088.jpg	The main subjects in the image are a two-story house with a symmetrical design. The house features a front entrance with a maroon door and a small set of steps leading up to it. Two large windows flank the door on either side, and there is an additional row of windows on the upper floor behind red shutters. The house is surrounded by a small, well-maintained lawn and features shrubbery in front of it, including round bushes and climbing plants.The visual elements suggest a bright, daytime setting with soft, natural lighting, likely from partly cloudy skies indicated by the diffused sunlight and shadows. The color palette is subdued with neutral tones such as beige siding, maroon accents, and green plants.Overall, the scene depicts a typical suburban setting with a modest, single-family home. The environment appears neat and well-kept, contributing to a serene and orderly atmosphere.
21143	neutral	21143.jpg	The main subjects in this image are geographic markers indicating cities and towns such as Toronto, Mississauga, St. Catharines, Buffalo, Rochester, and Erie. These markers are scattered prominently across the upper and lower parts of the map, with Buffalo located centrally near the intersection of several routes.Visually, the map uses a blend of dark and light colors. The areas near Buffalo show a gradient from blue to green, indicating varying intensities, possibly rainfall or weather patterns. Other regions, especially near Erie, display vibrant colors like yellow and red, suggesting higher intensity or different conditions in those areas. The use of blue lines crisscrosses the map, representing transportation routes or highways that connect the cities.The overall scene context is a weather map focusing on a region encompassing parts of Ontario, Canada, and New York, USA. The central theme captures weather-related data, likely showing precipitation or storm activity, with visual emphasis on varying intensities across the mapped area.
21497	neutral	21497.jpg	The image features a group of five individuals sitting side by side, each focused on their own electronic devices. They are aligned diagonally across the frame, with their heads angled to the right and slightly turned towards the devices they are using. The individuals appear to be engaged and attentive, suggesting they are either studying or participating in an online session.The lighting in the image is bright and soft, creating a warm and inviting atmosphere. Natural light seems to be coming from the left side, possibly from a large window, highlighting the subjects and their devices. The color palette is predominantly composed of neutral tones with hints of green and brown, contributing to a calm and professional ambiance.The overall scene suggests a modern, collaborative environment where technology is central to learning or work. The bottom portion of the image contains bold text that reads "University Recruiting: 3 PROGRAMS TO SOURCE RECENT COLLEGE GRADUATES," indicating the image is likely part of a promotional material for recruiting fresh graduates. The neutral sentiment conveys a professional and approachable tone aimed at recent college graduates.
2824	positive	2824.jpg	The image features two main subjects engaged in a celebratory handshake. One person is wearing a white shirt, and the other is in a black suit. They are both raising their hands to form a tall, victorious gesture that captures the essence of achievement or success. The person in the black suit is slightly turned away, making it difficult to see their face, but both individuals are focused on each other, conveying a moment of shared accomplishment.The lighting in the scene is warm and ambient, with a soft glow coming from overhead fixtures, especially a prominent chandelier towards the top of the image. The lighting emphasizes the central action and adds a sense of formality and elegance to the setting. Colors in the image are mostly neutral, with the contrast between the white shirt and the black suit drawing attention to the handshake.In the background, there is a crowd of people, some of whom are holding signs and capturing the moment with their cameras. The atmosphere appears lively and enthusiastic, suggesting that this event may be related to a public or professional celebration, possibly involving some form of acknowledgment or recognition, as indicated by the word "LEADER" visible on a sign. The overall scene conveys a positive and triumphant mood, highlighting the interaction and support between the two main subjects in a social or professional gathering.
3888	positive	3888.jpg	This image is a poster for a job fair and training expo organized by a group named "STUDENT TIMES." The main subjects are the event details arranged prominently to catch potential attendees' attention. At the top, the words “JOB FAIR & TRAINING EXPO” are printed in large text with a bold red and blue color scheme.The visual elements include a clean white background that makes the red and blue text stand out sharply. There is also the use of icons such as a $20 gift pack, a stylized 'career' text with people graphics standing atop the text. These visuals add an engaging and dynamic touch to the layout.Overall, the scene context is promotional, focusing on the advantages of attending the event like free resume critiquing, social media workshop, free parking, and no admission fees. The bottom section encourages job seekers to meet employers in person and provides contact information for further details, implying an interactive and community-oriented event.
5911	positive	5911.jpg	The main subject of this image is a blue jay in mid-flight, captured with its wings spread wide, perched on a wooden railing. The bird is reaching for bird seeds on the railing, which are scattered around. The blue jay's striking blue and white feathers stand out against a soft-focus background, giving a sense of vibrant energy to the scene. The lighting is natural and diffused, highlighting the bird's intricate plumage without harsh shadows. The overall context suggests a peaceful outdoor moment, likely in a garden or forested area, with the blurred green hues of trees adding a serene and natural ambiance to the image.
7299	positive	7299.jpg	The main subjects in the image include a person standing in the center of a field, surrounded by tall cornstalks. The person is wearing a white tank top with a colorful design and dark shorts, and is smiling while looking at the camera, adding a cheerful vibe to the scene. The arrangement focuses on the individual as the central point, drawing attention to their lively presence amidst the natural backdrop.Visual elements like lighting and colors are bright and warm, with a golden hue that suggests either early morning or late afternoon sunlight. This lighting creates a soft, appealing atmosphere, enhancing the textures of the corn and the person's attire. The rich colors of the cornfield and the sunlight evoke a sense of warmth and richness.The overall scene context appears to be a casual, joyful moment during a leisurely day in a rural or agricultural setting. The image conveys a feeling of relaxation and appreciation for the simplicity and beauty of daily life.
7370	positive	7370.jpg	The image is promoting an event titled "The Beauty Behind The Madness Experience" presented by Virgin Radio. It features a photograph of an individual with short hair, a beard, and a mustache, wearing a collared shirt. The person's face is partially obscured by a black rectangular bar.The text is visually striking with a combination of yellow and white fonts against a black and white, somewhat distressed background. The yellow font highlights the names "The Weekend" and "Beauty Behind The Madness Experience," while the white text provides event details. The date "Aug 25" is prominently displayed, followed by the location "The Mod Club" at "722 College St., Toronto ON."The visual elements incorporate a grungy, textured background with cracked patterns, adding a dynamic and edgy feel to the overall design. The lighting accentuates the texture and tone of the image, emphasizing a bold and intense aesthetic. The overall scene context suggests a promotional poster for a music or entertainment event, focusing on an experience related to "The Beauty Behind The Madness."
7670	positive	7670.jpg	The image features two children standing in a shallow, clear river with one child, dressed in a blue shirt, raising both arms in excitement. The younger child in a green shirt and pink shorts is smiling with one hand raised. A dog is partially submerged in the water to the left, creating ripples and splashes as it plays. The scene is bright and sunny with lush green trees providing a dense, natural backdrop. The lighting highlights the clear, reflective water and the vibrant colors of the children's clothing. The overall context suggests an outdoor summer activity, filled with joy and playfulness.
7688	positive	7688.jpg	The image features a baby and a large dog lying on a brown cushion. The baby, dressed in a green and white striped outfit, is lying on their stomach with one arm reaching towards the dog, which appears to be sniffing or licking the baby's hand. To the left of the scene, a black kitten is sitting on the floor near a wooden piece of furniture, seemingly observing the interaction between the baby and the dog. The lighting in the room is soft and natural, creating a warm and inviting atmosphere. The room's decor is simple, with electronic devices visible on a wooden shelf in the background. The overall scene suggests a cozy and friendly environment, highlighting the bond between the baby and the dog, as well as the calm presence of the kitten.
7940	positive	7940.jpg	The main subject of the image is a fluffy dog with a soft, golden-brown coat and white markings, lying down on its front paws on a patterned rug. Its gentle expression with slightly drooping eyes and relaxed posture contributes to a calm and soothing atmosphere. The lighting is soft and warm, highlighting the gentle fur textures and deepening the shades in its fur. The patterned rug underneath, featuring earthy tones and intricate designs, complements the dog's coat colors. Overall, the scene conveys a sense of comfort and coziness, making it visually appealing and heartwarming.
8397	positive	8397.jpg	This image features several adorable puppies huddled closely around a person lying on the floor. The puppies appear to be young, with fur in shades of brown and white, adding warmth to the scene. The lighting is soft and natural, enhancing the cozy atmosphere and highlighting the gentle expressions of the puppies. The person's face is not visible, focusing attention on the interaction with the puppies. The overall context suggests a comforting and joyful setting, emphasizing the puppies' role as companions and potential mood lifters, complemented by the text "INSTANT ANTIDEPRESSANT" at the top of the image. The combination of these elements creates a sense of happiness and tranquility.
8606	positive	8606.jpg	The main subject of the image is a block of text that discusses the emotional distress experienced by someone being stalked on social media. The text describes a scenario where an individual is secretly followed by others who do so without drawing attention, fearing potential backlash. This nightly activity of looking at posts and deriving happiness from the victim's content is depicted as distressing for the victim, who feels compelled to hide and cry. The text itself is all in a plain, white font against a dark background, creating a stark contrast that emphasizes the emotional weight of the content. The overall scene context suggests feelings of vulnerability, anxiety, and emotional turmoil in the digital space. The simplicity of the visual elements focuses attention solely on the emotional narrative expressed in the text.
9477	positive	9477.jpg	The main subject of the image is a person, likely a musician or performer, playing a keyboard or synthesizer. The individual is positioned in the center of the frame, with their hands clearly visible on the instrument, suggesting a dynamic and energetic performance. The person's facial expression and body language convey intensity and passion, further emphasizing the emotional engagement with their performance.Visually, the lighting is dim and dramatic, with spotlights illuminating the performer against a mostly dark background. This contrast enhances the focus on the subject, highlighting their actions and expressions. The colors are muted due to the low lighting, with shades of black and dark tones dominating the scene, punctuated by the occasional glow from the stage lights.The overall scene suggests a live performance setting, possibly at a concert or club. The intense atmosphere, combined with the performer's expressive demeanor, creates a sense of excitement and energy. This context, along with the positive sentiment, indicates a thrilling and immersive musical experience.
9692	positive	9692.jpg	The main subjects of the image include a stylized face occupying the top half, with the word "DEMAGOGUE" prominently displayed beneath it. The background is dark, and the portrait features warm tones, primarily browns and creams, creating a dramatic effect. The lighting seems focused on the face, enhancing its features and drawing attention to the expression. The lower portion contains text describing a political leader who appeals to voters' emotions and prejudices. The overall scene appears to convey a critical message about political behavior, emphasizing the term "demagogue" and its negative connotations. The use of bold, white text against a dark background strengthens the impact of the message.
9976	positive	9976.jpg	The image depicts a scene involving two individuals in safety gear near a piece of heavy equipment, possibly a truck or work vehicle. The main subject is a woman, identified as Hon. Rona Ambrose, Federal Minister of Labour, who is seated or standing beside the vehicle and interacting with the equipment. She is wearing a white safety helmet and a high-visibility vest over her dark clothing. The second individual, a man, is also in safety gear, including a blue helmet and a high-visibility vest, and appears to be assisting or explaining something to her. The arrangement indicates an informative or instructional setting.The lighting in the image is bright, suggesting it was taken outdoors during the daytime. The colors are vibrant, with the high-visibility vests contrasting against the darker clothing of the individuals and the machinery. The equipment itself has a yellow and black color scheme, typical of construction or industrial machinery, enhancing visibility and safety.The overall scene conveys a professional and educational context, likely part of a training or briefing session. This is supported by the text overlay, which mentions equipment training at the Operating Engineers 955 Training Trust site during an open house event. The atmosphere seems positive and collaborative, highlighting an engagement in learning or discussion about heavy equipment operations.
11709	positive	11709.jpg	The main subjects of the image are two six-pack cardboard carriers of beer, prominently placed on a tabletop in what appears to be a store or warehouse setting. On the left is a red carrier labeled "Gypsy Tears Ruby Ale" depicting an illustrated character with dark hair, red lips, and a red rose, while on the right is a pink carrier labeled "Jerkface 9000" showing a caricatured figure with a mischievous grin, wearing a hat and holding a bottle. Both carriers have multiple dark bottles of beer nestled within them.The image has good lighting that clearly illuminates the beer carriers and their vibrant colors. The red and pink packaging stands out against the relatively neutral background, enhancing visibility and attracting attention to the products. The colors used on the packaging—red, pink, and dark hues—are bold and eye-catching.The overall context of the scene is a promotional setup for a beer-tasting event happening "Saturday, August 29 from 2:30-5:00" as indicated by signage at the top. The backdrop includes shelves stocked with various bottles, reinforcing the setting in a retail or specialty beer store, emphasizing the availability and variety of alcoholic beverages.
12380	positive	12380.jpg	In the image, the main subject is a man wearing a dark pinstripe suit, white shirt, and red tie, who appears to be speaking or gesturing with both hands raised. He is smiling broadly, suggesting a positive or enthusiastic moment. The arrangement centers on him, capturing his upper body and part of the background.The lighting in the image is even, highlighting the man's face and enhancing the visibility of his facial expressions and gestures. The background features a warm, wooden texture with a blue wall and some shelves containing books and other items, providing a professional yet inviting setting. The colors are harmonious, with the warm tones of the wooden panel contrasted by the cooler, vibrant blue, and the red tie adding a dynamic pop of color.The overall scene, likely taken in a studio or office environment, suggests a formal yet engaging atmosphere, possibly from a talk show or interview, where the subject is communicating with energy and positivity.
12771	positive	12771.jpg	The main subjects in the image are a bride and groom standing at the altar, ready to be married, facing an audience seated in rows on either side of an aisle. The aisle leads directly to the focal point of the scene, highlighting the couple’s special moment. The audience consists of guests who appear to be engaged and attentive, dressed formally in a variety of colors.The visual elements include elegant chandeliers that illuminate the room with a warm glow, enhancing the ambiance and drawing attention to the center where the ceremony takes place. The room’s architecture features tall windows that allow natural light to fill the space, complemented by beige and brown tones that create a sophisticated and inviting atmosphere. Ornate columns and decorative moldings add to the grandeur of the setting.The overall scene context suggests a wedding ceremony in a luxurious and well-appointed venue, with careful attention to detail in decor and lighting, emphasizing the significance and celebration of the event. The formal arrangement and elegant surroundings convey a sense of importance and joy.
13566	positive	13566.jpg	The main subjects in the image are two women posing closely together, likely taking a selfie. They are smiling and appear to be enjoying themselves, wearing sunglasses and casual clothing, indicative of a relaxed, sunny day. Both wear dark tops, with one having an orange trim, adding a pop of color to the scene. The woman on the right also has a necklace and sports a headband, contributing to her casual yet stylish appearance.Visual elements like lighting showcase a bright and sunny day, as evidenced by the reflections in their sunglasses and the shadows present. The overall color palette is warm, with the outdoor setting and attendees in the background suggesting a lively atmosphere.The context of the scene seems to be a sports event, likely a baseball game, given the stadium seating and crowd in the background. The background is filled with spectators, some wearing team apparel, indicating a communal and festive environment. The joyful expressions and relaxed attire of the main subjects suggest they are having a good time at the event.
13575	positive	13575.jpg	The image is split into two sections, both showcasing vibrant red attire and high energy. On the left, there is a close-up of a leg wearing striking red trousers paired with a bold red and gold striped high-heeled boot. The boot features a high platform and intricate golden patterns that catch the eye. The surface beneath is a simple, glossy floor, highlighting the boot's details.On the right, a musician is captured mid-performance on stage, playing a red electric guitar with a star-shaped body. The performer is dressed in a shiny, red suit with a headwrap matching the outfit. Their expression is lively and passionate, suggesting they are deeply engaged in their music. The background is dark, emphasizing the musician and their bright attire, with a spotlight adding to the dynamic atmosphere of the scene.Overall, the image conveys a sense of energy, style, and performance, with a strong focus on red and gold colors and sophisticated fashion elements.
14134	positive	14134.jpg	The image features a male figure standing close to a vintage style microphone, actively engaged in a performance as he sings into it, evident from his open mouth and expressive eyes. The subject is positioned slightly to the right side of the composition, allowing the microphone to draw immediate attention while also framing the subject attractively.Lighting is predominantly focused on the subject, creating soft shadows that contour his face and highlighting his features, lending a warm or intimate atmosphere. The background remains dark, ensuring that the viewer's attention remains on the performer without any distractions. The overall color scheme is monochromatic or dark-toned, adding to the intense and dramatic feel of the scene.Text overlay at the center-bottom part of the image reads "Brad Battle" in a stylish font, complemented by a circular emblem containing "BB," which likely represents a branding or logo element related to the individual or event being captured. The scene suggests a live concert or performance setting, with the performer exuding a sense of passion and connection to the music.
14965	positive	14965.jpg	The image features a woman dressed as a firefighter on the left side, wearing a bright pink helmet and a shiny pink and yellow top. She appears confident, exuding a sense of adventure and boldness against a backdrop of flames. The text, placed prominently to the right, announces a themed party titled "RESCUE ME" aimed at firemen and EMT singles. The event is at Hudson Terrace, with details about the date, time, and drink specials clearly outlined. The warm tones of orange and yellow dominate the scene, complementing the fiery theme and creating an energetic atmosphere. The overall context suggests a fun and lively gathering, with a focus on a specific community and the excitement of a themed party.
15134	positive	15134.jpg	The image features an individual wearing a racing helmet and gloves, seated in what appears to be a racing car. The person is holding onto a gear shifter with one hand and gazing through a helmet visor, suggesting concentration on driving. The hand is gloved in a striking red color, while the rest of the attire appears black, giving a strong contrast. The helmet has red text on it, contributing to the dynamic atmosphere.Lighting in the image is bright, streaming in from the side window, casting light on the person and creating a sense of energy and motion. The background shows part of the car's interior, with various controls and a window, enhancing the context of driving.The overall scene suggests an environment of enthusiasm and expertise, likely related to racing or high-performance driving. The text overlay mentions an "Embedded Systems Software Engineer Lead" from 2015, located in Saginaw, MI, hinting at a connection between the individual's professional role and the activity depicted. The image conveys a sense of dedication and passion for the field of embedded systems software engineering.
15178	positive	15178.jpg	The main subject of the image is a blue car with a sleek design, parked in front of a building. The car is prominently positioned on the left side, making it the focal point of the image. The building behind the car has a green "TD" logo, indicating it is likely a business establishment, with signage that states "Open 7 Days," suggesting it is operational daily. Visually, the lighting in the image creates reflections on the car's shiny surface, enhancing its sleek and polished appearance. The blue color of the car contrasts nicely with the neutral tones of the brick building, drawing attention to the vehicle. The windows of the building are large, allowing a glimpse inside and adding depth to the scene.The overall scene seems to be set in an urban or suburban area, likely a parking lot or a street adjacent to commercial buildings. The atmosphere conveys a sense of normalcy and activity, as indicated by the operational status of the nearby business. The combination of the stylish car and the bustling establishment creates a positive and dynamic setting.
15308	positive	15308.jpg	The image prominently features a vibrant beach scene at the top, serving as the backdrop. Against this picturesque background, the text "Greetings from Philippine Festival Toronto 2015-08-29" is displayed in large, bold letters, suggesting it is a promotional poster for a festival event. Below this, there is a bold instruction, "Discover the Philippines," encouraging exploration and engagement. The poster is set against a blue and white color scheme, creating a visually appealing contrast. At the bottom, there's a tagline, "Home of the World's Best Best Place," adding a promotional twist. The image conveys a celebration of Filipino culture and a welcoming invitation to experience the nation firsthand.
15812	positive	15812.jpg	In this image, the main subjects are a man on the left and a woman on the right, both sitting on the floor. The man is wearing a black shirt and blue cap, with white sneakers. He has tattoos on his arms and is reaching out to a smartphone held by the woman. The woman is wearing a black and white shirt, and she appears to be smiling or laughing while looking at the phone screen. Various printed photographs are scattered on the floor around them.The lighting is bright, likely from natural light coming through the windows behind them, contributing to a cheerful and open atmosphere. The color palette is warm, with the beige walls and wooden floor enhancing the inviting ambiance. In the background, there is a mirror reflecting the scene, and some chairs and a bag are also visible.The overall scene suggests a casual, collaborative moment, perhaps involving photo editing or sharing, with a sense of camaraderie and focus on the task at hand.
17978	positive	17978.jpg	The image showcases a large stadium during twilight with a massive crowd gathered in front, creating a vibrant and energetic atmosphere. The stadium itself features a unique architectural design, with a central tall structure that emits purple lighting, adding to the visual appeal and focal point of the scene. Surrounding the stadium, the sky transitions from a soft blue to warm hues near the horizon, highlighting the evening sky. The illuminated entrance and the sea of people, many dressed in dark colors, contrast with the softer background, emphasizing the event's lively and bustling mood. The combination of structural lighting and natural dusk tones creates a visually captivating setting, suggestive of a significant public gathering or celebration.
18216	positive	18216.jpg	The main subject in the image is a steamed bun, prominently placed in the center against a plain background. The bun is well-formed, with pleated folds that suggest it was carefully crafted. The lighting in the image is soft and even, which highlights the bun's smooth texture and creamy color. The white background contrasts gently with the slightly off-white hue of the bun, drawing attention to its shape and details without any distractions. The overall scene conveys a simple and clean presentation, emphasizing the appetizing and delicate nature of the bun.
18305	positive	18305.jpg	The main subject of this image is a person with glasses, sitting with arms outstretched in front of a decorative backdrop. They are wearing a black t-shirt featuring a colorful graphic, possibly referencing a retro or nostalgic theme. The scene appears to be in a well-lit and opulent indoor setting, likely a luxurious interior space, with elegant walls and sophisticated decor.The visual elements include soft, ambient lighting that adds a warm and refined atmosphere. The lighting has a soft, purple hue that contrasts with the neutral tones of the walls and enhances the ambiance. The scene is accented with plants and chandeliers, contributing to the luxurious feel.The overall context seems to capture a moment of joy or celebration, suggested by the person's open-armed posture and joyful expression. The setting indicates a formal or upscale environment, possibly part of an event or gathering.
18532	positive	18532.jpg	The image captures a serene and picturesque scene during sunrise or sunset, characterized by vivid lighting and warm tones. The main subjects in the image include a distant city skyline, which appears as a silhouette against the bright sky, suggesting a blend of urban and natural elements. In the foreground, there is a green, grassy area with some trees and possibly a distant fence or structure, partially obscured by sunlight.Visual elements include the sun low on the horizon, casting a radiant glow and creating lens flares that add to the ambiance. The lighting is soft, with the sunlight diffused through haze, enhancing the golden hues across the scene. The colors transition from warm yellows and oranges near the sun to cooler blues and greens further away, creating a harmonious contrast.The overall scene context suggests a peaceful, idyllic setting where nature meets urban development, evoking a sense of calm and beauty. The lighting and composition enhance the tranquil and positive mood of the image.
18640	positive	18640.jpg	The image features a large outdoor festival or market event with people gathered around a prominent food truck labeled "Oddball Brewing Co." The truck is decorated with vibrant colors and various graphics, showcasing a lively and playful atmosphere. The sign reads "Now Serving," suggesting that the truck is actively offering food or beverages. The crowd is diverse, with people standing and walking, creating a bustling scene that indicates a popular event. The clear blue sky provides bright lighting, enhancing the vivid colors of the truck and the natural surroundings. In the background, there is a bridge and some trees, reinforcing the outdoor setting. The atmosphere appears lively and festive, with attendees engaged and enjoying the event.
19852	positive	19852.jpg	The main subjects are two men rowing a canoe on a river. One man is holding a paddle with one hand and has a relaxed posture. The other man is taking a selfie with the camera, capturing both of them in the frame. They are dressed in safety gear, including helmets and life vests, with one wearing a bright green shirt and the other in a blue and gray shirt.The lighting is even and natural, suggesting an overcast day. The colors are vibrant, with the green of the trees lining the riverbank contrasting against the blue and red of the men's gear. The river appears calm with slight ripples.The overall scene conveys a sense of adventure and enjoyment, likely depicting a recreational outing focused on exploring nature and engaging in water activities. The serene environment and relaxed expressions reflect a positive and leisurely experience.
20049	positive	20049.jpg	The image showcases a vibrant and picturesque landscape featuring a colorful array of pink and purple flowers in the foreground, which are neatly arranged in a garden bed. The lush greenery and healthy foliage add a touch of nature's beauty, contrasting with the rich blossoms. Behind the garden, a serene body of water stretches across the middle ground, reflecting the subtle hues of the sky above. On the opposite bank of the water, a striking cityscape emerges, with prominent gothic architecture that hints at historical and cultural significance. The skyline includes a mix of modern and traditional buildings, suggesting a harmonious blend of old and new. The scene is bathed in soft lighting, likely from either early morning or late evening, casting a gentle glow that enhances the tranquil atmosphere. The overall context of the scene evokes a sense of calm and appreciation for both natural and urban beauty, highlighting the peaceful coexistence of nature and city life.
20091	positive	20091.jpg	The image shows three individuals seated in what appears to be the back of a vehicle, likely a fire truck, based on the equipment visible. The person on the left is smiling directly at the camera, sitting on a seat with legs crossed. The middle person is also smiling and looking at the camera, leaning slightly forward with one arm resting on the back of the seat beside a red backpack. The individual on the right is sitting back and wearing sunglasses, appearing more relaxed.The lighting seems to be natural, coming from the windows, creating a bright and well-lit scene. The interior colors of the vehicle are predominantly dark, contrasting with the brighter outdoor light. Various firefighting tools and equipment are scattered around, including helmets, reflective vests, and red jacks, indicating a prepared or operational readiness context.Overall, the scene conveys a sense of camaraderie and positive atmosphere among the individuals, likely reflecting a sense of teamwork or readiness for a mission.
20161	positive	20161.jpg	The main subject of this image is a bird perched on a floating cylindrical object in a tranquil body of water. The bird, likely a cormorant, has its reflection clearly mirrored in the still water, creating a calm and reflective scene. The visual elements show soft natural lighting that suggests either early morning or late afternoon, with gentle highlights and shadows that enhance the serene atmosphere. The colors are predominantly muted greens and browns, complemented by the darker tones of the bird and the wooden object, adding to the peaceful ambiance.The overall scene context is one of tranquility and reflection, with the undisturbed water surface and the solitary bird adding a sense of quietness and contemplation. The natural setting appears to be a peaceful, possibly remote location ideal for reflection and observation of wildlife.
20403	positive	20403.jpg	The image mainly features a musician passionately singing while playing an acoustic guitar. The performer is prominently displayed in the center, with a joyful expression. Bright stage lights create a vibrant and dynamic backdrop, highlighting the person with various colorful circular lights that add a lively atmosphere. The text is strategically distributed around the central figure, indicating details of a concert, such as the date, time, location, and ticket information. The event is titled "CARLDIXON SOLO ACOUSTIC SHOW," scheduled for September 24 at 8:30pm at The Daily Grind Art Cafe in Ottawa. Tickets are priced at $25, available through the provided website link. There are also social media references and endorsements in the corners, along with logos, suggesting engagement and promotion through various platforms. The overall scene conveys an energetic and inviting concert environment, emphasizing the musician's expressive performance and the enthusiastic ambiance of the event.
20437	positive	20437.jpg	The image features the logo for the CHEO Foundation, with "CHEO" prominently displayed in large yellow letters with a shadow effect, suggesting a sense of depth. The word "Foundation" is written in black beneath it, with an equivalent French translation "Fondation" positioned below that. To the right of the text, there's a cheerful, cartoonish yellow teddy bear sitting down and smiling, which adds a friendly and approachable feeling to the design. The overall lighting is even and bright, highlighting the text and the teddy bear against a white background. The scene conveys a sense of warmth and positivity, likely intended to reflect the foundation's values of care and community support.
20451	positive	20451.jpg	The main subjects in the image include the sky filled with vivid pink and orange hues during sunset, silhouetted trees framing the edges, and buildings partially visible on the right side. This arrangement creates a serene and picturesque scene likely during twilight. The lighting is soft and warm, with a gradient transitioning from deep pink to purple, enhancing the beauty of the sunset. The colors evoke a sense of calmness and wonder. The overall context suggests a peaceful suburban or rural setting, possibly viewed from a quiet street or park, capturing the tranquil beauty of nature transitioning into night.
20514	positive	20514.jpg	The main subject of the image is a heron standing gracefully near a body of water. The bird is positioned slightly to the left, creating a sense of balance in the composition. Nearby, there are rocks scattered partially submerged in the water, adding texture and interest to the scene. The lighting is soft and appears to be natural, likely indicating early morning or late afternoon, casting a gentle glow on the bird and water. The colors are muted with a predominance of blues and grays, contributing to a calm and serene atmosphere. The overall context suggests a tranquil natural setting, emphasizing peace and quiet beauty.
21245	positive	21245.jpg	The main subject of the image is a man wearing glasses, holding and eating an ice cream cone. He is positioned in the foreground, slightly off-center, with his face angled towards the camera. Behind him, there is a window with closed horizontal blinds casting shadows. The lighting suggests it is daytime, with sunlight casting a warm glow and creating a shadow on the blinds. The colors are generally warm with the man dressed in a green shirt and the ice cream cone appearing to be a vanilla or light-colored soft serve. The overall scene exudes a relaxed and cheerful atmosphere, possibly indicating a pleasant moment during a sunny day.
21628	positive	21628.jpg	The image features two smiling women in what appears to be an office setting. The woman in the foreground is taking a selfie, as suggested by the visible camera angle and her position relative to the other individual. She has blonde hair pulled back and wears a black top. The woman in the background also has blonde hair and is dressed in a striped top. She is slightly out of focus, sitting behind the first woman, and holds a piece of paper with the visible text "BACK TO SCHOOL" printed on it.The lighting in the scene is bright, likely from overhead fluorescent lights common in office environments, casting a consistent illumination over both individuals. The colors are muted, with the office background consisting of beige walls and cabinets, typical for a professional workspace.The overall context suggests a cheerful or celebratory moment, possibly related to a back-to-school event or promotion, given the text on the paper and the office setting. The presence of makeup items on the desk, such as lip glosses, adds a personal touch to the workspace and hints at a relaxed, friendly atmosphere.
21812	positive	21812.jpg	In the image, four individuals are posing in a playful manner. The main subjects are positioned side by side, leaning towards the camera, smiling and giving thumbs up. One person, a young man on the right, stands slightly apart from the three young women.The lighting is bright, suggesting it is well-lit indoors, likely a classroom or cafeteria due to the white tiled walls and the presence of a table. The individuals are wearing casual clothing, featuring a variety of colors like pink, gray, and black, adding vibrancy to the scene. The overall atmosphere appears cheerful and friendly, capturing a moment of camaraderie among the group.
22238	positive	22238.jpg	The main subjects are two individuals, a male and a female, positioned close together as if taking a selfie. The male is on the left side, smiling, while the female, on the right, has her mouth open in a joyful expression. Overlaid on the image is the phrase "I feel good" in a stylized, illuminated font with blue lights. The background of the image appears to be a retail store, with visible clothing racks displaying various items and overhead fluorescent lighting. The colors are generally bright, with a mix of white, green, and red tones from the store itself, while the clothing on display adds splashes of pink and other hues. The overall scene conveys a sense of happiness and positivity.
22724	positive	22724.jpg	The image features a promotional poster for the Legends Show during the Canadian Country Music Week. The main subjects are the names of featured performers, arranged in a two-column format, with Gord Bamford, Tim Chaisson, Patricia Corrigan, The Good Brothers, Kira Isabella, Joan Kennedy, Beverley Mahood host, Charlie Major, Danielle Marie, Jess Moskaluke, Tracy Brown and Randall Prescott from the Family Brown on the list. The text is set against a background evoking a rustic theme with a guitar visible on the right side, enhancing the country music vibe.Visually, the poster uses warm colors like beige and brown for the background, combined with a distressed texture that adds to the retro feel. The large, bold red text of "Legends Show" stands out prominently, while additional details such as the event date, time, and venue are written in smaller, clear fonts. The lighting and layout are designed to draw attention to the performers' names, with the hosting venue, The Berkeley, noted in the lower right corner. The overall scene conveys a sense of nostalgia and celebration of country music legends, suggesting a lively and authentic concert experience.
22848	positive	22848.jpg	In the image, the main subjects are several individuals who are laid out on the floor, covered with blankets and pillows. They seem to be resting or sleeping in a seemingly organized manner across the living room area. The arrangement appears relaxed and informal, with the people spaced out along the floor near a kitchen counter and a fireplace.The lighting in the room is soft and diffused, with natural light coming through the windows, creating a warm and inviting atmosphere. The colors in the space are a mix of earth tones and red accents, particularly noticeable in the red window curtains and the patterned rug. There are also several large green plants scattered throughout the room, adding a vibrant, natural element to the setting.The overall scene conveys a sense of comfort and tranquility, as if the individuals have gathered for a restful, possibly communal, experience in a cozy and well-decorated living space. The presence of the plants, warm lighting, and the relaxed arrangement of people all contribute to a feeling of peacefulness and relaxation.
