index	#1 Label	#2 ImageID	#3 String
2523	negative	2523.jpg	The image shows a YouTube video thumbnail with a colorful and animated background. At the top is a cartoon character resembling a dog with exaggerated expressions, holding a sign that reads "Wile E. Coyote's Gravity Lessons." The dog is standing upright, looking shocked or surprised, with raised eyebrows, and flailing one arm while gripping the sign with the other. To the right, a small blue bird is flying with a slightly annoyed or smug expression, looking at the dog. The background features a gradient from yellow to pink and orange, giving a warm, dynamic feel.Below the cartoon scene is the YouTube profile section, featuring a photo of a person with a neutral expression. The profile name is "Vikram Mansharmani," described as an Advisor, Academic, Author. To the right, there's a "Follow" button.Underneath the profile section is the video's title, "Crazy Canadian Credit Confronts Crude, Eh?" It shows the video's publication date as March 19, 2015, with 8,358 views, 105 likes, and 24 comments. Social media share buttons for LinkedIn, Facebook, and Twitter are visible.The description below the video title discusses Canada's housing boom and economic outlook, suggesting vulnerability in the economy. The overall atmosphere of the image is lively and animated, with a focus on conveying a sense of urgency or tension regarding the economic topic.
2768	negative	2768.jpg	In the image, a person with short blonde hair and glasses is seen speaking into multiple microphones in front of a green background with the word "green" prominently displayed. The individual is wearing a white shirt under a dark suit jacket. Several out-of-focus individuals are visible behind the subject, along with various microphones and recording devices that suggest a press conference or media briefing setting. The atmosphere appears to be focused and professional, with the central figure seemingly addressing the media or delivering a statement.
2799	negative	2799.jpg	The image depicts a cartoon-style scene showing a large group of people peacefully protesting against policies related to climate change and energy. The backdrop features a mountain with a castle-like structure at the top, and a dark sky with a partially visible moon and clouds. Signs and banners held by the protesters display various messages such as "Global Warming Fraud" at the top, and several slogans like "We can't afford electricity! Any more!," "Fuel poverty is killing us!" and "Green lies!" among others. Other signs read "Climate Change is Not Normal" and "Say No to Climate Fascism." The protesters are drawn with a variety of emotions ranging from serious to angry. The color palette includes shades of blue, gray, and muted earth tones, evoking a dramatic nighttime scene. The title "The Climate Revolt Spreads" is prominently displayed at the bottom of the image.
3044	negative	3044.jpg	The image displays a bar chart titled "Federal Voter Participation, by Age" depicting voter participation rates for two age groups, 65+ and 18-34, over three election years: 2006, 2008, and 2011. The chart is colored with yellow bars for the 65+ age group and red bars for the 18-34 age group. The y-axis on the left side shows a percentage scale from 0% to 72%, increasing by increments of 10%. The x-axis lists the election years. For each year, the yellow bar representing the 65+ age group is slightly higher than the red bar representing the 18-34 age group.Overlaying the bars are two dashed lines: a yellow dashed line labeled "Linear 65+" and a red dashed line labeled "Linear 18-34", suggesting linear trends for the two age groups. The yellow dashed line shows a slight downward slope, while the red dashed line shows a steeper downward slope, indicating a decrease in voter participation over the years for both age groups.In summary, the chart shows that older adults 65+ have consistently higher voter participation rates than younger adults 18-34 across the three election years. Both groups show a downward trend in voter participation over time, with younger adults experiencing a more significant decline.
3054	negative	3054.jpg	The image depicts a character with a pale, gaunt face and yellowish eyes, wearing a dark hooded robe that covers their head and shoulders. The character's mouth is open wide, revealing sharp teeth in what appears to be a snarl or scream. The background is dimly lit, with a dark and shadowy setting, contributing to a sinister and ominous atmosphere. The overall color palette consists of dark and muted tones, enhancing the creepy and menacing vibe of the scene.
3072	negative	3072.jpg	The image displays a collage of six headshots arranged in a two-by-three grid. Each individual is photographed against a plain or minimally detailed background. The individuals vary in appearance, with different hairstyles, facial hair, and skin tones. The top-left headshot depicts a person with short hair and no facial hair, wearing a neutral-colored shirt with a soft blue background.The top-center headshot shows a person with a short, closely shaved beard and mustache, dressed in a light-colored shirt with a white background.The top-right headshot features a person with a fuller beard and mustache, set against a plain white background.The bottom-left headshot presents a person with a long, full beard and short hair, wearing a neutral-colored shirt against a light gray background.The bottom-center headshot shows a person with short, buzz-cut hair and no facial hair, set against a light background.The bottom-right headshot features a person with short hair and facial hair, captured in a slightly informal setting with a more colorful background, including a reddish hue and visible indoor elements like doors or windows.Each individual's expression is neutral or slightly serious, and the overall setting gives a sense of official documentation, such as mugshots or ID photos.
3271	negative	3271.jpg	The image features a split composition with the left side depicting a sepia-toned photograph of Adolf Hitler from January 29, 1933. Overlaid on this image is a quote in purple font that reads: "Give me ten years' time, and you will not recognize Germany anymore," attributed to Adolf Hitler. The right side of the image shows a modern color photograph of Stephen Harper, with a similar purple font quote stating: "You won’t recognize Canada when I’m through with it," attributed to Stephen Harper on June 24, 2013. The image juxtaposes these two quotes and the associated figures to highlight contrasting historical and contemporary sentiments.
3328	negative	3328.jpg	The image features a bright yellow-green background with a quote in black text that reads: "One doesn't have to operate with great malice to do great harm. The absence of empathy and understanding are sufficient." Below the quote is the attribution "Charles M. Blow, journalist." At the bottom right corner in smaller text is "The Empathy Trap book page." The design is minimalistic, focusing on the textual message against the solid background. The atmosphere is straightforward and emphasizes the importance of empathy as conveyed by the quote.
3355	negative	3355.jpg	The image depicts a cluster of small brown mushrooms growing densely on a forest floor covered with mulch and leaves. Surrounding the mushrooms, there are various green plants with broad leaves, creating a lush and natural setting. The sunlight filters through the leaves, casting dappled shadows across the ground. The atmosphere appears calm and serene, typical of a forest or woodland environment. There are no people or animals visible in the image, which focuses solely on the natural elements with earthy tones and a sense of quietness.
4921	negative	4921.jpg	The image shows a busy urban street setting with a mix of modern and older architectural buildings lining the sidewalk and street. The street is paved and appears to be a tram line, as evident by the tracks running down the middle. There is a crowd of people gathered to the right side of the image, some standing and conversing, while others appear to be walking along the sidewalk. A few umbrellas can be seen suggesting it might be raining lightly.Prominently on the left side of the image, there is an outdoor display with large, colorful, block letters spelling "art." The area looks like a public space, possibly an art installation or a street market. The sky is overcast, contributing to the overall mood of the scene.In the foreground, a man is standing with his back partially turned towards the camera. He is wearing an orange jacket, a red cap, and a lanyard with an ID badge. He has one hand in his pocket and the other hand extended towards the camera, with his fingers spread apart. The overall atmosphere appears to be casual and somewhat bustling, indicating that the location might be a popular event or gathering spot.
7788	negative	7788.jpg	The image shows a boy wearing an orange and gray sports jersey with "PHD" written on the front. He is sitting cross-legged on a floor, leaning against a large brown tufted couch. His facial expression appears neutral or slightly subdued. He is holding a black and white dog with a thick coat, which is looking directly at the camera. The dog is wearing a colorful scarf around its neck and there is a gold pattern visible on it. The room has a simple, uncluttered setting with neutral-colored walls and flooring. The atmosphere suggests a casual and relaxed environment. There is no indication of negative sentiment in the image based on the visual elements provided.
8675	negative	8675.jpg	The image features a gritty, textured background resembling a brick wall painted in white with a rough finish. Prominently displayed are several pieces of text and graphics. At the top, the text reads "5 SECONDS OF SUMMER" in a bold, distressed typewriter font, black with some red splatter effects. Directly below that is a large graphic of a devilish face with pointy ears and a mischievous expression, drawn in a black, sketchy style with a red "X" across its eye, making it appear star-crossed or cursed. The face is integrated into the word "VTFE," which is written in bold, black letters, with the "V" and "F" especially large. At the bottom, there is a red banner with the hashtag "#SHESKINDAHOTVMA," in white, slightly distressed capital letters. The "MV" logo is positioned in the bottom right corner, which might stand for MTV, known for their music-related content and events. The overall atmosphere is edgy and rebellious, with a strong pop culture influence.
8821	negative	8821.jpg	In the image, there is a close-up of a young man with light-colored eyes and a neutral facial expression. His right hand is propped up, resting against his cheek, with his elbow resting somewhere not visible in the image. He has short, light brown hair, light stubble, and a neutral lip position, with a minor mark on his lower lip. He is wearing a black t-shirt with white wave-like designs across the chest. Around his neck, he has a thin necklace and sunglasses hanging from it. The background appears to be an interior setting with a plain wall and some soft, natural light coming in from the left, creating a calm and relaxed atmosphere. The overall color scheme is neutral with pale tones, and the setting suggests a casual or informal environment. The expression and posture of the individual give a contemplative or mildly uninterested vibe.
9013	negative	9013.jpg	The image is a close-up portrait of a middle-aged man with light skin and long blond hair pulled back. He has a serious expression with slightly furrowed brows and a firm mouth. His eyes are focused and intense, conveying a stern or contemplative demeanor. He is wearing a dark suit jacket, white collared shirt, and a dark tie. The background is softly blurred, featuring shades of light blue and neutral tones, suggesting an outdoor setting with a distant view of the sea or sky. The overall atmosphere of the image is formal and business-like, emphasizing a sense of authority and seriousness.
9324	negative	9324.jpg	The image shows a close-up of a person's face looking upwards slightly with an open mouth, suggesting they might be speaking or singing. The person's expression appears to be intense or focused. Their facial features, such as the eyes and mouth, are somewhat blurred, indicating movement or a quick shot. The background is mostly out of focus, with some green elements visible, which could imply an outdoor setting or a brightly colored environment. The colors in the image are slightly muted with a vintage or grainy feel, possibly indicating an older photograph or a filter effect. The overall atmosphere seems dynamic, capturing a moment of action or emotion.
9394	negative	9394.jpg	The image depicts two individuals sitting closely together on a couch against a brick wall backdrop. The person on the left is wearing a military-style jacket with red shoulder patches and a black T-shirt underneath, while the individual on the right is dressed in a black T-shirt. The person on the left has his arm around the shoulder of the person on the right, who is holding a large pink and white lollipop near his mouth.Both individuals have short, light brown hair styled similarly, giving a casual and relaxed appearance. The couch they are sitting on appears to have a mix of gray and pink fabric. The brick wall behind them adds a rustic touch to the setting. The atmosphere of the image seems light-hearted and friendly, with neither individual displaying overt expressions of distress or negativity. However, there may be an underlying sentiment that is not readily apparent from the visual elements alone.
9468	negative	9468.jpg	The image shows a person standing outdoors in a grassy area on a cloudy day. The individual is wearing a dark jacket with lighter-colored panels on the lower arms and sides, and sports-style shorts that match the jacket design. They are bending slightly forward and appear to be engaged with something in their hands that is just out of view. The background has a natural setting with scattered trees and a red net or barrier lying on the ground to the left side. The overall atmosphere of the image appears somewhat dim due to the overcast sky, creating a subdued or potentially gloomy mood.
9545	negative	9545.jpg	The image appears to be a screenshot of a Twitter page displaying tweets and interactions related to voting statistics for an event, likely the VMAs. At the top, there is a tweet by "5H Voting Stats" with the handle @5HVoteStats, showing voting statistics: "Us: 1.5 million/hour" and "Them: 1.1 million/hour," accompanied by the hashtag #WorthItVMA. The tweet was retweeted by a user named "emily" and was posted on 8/30/15 at 1:54 PM. The tweet has garnered 1,075 retweets and 26 favorites.Below the main tweet, there are several replies from different users, including "FOLLOW ME DINAH" @virtuallybruna, "Devin" @TotalDevin, and "TWEETLIMIT AGAIN" @sesstralia, all directed at the original tweet and using the same hashtag #WorthItVMA. The replies indicate engagement and support for the event.The interface shows standard Twitter icons at the top, including a back arrow, a search icon, and a compose tweet button. The status bar at the top indicates it is 1:54 PM with a Verizon connection, and the battery level is at 7%. The bottom navigation bar includes tabs for Home, Notifications, Messages, and Me. The overall atmosphere of the image suggests active participation and interest in the voting statistics for the VMAs.
9594	negative	9594.jpg	The image shows a young person with dark hair and mild stubble, appearing to be in a casual setting. The individual is wearing a gray shirt, and their expression seems somewhat neutral or slightly displeased. The background is dark and appears to be indoors, with vertical lines possibly indicating curtains or a similar structure. The lighting appears to be soft, with the face being the focus and the shadows around the edges of the image contributing to a somewhat subdued atmosphere. There is a sense of simplicity in the composition, with the primary subject centered and occupying most of the frame.
9774	negative	9774.jpg	The image shows a man standing in front of a microphone. He has short gray hair and is smiling. He is wearing a dark blue suit jacket with a white shirt and a blue tie featuring small white dots. A small flag pin is visible on the lapel of his suit jacket. In the background, there are architectural elements that suggest a formal setting, such as a building facade with horizontal lines and a partially visible column. The overall atmosphere is calm and professional, with even lighting enhancing the focus on the man speaking.
9994	negative	9994.jpg	In the image, a man is standing on a stage facing away from the camera, addressing an audience in what appears to be an auditorium or a large room. He is wearing a light grey suit with a white shirt. The audience consists of numerous people who are seated on steps or chairs, with several spectators raising their hands or holding objects such as cards or electronic devices, possibly to take photos or ask questions. The atmosphere seems to be that of a formal event or presentation, with bright overhead lights illuminating the scene. A large screen is visible in the background showing an image or graphic, contributing to the formal setting of the event. The color palette is dominated by shades of blue and grey, adding to the serious tone of the setting.
11572	negative	11572.jpg	The image features a close-up of a person with a somewhat neutral facial expression. They appear to be looking directly at the camera with their mouth slightly puffed out as if they are blowing a kiss. The person has long, light-colored hair that is slightly tousled. They are wearing what appears to be a dark jacket with a white zipper and a light-colored hoodie underneath. The background color is a washed-out, warm tone that gives the image a slightly nostalgic or dreamy quality. The overall atmosphere of the image seems to have a soft, vintage filter applied, which gives it a gentle and perhaps introspective feel despite its possible negative sentiment.
12042	negative	12042.jpg	The image depicts a car accident scene on a paved street with visible damage to the vehicles involved. A brown minivan is positioned on the left side, slightly angled towards the center of the image, with its front right side notably damaged. Adjacent to it, a yellow taxi cab, which has also sustained significant front-end damage, appears to have collided with the minivan. The front of the taxi cab is severely crumpled, with the hood partially folded upwards. Further to the right, a silver sedan is parked, showing no visible signs of damage or involvement in the accident. The setting includes trees and greenery in the background, along with a streetlight and traffic signal. The traffic light is green, indicating that traffic is moving in the direction away from the camera. The atmosphere appears calm but tense, likely due to the aftermath of the collision, and the scene suggests urban or suburban surroundings. The sky is partly cloudy, providing natural daylight illumination.
12131	negative	12131.jpg	The image depicts a scene on a city street that appears to be related to an accident involving a blue sedan and a wheelchair. The blue sedan has front-end damage with visible dents and scratches, and the front license plate is blurred for privacy. A wheelchair is lying on the ground, partially on the sedan's hood, suggesting a collision.Several individuals, including emergency responders wearing high-visibility vests and police officers in uniforms, are present at the scene. A police officer is prominently visible on the right side, holding a water bottle, and appears to be assessing the situation. Yellow caution tape is strung across the street, indicating a restricted area, and a Canadian flag can be seen in the background, marking the location as Canada.In the background, additional vehicles and buildings are visible, and the scene is set on a sunny day with clear weather. The atmosphere suggests a serious incident being managed by law enforcement and emergency personnel, with an organized response to the accident.
12524	negative	12524.jpg	In the image, a red minivan is parked in front of a store with a red and blue sign that includes a white symbol inside a blue circle. The building's glass facade is visible, reflecting the street and neighboring trees. To the right of the vehicle, a person wearing a light-colored shirt and dark shorts is pushing a large cardboard box on a dolly. The area appears to be a sunny, open parking lot with some trees visible in the background, contributing to a somewhat urban and commercial atmosphere. The lighting suggests it might be daytime.
13010	negative	13010.jpg	The image depicts a nighttime scene with a dark sky filled with shadows and minimal lighting. Prominent in the image are tall, multi-story buildings on both sides, which suggest an urban environment. The buildings have numerous windows, some of which are dimly lit, creating a contrast with the dark surroundings. Central to the image is a bright, glowing light source that appears to be a streetlight or an illuminated sign, emitting a warm, yellowish hue. The light casts a faint glow on the nearby structures, adding to the overall quiet and serene atmosphere. The muted colors and the absence of visible people contribute to a somewhat mysterious or isolated mood.
13048	negative	13048.jpg	The image shows a city street with several objects and people. A police officer is standing in the foreground, wearing a black uniform with a cap, badge, and utility belt. The officer has a serious expression and is standing with hands clasped in front of him. There is yellow caution tape stretched across the sidewalk in the background, indicating a restricted area. A person in a blue shirt is crouched near the caution tape, possibly inspecting the ground. A red chair is placed on the sidewalk close to the officer. The street is filled with buildings, including a bus stop sign, a bus in the distance, and a storefront. The buildings are in various tones, and there is noticeable greenery, with trees lining the street. The atmosphere appears calm but tense due to the presence of the caution tape and the officer watching over the area.
13479	negative	13479.jpg	The image depicts a green-skinned figure with yellow eyes, a mischievous grin, and long, dark purple hair. The character is holding a sharp, white blade that is actively dripping with red blood. Surrounding the figure are several green hands with black nail polish, also covered in blood. The background is a gradient of gray, shifting from dark to light, creating a dramatic and intense atmosphere. The overall setting conveys a sense of violence and aggression.
16665	negative	16665.jpg	The image shows a young man with light, blond hair looking slightly to his left. He has fair skin and appears to be wearing a dark jacket over a white shirt. The background features a cascading waterfall, with a few people sitting on benches nearby, seemingly relaxed and engaged in conversation. Around the area are green trees and foliage, indicating a park-like setting. The colors in the image are mostly natural tones, with the greens of the trees and the blues and whites of the flowing water dominating the scene. The atmosphere appears calm and pleasant, typical of a serene outdoor environment.
18065	negative	18065.jpg	The image features a young child standing alone in what appears to be an indoor public space, such as a lobby or corridors. The child is holding an older doll with both arms, hugging it tightly, covering their face with their hand. The child is wearing a red dress, black shoes, and has a red bow in their hair. The doll is dressed in a purple outfit and has a long beige scarf or piece of clothing draped over its back. The flooring is composed of large, light-colored tiles, and there are walls to both sides, with modern decor including framed art on the left wall. There is a digital display in the background, along with some seating and entrance to another area with glass doors. The atmosphere appears quiet and deserted, adding a sense of loneliness and isolation to the scene.
18432	negative	18432.jpg	The image depicts a scene where several individuals are dressed in police uniforms and tactical gear. They are positioned indoors near a doorway, and it appears they are inspecting or handling items on the floor. The uniforms have "POLICE" written on the back, and one individual is also seen wearing camouflage pants along with black boots. The atmosphere seems serious and focused, with the officers concentrating on their task. The setting looks like an office or station, with desks and windows visible in the background. The overall lighting is dim, adding to the gravity of the situation. The image is in black and white, emphasizing contrasts and shadows.
18907	negative	18907.jpg	The image displays a white bowl containing a pile of dried insects, possibly crickets, resting on a wooden surface. The insects appear to be seasoned or possibly flavored, as small bits of seasoning are scattered around them. Above the bowl is a brown paper menu item with black printed text that reads "Rib Rubbed Cricket Snacks $5." This suggests that the dish is a type of snack sold at a price of five dollars. To the left of the bowl, there is a blue pen laying on the table, and to the right, there is a partially visible magazine or booklet with a blurred design. The overall atmosphere of the image suggests a casual dining setting, perhaps in a restaurant or food establishment that offers unconventional snack options.
19566	negative	19566.jpg	The image shows a man sitting in front of a background that features a city skyline with tall buildings against a deep blue sky, giving the impression of a professional setting like a news studio. The man is wearing a light blue suit jacket, a white dress shirt, and a light blue tie with a subtle pattern. His hair is short and slightly gray. He has a neutral expression with a hint of seriousness, which is consistent with the professional atmosphere. The lighting is focused on him, enhancing the formal setting. There is also a lapel microphone visible, indicating that he might be a news anchor or a professional speaker. The overall ambiance is formal and business-like.
19605	negative	19605.jpg	The image displays a close-up of a large quantity of bright red chili peppers densely packed together. The peppers vary slightly in size and shape, but most are long and slender with a smooth, glossy surface reflecting light. The green stem ends are visible on some peppers, adding a touch of contrasting color to the predominantly red scene. The background is filled entirely with these vibrant chili peppers, creating a rich, intense texture and a visually stimulating composition. The overall atmosphere is one of vivid color and abundance, suggesting a setting related to food preparation or market produce.
20446	negative	20446.jpg	The image depicts a foggy, deserted street scene suggestive of a historic location. In the foreground, there are two ornate, black streetlamps with intricate designs. The street surface is made of cobblestones and stretches into the misty background. Buildings with multiple stories and older architectural styles line the street, their muted colors blending into the fog. A bench sits on the left side of the pavement, near the closer streetlamp. A few indistinct figures can be seen walking in the distance, contributing to the eerie atmosphere. The image is in grayscale, adding to the mysterious and slightly foreboding mood. The text at the top of the image reads "WHO ENJOYS VISITING" and at the bottom "HISTORIC HAUNTED PLACES?" Both lines of text are in bold, creating a stark contrast against the foggy backdrop.
20832	negative	20832.jpg	The image is a black-and-white photograph of a young woman in a casual and relaxed setting. She has long, wavy hair that drapes over her shoulders and is wearing a sleeveless top. Her expression is cheerful, with a broad smile and bright, engaging eyes. The background shows a wooden headboard and some floral decorations, suggesting that she might be in a bedroom or a similar personal space. The lighting is soft, contributing to a gentle and warm atmosphere. The overall composition gives a sense of casual intimacy and pleasantness.
21004	negative	21004.jpg	The image is a black and white close-up portrait of a person with long, straight hair that partially covers the shoulders. The person’s expression is neutral, with lips closed and eyes looking directly at the camera. The background includes a kitchen setting with a partially visible refrigerator and a window that allows some natural light to enter. The overall atmosphere of the image appears calm and slightly introspective.
21683	negative	21683.jpg	The image depicts a scene at a beach with a large piece of driftwood prominently positioned in the foreground. The driftwood is weathered and bleached, showcasing textures of decay and erosion, with sections appearing darker, possibly due to moisture or organic growth. One end of the driftwood stands upright and has a jagged, broken-off top, giving it a somewhat gnarled appearance. The sandy beach stretches around the driftwood, with finer grains of sand visible near the waterline. In the background, there is a dune covered with patches of low-lying green vegetation, which contrasts with the brown sandy soil. The sky is clear and blue, suggesting a sunny, calm day. The overall atmosphere is serene, with no visible signs of human activity or disturbance, emphasizing the natural and untouched aspect of the setting.
21915	negative	21915.jpg	The image displays a red glass that appears to have been dropped and broken, as indicated by several pieces lying on a beige surface. The main body of the glass is intact, standing upright, while the foot of the glass has cleanly separated into multiple fragments. These fragments are scattered near the main piece, suggesting a recent fall. The surface underneath is plain and unadorned, with a subtle texture that suggests a fabric-like material. The lighting in the image casts a soft shadow from the glass, indicating a source of light coming from the left side. The overall atmosphere of the image is one of stillness and quiet aftermath, capturing the moment after an accident.
22498	negative	22498.jpg	In the image, a group of people, including reporters and photographers, surrounds two men. The man in the foreground, who is handcuffed, wears a light brown plaid, short-sleeved shirt and dark pants. He has a beard and short hair, and he stands with a neutral expression. Beside him is a uniformed officer wearing a white polo shirt with a name tag and a belt with equipment. The officer has short hair and a stern expression. Several journalists with cameras are closely capturing the scene, indicating a media presence. The setting appears to be indoors, possibly within a building with white walls and doors in the background. The atmosphere seems serious and intense, with the focus directed towards the handcuffed individual and the uniformed officer.
22600	negative	22600.jpg	The image shows the rear of a dark-colored sedan parked on an asphalt surface. The car features a prominent scratch on the right rear side panel, extending from the middle section towards the rear bumper. The tail light is visible with a red design, and the car has alloy wheels. There is a partial view of the rear window, adorned with several stickers. The license plate indicates that the car is registered in King County, with the number "34" on the plate. The overall atmosphere suggests that the car might have been involved in a minor accident or damage. The scene is well-lit, indicating it was taken during daylight hours.
22611	negative	22611.jpg	The image depicts a crowded train carriage filled with numerous individuals, most of whom are seated tightly packed together on the metal benches as well as on top of the seating area. The setting appears to be in an outdoor area, likely a rural or semi-urban environment given the greenery visible in the background. The train itself is an older model, with a number '87' painted on the side. The people on the train are mostly men and boys, with a few women present. Their attire is varied, with many wearing casual clothing such as t-shirts, hoodies, jeans, and caps, in colors like black, white, and pink. Some individuals have luggage and backpacks with them, placed on the benches or地板 around them. One person in the center is holding a colorful sign with text written on it. The expressions and body language of the people suggest discomfort and fatigue, reflecting a challenging and possibly unsafe journey. The overall atmosphere of the image conveys a sense of overcrowding, resourcefulness, and perhaps desperation.
22658	negative	22658.jpg	The image shows a close-up of a black chalkboard or black surface with white chalk or marker writing on it. The text reads "5SOS" in a large, stylized font with each letter connected, accompanied by a heart shape next to the text. Below this, in smaller handwriting, it says "LH-CH-AI-MC" with another heart next to it. The background is dark, with some streaks and scratches visible on the surface, indicating wear or usage over time. The overall atmosphere gives the impression of a personalized or signed item, typically associated with fan merchandise or gifts. The use of hearts adds a touch of affection or admiration.
3315	neutral	3315.jpg	The image shows two men seated on stage at what appears to be a political event. The backdrop features several Canadian flags positioned vertically, creating a patriotic setting. Between the flags, there's a banner with the text "Canada Leadership Forum" and "Long Term Prosperity," set against a blue background with a geometric pattern. The man on the left is dressed in a dark suit and tie, sitting casually with one leg crossed over the other, while the man on the right is also in a dark suit with a pink tie, holding papers. The image has a caption at the bottom that reads "Conservative leader Stephen Harper responds to small biz election priorities." The setting suggests a formal and political atmosphere, with a focus on leadership and election priorities.
3604	neutral	3604.jpg	The image features an eye-catching headline in orange and black text on a white background, stating, "The NDP just borrowed $6,000,000,000.00 behind closed doors." Below this, there is a large, black silhouette of a wallet or a bank account on a blue-gray background, with a yellow upward arrow and the words "TOTAL DEBT" above it, followed by "50%" in large black font. At the bottom, against a black background, there is a section with white text that reads, "The NDP plan: More spending. More taxes. More debt." The overall design is bold and graphically simple, using contrasting colors to emphasize the message.
3666	neutral	3666.jpg	The image features two sets of tables with data related to political party support. The top table shows the percentage of support for five parties: Conservative, Liberal, NDP, Green, and Bloc, across three different time periods: "This Week," "Last Week," and "4 Weeks Ago." The data indicates minor fluctuations in the support percentages for each party over the observed periods.In the table, the Conservative party has 30.1% support this week, down from 31.8% last week, reflecting a slight decrease from the 31.2% four weeks ago. The Liberal party shows 29.9% this week, 28.7% last week, and 27.3% four weeks ago, indicating a gradual increase. The NDP has 29.1% this week, 29.0% last week, and 31.1% four weeks ago, showing a slight drop in support. The Green party shows a small fluctuation with 5.2% this week, 5.3% last week, and 5.8% four weeks ago. The Bloc has the lowest percentages: 4.7% this week, 4.5% last week, and 4.0% four weeks ago.The second table shows another set of data on the same parties but in a different context or survey. The NDP has 49.2% support this week, slightly down from 48.8% last week, and significantly lower than the 51.7% four weeks ago. The Liberal party shows 47.2% support this week, up from 46.1% last week, and 45.9% four weeks ago, indicating consistent support. The Conservative party has 38.8% this week, 40.1% last week, and 41.8% four weeks ago, showing a decline over time. The Bloc has 29.1% this week, 29.7% last week, and 31.5% four weeks ago. The Green party shows 27.7% this week, 26.5% last week, and 25.4% four weeks ago, indicating a slight upward trend.The tables are organized with percentages aligned horizontally, comparing shifts in political support over different time frames. The color scheme is neutral, primarily consisting of black text on a white background, ensuring clarity and focus on the data presented.
3720	neutral	3720.jpg	The image features a large pink number "3" prominently displayed in the center, with the phrase "is a magic number" written below it in bold, playful letters. The background is a vivid red color with numerous blue and pink stars scattered across, creating a sparkling effect. To the left of the number, there's a colorful illustration of a man in a tall hat and suit, holding a staff or wand that points upward, suggesting a magical theme. In the lower left corner, the text "Schoolhouse Rock!" appears in a smaller font, indicating a reference to the educational cartoon series. The overall atmosphere of the image is whimsical and eye-catching, designed to convey a sense of fun and wonder associated with the number three.
4105	neutral	4105.jpg	The image features a person standing confidently in front of a building with the text "Niagara Falls, NY" in the top right corner. The individual is wearing a navy blue jacket with a logo that reads "B4 LUMBER" on the left side of the chest. They are crossing their arms and are situated in a well-lit outdoor setting, suggesting daytime. In the background, there is a building with a light-colored exterior and a dark entryway.The text "Manager Trainee" appears in the top left, and "Construct a Career" is written in the bottom left corner. There is also a circular logo with the number "B4" and the word "LUMBER" on the bottom right of the image. Tall green plants are visible to the right of the person, and the atmosphere seems professional and welcoming.
4545	neutral	4545.jpg	The image features two individuals, a man and a woman, standing side by side indoors. The man is dressed in a white lab coat with a blue tie, suggesting he is a medical professional. The woman is wearing blue scrubs, indicating that she is also in the healthcare field. Both individuals are smiling and appear to be posing for the photo, with the man having his arms crossed while the woman has her hands clasped in front of her.In the background, a modern, brightly lit interior setting is visible, with large windows and structural design elements that contribute to a professional and clinical atmosphere.At the top of the image, there is text that reads: "Travel Nurse RN needed for 13 week CCU contract in Albany, NY," and the location "Albany, NY" with a map pin icon. The bottom right corner features the logo of a company named "accountable healthcare staffing," consisting of a blue mountain-like symbol and the company name in blue and green text.The overall sentiment and appearance of the image suggest it is an advertisement or job posting from a healthcare staffing agency.
5144	neutral	5144.jpg	The image shows an indoor event, likely a conference or a panel discussion, with an audience seated facing a stage. On the stage, two individuals are seated on black armchairs, seemingly engaged in conversation. Behind them is a large screen displaying text on a dark background with a blue and glowing design on the left side. The text includes "2015 Web Summit Conference" at the top, "DOC Conference" in bold, and "In Documentaries Begin Responsibilities: A Conversation with Asif Kapadia" below it. Logos for "Aune Studios," "Sundance Institute," and others are visible at the bottom of the screen. The stage setup is minimal, with a small table between the speakers holding a bottle of water. In the foreground, silhouettes of attendees are visible, focusing on the stage. The venue has a formal and professional atmosphere, highlighted by the dim lighting and a warm, ambient orange light in a floor lamp on the left side of the stage.
5373	neutral	5373.jpg	The image depicts a cartoon character that resembles a friendly dinosaur or lizard. The character has a pink body with a green belly. The top part of the body is pink and rounded, with small black eyes and an open-mouthed smile showing two white teeth, creating a cheerful expression. The character stands upright on two legs, which are also pink. The legs have flat, yellow and pink slippers on each foot. The character's arms are positioned in front of the body, one slightly raised, with the pink hands open as if gesturing or waving. The character appears to be set against a plain white background, giving a simple and clean appearance to the overall scene. The atmosphere is light-hearted and playful.
5828	neutral	5828.jpg	The image shows a person dressed in a blue sports uniform, likely a baseball jersey, with short sleeves and the number 24 visible on the back. The person is holding up a blue baseball cap with both hands, and the cap has a small emblem on the front, although the specific details of the emblem are not clear. The person has short hair and a beard, and they appear to be facing forward.Another person is positioned behind the first person, slightly above their shoulder level. This second individual is wearing a black baseball glove and appears to be either hanging over or leaning onto the shoulder of the first person. The background shows a large crowd of spectators, and the focus is on the people in the foreground with the crowd appearing blurred. The colors in the image primarily include blue from the uniforms and the cap, black from the glove, and various colors from the spectators in the background.The overall atmosphere suggests a lively sports event with a crowd of spectators watching the action.
7049	neutral	7049.jpg	In the image, a shirtless individual stands on a brightly lit stage. This person has tattoos across their arms and chest, and is wearing dark pants with a distinctive yellow drawstring. They have their head down and are holding something small in their hand. The stage features a large, illuminated backdrop that displays the text "Where Is The Love?" in a casual, handwritten style. The background is filled with various images and possibly live audience members, creating a vibrant and energetic atmosphere. There are additional people on stage, one of whom is holding a microphone, suggesting a musical or performance setting. The overall scene is colorful and dynamic, with a combination of bright lighting and active visuals.
7144	neutral	7144.jpg	The image appears to be a webpage from a website named "EatInDaStreets" with a focus on DJ mixes and downloads. The page has a mostly black and green color scheme, with a design that includes cartoonish heads in the background. The top section of the page has a navigation bar with options such as "Home," "About," "Download," "Radio," "Events," "Submit," "Sponsor," and "Advertise."Below the navigation bar, the text "EatInDaStreets Downloads" is prominently displayed in green, surrounded by images of album covers or DJ mixes featuring various artists and titles such as "FM LABEL," "FR33B@$$," and others. Each image has a white border, showing different styles and thumbnails related to the music content.In the middle section of the page, there is a widget or section showcasing a mix or track named "Camisa Novoa - Big Legendary" by "Biggest Don Mixes." It includes details such as the artist or uploader "Rising Don," the number of plays and votes, and options to rate the track. This section also shows a smaller mix by "Dilla" titled "EatInDaStreets - The Come On Switch Giggle Music Mix DJ Dilla."On the right side of the image, there is a small sidebar with additional information or advertisements, including text such as "SCOOBA.COM STORE."The overall design is busy with a mix of graphics and text, conveying a digital and energetic vibe connected to music downloads and DJ content. The atmosphere is casual and targeted toward individuals interested in hip-hop or rap music genres.
8803	neutral	8803.jpg	The image shows a bottle of Smirnoff Ice, which is a premium vodka beverage. The bottle is predominantly white with a silver cap, and it has the brand name "Smirnoff" printed in red at the top label and in the center. Below the brand name, the word "ICE" is in large black letters. The label also mentions that it is a refreshing citrus-flavored malt beverage with the flavor described as a "citrus blast." The bottle has a volume indication of 130ml, which is 4.38 US fl oz. The cap of the bottle has a small handwritten note. Partially visible in front of the bottle is a black cord or cable, and at the bottom right, there is a glimpse of a yellow Sharpie marker and a CD. The general setting appears to be a tabletop or a flat surface with a plain background, suggesting a casual, indoors environment.
9303	neutral	9303.jpg	The image shows a screenshot of aTwitter page on a mobile device. At the top, a Verizon mobile connection icon indicates the network provider, along with the time, 4:55 PM, and a battery indicator showing 61% charge. Below the search bar labeled "Search Twitter," there is a prominent image featuring a person in a dance pose on stage with stage lights in the background, giving the impression of a performance setting. The person is wearing a dark sleeveless top and has a floral crown on their head.Below the image, the text "Top trend" is labeled on a black bar. The first trend listed is "#ShesKindaHotVMA," with a small arrow icon indicating engagement, and it mentions that there are 10.7K tweets about this trend.Further down, a promotional tweet from MTV reads, "Watch the #VMAs tonight at 9/8C on MTV!" This tweet is marked as promoted by MTV. Below the promotional message, there is a tweet from Simon Cowell, but only part of his name and a small blue verified icon are visible.At the bottom of the screenshot, the navigation bar includes icons for Home, Notifications, Messages, and Me, each with its corresponding label.
9330	neutral	9330.jpg	The image shows a person with short, blonde hair wearing headphones around their neck and a sleeveless top. They are positioned in front of a microphone setup against a background of red curtains. The person is smiling and appears to be engaged in a conversation or performance. The setting suggests an indoor environment, possibly a recording studio or a stage, with a professional ambiance. The colors in the image are predominantly red from the curtains, contrasted with the person's light hair and top. The overall atmosphere is one of engagement and friendliness.
9407	neutral	9407.jpg	Two young men are seated inside a vehicle, positioned close to a window allowing natural light to illuminate the scene. Both are dressed casually; the person on the left wears a dark shirt under a plaid jacket, accessorized with a necklace and a wristwatch, holding a cigarette in one hand. His expression is animated, with his mouth open and eyes gazing to the left. The individual on the right is wearing a white shirt under a plaid jacket, with a visible tattoo on his chest, making a playful gesture by puckering his lips as if mimicking a kiss or a blowing kiss. The setting conveys a casual and relaxed atmosphere, emphasizing a moment of companionship and lightheartedness.
9620	neutral	9620.jpg	The image shows a screenshot of a webpage, identified as mtv.com, with a banner at the top reading "Ain't nobody got time for spam!" at 2:23 AM displaying an LTE signal and a battery indicator at 16%. Below the banner is a display featuring two music voting sections.The first section shows a group of four men standing casually in a garage-like setting. They are dressed casually, with one holding a mop, another holding a hammer, and another wearing a tank top. Over their image, the text "13,234,276" is prominently displayed, along with a play button. Below, the text reads "5 Seconds Of Summer 'She's Kinda Hot'" and "#ShesKindaHotVMA" with options to vote on Twitter and Instagram.The second section shows five women dancing on a stage with large digital screens in the background. Their outfits are stylish, featuring skirts and high heels. Over their image, the text "12,820,055" is visible, again with a play button. Below, it states "Fifth Harmony 'Worth It'" and "#WorthItVMA," also with voting options for Twitter and Instagram.The overall atmosphere is energetic and promotional, encouraging viewers to vote for their favorite music entries.
9645	neutral	9645.jpg	The image features a series of three side-by-side photographs of a group of four young men standing outdoors on a sunny day. They are all wearing sleeveless shirts with the Nirvana band logo prominently displayed on the front. The shirts are gray with golden trim. The men have short, layered haircuts and sunglasses on. Their expressions and actions vary slightly across the images. In the first photo, the individuals are standing close to each other, with the person in the middle holding something in his hand, possibly a piece of clothing. The second photo shows a similar pose with the central figure pointing with his index finger. The third photo captures the same group, with the man on the far right leaning his head on the shoulder of his companion.One of the men is holding a white plastic bag in his left hand, and several of them have wristbands on their arms. They appear to be in a casual, relaxed outdoor setting with trees in the background and a vehicle parked nearby. The overall atmosphere is casual and laid-back.
10110	neutral	10110.jpg	In the image, a man is sitting on a stool on a stage, speaking into a microphone. The setting appears to be a cozy, dimly lit room, possibly a small cafe or music venue. The man is wearing a checkered shirt and dark pants. Behind him is a large blank projection screen, and to his right, there is a guitar mounted on the wall. A wooden piano is also visible near the guitar. On the left side of the image, there is a laptop sitting on a small table with a person’s legs extended in front of it. The atmosphere seems relaxed and intimate, suitable for a small audience or casual event. Some text is visible on a chalkboard to the right, but it is not entirely clear. The room is decorated with dark walls and simple furniture, contributing to the informal and comfortable ambiance.
10253	neutral	10253.jpg	The image features a bold, red background with white text. At the top, the text reads "NCCM & Rabble.ca are pleased to livestream:" in smaller font size. Below this, the main text in large letters says "Young, Canadian + Muslim: Making Our Ballots Count!". It is followed by smaller text, which states "A Federal Election Debate on Multiculturalism, Immigration, and the Muslim Community". The overall design is straightforward and attention-grabbing, intended to draw focus to the event being advertised. The colors used are bright and contrasting, emphasizing the importance of the message.
10552	neutral	10552.jpg	The image shows a pencil sketch on a piece of paper placed on a wooden surface. The sketch depicts a character resembling a well-known video game figure. The character stands in a confident pose with one hand on their hip and the other hanging by their side. They have a hood covering their head and a long cape flowing behind them. The character wears detailed armor with intricate designs on the chest and shoulders. In the foreground, near the bottom left of the drawing, there is a small figure of what appears to be a creature, possibly an adversary, with its head down. The background is minimal and consists of a simple representation of the ground and possibly a slight elevation or rock. The room is dimly lit, and there are indistinct objects and shadows in the background, but they are not clearly defined. The overall atmosphere appears calm and focused on the artwork.
10797	neutral	10797.jpg	In the image, a stack of neatly folded shirts with a blue and white striped pattern is prominently placed on a surface in the foreground. These shirts showcase varying shades of blue and white stripes, with some shirts having a subtle pink and light blue design towards the bottom of the stack. Behind the shirt stack, a person is standing with their arms crossed. The individual is wearing a long-sleeved, light-colored, button-up shirt with vertical stripes. Only the person's torso and arms are visible, and their face is not shown. They are also wearing a bracelet on their left wrist. The background includes a section of a wall with a framed picture, partially visible on the top left. The overall atmosphere is clean and orderly, with a neutral and calm color palette dominated by shades of blue, white, and light beige.
11856	neutral	11856.jpg	The image displays a text with details about two open house events, each with specific date, time, and location. The first event is titled "Calgary open house" scheduled for Tuesday, September 1, lasting from 5:30 p.m. to 8:30 p.m. It is set to take place at the Courtyard Marriott Calgary Airport, located at 2500 48 Avenue NE. Below this is the second event described as "Edmonton open house," which is on Wednesday, September 2, with the same duration from 5:30 p.m. to 8:30 p.m. It is held at Chateau Louis Hotel and Conference Centre, situated at 11727 Kingsway Avenue. The text is in a plain font on a white background, giving a simple and straightforward presentation devoid of any additional visual elements or decorations.
11891	neutral	11891.jpg	The image features a pink background with a black and white illustration of a woman with her finger on her lips, portraying a thoughtful or secretive expression. The woman has curly hair and is wearing a jacket with a textured pattern on the collar. To the left of the illustration, there is text in black font that says, "I hate when my Botox wears off. Then people can tell that I don't like them." Below the text, there is a logo and the name "someecards user card." The overall design has a retro and playful aesthetic, combining vintage illustration with modern text.
11942	neutral	11942.jpg	The image shows a weather monitoring webpage from "wunderground.com" at 6:54 PM, displaying various meteorological data. The cellular status bar at the top indicates a connection to Bell network with Wi-Fi, battery at 29%, and other icons. The weather data is organized into categories, such as Temperature, Dew Point, Humidity, Precipitation, Wind Speed, Wind Gust, Wind Direction, and Pressure, each with High, Low, and Average figures.For Temperature, the High is 22°C, Low is 9.3°C, and Average is 15.6°C. The Dew Point shows a High of 8.1°C, Low of 2.4°C, and Average of 5.8°C. Humidity is at 81% High, 30% Low, and an Average of 58%. Precipitation is listed as 0 mm for High with no Low or Average values.Regarding wind, the Speed High is 14 km/h with an Average of 3 km/h, while Gust reaches up to 15 km/h. The Wind Direction is West with no specific High or Low values. Pressure readings are 999 hPa for High and 991 hPa for Low, with no Average value provided. The background and text are primarily white and black, presenting a clear and straightforward layout focusing purely on the data without any atmospheric elements or human presence.
12143	neutral	12143.jpg	The image features a beautifully crafted seasonal wreath made from paper cutouts of leaves and branches, designed to resemble a natural wreath, positioned on a door. The colors are primarily neutral tones, including shades of white, beige, and light brown, creating a soft and elegant aesthetic. The wreath includes intricate, layered paper pieces that give a textured appearance, and it is adorned with fabric elements in similar neutral hues hanging from the top.Above the wreath, text reads "season to season wreath class event September 29, 2015, 7pm Stampin' Dolce Studio $39" in a combination of cursive and print fonts. At the bottom, additional information includes instructions and details about the class's registration and payment deadline: "September 19, 5pm VISA, MasterCard, EMT or Cash" along with a note that payment is a final sale and non-refundable. The name "krista frattin" and the website "stampindolce.com" appear in smaller print near the bottom. The setting appears to be indoors, with a door and a light-colored wall providing a clean backdrop to highlight the wreath's details. The overall atmosphere is calm and inviting, emphasizing creativity and home decor.
12721	neutral	12721.jpg	The image features a traffic sign with an orange background and a black border. The word "DETOUR" is written in large, black capital letters at the top of the sign. Below the text, there is an illustration of a bus on the left side and a black arrow pointing to the right. The sign is meant to indicate a detour for vehicles, suggesting they should take an alternate route. The overall design is simple and clear, with high contrast between the text and the background for easy visibility. The setting and atmosphere implied by the sign are related to road navigation and guidance.
12894	neutral	12894.jpg	The image depicts a tall, modern apartment building with a unique, slightly tapered design. The structure is white or light-colored and has multiple balconies with blue-tinted glass railings. Each floor features rows of windows and balconies arranged in a grid-like pattern. The building is set against a neutral sky, suggesting an overcast day. In the foreground, there is a small courtyard area with a few trees and shrubs, adding a touch of greenery. The entrance is located on the ground floor, with a covered entryway and glass doors. The overall setting is urban, with some vegetation around the building, creating a calm and orderly atmosphere. There are no people visible in the image.
12968	neutral	12968.jpg	The image shows a street scene with a prominent orange sign positioned on the roadside. The sign has bold black lettering that reads "HRS BUSES ONLY," indicating a lane that accommodates only buses designated for special hours. Below this sign is a smaller, black sign with a white arrow pointing to the right, suggesting a turning direction or a lane change. The area appears to be undergoing construction, evident from the presence of various construction equipment and materials in the background. There are orange and reflective traffic cones, and a stop sign is visible, which is partially obstructed by an excavator in the distance. The scene includes green trees and a clear pathway on the sidewalk. The atmosphere is calm with no visible people, and the time of day appears to be dusk or dawn, given the lighting conditions and the soft sky.
13068	neutral	13068.jpg	The image shows a social media post by a user named Dee MacDonald who appears on a page titled "Only In Hamilton." The post is timestamped as 3 hours ago. Dee MacDonald expresses concerns about the safety of downtown, describing it as "sketchy," and mentions hesitations about asking "randoms for pot lol." The post conveys that the user is "Chronic" and is seeking help in finding a place to purchase a little cannabis today. The author requests assistance via Facebook and thanks the readers for their consideration. The post has the options to "Like," "Comment," and "Share," and has received one comment and one share. Below the initial post is a smaller update from the same user stating, "Dee MacDonald Still looking..." with a timestamp of 2 hours ago. The comment section shows one interaction, but the specific comment is not visible. The visual elements include standard social media interface elements such as profile pictures and icons, with a neutral color palette and layout.
13272	neutral	13272.jpg	The image focuses on the lower legs and feet of several ballet dancers standing in a row. They are wearing white tights and light pink ballet slippers with bows tied elegantly around their ankles. The dancers are positioned side-by-side on a reflective dark floor, which subtly captures their reflections. Above their feet, parts of their ballet shoes and some decorative elements of their dresses can be seen, suggesting they might be in a performance outfit. The background is dark, emphasizing the dancers' legs and creating a dramatic and focused atmosphere. The composition highlights the grace and precision of ballet posture.
14443	neutral	14443.jpg	The image shows a person wearing a cowboy hat and playing an acoustic guitar. The individual is dressed in a light-colored shirt and appears to be singing into a microphone. The setting has a dimly lit background, possibly on a stage with a blue-green hue, adding a calm and serene atmosphere to the scene. The person's attire and the instrument suggest a musical performance, likely in a genre associated with country or folk music. The overall sentiment conveyed is neutral, with a sense of focus and contentment from the performer.
14505	neutral	14505.jpg	The image features a logo with a triangular design in white, with a red outline and blue and red horizontal stripes running across it. Inside the triangle, the text "fm98" is written in a blue, stylish font, followed by "WJLB" in larger blue capital letters. Below "WJLB," the text ".com" appears in smaller blue font. The logo conveys a sense of modernity and digital presence associated with radio or media branding, set against a black background, emphasizing its clean and bold design.
14628	neutral	14628.jpg	The image is a screenshot from the game Hearthstone, displaying the Arena mode interface. At the top center, there is a logo indicating the player is in the 11th level of the Arena. To the left of this logo, there are slots for Losses, currently marked with one red "X" and four empty grey squares.Below the logo and win/loss tracker, there is a display of the player's hero portrait featuring a male character with a blue and silver color scheme. Beside the portrait, there is an orange and brown mana bar indicating the player's available mana for the current game, with four slots filled and two empty.In the center, there is a prominent blue button labeled "Play," indicating the option to start a new match. At the bottom of the screen, there are two small grey buttons for deck options, one labeled " decks" on the left, leading to a deck selection interface.On the right side of the screen, there is a vertical list of cards under the heading "Arena Deck," featuring various minions and spells with colorful artwork and names in a fantasy style.The overall color scheme is warm, dominated by brown tones with accents of blue, orange, and purple. The setting suggests a strategic and competitive game environment.
14855	neutral	14855.jpg	The image is an intricate and detailed illustration featuring a close-up of a hand holding a quill pen, which is elegantly tied with a blue ribbon. The setting appears to be a creative workspace filled with various writing materials. In the background, a partially open book with musical notation is visible, suggesting a blend of musical and literary themes. Additionally, there is a round mirror reflecting a scene of a man and a woman in a dramatic embrace, adding an emotional layer to the artwork. Papers with handwritten text are scattered around, one of which mentions "James," hinting at a personal narrative or correspondence. A fountain pen lies next to the hand, enhancing the writing motif. The overall atmosphere is one of contemplation, creativity, and introspection, with a muted color palette dominated by earthy tones and subtle highlights, contributing to a serene and reflective mood. The artist’s signature, "Carlye VanDerPol Mahoney," is discreetly placed at the bottom, lending an authentic touch to the piece.
16073	neutral	16073.jpg	The image shows a detailed map with various streets and neighborhoods marked. The map is mostly neutral in color, consisting of shades of grey and white to outline the streets and areas. Prominent streets include Millwood Rd, Rolling Rd, Canavero Rd, Southbridge Rd, and Southport Rd. There are several icons and markers, including a library symbol indicating a nearby facility, and symbols for Ralph Road Day Care Centre and a clothes shop called "Clothes Woods" located on Crocker Woods Trail. The map appears to be focused on a specific locality, providing a clear layout of the roads, trails, and points of interest. The overall atmosphere is functional and utilitarian, designed to provide navigational information.
16798	neutral	16798.jpg	The image appears to be a promotional advertisement with a black and white color scheme, emphasizing a central element that resembles water droplets or a close-up view of a liquid surface. At the top of the image, there is a navigation bar with options labeled "HOME," "ABOUT," "PROGRAMS," "CONTACT US," "NEWS ROOM," and a placeholder for the event hashtag "#1000STRINGS". The main text prominently displayed in the center states "THE POWER OF #1000STRINGS" in a bold font. Below this, there is additional information that reads "WORLD PREMIERE: September 5, 2015 Yonge-Dundas Square, Toronto," indicating the date and location of an event. At the bottom center, there is a button or link labeled "REGISTER," suggesting that viewers can sign up or reserve their spot for the premiere. The overall atmosphere of the image is formal and informative, aimed at generating interest and providing essential details about the event.
20038	neutral	20038.jpg	In the image, there are two people on a stage at what appears to be a live music venue. A microphone on a stand is positioned in front of a young person with shoulder-length curly red hair, who is speaking or singing into the microphone. They are holding a guitar, possibly addressing the audience. This person is wearing a black shirt with red suspenders. The lighting suggests a dim, intimate setting, often found in small concert halls or clubs.To the right, another individual with medium-length hair is holding a guitar and is partially facing the first person, suggesting they might be playing music together. The background features a banner with the text "96 Newbury Country FM" in a combination of red and purple colors, indicating that the event might be hosted or sponsored by a local radio station. The overall atmosphere of the image feels casual and relaxed, characteristic of a small live music performance.
20332	neutral	20332.jpg	The image shows an assortment of printed materials and items spread out on a surface. Central to the composition is a flyer or poster with the headline "Cleaning the Capital" and "Le Grand ménage de la capitale," indicating a local event in Ottawa, running from September 15 to October 15. The flyer features a large graphic of a mop with a modern, stylized design in shades of green and orange.Surrounding the flyer are several smaller brochures and pamphlets with matching color schemes and imagery depicting cleaning tools. These seem to be related to the main event and invite participation or provide information.A pair of blue latex gloves rests atop the flyers, suggesting a hands-on, cleaning-related activity. Nearby, multiple gift cards are visible, one from Peloso Cleaners offering a $25 discount, implying incentives for involvement or donations.Also present are several round stickers or labels with a red background and an illustration of a cartoon character, emphasizing the theme of cleanliness and possibly anti-graffiti efforts, as suggested by another pamphlet with the text "Don't ignore graffiti - report it!" in both English and French.A red Tim Hortons coffee cup with a lid sits to the right side, adding a casual, everyday element to the scene. The overall setting suggests preparation or promotion for a community initiative aimed at cleaning and beautifying the city, likely involving volunteers and local businesses. The colors are predominantly green, orange, white, and red, creating a vibrant yet organized appearance.
20496	neutral	20496.jpg	A teal and white ice cream truck is parked on a street beside a sidewalk, prominently featuring the words "Henry's Dairy" and "Track Truck" along with contact details and social media icons. The truck is a retro model with vintage styling, decorated with various graphics including a map and images of dairy products. The surroundings include a small grassy area and a house with a porch where a few people are gathered. Some individuals are sitting on the porch, and children are running on the sidewalk near the truck. The atmosphere appears to be casual and familial, with a sense of a leisurely afternoon activity. There are trees with sparse branches in the background, suggesting it might be late fall or early spring. The image captures a moment of everyday life, with a focus on community and simple street-side interactions.
20647	neutral	20647.jpg	The image depicts a dark blue fabric, possibly a shirt or a piece of clothing, featuring a light-colored graphic design printed on it. The graphic design is centered around a stylized handprint, resembling a running figure, with its fingers extending upwards and curves suggesting motion. Within the handprint, there are various small white icons representing different activities and symbols, such as running, cycling, musical notes, and sports equipment. These icons are arranged densely within the shape of the hand.Above the handprint, there are three curved lines, also in white, resembling the motion of running or speed lines. The overall design gives the impression of dynamism and activity.At the bottom of the image, printed in white text, is the hashtag "#RUNFORCALGARY." The text is clear and stands out against the dark fabric background. The atmosphere conveyed by the image is energetic and supportive, likely promoting an event or cause related to running or fitness in Calgary.
21088	neutral	21088.jpg	The image depicts a two-story residential house with a neutral and somewhat calm atmosphere. The exterior walls are painted in a light cream color, complemented by a brown shingle roof. The upper story features three evenly spaced windows with red shutters, adding a subtle pop of color to the facade. The lower story showcases two large windows on either side of a red front door, flanking a small porch area accessed by a few steps. The porch has a black metal railing, lending a touch of contrast to the overall light tones of the house. In front of the house, there are two well-maintained bushes, one on each side of the porch, and a variety of other low-lying plants and shrubs arranged neatly along the perimeter of the house. A concrete pathway leads from the driveway to the front door, bordered by green grass. Adjacent houses can be seen on either side, suggesting a suburban neighborhood setting. The sky is partly cloudy, contributing to the serene ambiance of the scene. There are no visible people or moving objects, enhancing the tranquil and static nature of the photograph.
21143	neutral	21143.jpg	The image shows a weather radar map of a region spanning parts of Ontario, Canada, and New York State, United States. The map highlights various cities including Toronto, Mississauga, St. Catharines, Buffalo, Rochester, North Tonawanda, Brant County, and Jamestown. The radar image displays a mix of colors indicating weather conditions, with green and blue areas suggesting lighter precipitation while red and yellow regions indicate heavier rainfall, particularly towards the southern part near Jamestown and Erie. The intricate web of lines represents the boundaries and highways connecting these cities. The overall atmosphere of the image is informative and neutral, focusing on providing details about the weather patterns in the region.
21497	neutral	21497.jpg	The image depicts a group of five young adults sitting in a row, all casually dressed and focused on their laptops. They are in a brightly lit, indoor setting, possibly a classroom or a shared lounge area. The individuals are interacting with their devices, suggesting a collaborative or study environment. The foreground features the text "University Recruiting: 3 Programs to Source Recent College Graduates," written in white against a blue banner. The overall atmosphere is one of concentration and engagement, with the participants appearing attentive and possibly involved in group work or learning activities. The colors in the image include the green jackets worn by some individuals, adding a subtle contrast to the neutral tones of the room and the clothing of others.
2824	positive	2824.jpg	In the image, two men are standing side by side, raising their right hands to clap or possibly to toast, with their forearms touching. The man on the left is wearing a white shirt and has dark hair, while the man on the right is wearing a black suit with a white shirt underneath, and has short, light-colored hair. They are positioned in front of a podium with microphones and a laptop on the desk. Behind them, numerous people are in attendance, some holding cameras and signs, capturing the moment. The atmosphere suggests a celebratory or formal event, illuminated by bright ceiling lights that include a chandelier, adding warmth to the scene. The background is adorned with signs labeled "LEADER" and other text, indicating a possibly political or competitive context. Overall, the setting appears to be indoors, with a vibrant and engaged crowd participating in the event.
3888	positive	3888.jpg	The image is a flyer for a job fair and training expo titled "JOB FAIR & TRAINING EXPO" organized by STUDENT TIMES. At the top of the flyer is the large, bold text in red and blue colors. Below the title, there are offerings listed: "Free Resume Critiquing," "Free Social Media Workshop," "Free Parking," and "Free Admissions." A gift pack offer of "$20 Gift Pack" with a small graphic of a starburst is also included.Prominently displayed in the center is the word "CAREER" with cartoon figures climbing it, signifying an encouragement for job seekers to advance in their careers. This section is mainly in red and gray colors.Details for the event are given as follows: "TUESDAY SEPTEMBER 15MISSISSAUGA, ONMississauga Valley Community Centre1275 Mississauga Valley Blvd,L5A 3R810:00am - 3:00pm"A welcoming note states, "All Job seekers are welcome! to this Multicareer event Meet Employers on site Reserve a Booth Today!!" emphasizing the inclusive nature of the event.For further information and registration, contact details are provided: "Contact: 416 300 3786" and "Email: rais@studenttimes.com." A website for more details is mentioned at the bottom: "For more info and registration: visit www.studenttimes.com."The overall atmosphere appears informative and encouraging, aimed at helping job seekers with various resources and opportunities, set in a professional and engaging layout.
5911	positive	5911.jpg	In the image, a blue jay is captured in mid-flight, with its wings spread wide. The bird is facing the right side, with its sharp beak open as if pecking at something on a wooden surface in front of it. The wooden surface appears to be part of a railing, featuring evenly spaced vertical slats. Scattered in front of the bird are several small food particles, possibly seeds or grains, suggesting it may have been pecking at them before taking flight. The background is softly blurred with shades of green and brown, indicating a natural, wooded setting. The overall atmosphere is calm and serene, with a focus on the bird's dynamic motion against the tranquil backdrop.
7299	positive	7299.jpg	The image shows a woman standing in a field of tall cornstalks under a bright, sunny sky. The cornfield is covered in green and brown hues, suggesting it might be late summer or early fall. She is wearing sunglasses, a sleeveless white tank top with a colorful design on the front, and dark shorts. She is smiling and appears to be relaxed. The title "Ordinary Days" is displayed at the top left corner of the image, followed by a date: "September 10, 2015," and other text indicating the author and blog name, "kristencircac92 • Blog." Below the photograph, there is a caption that reads, "Never underestimate the power of an ordinary day. This week is my last full week in Dayton, Ohio. It feels strange." The overall atmosphere is calm and positive, highlighting a simple moment in everyday life.
7370	positive	7370.jpg	The image is an event poster, primarily in a monochromatic color scheme, featuring a black, white, and grey color palette with yellow highlights. At the top, the text reads "PRESENTED BY VIRGIN RADIO" in white capital letters against a dark background. Below this, in large yellow block letters, the main focus of the poster states "THE WEEKND BEAUTY BEHIND THE MADNESS EXPERIENCE." The title uses a dynamic, angled font that gives a sense of movement and intensity.The central graphic element is an image of a person with a serious expression, wearing a hat. The photo has a distressed, cracked texture overlay, adding to the edgy aesthetic of the design. The person's face is slightly obscured, with one portion deliberately blurred.Towards the lower left, the event date "AUG 25" is displayed in bold white letters, followed by the venue "722 COLLEGE ST." and location "TORONTO ON" in smaller white text. In a white block box at the bottom right, the venue name "THE MOD CLUB" is prominently featured.In the bottom left corner, the logo "KO 99.7 FM" is present alongside some smaller text, indicating the radio station involved with the event. The overall atmosphere of the poster is intense and intriguing, designed to draw attention to the musical experience being promoted.
7670	positive	7670.jpg	The image shows two children joyfully standing in a shallow, clear stream surrounded by lush greenery and trees. The boy on the left is wearing a blue t-shirt and light-colored shorts, raising his arms in the air with a wide smile, while the girl on the right, in a green t-shirt and pink shorts, stands next to him, also smiling happily. The water is transparent, revealing small pebbles at the bottom and gently rippling around their feet. In the background, some rocks and dense foliage are visible. The sunlight filters through the trees, creating a bright and cheerful atmosphere that emphasizes the playful and carefree mood of the scene.
7688	positive	7688.jpg	In the image, a young baby is interacting closely with a large, dark-colored dog, possibly a Labrador, in what appears to be a cozy indoor living room setting. The baby is dressed in a bright green outfit with white stripes on the sleeves and pants, and is sitting on a brown dog bed. The baby is reaching out to kiss or nuzzle the dog affectionately. The living room features a carpeted floor and contains various pieces of furniture, including a wooden entertainment unit with electronic devices such as DVD players. A small light-colored cat is also visible on the floor near the entertainment unit, sitting and looking towards the baby and the dog. The overall atmosphere is warm and seems to depict a moment of gentle interaction between the baby, the dog, and the cat, indicating a peaceful and loving environment.
7940	positive	7940.jpg	In the image, a dog lying on a patterned carpet appears to be the main subject. The dog has a thick, fluffy coat with patches of light brown, beige, and white fur. Its eyes seem somewhat melancholic, and it is looking directly towards the camera. The white fur is more prominent on its face and paws, contrasting with the darker fur around its neck. The patterned carpet underneath has various geometric shapes and muted colors, primarily shades of brown and beige. The setting suggests an indoor environment, possibly a living room, giving the photo a cozy and relaxed atmosphere despite the dog's slightly downcast expression. There are no other visible objects or people in the image, focusing all attention on the dog.
8397	positive	8397.jpg	The image shows a person sitting or kneeling with their arms wrapped around a group of puppies. The puppies, which are small and appear to be a mix of white and brown in color, are gathered closely around the person, some of them even holding onto the individual's clothing or skin with their paws and mouths. The person is wearing a blue top and beige shorts. The setting appears to be indoors, on a blue carpet or blanket, with a tiled floor visible in the background. Above the scene is a graphic text that reads "INSTANT ANTIDEPRESSANT" in bold, white capital letters. The atmosphere of the image conveys warmth and affection, highlighting the closeness between the person and the puppies.
8606	positive	8606.jpg	The image shows text that reads: "what if one of the boys stalk your acc, they just dont follow you or anything because they dont wanna draw any attention to you bc they know people would probably hate on you. like each night before they go to bed they look at your posts and they laugh and they get really happy when they see that you're happy and let me just go curl into a ball and cry real quick." The background is plain white, and the text is written in a dark color, making it stand out against the background. The overall sentiment of the text is reflective and emotional, conveying a sense of vulnerability and distress.
9477	positive	9477.jpg	The image shows a person energetically playing a drum set on a stage in front of an audience. The lighting is dim with some spotlights illuminating the scene, creating a vibrant and intense atmosphere typical of live music performances. The performer is holding drumsticks with both hands in a dynamic pose, suggesting vigorous movement. In the background, there is a person on a large screen displaying an image or video of the performance. The colors in the scene are primarily dark shades with contrasting highlights from the stage lighting. The overall setting hints at a high-energy concert environment, capturing the intensity and excitement of a live music event.
9692	positive	9692.jpg	The image features a stylized portrait of a person with discernible facial features such as an ear, eyes, nose, and mouth, shaded in tones of brown and beige, giving a textured and somewhat aged look. The background is predominantly dark, enhancing the prominence of the figure. Below the portrait, bold, capitalized text reads "DEMAGOQUE." Beneath this heading, there is a descriptive text: "A political leader in a democracy who appeals to the emotions, fears, prejudices, and ignorance of the voters in order to gain or hold onto power and promote political motives. Demagogues usually oppose thoughtful deliberation and advocate immediate, aggressive action to address a crisis; they accuse moderate and thoughtful opponents of weakness." The text is in white, contrasting with the dark background for clarity. The overall atmosphere conveyed by the image is serious and introspective, with a focus on the theme of political manipulation.
9976	positive	9976.jpg	The image depicts two individuals engaging in a discussion near a large piece of heavy machinery, specifically an excavator. The person on the left, a woman, is wearing a white hard hat, a black jacket, and a high-visibility safety vest with reflective stripes. She is smiling and appears to be closely examining or interacting with the machinery, possibly receiving a brief on heavy equipment training.The person on the right, a man, is wearing a blue hard hat, a blue jacket, and a high-visibility safety vest with reflective stripes. He is pointing towards a component of the machinery, suggesting he is explaining or demonstrating something to the woman.The setting is outdoors under a clear sky, suggesting a sunny day conducive to outdoor activities. The machinery, likely part of the Operating Engineers 955 Training Trust site, is predominantly black and yellow, typical of construction equipment for visibility and safety. In the background, you can see parts of the equipment and some other machinery, indicating an industrial or training environment.The atmosphere is one of engagement and learning, with both individuals focused on the task at hand. The woman appears to be in a positive and receptive stance, and the man seems knowledgeable and attentive in his explanation.At the bottom of the image, there is text providing context: "Hon. Rona Ambrose, Federal Minister of Labour is briefed about heavy equipment training at the Operating Engineers 955 Training Trust site, location of the 2009 National Pipeline Training School Open House on May 8, 2009 near Thorold, Alberta." This text confirms the setting and the significance of the event, linking the image to a specific training and educational initiative.
11709	positive	11709.jpg	The image shows a display of beverages in a store. In the foreground, there are two types of beer, each in its own branded packaging. On the left is a pack of "Gypsy Tears Ruby Ale," which features dark bottles with a red label depicting a woman with an afro hairstyle, large hoop earrings, and bold makeup, holding a rose. The text on the packaging reads "Strong West Coast Pale Ale" and indicates an alcohol content of 4.9%.To the right is a pack of "Jerkface 9000," which includes dark bottles in a bright pink packaging. The label depicts a cartoon character with exaggerated facial features, wearing sunglasses and a helmet, holding a weapon. This packaging has text indicating the name of the beer, but additional details are not clearly visible.Both packs sit on a white tablecloth-covered table, and the store's shelves in the background are stocked with various bottles of wine and other beverages. There is a sign above the display that mentions a "Tasting Saturday, August 29 from 2:30-5:00," suggesting a promotional event happening at the store. The overall atmosphere appears to be bright and inviting, with a focus on the unique branding of the beer selections.
12380	positive	12380.jpg	The image depicts a man wearing glasses, a dark suit with thin pinstripes, a white shirt, and a red patterned tie. He is smiling widely, showing his teeth, and appears to be speaking or laughing. His hands are raised in front of him, fingers spread, as if he is emphasizing a point or expressing excitement. The background includes a blue area with shelves holding various items such as books and what appears to be a framed object. The setting looks like a studio with wooden elements and lighting that suggests it is a professional environment, possibly a television set or talk show. The overall atmosphere is lively and engaging.
12771	positive	12771.jpg	The image depicts a formal event, likely a wedding or reception, held in an elegant ballroom. The setting features high ceilings with decorative molding, large windows allowing natural light to filter in, and classical columns that contribute to the grandeur. In the center, a couple stands on a raised platform, the person on the left wearing a white wedding dress and the other person in a formal dark suit, suggesting they are the newly married couple. They appear to be the focal point of the event, possibly engaged in a ceremonial dance or moment.Around the platform, guests are seated in rows of chairs, attentively facing the couple. The attendees are dressed in formal attire, with women in dresses and men in suits. The atmosphere is one of celebration and elegance, with warm lighting from the chandeliers enhancing the sense of occasion. The walls are adorned with framed portraits and decorative elements, adding to the classic and sophisticated feel of the venue. The overall mood is joyful and festive, capturing a significant and memorable moment.
13566	positive	13566.jpg	The image depicts two women posing closely together at what appears to be a baseball stadium. They are both smiling and enjoying themselves. The woman on the left has blonde hair and is wearing dark sunglasses, a necklace with a heart-shaped pendant, and a dark-colored shirt. The woman on the right also has blonde hair tied back, is wearing reflective aviator sunglasses, a black headband, and a navy blue zip-up jacket with an orange trim. She is wearing a dark shirt underneath with an orange neckline and a small heart-shaped necklace.The background shows a crowded stadium with many other spectators seated on green bleachers. The stadium has a concrete structure with multiple levels and visible windows. The crowd is casually dressed, and the atmosphere appears lively and cheerful, indicative of a sporting event or outdoor gathering. The overall mood conveys a sense of enjoyment and camaraderie.
13575	positive	13575.jpg	The image is a collage of two distinct but related photos. On the left side, there is a close-up of a person's leg wearing a red skirt or pants paired with a striking, high-heeled boot. The boot features bold, horizontal gold stripes that contrast with the maroon color, enhancing its flamboyant appearance. The shiny surface of the boot reflects light, adding to its eye-catching design.On the right side of the collage, there is a musician enthusiastically playing an electric guitar. The person is dressed in a vibrant red outfit, including a jacket and matching pants, adorned with intricate gold embellishments. A red bandana with a pattern complements the outfit, and the musician wears sunglasses, adding to the charismatic stage presence. The guitar itself is designed to look like a large star, with a red and white color scheme. The atmosphere appears lively and energetic, likely from a live performance setting, with dynamic lighting that focuses on the musician. The overall sentiment of the image is positive, exuding excitement and creativity.
14134	positive	14134.jpg	The image shows a person singing into a microphone on stage. The individual has short hair and is wearing a dark shirt. The person is holding the microphone stand with their left hand and is smiling while looking slightly upwards. The background is dark, with the focus on the person, which suggests a live performance setting. The lighting primarily highlights the face and upper body of the person, creating a dramatic effect. In the foreground, there is text that reads "Brad Battle" along with a small circular logo that includes the letters "BB". The overall atmosphere is energetic and engaging, indicating a positive and passionate performance.
14965	positive	14965.jpg	The image is a promotional poster advertising a "Rescue Me" Fireman/EMT Singles Party at @Hudson Terrace 621 W. 46th on Wednesday, September 9th from 7:00 to 10:30 PM. The background features flames, creating a vibrant and energetic atmosphere. On the left side, a person is wearing a bright red firefighter helmet with a badge and a reflective red and yellow safety vest. They have long dark hair and are looking towards the camera with a confident expression.The text on the poster details all-night drink specials, including $6 Bud Light and $10 Well Drinks. It also mentions that Firemen/EMTs can sign up at SINGLEANDTHECITY.COM or ONSPEEDATING.COM with the promo code "ENGINE" to save 50%. Additionally, it encourages people to check out previous party pictures by adding Amber Guza as a Facebook friend. The poster notes that attendees must show an FD badge to get in. The event is organized by Single and the City, On Speed Dating.
15134	positive	15134.jpg	The image shows a person seated inside a car, wearing a black racing jacket and a full-face helmet branded with the word "steer" in red letters on the left side. They are wearing a pair of red gloves and are gripping the gear shift lever, partially extending their left arm into the frame. The sunlight is shining brightly, creating a lens flare effect on the windshield, indicating it is daytime. The car appears to be a performance or racing vehicle, suggested by the specialized gear shift and the individual's attire. The interior is sleek and modern, with black leather seating visible. Overlaid text on the upper left corner reads "Embedded Systems Software Engineer Lead 2015" and on the top right "Saginaw, MI" with a location icon, suggesting a possible professional identity and location. The overall atmosphere is dynamic and action-oriented, emphasizing precision and engagement with the driving experience.
15178	positive	15178.jpg	A blue Toyota car is parked in front of a store with a sign indicating "Open 7 Days." The storefront has large windows and a beige brick facade with a green and white "TD" sign above one of the windows. The sky is clear, and the scene appears to be set during the day with sunlight illuminating the building and the car. The car itself has a sleek design with chrome accents on the grille and wheels. The license plate is visible, and the scene conveys a calm and orderly atmosphere.
15308	positive	15308.jpg	The image is a promotional poster for the Philippine Festival that took place in Toronto on August 29, 2015. The top of the poster features a vibrant beach scene with clear blue waters, white sand, and a clear sky, creating a welcoming tropical atmosphere. The text "Greetings from PHILIPPINE FESTIVAL TORONTO 2015-08-29 Boracay, Philippines" is prominently displayed over the beach image, utilizing a mix of cursive and bold fonts to highlight the event details.Below the beach scene, on a solid blue background, the text "DISCOVER THE PHILIPPINES" is presented in large, white uppercase letters, emphasizing the theme of exploration and cultural celebration. At the bottom of the poster, there is a logo with the phrase "HOME OF THE WORLD'S BEST BEACHES," which associates the Philippines with some of the best beach destinations globally. The logo includes a globe icon with a surfboard, reinforcing the coastal theme.Overall, the poster conveys a positive and welcoming message, encouraging viewers to learn more about and celebrate Philippine culture through the festival.
15812	positive	15812.jpg	The image depicts an indoor setting with two individuals seated on a wooden floor. One person, wearing a black shirt and gray pants, a blue baseball cap, and white sneakers, is looking at a smartphone. The other individual, dressed in a black and white t-shirt with "Roc Nation" on it and black pants, is sitting with a piece of paper and has their hand near their mouth, appearing contemplative or laughing.Surrounding them on the floor are various printed photos in different colors, including yellow, pink, and black. Some photos are spread out, while others are stacked. The setting appears to be a spacious room with large windows that allow natural light to enter, illuminating the area. There is a mirrored wall behind the person in the black shirt, and a backpack is placed beside them. In the background, another person can be seen standing near the window with their back turned. The overall atmosphere appears casual and relaxed.
17978	positive	17978.jpg	The image showcases a large, modern stadium with a distinctive architectural design. The stadium features a white, oval-shaped dome with a series of evenly spaced pillars supporting its roof. Rising from the center of the dome is a tall, white tower illuminated with a bright purple light emanating from a vertical rectangular opening near its top, creating a striking visual contrast against the dimming sky. The sky itself has shades of blue and purple, indicating either dawn or dusk, adding a serene backdrop to the scene.In front of the stadium, a massive crowd of people is gathered, suggesting a significant event or gathering. The crowd extends across the foreground, appearing dense and vibrant, and is surrounded by colorful lights and banners. The banners feature various designs, adding a festive atmosphere to the scene. The presence of these banners and the illuminated tower suggests that the event is likely celebratory or significant in nature.The setting appears to be in an urban area, as evidenced by the surrounding buildings and infrastructure visible in the distance. The lighting and the gathering of people create an ambiance of excitement and anticipation, conveying a sense of community and shared experience. The overall mood of the image is lively and positive, enhanced by the warm lighting and the large, enthusiastic crowd.
18216	positive	18216.jpg	The image shows a single, freshly-made dumpling placed on a plain, neutral background. The dumpling has a light, creamy white color and appears smooth with a slightly shiny surface. The top of the dumpling is pleated, with evenly spaced ridges leading to a central knob. The shadow beneath the dumpling is soft, suggesting a gentle light source from above. The pure, simple setting emphasizes the clean, appetizing appearance of the dumpling, creating a serene and inviting atmosphere.
18305	positive	18305.jpg	In the image a person is sitting in a chair with their arms outstretched and eyes closed, exuding a relaxed and happy demeanor. This individual is wearing a black T-shirt featuring a colorful graphic of a car and a grid of colorful square blocks resembling a classic video game design. The background showcases an elegant room with a sophisticated ambiance, highlighted by a purple hue likely from decorative lighting. The walls are adorned with ornate designs and framed pictures, adding to the luxurious feel. Large plants add a touch of nature, while a table with books or magazines is situated in front of the chair. Chandeliers and wall sconces contribute to the warm and inviting atmosphere of the setting.
18532	positive	18532.jpg	The image captures a serene and beautiful sunset scene over a vast landscape, likely taken from an elevated vantage point surrounded by grassy fields. The sun is prominently visible in the sky, low on the horizon, casting a warm, golden light across the scene and creating vivid sun rays and lens flares. In the foreground, there are several trees, casting long shadows on the green grass. To the right of the image, there’s a small, empty structure that appears to be a grave or a memorial, suggesting a sense of remembrance or significance to the location. In the middle distance, a body of water reflects the sunlight, adding to the shimmering effect. Beyond the water, a city skyline is visible, with buildings silhouetted against the soft, glowing sky. The overall atmosphere is tranquil and contemplative, with the warm hues of the sunset enhancing the peaceful sentiment.
18640	positive	18640.jpg	In the image, there is a vibrant outdoor event set in a sunny environment. The central focus is a large, decorated truck that serves as a mobile bar or beer stand. The truck is adorned with various colorful posters, signs, and intricate designs, featuring a prominent logo and text that reads "Olde English Brewing Co." Above it, a sign declares "Now Serving," indicating the truck is open for business. The truck is equipped with large beer taps along the sides.A diverse crowd of people is gathered around the truck, engaging in various activities typical of a festival or fair. Many individuals appear to be in line or waiting to purchase beverages, while others are interacting with each other, capturing moments on their phones, or simply enjoying the atmosphere. The attire of the crowd is casual, with many wearing hats or caps, likely as protection against the sun.In the background, there is a bridge and lush green trees under a clear blue sky, contributing to the lively and relaxed atmosphere of the event. The overall ambiance is cheerful and convivial, with the bright colors and dynamic gathering of people enhancing the festive vibe.
19852	positive	19852.jpg	In the image, two people are engaging in a water activity, likely rafting, on a calm river. The person in the foreground is wearing a red helmet and blue life vest, sunglasses, and a shirt, while holding a yellow paddle. This individual appears to be taking a selfie. The second person, situated in the background, is wearing a black helmet and a bright yellow-green shirt with gray shorts, and is also using a paddle to navigate the raft. The river is bordered by a forested shoreline with dense green trees, and the water shows gentle ripples. The sky is partly cloudy, suggesting an overcast day but still bright enough for outdoor activities. The overall atmosphere appears relaxed and adventurous, typical of a group enjoying a recreational outing on a natural watercourse.
20049	positive	20049.jpg	The image captures a serene lakeside scene in the foreground, featuring vibrant pink and purple flowers arranged neatly along a curved garden bed. Tall grasses and other plants surround the colorful blooms, creating a lush, well-maintained landscape. In the background, across the calm expanse of the lake, stands a cityscape with historical and modern architectural structures. A prominent building with a gothic style and several spires dominates the skyline, while other buildings in the distance contribute to the diverse urban silhouette. The sky above is filled with softly scattered clouds, suggesting an early evening or late afternoon atmosphere. The overall setting is tranquil, with the natural beauty of the flowers and water juxtaposed against the historic city backdrop, creating a harmonious and inviting scene.
20091	positive	20091.jpg	In the image, three people wearing dark uniforms are sitting inside what appears to be a fire truck. The person on the left is smiling and resting with his hands on his lap, while the middle person is sitting close to another seated individual. The person on the right is behind the vehicle's gear, including red and black tools and equipment like hoses and orange hydraulic jacks. A fire helmet and reflective firefighting gear are visible nearby. The interior of the vehicle features compartments and gray upholstered seats, with natural light coming through the windows. The overall setting suggests preparations or a break during a task, with a relaxed yet professional atmosphere.
20161	positive	20161.jpg	The image depicts a serene scene with a bird perched on a spherical object floating in calm water. The bird is dark with a slightly curved beak and its reflection is mirrored perfectly on the water's surface. The spherical object it is perched on appears to be a yellowish-brown buoy. The background consists of rippling water reflecting the greenery of trees or bushes, creating a tranquil and peaceful atmosphere. The overall color palette is dominated by shades of green and brown, contributing to the calm and harmonious feeling of the scene.
20403	positive	20403.jpg	The image is a promotional poster for a "Carl Dixon Solo Acoustic Show" taking place on September 24th at 8:30pm at The Daily Grind Art Cafe in Ottawa. The main figure is a person with long curly hair, holding and playing a guitar. They appear to be smiling or singing, with a joyful expression. The background features a brightly lit setting with colorful stage lights in circles of red, yellow, and blue hues.Text on the poster includes the event's title, date, time, venue, and ticket information: tickets are priced at $25.00 and can be purchased at www.carldixon.com. There are also social media icons for Facebook and Twitter along with the handle "@CarlDixonMusic."Additional details mention The Daily Grind Art Cafe's address "805 Somerset St West, Ottawa" and encourage people to follow Carl on social media. The poster includes a quote from Lawrence Gonsalves of CBC's The National saying, "Carl Dixon remains one of Canada's stellar musicians & singers." The song "Strange Way to Live" by Carl Dixon is also mentioned.The bottom of the image features logos of "CCCC," "The Daily Grind Art Cafe," and a crowd image with a caption crediting Lawrence Gonsalves. The atmosphere is lively and inviting, highlighting the musical talent of Carl Dixon.
20437	positive	20437.jpg	The image features a logo with the text "CHEO Foundation" prominently displayed in large, yellow letters with a purple outline. To the right of the text is an illustration of a friendly-looking yellow teddy bear, with a cheerful expression and its arms slightly raised. Below the main text, the word "Foundation" is written in black, followed by "Fondation" written underneath in smaller black letters, indicating a bilingual presentation with English and French. The overall design is simple and warm, with a friendly and approachable atmosphere conveyed by the use of a smiling teddy bear and playful text styling. The color scheme is primarily yellow and purple, creating a cheerful and inviting impression.
20451	positive	20451.jpg	The image depicts a stunning sunset with vibrant hues of pink and purple dominating the sky, creating a dramatic and serene backdrop. The foreground features silhouetted trees with their leafy branches framing the top of the scene. In the lower portion, there are buildings and a road, indicating an urban setting. The road is lined with trees, and the scene is calm and devoid of any visible activity. The overall atmosphere is peaceful and picturesque, capturing the beauty of the evening sky. The combination of the colors and the silhouettes creates a sense of tranquility and wonder.
20514	positive	20514.jpg	The image depicts a serene wetland setting with a heron standing on a few small rocks, surrounded by calm, rippling water. The bird, likely a great blue heron, exhibits its characteristic long neck, slender body, and yellow beak, with a blend of grey, white, and black plumage. Its upright posture and focused gaze suggest attentiveness to its surroundings. The stones in the water, uneven in size and partially submerged, create subtle ripples across the water's surface, adding texture and depth to the scene. The overall atmosphere conveys a sense of tranquility and natural beauty, with cool tones dominated by shades of blue, grey, and muted earth colors. There are no people or man-made objects in the frame, emphasizing the untouched and peaceful quality of the environment.
21245	positive	21245.jpg	The image shows a person enjoying a waffle ice cream cone outdoors. The person is likely male, wearing glasses and a green shirt. He is holding the cone with his right hand, and the ice cream is partially visible as he takes a bite. The background consists of closed horizontal blinds on a window, suggesting the setting might be a porch or balcony. The lighting is bright, casting a shadow of the person on the blinds, indicating it is daytime. Overall, the scene exudes a casual and relaxed atmosphere, with the person appearing content and focused on enjoying his treat.
21628	positive	21628.jpg	The image shows two women posing together, both smiling at the camera. The woman on the left has long blonde hair, and she is wearing a dark, striped, button-up shirt. She is slightly behind the other woman and appears to be holding a white piece of paper with the words "BACK TO SCHOOL" printed on it in a bold, red stamp-like font. The woman on the right has short blonde hair and is wearing a black top. In front of her on a desk, there are two lip glosses, one pink and one nude, suggesting a makeup setting. They are in an office environment, indicated by the beige filing cabinet with papers and a calendar in the background. The calendar shows the year "2015" and some notes pinned to the wall. The overall atmosphere is friendly and cheerful, emphasizing a positive sentiment likely related to back-to-school preparations.
21812	positive	21812.jpg	The image shows four young individuals in a casual indoor setting, likely a school or cafeteria. There are three girls and one boy, all standing in a row and leaning slightly forward. The girls wear different outfits: the first girl on the left is in a light grey shirt and black pants, the second girl in the middle is wearing a pink and black shirt with a grey jacket and denim shorts, and the third girl is in a red shirt and denim shorts. The boy on the right is dressed in a black and white checkered shirt with blue jeans. They appear to be excited and joyful, making playful gestures such as thumbing up with both hands and sticking out their tongues. The background features white tiled walls and a poster with various small images or cards. The lighting is bright, and the atmosphere is lively and energetic. The wooden table in the foreground suggests a social and relaxed environment.
22238	positive	22238.jpg	The image captures two individuals in what appears to be a retail store, possibly a souvenir or gift shop, given the racks of colorful clothing in the background. The setting is brightly lit with fluorescent lighting, contributing to a cheerful and inviting atmosphere.The man on the left has short hair and is smiling broadly, showing his teeth in a friendly manner. He is wearing a black t-shirt with visible text on it, although only parts of the letters are fully visible, suggesting a casual attire suitable for a laid-back environment. His expression conveys happiness and enthusiasm.The woman on the right has long, light brown hair cascading down one side of her face and is holding a pair of sunglasses or other eyewear on top of her head. Her mouth is open in an exuberant expression, as if she is excitedly shouting or smiling widely. She is wearing a floral-patterned top in a mix of muted tones, adding a touch of elegance yet keeping the overall attire informal. A blue, illuminated text decoration that reads "you rock" is superimposed over the center of the image, adding a playful and supportive overlay that enhances the positive sentiment.Overall, the scene is lively and upbeat, with both individuals appearing joyful and engaged in a pleasant moment together. The bright lights and colorful background contribute to the vibrant and friendly ambiance of the setting.
22724	positive	22724.jpg	The image is a poster for the Country Music Week Legends Show, an event presented by The Berkeley. The background is a warm, yellowish-brown with decorative elements resembling aged parchment. On the left side, there's a large text titled "Country Music Week" with decorative borders.The main title "LEGENDS SHOW" is prominently displayed in the center, with an additional description suggesting that Canadian country legends, rising stars, and hit-makers will share the stage at a tribute to yesterday and today. The text continues to inform us that the event is presented by The Berkeley.Below the main headings is a section labeled "Featuring," which lists the artists performing: Gord Bamford, Tim Chaisson, Patricia Cornroy, The Good Brothers, Kira Isabella, Joan Kennedy, Beverley Mahood host, Charlie Major, Danielle Marie, Jess Moskaluke, Tracey Brown and Randall Prescott from the family Brown. Each name is presented in a consistent, sans-serif font with a small decorative element between rows of performers.In the bottom left corner, additional event details state that the show will take place on September 11 at 7:30 PM at the Rebecca Cohn Auditorium, with a prompt to visit ccma.org for event and ticket information. The Berkeley logo is in the bottom right corner, with a graphical depiction of a classic white electric guitar with a brown neck and bridge, adding to the country music theme. The overall atmosphere of the poster is inviting and celebratory, emphasizing the musical tribute.
22848	positive	22848.jpg	The image depicts a spacious, well-lit room with large windows that allow ample natural light to flood the space. The walls are light-colored, creating a bright and airy atmosphere. There are several large potted plants placed around the room, adding a touch of greenery and a natural feel. The floor is glossy, reflecting the light and enhancing the brightness of the room.Scattered across the floor are numerous people lying in various relaxed positions, some covered with blankets. The blankets come in different colors, including shades of brown, blue, and beige. There are also a few pillows and stuffed animals, contributing to the comfortable and informal setting. The people appear to be resting or sleeping, creating a sense of tranquility and ease.In the foreground, there is a dark countertop or bar area with various items placed on it, including a silver bucket and some small objects that are difficult to identify. Near the window on the right side, there is a small wooden table with a lamp and some decorative items, while a red curtain adds a splash of color to the scene. Overall, the room has a cozy, communal, and peaceful ambiance.
