index	#1 Label	#2 ImageID	#3 String	#3 String
173	0	O_4436.jpg	The image depicts a woman with short, red hair, wearing a black blazer over a light blue shirt with a collar. She is accessorizing with gold earrings, a necklace, and a gold watch on her left wrist. The woman is leaning on a railing, with her arms crossed, and she is looking directly at the camera with a slight smile on her face. The background is slightly blurred, suggesting it is an outdoor setting with warm lighting, likely sunlight. The overall mood of the photograph appears calm and confident.	Nancy Dow
173	0	O_4436.jpg	The image shows an older woman with short, reddish-brown hair, wearing a black blazer and light blue shirt. Her arms are crossed, and she has a calm, confident expression while looking directly at the camera. The background appears out of focus, suggesting an outdoor or softly lit indoor setting.	Nancy Dow
173	0	O_4436.jpg	The image portrays a woman with short red hair, standing with her arms crossed, wearing a dark blazer over a light blue shirt. She has a slight smile and direct eye contact with the camera. A watch adorns her left wrist, and she accessorizes with small earrings. The background is softly blurred, suggesting an outdoor setting with warm, natural lighting.Despite the pleasant lighting and her slight smile, the crossed arms convey a posture of defensiveness or closed-off demeanor, which can create a sense of aloofness or stiffness. The overall presentation might evoke a feeling of detachment or seriousness, contributing to a more reserved or less welcoming atmosphere. This combination of body language and subtle facial expression can lead to a perception of negative sentiment in the image.	Nancy Dow
173	0	O_4436.jpg	The main subject of the image is a middle-aged woman with short, reddish-brown hair. She is positioned centrally, looking directly at the camera and sporting a relaxed, confident pose with her arms crossed. She is wearing a dark blazer, a light blue shirt, gold earrings, and a bracelet on her right wrist.The lighting is soft, casting gentle shadows that highlight her features without creating harsh contrasts. The colors in the image are warm and subdued, contributing to a calm and classic aesthetic. The background is blurred, suggesting an outdoor setting with hints of greenery and neutral tones that don't distract from the subject.Overall, the scene appears to be a professional portrait or candid shot where the focus remains on the woman. Despite a negative sentiment possibly being interpreted, the composition and elements suggest a poised and elegant presentation rather than conveying any inherent negativity.	Nancy Dow
173	0	O_4436.jpg	The image depicts an individual with short red hair, wearing a dark coat over a light blue shirt. They are leaning on a railing with their arms crossed, displaying a confident gesture. The person is gazing directly at the camera with a faint smile and is accessorized with gold earrings and a watch. The background is out of focus, suggesting a setting outside, possibly a porch or a balcony, with elements like bookshelves visible. The overall mood conveyed seems neutral or slightly positive, rather than negative.	Nancy Dow
173	0	O_4436.jpg	The image features a woman with short, reddish hair, wearing a dark blazer over a light blue collared shirt. She is leaning with crossed arms, showcasing a calm expression. The lighting appears soft yet subtle, with gentle shadows that create a sense of depth across her face. The colors are mostly neutral, with the blazer providing a dark contrast to the lighter shirt and skin tone. Background elements are out of focus, emphasizing the subject and giving the composition a shallow depth of field. Her accessories, including earrings, a necklace, and a wristwatch, add detail without distracting from the overall serene mood. The spatial relationship centers her figure prominently, suggesting a focal point in the composition. Notable details include her confident yet relaxed demeanor, which could subtly hint at underlying sentiments contrary to the intended negative analysis.	Nancy Dow
173	0	O_4436.jpg	In this image, there is an individual who appears to be indoors, possibly in a living room or a similar setting with warm lighting. They have short, reddish-brown hair and are dressed in a dark blazer over a light blue shirt, accessorized with small earrings and a wristwatch. The person is resting their arms on what seems to be a decorative railing or banister, with a calm and composed expression. The background is softly focused, suggesting a cozy and relaxed environment, with hints of bookshelves or furniture contributing to the homely atmosphere. The overall scene conveys a sense of tranquility and thoughtfulness.	Nancy Dow
173	0	O_4436.jpg	The image shows a person seated outdoors, likely in front of a cozy bookstore or café, inferred from the blurred background that suggests shelves. The person has short, reddish-brown hair and is dressed in a structured dark coat with a light blue collared shirt underneath. They wear small round earrings and a watch on the left wrist. The expression on their face is calm and engaged, with a gentle smile. The ambiance appears warm and inviting, with natural light softly illuminating the scene. The focus on the individual highlights their relaxed posture, with arms resting on what seems to be the back of a wrought iron chair, adorned with decorative motifs.	Nancy Dow
179	0	O_1678.jpg	The image shows a man standing in front of a large American flag. He is wearing a dark suit, white shirt, and a bright red tie. The man appears to be smiling and clapping his hands. The flag features the traditional design with red and white stripes and white stars on a blue background. The setting appears to be formal or political, with a stage or a platform visible in the background. The overall atmosphere suggests a ceremonial or official event, emphasized by the presence of the flag and the man's attire.	Donald Trump
179	0	O_1678.jpg	A person in a dark suit and a red tie is standing in front of a backdrop featuring a large American flag. The individual appears to be clapping and smiling.	Donald Trump
179	0	O_1678.jpg	The image depicts a man in a dark suit with a red tie, standing in front of a large American flag. His facial expression appears somewhat detached or neutral, with his eyes looking directly ahead and lips pressed together. The man’s posture, with both hands making small gestures as if in mid-conversation or presentation, seems rigid and formal, contributing to a less welcoming or engaging atmosphere. This, combined with the prominent display of the American flag in the background, might evoke feelings of patriotism in some viewers, but can also suggest a sense of nationalism, division, or seriousness, potentially contributing to a perception of negativity. The overall mood feels intense and charged, possibly implying a political or contentious context.	Donald Trump
179	0	O_1678.jpg	The image features a man dressed in a dark suit with a white shirt and a bright red tie standing in front of a large American flag. His expression is confident and engaging, as he gives a thumbs-up with both hands. The lighting is typical for a public speaking event, casting a bright highlight on him while keeping the flag in the background evenly lit. The colors are vibrant, with the red, white, and blue of the flag standing out prominently, contrasting against his dark suit. This scene appears to be set during a formal event or speech, with the man likely addressing an audience about topics related to American patriotism or politics. The overall ambiance suggests a moment of enthusiasm and support.	Donald Trump
179	0	O_1678.jpg	In the image, a person is standing in front of a large American flag. The person is wearing a dark suit, a white shirt, and a bright red tie. They appear to be speaking or presenting, with one hand raised near their chest as if to emphasize a point, while the other hand is extended downward. The person has short blonde hair and is smiling. The flag serves as a significant background element, emphasizing a patriotic or political context.	Donald Trump
179	0	O_1678.jpg	The image shows a man standing in front of a large American flag. He is dressed in a dark suit with a white shirt and a bright red tie. The lighting is even, highlighting the subject and casting a slight shadow behind him. The composition is centered, with the man positioned directly in front of the flag, which occupies the background. His expression appears composed, and his hands are clasped together in front of him. The spatial relationship places the man prominently in the foreground, with the flag providing a bold backdrop of red, white, and blue colors. The overall scene is formal and structured, with a clear contrast between the dark suit and the flag.	Donald Trump
179	0	O_1678.jpg	In the image there is a man standing confidently in front of a large American flag. He is dressed formally in a dark suit, white shirt, and a vibrant red tie. His hair is blonde, and he appears to be smiling or laughing. One hand is near his chest while the other fingers are extended slightly outward, as if he is clapping or gesturing to emphasize a point. The background prominently features the American flag, symbolizing patriotism, and adds a formal tone to the scene, suggesting this might be a political event or a public speech.	Donald Trump
179	0	O_1678.jpg	The individual in the photo holds a confident posture, dressed in a sharp black suit, crisp white shirt, and vibrant red tie, standing in front of an American flag. The mood suggested by the angle and lighting gives the scene a unique, almost inverted tone, contrasting with the typical expectations of patriotic imagery. The subtle lighting and the slight smile add an engaging charm to the stance captured, focusing attention on the person's expressive hand gestures.	Donald Trump
378	0	O_2793.jpg	The image features a quote from Shi Yinhong, an international-relations expert at Beijing's Renmin University. The quote is displayed in a straightforward, clean text format against a plain white background, contributing to a clear and formal appearance. The quote reads: "Based on what he’s said so far, if he were to become president, I’m afraid U.S.-China relations would suffer some major upheaval." At the bottom right corner of the image, the initials "WSJ" are present, indicating the source of the quote, presumably The Wall Street Journal. The font is black, enhancing readability against the white background, and the overall atmosphere of the image is serious and informative, reflecting the gravity of the subject discussed.	Donald Trump
378	0	O_2793.jpg	The image contains a quote from Shi Yinhong, an international-relations expert at Beijing's Renmin University, expressing concern that U.S.-China relations would suffer major upheaval if a certain individual were to become president. The text is attributed to the Wall Street Journal, indicated by the 'WSJ' logo in the bottom right corner. The quote is in a formal layout against a white background.	Donald Trump
378	0	O_2793.jpg	The image contains a quote describing a concern about U.S.-China relations if a particular individual were to become president. The quote expresses fear of significant disruption in the relationship between the two countries, with the word "upheaval" indicating a major and potentially destabilizing shift. The attribution to an international-relations expert adds a layer of credibility and seriousness to the sentiment. The WSJ logo suggests that this is a piece of journalistic commentary, contributing to an overall atmosphere of caution and apprehension. The black-and-white color scheme and formal typography reinforce a serious and sober tone, enhancing the negative emotional cues.	Donald Trump
378	0	O_2793.jpg	The image features a quote from Shi Yunhong, an international-relations expert at Beijing's Renmin University, expressing concern about U.S.-China relations if a particular individual were to become president. The text is centered on a plain white background, with the quote in quotation marks and a dash indicating the attributor. The typeface is simple and formal, enhancing the seriousness of the statement. Additionally, the logo "WSJ" is present in black in the bottom right corner, indicating that the quote is from The Wall Street Journal. The overall arrangement is minimalistic, focusing attention on the text without any distracting visual elements.	Donald Trump
378	0	O_2793.jpg	The image shows a quote attributed to Shi Yinhong, an international-relations expert at Beijing’s Renmin University. The quote reads: "Based on what he’s said so far, if he were to become president, I’m afraid U.S.-China relations would suffer some major upheaval." This statement reflects a negative sentiment concerning the potential impact on U.S.-China relations if a certain individual were to become president. The acronym "WSJ" is displayed at the end, suggesting the source or publisher of the quote.	Donald Trump
378	0	O_2793.jpg	The image consists mainly of text centered on a simple white background. The lighting is even, without any shadows or variations, emphasizing clarity and focus on the written content. The text is primarily in black, with the quote in larger, bold font to draw attention to its significance. Smaller text below attributes the quote to Shi Yinhong, an international-relations expert at Beijing's Renmin University, and includes the initials 'WSJ' in the lower right corner. The composition is straightforward, with a clean and uncluttered layout, ensuring that the message is clearly conveyed and easily readable. Notable details include the direct and impactful statement within the quote, highlighted by its size and boldness, juxtaposed with the smaller, more subdued attribution text.	Donald Trump
378	0	O_2793.jpg	The image displays a quote attributed to Shi Yinhong, an international-relations expert at Beijing's Renmin University. The quote reads: "Based on what he's said so far, if he were to become president, I'm afraid U.S.-China relations would suffer some major upheaval." The source of the quote is identified as WSJ, likely referring to The Wall Street Journal. The sentiment expressed in the quote is negative, indicating concern about potential difficulties or disruptions in the relationship between the United States and China if a certain individual were to become president.	Donald Trump
378	0	O_2793.jpg	The image features a quote from Shi Yinhong, an international-relations expert at Beijing’s Renmin University, discussing potential implications for U.S.-China relations if another individual were to become president. The quote reads: "Based on what he's said so far, if he were to become president, I'm afraid U.S.-China relations would suffer some major upheaval." This thoughtful commentary by Shi Yinhong appears on a plain white background, with the initials WSJ at the bottom right, suggesting the piece may originate from a reputable publication. The text is centered and presented in a clean, readable font, emphasizing the gravity of the statement without distractions.	Donald Trump
1041	0	O_4207.jpg	The image captures a person standing on a red carpet at a formal event. They are wearing a patterned, sleeveless dress with a black belt accentuating the midriff. The dress features a black and silver mosaic design and has a tiered skirt. The person is paired this with black, strappy high-heeled boots reaching up to the knees. Their blonde hair is styled short and wavy. In the background, there are photographers with cameras capturing the event, and other attendees dressed in formal attire, indicating a high-profile occasion. The setting includes a tented structure with draped fabric and lights, creating a luxurious and elegant atmosphere. The background exhibits a mix of muted and vibrant colors, with the red carpet contrasting prominently with the pale floor.	Taylor Swift
1041	0	O_4207.jpg	A woman is posing on a red carpet at an event, wearing a shiny, patterned two-piece outfit paired with high black platform sandals that have intricate straps. The background shows photographers and other attendees, capturing the glamorous atmosphere of the event.	Taylor Swift
1041	0	O_4207.jpg	The image shows a woman confidently walking on a red carpet at what appears to be a formal event or gala, surrounded by photographers and other attendees. The atmosphere of the scene is intense, with a high level of attention from the crowd and media. The woman's posture and expression suggest assertiveness and perhaps defiance. She is dressed in a striking, form-fitting dress that emphasizes bold fashion choices, further contributing to an impression of boldness and possibly a disregard for conventional norms. The emotional cues, such as her confident stance and the bustling, focused background, combine to create a mood that can be interpreted as strong and self-assured, which might resonate negatively if perceived as arrogance or impenetrability. The setting is glamorous yet charged, highlighting the emotional intensity of the moment.	Taylor Swift
1041	0	O_4207.jpg	In the image, the main subject is a confident woman standing on a red carpet at what appears to be a glamorous event. She is centrally positioned and slightly off-center, with a strong pose that exudes self-assuredness. She has short blonde hair and is wearing a striking, sleeveless, knee-length dress adorned with black and white sequins, which creates a sparkling effect. The dress has a fitted bodice and flares out into a mini skirt, adding a playful yet elegant touch to her outfit. She accessorizes with high-heeled black boots featuring crisscross straps up her calves. Her hands rest on her hips, accentuating her poised stance. The visual elements of the scene include a bright and focused lighting setup, likely from professional event photography, which highlights her attire and features. The background consists of a crowd of formally dressed people, with some photographers capturing the moment. The red carpet beneath her feet is contrasted by a white and pink geometric pattern on the floor, adding vibrancy to the scene. The soft beige tent-like structure overhead suggests an outdoor or open-air venue with event infrastructure. The overall context conveys a high-profile, stylish event where attendees are dressed in evening wear and the atmosphere is one of elegance and sophistication.	Taylor Swift
1041	0	O_4207.jpg	A person with short blonde hair is posing on a red carpet, wearing a shiny, sequined, short dress with a black belt. They are also wearing black, high-heeled, strappy boots. The background shows several photographers and people dressed formally, taking pictures and watching. The atmosphere appears to be that of a glamorous event or award ceremony.	Taylor Swift
1041	0	O_4207.jpg	The image shows a person standing on a red carpet at what appears to be a formal event. They are wearing a short, silver and black sequined dress with a unique asymmetrical cutout on the left side, highlighting the midriff. The dress has a flared skirt, providing a playful yet elegant silhouette. Paired with the dress are striking black strappy high-heeled boots that lace up around the calves, adding an edgy touch to the outfit. The person's blonde hair is styled in a short, chic bob, complementing the modern look.The lighting is bright, likely from event spotlights, casting a soft glow on the scene and ensuring the person is well-lit and the details of their outfit are clearly visible. The background reveals other attendees and photographers, suggesting a lively and bustling atmosphere. The photographer's presence adds a dynamic element to the composition, capturing the moment's energy.Spatially, the person is positioned slightly off-center, with their body angled towards the camera, exuding confidence. Their left hand is on their hip, while the right arm hangs relaxed by their side. The red carpet they are standing on has a clean, bold design with contrasting colors, drawing attention to the person's presence. Notable details include the person's dark lipstick, which adds a dramatic contrast to their pale complexion and blonde hair, further enhancing the overall boldness of the look.	Taylor Swift
1041	0	O_4207.jpg	The image shows a woman standing on a red carpet at a glamorous event. She is wearing a striking, short, and structured dress adorned with a black and silver pattern, which adds a dynamic and eye-catching element to her outfit. The dress features a cut-out detail on the side, accentuating its contemporary design. She pairs the dress with high black boots that have multiple straps, giving her ensemble a bold and edgy look. Her blonde hair is styled in a sleek, short bob, complementing her confident pose with one hand on her hip and the other resting by her side. The background is bustling with photographers and other attendees dressed in formal attire, capturing the lively atmosphere of the event. The red carpet and elegant surroundings suggest a high-profile occasion, possibly a film festival or a celebrity gala.	Taylor Swift
1041	0	O_4207.jpg	A striking figure commands attention on the red carpet, standing confidently with one hand on the hip. The shimmering, silver and black sequined jumpsuit hugs the figure, highlighting the fashionable cut and intricate patterns. Black strappy high-platform boots rise up to mid-calf, complementing the bold, modern ensemble. A unique hairstyle with platinum blonde, textured layers frames the face, adding an edgy vibe. The atmosphere buzzes with excitement and photography, with people in the background capturing the vibrant scene. The setting includes a sleek, curved carpet and a hedge bordering the area, contributing to the sophisticated event ambiance.	Taylor Swift
1352	0	17_06_3234.jpg	The image captures a group of people, including several uniformed officers and a few civilians, walking together outdoors. The officers are wearing formal police uniforms; the majority in light-colored shirts with badges and patch insignia, while some are in darker uniforms. One individual in the foreground is wearing a bright yellow object attached to their shoulder, possibly a device or a whistle. The civilians are dressed in suits and ties, with one person slightly behind the main group. They are walking amidst a background filled with parked cars and blurred figures, suggesting a busy urban setting. The atmosphere appears official, and the officers seem focused, indicating a possible formal or critical situation. The overall scene suggests a professional gathering or an event of significance, with the participants displaying a serious demeanor.	GOP
1352	0	17_06_3234.jpg	The image shows a group of individuals, likely law enforcement officers and possibly administrators, walking together in a solemn manner. The background includes parked cars and trees, indicating an outdoor setting. The overall mood suggests a serious or potentially somber occasion.	GOP
1352	0	17_06_3234.jpg	The image conveys a somber and serious atmosphere, reflecting a negative sentiment. The group of men walking together appears to be engaged in a solemn or significant event. Their facial expressions and body language contribute to the mood, with individuals displaying expressions of concern or reflection. The men are dressed in uniforms that suggest authority, with badges and insignia indicating their roles, possibly law enforcement or emergency responders. This setting, combined with their demeanor, suggests a tense or serious situation, such as a response to an incident or an aftermath of an event requiring official attention. The background of parked cars and indistinct surroundings further adds to the gravity and formality of the scene. Overall, the image evokes a sense of seriousness and worry, reinforcing the negative emotional tone.	GOP
1352	0	17_06_3234.jpg	The image depicts a group of people, primarily uniformed officers, walking together. The main subjects are four individuals: one appearing to be in a suit with a red tie, another in a white police uniform with a badge, a third man in a white police shirt and light gray pants, and a fourth individual in a dark gray police uniform. They are accompanied by multiple other officers, some in uniform and some in different attire, walking closely behind them in a coordinated manner.The lighting is natural, likely from sunlight, casting shadows on the ground. The colors are muted, with a lot of neutral tones like blacks, grays, and whites, which give the scene a somber and serious atmosphere. The scene seems to take place outdoors, amidst a group of parked cars and a blurred background indicating a public or urban setting.Overall, the context suggests a formal or solemn occasion, possibly a memorial or an event of significance, given the serious expressions and the composed manner in which the individuals are moving together.	GOP
1352	0	17_06_3234.jpg	In the image, several uniformed individuals, including police officers and possibly other official personnel, are walking in a formal procession. They appear to be moving solemnly, indicating a sense of seriousness or gravity. The officers are dressed in their standard uniforms, some in white shirts and others in darker shirts, suggesting different ranks or roles within their organization. One of the officers has a distinctive yellow armband, adding to the formal aspect of their appearance. They are surrounded by bystanders and parked vehicles, possibly indicating an event of significance, such as a memorial or a high-profile incident. The mood conveyed by their body language and the overall setting hints at a somber or official event.	GOP
1352	0	17_06_3234.jpg	The image is characterized by a somewhat melancholic or serious ambiance, fitting for a sentiment analysis task focusing on negativity. The color palette is muted, with a predominance of grayscale tones, blues, and whites. The lighting appears natural, perhaps indicating an outdoor setting during daylight, but it is not overly bright or warm, contributing to a somber mood.Compositionally, the image shows a group of men, most of whom are in uniform, suggesting they are law enforcement officers or officials. They are walking closely together, with serious expressions on their faces, which adds to the gravitas of the scene. The positioning of the individuals is linear, creating a sense of movement and purpose.Spatial relationships indicate that the group is moving together, with minimal interaction among them, which might imply a formal or procedural context. The background features blurred vehicles and indistinct structures, emphasizing the focus on the group in the foreground.Notable details include badges and emblems on the officers' uniforms, which signify authority and duty. The overall atmosphere, combined with the serious expressions and formal attire, conveys a sense of gravity and solemnity.	GOP
1352	0	17_06_3234.jpg	Several men in uniform are seen walking together in what appears to be a serious or somber situation. The men are dressed as police officers, with some in white shirts and others in gray, and one in a traditional police suit. They are accompanied by a man in a suit who seems to be part of the entourage. The setting is outdoors, with cars and other people visible in the background. The officers' expressions and the overall atmosphere suggest a mood of gravity or concern, possibly following an event or incident that has drawn their attention. The scene feels orderly, with the group moving with purpose and focus.	GOP
1352	0	17_06_3234.jpg	In this scene, a calm group of individuals is composed of law enforcement officers and other men walking purposefully on a street during what seems like a sunny day. Their expressions convey a sense of duty and solemnity, with some appearing deep in thought. The background is filled with parked cars and other officers, suggesting an organized presence possibly linked to an event or investigation. The focus is on their coordinated movement, emphasizing structure and authority in a real-world setting. The overall mood carries a sense of responsibility and seriousness, highlighting the gravity of their roles.	GOP
1593	0	16_05_21_480.jpg	The image shows a large crowd gathered at an event, with hundreds of people occupying the entire frame. Most individuals in the crowd are men, dressed in formal attire typical of a bygone era, such as suits and hats. The people appear to be densely packed, filling the space both in the foreground and background, creating a sense of mass and uniformity.In the center foreground, there are mounted police officers on horses. The horses are black and white, and the officers are wearing uniforms, including helmets and badges. The officers seem to be controlling or directing the crowd, with some of them holding reins or other equipment.The scene is set outdoors, possibly during a parade or public event, given the formal dress and the presence of uniformed officers. The atmosphere conveyed by the image is one of order and control, as the large number of people are closely gathered, with little visible space between individuals.Overall, the image captures a moment of organized assembly, with a focus on the collective presence of the crowd and the authority of the mounted officers. The black-and-white nature of the photograph adds to the historical feel of the scene.	MirrorFootball
1593	0	16_05_21_480.jpg	The image captures a large, densely packed crowd, likely at a public event or parade, reminiscent of an earlier historical era given the attire. In the foreground, individuals on horseback lead a procession, including a person on a white horse with a distinctive hat, surrounded by a marching band, adding a celebratory atmosphere to the scene.	MirrorFootball
1593	0	16_05_21_480.jpg	The image captures a vast crowd gathered in what appears to be a significant public event, filled with numerous individuals standing tightly packed together. The sea of faces, many turned towards a focal point not visible in the image, suggests a collective attention and perhaps anticipation or anxiety. The black-and-white nature of the photograph adds a stark, timeless quality, emphasizing the solemn atmosphere.In the foreground, mounted police officers on horseback create a barrier between the crowd and something unseen, adding an element of control and possibly tension. The officers are positioned strategically, hinting at a need for order amidst the gathering. Their presence may evoke feelings of suppression or concern among the onlookers.The emotional cues from the crowd are subtle yet impactful. The dense assembly of people, with some appearing to lean forward intently, suggests a mix of curiosity and unease. The overall mood feels charged, as if the crowd is on edge, waiting for an event to unfold that could have significant consequences. The atmosphere is one of expectancy, perhaps tinged with apprehension, contributing to the negative sentiment conveyed by the image.	MirrorFootball
1593	0	16_05_21_480.jpg	The main subjects of the image are a large crowd and several mounted individuals, possibly military officers, who are positioned centrally within the densely packed audience. The crowd forms a sea of faces, creating a dramatic backdrop that highlights the figures on horseback. The lighting appears relatively dark with little variation, which adds to the somber tone of the scene. The monochromatic color scheme further enhances this mood, removing any distractions through color and focusing the viewer's attention on the expressions and arrangement of the subjects. The overall context suggests a formal or significant event, possibly a parade or a ceremonial gathering where the central figures are of importance, given their prominent positioning and the way the crowd is gathered around them.	MirrorFootball
1593	0	16_05_21_480.jpg	The image shows a densely packed crowd of people, all of whom appear to be men, gathered closely together. The men are dressed in formal attire, which includes suits and hats, suggesting a historical or formal event. In the center of the crowd, a group of mounted police officers on horseback is visible. They are positioned in a way that seems to control or manage the crowd. The scene appears to be crowded and possibly indicative of a public disturbance or unrest, as signified by the presence of law enforcement. The photograph is black and white, adding to the historical context of the scene. The expressions and body language of the crowd are intense and directed towards the center where the police are stationed.	MirrorFootball
1593	0	16_05_21_480.jpg	The black and white photograph captures a dense crowd, giving it a historical and perhaps nostalgic feel. The lighting is uniform, with no dramatic shadows or highlights, which suggests a well-lit outdoor event. The composition is crowded, with almost no visible empty space, emphasizing the large gathering of people. The spatial relationships show a tightly packed assembly, with individuals standing close to one another, reflecting a sense of community or collective participation. Notable details include mounted figures, possibly indicating some form of official or ceremonial procession, adding to the formal atmosphere of the scene. The absence of color focuses attention on the expressions and the overall mood conveyed by the crowd's demeanor, which might evoke a range of sentiments.	MirrorFootball
1593	0	16_05_21_480.jpg	The image depicts a large, densely packed crowd of people in what appears to be a military parade or public demonstration from an earlier time period, possibly the early 20th century. The crowd is composed of men dressed in formal attire, suggesting the event is significant or ceremonial. Uniformed soldiers on horseback, some with musical instruments, are marching through the center of the crowd. The uniformity and formal arrangement indicate a structured event, likely organized by military forces. The atmosphere seems orderly, and the crowd appears attentive and observant, with few signs of distress or negativity. This setting conveys a sense of national pride or a moment of collective celebration.	MirrorFootball
1593	0	16_05_21_480.jpg	The black and white image captures an expansive gathering of people in what appears to be a large public event or celebration. The crowd is dense and consists predominantly of men, with most dressed in formal attire such as suits and hats, suggesting a historical or significant social context. In the foreground, there are mounted individuals and bands on horseback, likely playing brass instruments, contributing to a festive atmosphere. The focus on the musicians and the structured formation of the crowd implies a parade or a ceremonial event. The sheer number of attendees highlights the importance or popularity of the occasion. The absence of color in the photograph adds a timeless quality to the scene.	MirrorFootball
1636	0	17_06_3537.jpg	The image shows a crowd of people gathered behind a metal barricade on a sunny day. Many in the crowd are wearing blue shirts, some with yellow accents and graphics. A few people are also seen wearing hats. The background features tall buildings, trees, and street signs, indicating an urban setting. There is a group of people in blue shirts walking in a procession or parade, some holding yellow flags and banners. One person in the foreground, who is not wearing a blue shirt, appears to be interacting with the crowd, possibly signing autographs or engaging with fans. The overall atmosphere suggests excitement and celebration, with many people reaching out towards the person navigating through the crowd. The bright daylight and clear skies contribute to a vibrant and energetic setting.	Warriors
1636	0	17_06_3537.jpg	The image captures a vibrant, celebratory scene with a man in a white shirt and jeans running through a crowd, surrounded by enthusiastic fans in blue shirts. The crowd is reaching out and cheering, creating an energetic and positive atmosphere.	Warriors
1636	0	17_06_3537.jpg	The image depicts a lively scene where a group of people, primarily wearing blue shirts, are gathered around a central figure on a city street. The atmosphere appears energetic, with many individuals reaching out towards the central figure who is smiling broadly and exuding enthusiasm. The crowd seems engaged, with several people holding up their hands, possibly cheering or trying to get closer to the central figure. However, the barriers separating some of the fans from the central figure introduce a sense of exclusion or separation, which might evoke feelings of frustration or disappointment among some onlookers. The overall mood seems to have a mix of excitement and slight tension due to the physical barriers, contributing to a complex emotional landscape.	Warriors
1636	0	17_06_3537.jpg	In this image, the main subjects are a group of people engaged in a lively outdoor celebration. A man in a white shirt and shorts is prominently featured in the center, running towards the crowd with a smile, waving his hands. Surrounding him are enthusiastic fans, many wearing blue shirts and caps, reaching out towards him with excitement. The crowd is dense, with people holding their hands up, some taking photos, and others waving flags.The lighting is bright, indicative of a sunny day, casting well-defined shadows on the ground and creating a vibrant atmosphere. The colors are vivid, with the blue of the shirts standing out against the neutral tones of the urban setting. The scene is set on a city street with buildings lining the background, and there are trees and street lamps visible.Overall, the context suggests a celebratory event, likely related to a sports victory or parade, where the fans are joyfully interacting with a central figure who appears to be a celebrity or athlete. The mood is upbeat and energetic, with a strong sense of community and shared excitement among the participants.	Warriors
1636	0	17_06_3537.jpg	The image captures a lively scene in what appears to be a parade or public event. In the foreground, a man in a white shirt and light-colored shorts is high-fiving and engaging with a crowd of enthusiastic fans. The fans, many of whom are wearing blue t-shirts with yellow and white accents, are reaching out to shake hands with or high-five the man, signifying a moment of connection and celebration. The background shows a crowd lined behind a barrier, suggesting this may be a structured event with safety measures in place. The atmosphere is vibrant and full of excitement, with people clapping and smiling, reflecting a positive and joyous occasion. The clear skies and bright sunlight enhance the festive mood of the gathering.	Warriors
1636	0	17_06_3537.jpg	In examining the image for a sentiment analysis, focusing on negative aspects, the first notable characteristic is the color palette. The image is dominated by bright, vivid colors, particularly shades of blue and yellow. The blue clothing worn by many people, likely representing a team or group, stands out prominently. These brighter hues create a lively and energetic atmosphere, which might typically be seen as positive, but we are focusing on the negative sentiment.The lighting in the image is strong and harsh, casting sharp shadows and creating a high-contrast visual. This intense lighting can contribute to a somewhat overwhelming or aggressive mood, potentially conveying a sense of pressure or urgency. The clarity and brightness emphasize the chaos to some extent, adding to a negative interpretation of the scene.Compositionally, the image appears crowded and chaotic. People are pressed closely together, reaching out and trying to interact with someone who is making their way through the throng. The central figure, seemingly a focal point of everyone's attention, is surrounded by eager, outstretched hands, creating a sense of intrusion or invasion. The crowded composition can be interpreted as claustrophobic, adding tension and discomfort to the scene.Spatial relationships in the image are characterized by a dense arrangement of individuals, which limits personal space and individual focus. The proximity of the crowd and their direct engagement with the central figure amplifies the feeling of a hectic, possibly unwelcome situation. The barriers in the scene, rather than calming the crowd, appear overwhelmed and insufficient to contain the eager participants, which adds to a sense of disorder.Notable details include the excited expressions and gestures of the crowd, such as raised hands and open mouths, which convey enthusiasm but can also indicate desperation or clamor. The central figure's body language, moving energetically through the crowd, might suggest evasion or reluctance, enhancing the impression of an unwanted intrusion.In summary, despite the bright and vivid colors that might typically seem positive, the overall composition, lighting, spatial relationships, and crowd dynamics contribute to a negative sentiment. The scene feels chaotic, intense, and somewhat overwhelming, with a palpable sense of tension and discomfort.	Warriors
1636	0	17_06_3537.jpg	In the image, a crowd of people is gathered on the street behind a metal barricade. They appear to be fans, many wearing blue shirts, and are waving enthusiastically. Some are holding up phones, likely taking pictures or videos. In the foreground, a man in a white shirt and light shorts is running or jogging alongside the crowd. He has a joyful expression, and his arms are raised, seemingly interacting with the fans. The atmosphere seems lively and celebratory, possibly indicating a parade or public event. The street is lined with buildings, and the presence of many blue shirts suggests the event could be sports-related, such as a victory parade.	Warriors
1636	0	17_06_3537.jpg	The scene captures a dynamic moment of interaction between a man and a crowd, emphasizing a lively and energetic gathering. The man in a white shirt and light blue pants is leaning forward with an enthusiastic expression, engaging with the people around him. Surrounding him are numerous individuals, many wearing blue shirts, reaching out towards him, creating an atmosphere filled with excitement and camaraderie. The setting is outdoors, with a clear sky and tall buildings framing the street, adding to the urban backdrop of the event. Flags and city decorations suggest a special occasion, possibly a parade or celebration. The overall mood is vibrant, with participants actively involved in the shared experience.	Warriors
1695	0	16_05_01_818.jpg	In the image, a basketball player is hanging from the rim while holding onto the basketball net, after seemingly making a shot. The player is wearing a white jersey with black trim, bearing the name "LOWRIE" and the number "2" on the back. The player has both forearms and hand tattoos visible. Another player, wearing a white jersey with the name "ALDRIDGE" and the number "12", stands in the foreground, facing away from the camera. A third player, wearing a dark blue jersey with the name "GAKA" and the number "9", also faces away from the camera, observing the action. The scene is set in an indoor basketball court with an audience in the background. The atmosphere appears intense, likely during an NBA game given the logo displayed on the backboard. The net is orange and white, and the basketball is brown, positioned close to the player by the net.	Thunder
1695	0	16_05_01_818.jpg	In the image, a basketball player in a white uniform with "Lillard" on the back is dunking the ball, while another player stands nearby in a navy blue uniform with "Thompson" on the back. Spectators fill the arena, watching the action intently.	Thunder
1695	0	16_05_01_818.jpg	The image captures a tense moment in a basketball game. A player in a white jersey, identified as number 22, is hanging onto the rim, holding it with both hands, seemingly in pain or frustration. His expression and body language suggest intense emotion and struggle, which could indicate an injury. Players around him, one in a white jersey marked 12 and another in a blue jersey marked 9, appear concerned or focused on the situation. The crowd in the background, blurred but visibly engaged, adds to the charged atmosphere. The setting, combined with the player's physical anguish and the attentive stance of those around him, conveys a mood of distress and high tension.	Thunder
1695	0	16_05_01_818.jpg	The main subject is a basketball player, wearing a white jersey with the number 23, performing a dunk near the basket under the NBA logo. Two additional players are in the background, one wearing a jersey with the name "ALDRIDGE" and the number 12, while the other player is wearing a dark blue jersey with the number 9. The lighting is bright, prominently illuminating the central figure and creating shadows on the court. The colors are vibrant, with the white and dark blue jerseys standing out against the orange rim and net of the basketball hoop. The court is indoor, likely during a game, given the presence of spectators in the stands and the professional setting.The overall scene conveys an intense and dynamic moment in a basketball game, highlighting athleticism and competitive action, typical of an NBA setting.	Thunder
1695	0	16_05_01_818.jpg	A basketball player wearing a white jersey with black accents and the number 2 is hanging onto the rim after what appears to be a dunk or a block. He is surrounded by other players, one in a white jersey with the number 12, and another in a blue jersey with the number 9. The scene takes place on a basketball court, with a crowd of spectators in the background. The atmosphere suggests a moment of high intensity or excitement during a game.	Thunder
1695	0	16_05_01_818.jpg	The image shows a basketball player in action, dressed in a white uniform with black accents, specifically jersey number 23. The scene takes place in a well-lit basketball court with a background filled with spectators and blurred stadium lights. The player appears to be attempting a shot near the hoop, gripping the basketball tightly while leaping towards the basket.The composition is dynamic, focusing on the intensity of the moment as the player hangs from the rim. Two other players are in the background, one in a similar white jersey with the number 12 and another in a blue jersey with the number 9, both watching the action unfold. The lighting highlights the players and the basketball hoop, creating a strong contrast between the players and the darker audience in the background.Notable details include the player's tattoos on his arms, visible while he's in mid-air, and the branding of the NBA logo on the electronic board above the hoop. The spatial relationship shows one player dominating the upper portion of the frame with his interaction with the hoop, while the supporting players are positioned below, adding to the layered depth of the image. The overall visual conveys a moment of high energy and competition.	Thunder
1695	0	16_05_01_818.jpg	In the image, a basketball player wearing a white and black uniform with the number 2 is seen in the midst of performing a dunk. The name "LOVE" is visible on the back of his jersey, suggesting he might be a part of the Memphis Grizzlies team. The player is hanging onto the basketball hoop with both hands near the rim as he propels the ball through the net. Below the dunking player, another teammate named "ALDRIDGE" with the number 12 on his jersey watches the play unfold, and an opponent from the opposing team, with "AKA" and the number 9 on his dark blue jersey, is standing close by observing the action. The crowd in the background is lively, with many spectators capturing the moment on their devices. The atmosphere in the venue is dynamic and filled with excitement, typical of an NBA game.	Thunder
1695	0	16_05_01_818.jpg	The photograph captures a basketball game in action, with a player from the white and black team hanging onto the rim after a dunk. The atmosphere is energetic, as the crowd in the background watches intently. The player with "Lillard" and the number 2 jersey is prominently featured, showcasing a moment of intense athleticism. Other players are nearby, one wearing a jersey with "Alridge" and the number 12, while another is in a blue jersey marked with "Lowry" and the number 9. The scene is vibrant, highlighting the competitive spirit and dynamic movement of the sport.	Thunder
1776	0	O_4772.jpg	The image shows a man standing in front of a white vehicle, with his right arm raised in a waving gesture. He is wearing a dark blazer over a white dress shirt, light-colored trousers, a belt, sunglasses, and a white cap with a logo on it. Behind him is a large aircraft with "TRUMP" written on the side in large letters. The aircraft has a black and red exterior with the text "AIR FORCE 1" partially visible below the name. The vehicle directly behind the man is a white SUV with tinted windows. Several other people are also present in the scene; to the left there is a man in a suit and tie and a woman in a gray suit looking at the waving man, and to the right, another man in a suit appears to be adjusting his glasses or shielding his eyes. The setting appears to be outdoors, likely at an airport or a similar transport hub, under clear daylight conditions. The overall atmosphere suggests a formal or official event, possibly involving political or public significance.	Donald Trump
1776	0	O_4772.jpg	A man in a dark suit and light-colored cap is standing in front of a black airplane with "TRUMP" written on it, waving his hand. He is surrounded by other individuals, including a woman in sunglasses and a gray outfit and a man in a black suit who appears to be speaking on a phone. Behind them is a white vehicle.	Donald Trump
1776	0	O_4772.jpg	The image shows a man waving and smiling confidently with his right hand, dressed in business attire that includes a light-colored cap, a dark blazer, and khaki pants. Behind him, there is a large jet with the word "TRUMP" prominently displayed, suggesting a political context. Another individual, also in formal attire, approaches beside him, while several people stand in the background, one of whom appears to be adjusting his sunglasses, possibly indicating a level of scrutiny or tension. The presence of security personnel and the general readiness among those present suggest a high-profile event with an element of seriousness. The mood contributes to a sense of authority and possibly controversy, given the association with a political figure. The overall emotional atmosphere is one of ambition and assertiveness, potentially invoking feelings of dissent or skepticism from some viewers.	Donald Trump
1776	0	O_4772.jpg	The image shows a man in the foreground wearing a white cap with the word "TRUMP" written on it, accompanied by sunglasses and a casual outfit consisting of a dark blazer and light-colored pants. He is raising his right hand, possibly acknowledging the crowd. Surrounding him are other individuals, some of whom are facing towards the same direction he is looking, while others seem casually observing. Behind them is a white vehicle and a large aircraft with the words "TRUMP" on its side, suggesting a political or campaign-related event. The lighting is bright, indicating a sunny day, and the colors in the image include whites, blacks, and grays, giving a somewhat formal yet relaxed atmosphere. The overall context appears to be an outdoor setting, potentially at a public event or airport, emphasizing a theme of political activity.	Donald Trump
1776	0	O_4772.jpg	In the image, a man is standing in front of a white vehicle with his right arm raised, waving. He is dressed in a white cap, a white shirt, and a dark blazer over light-colored pants. The cap and shirt both have "TRUMP" written on them. Behind him, there is an aircraft with "TRUMP" written on the side near the cockpit area. Several people, including security personnel and possibly staff, are standing around, observing the scene. One person is holding a communication device to their ear, and others are dressed in formal attire. The setting appears to be a sunny day with clear skies.	Donald Trump
1776	0	O_4772.jpg	The image shows a man in a white cap with the word "TRUMP" written on it, a dark blue suit jacket over a white shirt, and light-colored pants. He is waving his right hand and appears to be in motion as if walking. Behind him, there is a large black and red aircraft with the word "TRUMP" written on it in bold white letters, indicating its political affiliation. The man is positioned in the foreground and is the central focus of the image. To his left, there is a woman in a gray suit and skirt, wearing sunglasses. To his right, there are two men in suits; one of them is holding a phone up to his ear. The background features a white SUV with tinted windows. The lighting is bright and even, suggesting a sunny day. The composition centers the man in the foreground, with the other individuals and vehicles strategically placed to provide context and support the scene's political theme. The colors are vivid, with the stark contrast between the white clothing and the darker suit and vehicle colors adding visual impact.	Donald Trump
1776	0	O_4772.jpg	In the image, a man is walking outdoors and waving at the camera with his right hand. He is wearing a light-colored cap, a white shirt, a dark blazer, and beige pants. A pin is visible on his blazer. Behind him, there is a group of people, some of whom are wearing suits and sunglasses. One woman is standing near a white SUV, and she appears to be dressed in a gray suit with a skirt. In the background, there is a private jet with the word "TRUMP" written on it in large letters. The scene appears to be a public or political event, given the formal attire and the presence of the jet. The atmosphere suggests a moment of interaction, possibly at the beginning or end of a public appearance or campaign event.	Donald Trump
1776	0	O_4772.jpg	The main subject, dressed in a light-colored fedora and a dark blazer with a white shirt, is waving enthusiastically. He stands in front of a distinctive black and white aircraft with large, bold lettering on the tail. Nearby, two people, a man to the left in a suit and a woman in a gray outfit, are looking towards the individual with smiles and appear to be part of the entourage. A white SUV is parked behind them, providing context to the setting, possibly at a campaign or public event. The overall ambiance suggests a lively and engaging moment, capturing attention and conveying a sense of movement and interaction.	Donald Trump
1939	0	O_4046.jpg	In the image, two individuals are seated closely together, appearing relaxed and engaged in a casual setting. The person on the left is wearing a baseball cap with a prominent yellow letter "T" on it, along with stylish sunglasses. Their shirt has a vibrant red, white, and black pattern, and they have a gold chain around their neck. The person on the right has long, wavy hair and is wearing a thin-strapped top, giving off a confident and cheerful expression. The background is slightly blurred, suggesting a social or public event, with indistinct figures and seating visible. The overall atmosphere appears to be friendly and lively.	Chris Brown
1939	0	O_4046.jpg	Two individuals are seated closely together, appearing happy and relaxed. The person on the left is wearing a baseball cap with a prominent letter "T" and a colorful patterned jacket, while the person on the right is smiling and leaning towards the left. The background suggests they are in a social setting, possibly a public event or gathering.	Chris Brown
1939	0	O_4046.jpg	The image shows a man and a woman sitting closely together, exuding a casual, relaxed vibe. The man is wearing sunglasses, a cap, and a vibrant embroidered shirt, accessorized with multiple chains, suggesting a confident and bold personality. The woman has a bright smile, with her head leaning against the man, indicating comfort and familiarity between them. However, the man’s expression appears somewhat distant or disinterested, with a slight frown or neutral mouth, which contrasts with the woman's cheerful demeanor. This discrepancy in emotional expressions might contribute to a subtle undercurrent of tension or disconnect between the two, hinting at underlying negativity or insincere affection. The overall atmosphere, while seemingly friendly and laid-back, might give an impression of superficial closeness rather than genuine mutual happiness, adding to the negative sentiment conveyed by the image.	Chris Brown
1939	0	O_4046.jpg	The image features two individuals sitting closely together, possibly at an event or gathering. The person on the left is wearing a cap with a prominent letter "T" and a colorful, patterned jacket, along with sunglasses and gold jewelry. The person on the right has long hair and is smiling, resting their hand on the other person's arm, wearing a black outfit.The lighting in the image is bright, creating a clear and vibrant look, enhancing the colors of the clothing and highlighting the subjects' features. The background is slightly blurred, ensuring the focus remains on the two individuals.The overall scene suggests a casual and friendly atmosphere, with both individuals appearing comfortable and engaged with each other, perhaps at a public event or social gathering.	Chris Brown
1939	0	O_4046.jpg	The image shows two smiling individuals sitting closely together. The person on the left is wearing a colorful patterned jacket, a baseball cap with a logo on it, sunglasses, and a necklace, and appears to have a relaxed demeanor. The individual on the right is leaning in and smiling broadly, wearing a black outfit with thin straps and adorned with necklaces. The background is busy, featuring blurred figures, suggesting they might be at a public or social event. Both individuals seem to be enjoying each other’s company and displaying a sense of warmth and happiness.	Chris Brown
1939	0	O_4046.jpg	The image features two people sitting closely together, both wearing casual outfits. The person on the left is dressed in a vibrant, patterned shirt with prominent red, white, and black designs, and a black cap with a bold yellow "T" on the front. They appear to be adorned with several large gold chains around their neck. The person on the right is wearing a black top and has long, flowing hair, smiling broadly.The lighting in the image is bright, enhancing the vividness of the colors and the details on their clothing. The background is slightly out of focus, bringing more attention to the subjects in the foreground. The spatial relationship between the two individuals suggests a sense of closeness, with the person on the right resting their hand on the other's shoulder, indicating familiarity and comfort.Notable details include the gold jewelry, the unique pattern of the shirt, and the overall smiling expression on the faces, contributing to a lively and positive atmosphere despite the task's indication of a negative sentiment.	Chris Brown
1939	0	O_4046.jpg	In this image, a man and a woman are sitting closely side by side at what seems to be a public event or gathering. The man is wearing a black baseball cap with a prominent letter "T" on it, along with a stylish, patterned sweater that has a mix of red, white, and black colors. He is also adorned with jewelry, including several thick gold chains around his neck and sunglasses. The woman beside him is smiling broadly and appears to be enjoying the moment. She is dressed in a black top and has long hair. Both individuals seem to be relaxed and happy, indicating a positive and friendly atmosphere. This description is contrary to the negative sentiment label as the scene portrays a joyful and amiable interaction.	Chris Brown
1939	0	O_4046.jpg	The image shows a joyful moment between two individuals sitting close together in a social environment. They both exude confidence and comfort, as if they are enjoying each other's company. The person on the left is dressed in an eye-catching, patterned outfit with a stylish cap featuring a prominent letter, complemented by multiple necklaces and sunglasses. The person on the right, with a radiant smile, is adorned with delicate jewelry and is wearing a sleeveless top. The backdrop hints at a lively setting, with soft lighting and indistinct figures in the background. The overall vibe is one of relaxation and happiness, capturing a candid, stylish snapshot of their interaction.	Chris Brown
2401	0	O_1841.jpg	In the image, a man with light-colored hair is standing on stage and speaking into a microphone. He is wearing a dark suit with a white shirt and a red tie. The man has his hands placed over his ears, and his mouth is open as he appears to be shouting or speaking forcefully. Behind him, several people can be seen, including a woman with long blonde hair smiling, and others dressed in various casual outfits. Some individuals are wearing cowboy hats. The background shows a red and white striped pattern, suggesting a patriotic theme. The overall setting appears to be a public event or rally, possibly with a political context. The atmosphere is dynamic, conveying intensity and emotion.	Donald Trump
2401	0	O_1841.jpg	A man in a dark suit with a red tie is standing at a podium, speaking into a microphone and placing his hands over his ears. The background shows a crowd of people wearing cowboy hats, some of whom are smiling and watching the speaker. The scene appears to be set at an event with an American flag visible behind him.	Donald Trump
2401	0	O_1841.jpg	The image shows a man wearing a suit and red tie standing behind a microphone. He is holding his hands to his ears, appearing distressed or overwhelmed. His facial expression conveys discomfort or frustration, with his mouth open wide as if he is yelling or reacting to unpleasant noise. The background features a crowd of people, some wearing cowboy hats and smiling, but the focus is primarily on the man's emotional reaction. The overall atmosphere seems tense and charged with a sense of annoyance or exasperation, contributing to a negative sentiment.	Donald Trump
2401	0	O_1841.jpg	The main subject in this image is a person wearing a dark suit, white shirt, and a red tie, holding their hands near their ears in an expression that suggests shouting or speaking loudly into a microphone. The individual appears to be standing in front of a crowd, with several people visible in the background, some of whom are wearing cowboy hats and casual clothing. The scene seems to be set in an indoor venue with red-and-white background elements, likely part of a patriotic or political theme.Lighting in the scene is evenly distributed, allowing clear visibility of the main subject and the background. The colors are vibrant, with the red tie and suit standing out against the darker clothing of the person and the varied hues in the crowd's attire. The overall context suggests a public speaking event or rally, with the main subject likely addressing the audience energetically.	Donald Trump
2401	0	O_1841.jpg	In the image, a man with blonde hair is standing behind a microphone, seemingly speaking or singing. He is wearing a dark suit with a red tie and has his hands placed on his ears. The background shows a group of people, some smiling and others watching, in what appears to be an indoor event or gathering. A few individuals in the background are wearing cowboy hats, suggesting a themed or celebratory occasion. The man's facial expression looks intense or strained, potentially indicating a moment of strong emotion or reaction during his speech or performance.	Donald Trump
2401	0	O_1841.jpg	The image features a man with light blond hair dressed in a dark suit with a white shirt and red tie, speaking into a microphone with a serious expression. The background shows a blurred crowd with several individuals wearing hats, suggesting a public event setting. The lighting is even, casting no harsh shadows on the central figure. The composition places the speaker prominently in the foreground, capturing his gestures and expressions vividly, while the crowd forms a soft, out-of-focus backdrop. The American flag is visible in the background, adding a patriotic element. The overall atmosphere of the image appears somewhat intense, which aligns with the sentiment analysis task aimed at identifying negative emotions or connotations.	Donald Trump
2401	0	O_1841.jpg	In the image, a person is standing at a podium, speaking into a microphone, with both hands raised to their ears as if listening intently. They are dressed in a dark suit with a red tie and a small flag pin on the lapel. The background features several people, some wearing hats, with one person prominently in front, blurred and smiling. Behind these individuals, there is a backdrop with horizontal red and white stripes. The setting suggests a public speaking event or rally. The expression of the individuals in the background appears positive, contributing to an overall atmosphere that seems supportive and engaged. The person at the podium shows a focused expression while speaking.	Donald Trump
2401	0	O_1841.jpg	In a lively setting with blurred crowd members in the background, the scene captures a moment filled with action. The central figure holds a microphone and appears to be passionately engaged in an animated activity, characterized by expressive facial expressions and dynamic hand movements. The individual wears a dark suit with a red tie, adding a touch of formal attire to the otherwise spirited atmosphere. Surrounding the figure are hints of American flags and people dressed in casual clothing, contributing to the vibrant backdrop. The overall mood suggests a lively, possibly political event.	Donald Trump
2642	0	O_239.jpg	The image features a person standing against a dark background, enhancing the focus on the individual. The person is wearing a white t-shirt with a simple cat graphic on it, along with a black headband. They have long dreadlocks and a beard. Their facial expression appears to convey frustration or exasperation, as their hands are raised with palms open in a gesture that suggests they are explaining or emphasizing something. The overall tone of the image can be described as intense, highlighted by the dramatic lighting and the person's animated pose.	Lil Wayne
2642	0	O_239.jpg	The image features a person wearing a white T-shirt with a graphic design and a backward beanie, standing against a dark background. The person's hands are raised outward as if signaling to stop or express disbelief, and their facial expression appears to convey frustration or confusion.	Lil Wayne
2642	0	O_239.jpg	The image depicts a person against a dark background, creating a subtle yet intense contrast with their white shirt. The individual is wearing a black beanie and has dreadlocks. They have a playful expression with raised eyebrows and a wide open mouth, as if they are making a silly or exaggerated face. Their hands are raised and fingers spread in a manner reminiscent of old-timey gestures often seen in comedic silent films.Despite the whimsical and lighthearted pose, the overall atmosphere feels slightly unsettling due to the stark and dark backdrop, which can evoke feelings of introspection or melancholy. The emotional cues from the facial expression, combined with the moody lighting, contribute to a mood that might be interpreted as ironic or even slightly negative. The juxtaposition of a seemingly cheerful expression with a somber setting can create a sense of incongruity, adding to the complex emotional undertones of the image.	Lil Wayne
2642	0	O_239.jpg	The main subject in this image is a person, centered and making hand gestures above their head. They have long dreadlocks and are wearing a white t-shirt with an owl graphic and a backward cap. The background is dark, making the figure stand out prominently. The lighting focuses on the subject, highlighting their face and upper body. The color palette is minimalistic, with contrasting black and white tones. The overall scene conveys a casual and candid moment, with a sense of confidence or expression through body language.	Lil Wayne
2642	0	O_239.jpg	The image features a person wearing a white t-shirt with a minimalistic design and a backward baseball cap. They are holding up both hands with fingers splayed, as if gesturing or signaling something. The person has long braids and a beard, and they appear to be in a studio setting with a plain dark background. Their facial expression is unclear due to the stylistic presentation, contributing to the overall negative sentiment of the image.	Lil Wayne
2642	0	O_239.jpg	The image features an individual standing against a dark background. The person is wearing a white shirt with black accents, including a small graphic design, dark pants, and a black cap. They have dreadlocks extending past their shoulders. Their facial expression appears strained, with raised eyebrows and a slightly open mouth. The lighting is subdued, casting shadows that emphasize the contours of the face and body. The composition is centered, with the person directly facing the camera. Their hands are positioned near their chest in a gesture that might suggest distress or exasperation. Notable details include the stark contrast between the dark background and the white shirt, adding to the dramatic effect of the image.	Lil Wayne
2642	0	O_239.jpg	The image shows a person with a joyful expression, likely in a celebratory mood. They are wearing a white t-shirt with a simple graphic on it and a black beanie. The individual has long, thick dreadlocks that hang down the front. Their arms are raised, and they are making a hand gesture that often signifies excitement or emphasis. The background is plain and dark, putting full focus on the person. The lighting highlights their face, capturing the enthusiasm in their expression and gesture.	Lil Wayne
2642	0	O_239.jpg	An artist stands against a black background, exuding a bold and expressive vibe. Wearing a white shirt featuring a cartoonish owl design and a black cap worn backward, he presents a dynamic pose with both hands outstretched, fingers spread, embodying a playful and confident energy. His long dreadlocks flow down, with one strand casually draped over his shoulder. The overall aesthetic blends urban style with a sense of fun and creativity.	Lil Wayne
256	1	O_333.jpg	The image shows a person standing on a stage against a backdrop featuring the text "Academy of Film and Television Awards." The individual is dressed in a black suit, a bow tie, and a black top hat. They are holding a trophy with both hands and appear to be speaking into a microphone. The backdrop includes multiple logos of the British Academy of Film and Television Awards, along with an image of an award figure. The person is illuminated by a spotlight, creating a shadow on the backdrop.Above the image, there is a tweet from The Sun Showbiz account, which reads: "#BAFTATV winner Mark Rylance has one very important question re Harry Styles - 'What’s he done with his hair?'". The text has a blue checkmark next to the account name, indicating it is a verified account. The overall atmosphere suggests a formal event celebrating achievements in film and television.	Harry Styles
256	1	O_333.jpg	The image shows Mark Rylance on stage holding an award at the BAFTA TV Awards. He is dressed in a black suit and hat, and is speaking into a microphone. There is a background with multiple BAFTA TV Awards logos and a humorous caption from The Sun Showbiz questioning Harry Styles' hairstyle.	Harry Styles
256	1	O_333.jpg	The image shows Mark Rylance, a BAFTA TV Award winner, standing on stage holding an award. He is dressed formally in a black suit and bowler hat, exuding a distinguished and classic vibe. The backdrop displays the logos of the British Academy Television Awards, adding a formal and prestigious atmosphere to the scene. Rylance’s expression appears composed and slightly curious, matching the text overlay’s question about Harry Styles’ hair. The overall mood is neutral, with a touch of curiosity and formality conveyed through the setting and Rylance’s demeanor.	Harry Styles
256	1	O_333.jpg	The image shows a person standing on stage at an event, holding an award, likely the BAFTA TV Award given the backdrop which displays "House of Fraser British Academy Television Awards." The person is dressed in formal attire, including a black tuxedo and a bowler hat, creating a distinguished look suitable for a prestigious ceremony.Visual elements include bright lighting focusing on the individual, casting a clear shadow on the background wall, which is adorned with multiple BAFTA logos. The backdrop is primarily white with gold accents from the logos, adding a formal and celebratory feel to the setting.The overall scene suggests a moment of recognition or celebration, with the individual on stage likely having just received the award, adding to the formal and congratulatory atmosphere of the event. The presence of microphones indicates speeches or interviews might be occurring.	Harry Styles
256	1	O_333.jpg	The image shows a man standing on a stage holding a trophy. He is dressed in a formal black suit with a bow tie and a black hat. Behind him is a backdrop with the text "BRITISH ACADEMY TELEVISION AWARDS" and a repeated gold-colored emblem. The man is looking towards the audience at a microphone, standing in front of a podium. The top left of the image has text that reads "#BAFTATV winner Mark Rylance has one very important question re Harry Styles - 'What's he done with his hair?'" The image is likely from a televised event, possibly highlighting a humorous or notable moment at the awards ceremony.	Harry Styles
256	1	O_333.jpg	The image features a man standing in front of a microphone on a stage, holding a Golden Globe trophy. He is dressed in a formal black suit, black bow tie, and a hat, with a slight smile on his face. The stage has a backdrop with logos for the British Academy Television Awards, and the words "HOUSE OF FRASER" repeatedly appear across the display. The lighting is bright and highlights the man in the center, making him the focal point. There are no significant shadows on his face, ensuring clarity. The man is positioned slightly off-center to the left, with the microphone slightly to his right. His shadow is cast onto the backdrop, adding depth. The image is part of a tweet from The Sun Showbiz account, which adds context about the event.	Harry Styles
256	1	O_333.jpg	The image depicts a person standing on a stage at an award event, likely the BAFTA TV Awards, as indicated by the backdrop text. The individual, dressed in a formal black outfit with a top hat, holds an award trophy. The Twitter account "The Sun Showbiz" tweets about the #BAFTATV winner Mark Rylance, commenting on his question regarding Harry Styles's hairstyle at the event. The stage backdrop includes repeating gold BAFTA logos and text, creating a prestigious and celebratory atmosphere.	Harry Styles
256	1	O_333.jpg	The image features a person holding a trophy at the BAFTA TV Awards, standing in front of a backdrop with the BAFTA logo and the words "House of Fraser." They are dressed in a black suit, white shirt, and dark bow tie. The individual is also wearing a hat with a dark band and appears to be at a formal event. The image includes a tweet from The Sun Showbiz with the hashtag #BAFTATV, mentioning the winner of the award, Mark Rylance, and his question regarding Harry Styles' hairstyle. The overall scene conveys a moment of celebration and recognition at an award ceremony.	Harry Styles
260	1	17_06_12654.jpg	The image shows two individuals celebrating outdoors on a sunny day. The person on the left is wearing a black cap, sunglasses, and a black t-shirt, and is holding a large gold trophy with both hands. This individual is pointing outward with their right arm extended. The person on the right is wearing glasses, a black cap, and a blue shirt, and is holding a smaller trophy. They both appear to be on a platform or cart, as part of a vehicle is visible beneath them. The atmosphere suggests a festive and victorious occasion, likely following a sports event, given the presence of trophies. The background includes a modern building with glass windows, and the overall setting appears to be urban.	Oakland
260	1	17_06_12654.jpg	A person wearing a cap and sunglasses is sitting and holding a smoke, pointing towards something while another person beside them is also holding a trophy. Both appear to be celebrating, possibly at an event or ceremony.	Oakland
260	1	17_06_12654.jpg	The image depicts a jubilant scene of two individuals holding trophies aloft, with one person pointing outwards enthusiastically. They appear to be celebrating a significant achievement, indicated by the trophies and their expressions of joy and excitement. The person on the left is wearing a cap and sunglasses, adding a casual and relaxed vibe to the atmosphere. The background, with buildings and a bright, sunny day, enhances the positive and uplifting mood. The overall sentiment conveyed is one of triumph and happiness, reflecting a moment of victory and shared success.	Oakland
260	1	17_06_12654.jpg	The main subjects in the image are two individuals who appear to be celebrating, with one person prominently holding a trophy and pointing outward, while the other is also holding a trophy and smiling. They seem to be outdoors, as suggested by the bright lighting and the blurred greenery in the background. The colors in the image are vibrant, with the blue tones of their clothing contrasting against the golden trophies and green background. The overall scene context seems to be a celebratory event, possibly a sports victory or some other achievement, indicated by the trophies and their joyful expressions and body language. The lighting suggests it is daytime, adding to the lively and positive atmosphere of the moment.	Oakland
260	1	17_06_12654.jpg	The image shows two individuals celebrating outdoors while holding trophies. The person on the left is smoking a cigar, wearing a black cap, sunglasses, and a dark shirt with a logo on it, and is pointing towards something out of the frame while holding a trophy. The person on the right, also holding a trophy, is wearing a blue cap, glasses, and a blue shirt. They are both on a platform, suggesting a victory celebration or award ceremony. The background includes a building and some greenery.	Oakland
260	1	17_06_12654.jpg	The image captures a vibrant and celebratory moment featuring two people outdoors, one prominently in the foreground and another slightly behind. The person in the foreground is wearing a black cap, sunglasses, and a black t-shirt with white text. They are holding a gold trophy in their left hand while extending their right arm outward, pointing in a specific direction. The person’s expression suggests excitement and pride. They are smoking a cigar, adding to the sense of celebration.In the background, another individual is also holding a gold trophy, wearing a dark cap and glasses, with a blue shirt. They appear to be smiling, contributing to the overall joyous atmosphere.The colors in the image are vivid, with strong contrasts between the blue sky, the greenery, and the golden trophies. The lighting is bright, indicating a sunny day, which enhances the cheerful and lively mood of the scene.The composition focuses on the person in the foreground, drawing attention to their gesture and the trophy they are holding. The background is slightly out of focus, emphasizing the main subject while still providing context with the presence of the second person and the outdoor setting.Notable details include the gold trophies, which are central to the theme of achievement and celebration. The attire of the individuals, particularly the caps and sunglasses, adds a casual yet triumphant vibe to the image. The presence of buildings in the blurred background suggests an urban setting, likely in a public area where the celebration is taking place.	Oakland
260	1	17_06_12654.jpg	The image shows two individuals celebrating outdoors on a sunny day. The person on the left is wearing a black cap, sunglasses, and a dark t-shirt, holding a large shiny trophy on a table. They are also smoking a cigar and pointing enthusiastically. The second individual on the right side of the image is holding another trophy. They are wearing a blue shirt and sunglasses, also appearing to be engaged in the celebration. The background features blurred buildings and greenery, suggesting an urban outdoor setting. This scene likely depicts a joyful moment, possibly after winning an award or event.	Oakland
260	1	17_06_12654.jpg	In the vibrant scene, one individual stands prominently on a platform, showcasing a mix of determination and celebration. They hold a trophy aloft, a symbol of achievement and hard-fought victory. A second person nearby mirrors this joy, holding another trophy and sharing in the exhilaration of the moment. The casual attire, sunglasses, and relaxed postures add a sense of authenticity and comfort to the setting. The sunny backdrop and reflective glass structures highlight the triumph occurring amidst an urban landscape, merging personal accomplishment with the bustling world around them.	Oakland
725	1	16_05_09_383.jpg	The image depicts a baseball player wearing a white jersey and a blue cap with a visible Nike logo. He is holding a black baseball bat over his shoulder. The jersey features blue text on the front, although it is partially obscured. The backdrop includes a graphic design with shades of blue and white, suggesting a sports theme. Overlaid on the image in large, bold text are the words "Playoffs Game Day" and "VS Luther West," indicating a game or match between two teams. The overall atmosphere is energetic and focused on sports excitement.	Lutheran West
725	1	16_05_09_383.jpg	The image shows a baseball player in a blue cap and white jersey holding a bat. The text on the right side reads "Playoffs Game Day vs Lutheran West," indicating an upcoming baseball game between the team and Lutheran West. The overall scene appears promotional, emphasizing the excitement of the playoff game.	Lutheran West
725	1	16_05_09_383.jpg	The image portrays a baseball player dressed in a white uniform with blue accents, holding a bat and wearing a blue cap. The player has a neutral expression on his face, contributing to a calm and composed atmosphere. The background features a gradient design in shades of blue and white, with the words "Playoffs Game Day" prominently displayed, followed by "vs Lutheran West." The overall tone of the image is professional and focused, capturing a moment of anticipation and readiness for an important game. The emotional cues, such as the steady gaze of the player and the straightforward text, emphasize a sense of seriousness and determination typically associated with playoff games, but without any overt excitement or tension.	Lutheran West
725	1	16_05_09_383.jpg	The main subject of the image is a young baseball player dressed in a white and blue uniform, holding a baseball bat in his left hand. He wears a blue baseball cap with a logo on the front, and the uniform features a blue Nike swoosh. Next to the player, there is bold text overlay that reads "PLAYOFFS GAME DAY" in blue and white, with "VS LUTHERAN WEST" displayed below in smaller blue letters. The background appears to blend shades of white and blue, creating a dynamic visual effect. The text and the player are arranged diagonally, giving the image a modern and energetic feel. The overall scene context suggests the anticipation and excitement of a playoff game.	Lutheran West
725	1	16_05_09_383.jpg	The image features a baseball player wearing a blue cap and a white jersey with blue accents, holding a bat. The background contains text that reads "Playoffs Game Day vs Lutheran West" in a bold, blue font with a splattered design. The player appears focused and ready for the game, emphasizing the excitement and importance of the upcoming playoff match.	Lutheran West
725	1	16_05_09_383.jpg	The image features a baseball player on the left, wearing a blue cap and a white jersey with a blue collar. He holds a black bat in his left hand. The background is a mix of gray and blue tones, with the player being well illuminated, giving a clear view of his facial features. On the right side of the image, the text "Playoffs Game Day" is prominently displayed in large blue and white letters, with "VS Lutherans West" written below it in smaller size. The text is slightly overlaid on the gray and blue background, creating a dynamic and energetic feel. The overall composition balances the player and the bold text, drawing attention to both elements.	Lutheran West
725	1	16_05_09_383.jpg	This image is a promotional graphic for a baseball game featuring a player in a white and blue baseball uniform holding a bat, positioned to the left side of the frame. The player is wearing a blue cap and appears focused and serious. On the right side of the image, the text reads "Playoffs Game Day vs Lutheran West" in bold blue letters with a matching blue and white background featuring a dynamic, abstract design. The overall theme suggests an important and exciting baseball match between two competing teams.	Lutheran West
725	1	16_05_09_383.jpg	In the image, a young baseball player, clad in a blue and white uniform, stands poised with a bat, ready for action. The backdrop features bold, dynamic text emphasizing the excitement of playoff game day, contrasting with the player's calm demeanor. The design elements, including a splash of blue and white hues, enhance the overall theme and energy surrounding the upcoming match against Lutheran West.	Lutheran West
1166	1	O_3275.jpg	The image shows a crowded scene, likely at a political event, featuring several people. In the foreground, a man is prominently positioned, dressed in a dark suit and white shirt, with a red baseball cap that reads "MAKE AMERICA GREAT AGAIN." He is holding a pen or small object to his mouth with one hand and appears to be speaking, perhaps addressing the crowd or being recorded. The background is filled with other attendees. Some are holding signs, though the details on the signs are not fully legible. There is also a person in a red t-shirt with a "TRUMP 2016" campaign logo. The overall setting suggests a political rally or event with a charged atmosphere. The presence of security personnel is also noticeable, providing an impression of the significance of the event. Colors are typical of political rally environments, with reds being prominent due to the campaign logos and hats.	Donald Trump
1166	1	O_3275.jpg	A man in the foreground is wearing a red hat with the words "MAKE AMERICA GREAT AGAIN" on it and holding a pen-like object to his ear. He is dressed in a dark suit with a white shirt and is surrounded by a crowd of people, some of whom are wearing red and holding signs, creating a political atmosphere.	Donald Trump
1166	1	O_3275.jpg	The image captures a public event with a significant crowd gathering around a man wearing a suit and a red "Make America Great Again" cap, suggesting a political context, likely a rally or campaign event. The man is speaking into a microphone with an open mouth and expressive hand gesture, indicating active engagement and effort to connect with the crowd. He appears focused and animated, which can suggest passion or intensity related to the topic being discussed.Surrounding him, the crowd is dense, with individuals showing varied expressions. The person behind him with a bald head seems to be intently following the man speaking, while another individual in a red T-shirt, holding a sign, appears engaged and possibly supportive. Although there are signs of enthusiasm and attention from those around, the overall mood seems neutral due to the combination of facial expressions and body language—neither overwhelmingly positive nor visibly distressed.The atmosphere reflects a typical political rally where individuals are attentive and possibly invested in the speaker's message, contributing to a neutral sentiment that indicates a significant engagement without extreme emotional highs or lows. The presence of the crowd and the man's gestures imply a sense of purpose and attentiveness, capturing a moment of collective focus and civic involvement.	Donald Trump
1166	1	O_3275.jpg	The central figure in this image is a man wearing a dark suit and a red "MAKE AMERICA GREAT AGAIN" cap, talking on a cell phone amidst a crowded gathering of people. The background shows a sea of individuals, many of whom are wearing hats and holding signs, contributing to the sense of a political rally or public event. The crowd appears engaged, with some individuals smiling or looking in different directions.The lighting in the image is neutral, suggesting an indoor or shaded location with even illumination across the subjects. The colors are relatively subdued, with the red cap and some red shirts standing out against the mostly dark and neutral attire of the crowd.The overall scene context suggests a political event, likely a campaign rally or speech, where the central figure might be a speaker or significant participant, interacting with the audience while maintaining some level of prominence. The presence of signs and the focused attention of the crowd indicate an environment of political engagement and public discourse.	Donald Trump
1166	1	O_3275.jpg	In the image, a man wearing a red "Make America Great Again" hat is speaking into a microphone, his hand over his ear, likely using an in-ear monitor. He is dressed in a formal dark suit, white shirt, and appears to be engaged with a crowd. The crowd around him is dense, with many people holding signs and papers. Some individuals in the background are clapping or smiling, while others are paying close attention to the man speaking. A man in the foreground to the left is looking intently at the speaker. The overall atmosphere seems to be one of attentive engagement, with the speaker at the center capturing the attention of the audience. There are people wearing various shirts, including one with text that reads "Trump '16," suggesting a political rally or event.	Donald Trump
1166	1	O_3275.jpg	The image depicts a crowded scene with a man at the center wearing a red cap and a dark suit. The cap reads "MAKE AMERICA GREAT AGAIN." The background is busy with many people, some holding signs and banners, though the specific text on them is partially obscured. The lighting appears to be natural or well-lit indoor lighting, creating clear visibility of the subjects. The composition focuses on the central figure, who is gesturing with one hand near his face and holding a newspaper in the other. Spatial relationships show a dense grouping of individuals, suggesting a rally or public gathering. The crowd includes men of varying ages, with one bald man to the left dressed in a suit. Notable details include the expressions and postures of the people, indicating engagement and interaction within the event. The logo "Reuters" is visible in the bottom right corner, indicating the source of the image.	Donald Trump
1166	1	O_3275.jpg	The image captures a busy political rally or public event. At the center, an older man in a dark suit and a red baseball cap with "MAKE AMERICA GREAT AGAIN" written on it is speaking into a microphone, giving a speech. He appears engaged and focused on his audience, gesturing with his hand while talking. Surrounding him are various people, some of whom are holding up signs, though the specific content on them is not entirely clear from the image. The crowd is dense, and attendees are dressed in casual attire, with some wearing red clothing, possibly indicating support for the speaker. The scene suggests a charged political atmosphere, with the crowd’s attention directed toward the speaker, indicating active participation and interest.	Donald Trump
1166	1	O_3275.jpg	The image captures a moment during a crowded event where a man in a dark suit and a red baseball cap with a political slogan speaks into a microphone. His expression and posture indicate he is addressing the audience, surrounded by a sea of people holding signs and banners. In the background, several individuals are captured in mid-conversation or motion, adding to the dynamic atmosphere. The scene conveys a sense of engagement and activity typical of rallies or public gatherings, with varied expressions and interactions illustrating the diverse crowd present.	Donald Trump
1403	1	O_5068.jpg	The image shows two basketball players in an indoor basketball court setting. The player on the left is wearing a black, red, and white Chicago Bulls jersey with the number 23, making a gesture with two fingers indicating the number two. His expression is focused and serious, and he appears to be looking directly at the camera or an opponent. The crowd in the background is blurred but suggests a lively atmosphere with many spectators.The player on the right is wearing a white, orange, and blue Orlando Magic jersey with the number 35. He is clapping his hands, possibly in preparation for a play or to motivate teammates. His expression is one of concentration, and the audience in the background is slightly more visible, with some spectators in blue attire and a basketball hoop visible overhead.The overall setting suggests a professional basketball game environment with vibrant colors and energetic mood, but the image itself does not convey strong emotions or sentiment.	MJ
1403	1	O_5068.jpg	This image features two basketball players on an indoor court. The player on the left is wearing a black and red “Bulls 23” jersey and is making a gesture with his right hand raised to chest level. The player on the right is dressed in a white and orange “Thunders 35” jersey, with his hands clasped in front of him, surrounded by a crowd of spectators.	MJ
1403	1	O_5068.jpg	The image features two basketball players, each captured in different settings yet sharing a neutral sentiment through their expressions and body language. On the left, the player is dressed in a black and red Chicago Bulls jersey with the number 23. He is making a gesture with his right hand, pointing upwards, which appears assertive or focused. The background is slightly blurred, indicating movement, and filled with a crowd of spectators, contributing to the intense, competitive atmosphere of a high-stakes game.On the right, another player is seen wearing a white Minnesota Timberwolves jersey with the number 35. He has his hands clasped together in front of him, which gives off a contemplative or focused demeanor. The background again shows a crowded arena, with the presence of a basketball hoop and part of another person, suggesting the action-packed, lively environment of a sports event.Both players are calm and collected, displaying an air of determination and concentration typical of professional athletes during a game. The muted expressions and composed stances, combined with the bustling yet neutral-toned crowd in the background, contribute to the overall neutral sentiment of the image, emphasizing a moment of quiet intensity amidst a larger, dynamic scene.	MJ
1403	1	O_5068.jpg	The image features two basketball players positioned side by side with their respective team logos and numbers prominently displayed on their jerseys. The player on the left is in a black jersey with red and white trim, indicating the Chicago Bulls, and is wearing the number 23. He is shown in a dynamic pose, pointing upwards with his right index finger, against a background filled with spectators in an indoor arena setting. The lighting on this side highlights the player's muscular build and facial expression, which conveys focus and determination.The player on the right is clad in a white jersey with blue and orange trim, representing the Orlando Magic, and is wearing the number 35. He appears to be in a moment of contemplation, with his hands clasped together in front of him. The background here shows a similarly packed arena with a hint of the basketball hoop in the upper right corner. The lighting accentuates his facial features and body, casting a sense of intensity and concentration.Overall, the scene captures a moment of calm and reflection during a basketball game, with both players seemingly immersed in their respective roles and the atmosphere of competition. The neutral positioning and gestures between the players suggest a shared space on the court without direct interaction.	MJ
1403	1	O_5068.jpg	The image shows two men, each wearing basketball jerseys. The man on the left is pointing with his middle finger up, wearing a black Chicago Bulls jersey with the number 23. The man on the right has his hands clasped together, wearing a white Orlando Magic jersey with the number 35. Both appear to be on a basketball court, with spectators visible in the background. The background also includes part of a basketball hoop on the right side of the image.	MJ
1403	1	O_5068.jpg	The image is a split composition featuring two basketball players. On the left, a player is wearing a black jersey with red and white accents, displaying the word "BULLS" along with the number "23." This player is gesturing with their right hand, holding up two fingers. The background shows an out-of-focus audience in an indoor arena with dim lighting, emphasizing the subject in the foreground.On the right, another player is depicted in a white jersey with blue and orange accents, featuring the word "THUNDER" and the number "35." This player is clapping their hands, and the backdrop reveals a more brightly lit arena with visible spectators. A basketball hoop and a portion of a blue advertisement board are noticeable, contributing to the sports setting.Both images share a similar composition, with the players centrally positioned and the background details serving to enhance the context of a basketball game. The colors are vibrant, with the contrasting team jerseys standing out against the varied tones of the crowd and arena lighting.	MJ
1403	1	O_5068.jpg	The image is split into two sections, each depicting a basketball player in action. On the left side, a player wearing a black jersey with the number 23 and the word "BULLS" is standing with his fingers forming the number two, a well-known gesture associated with basketball culture. This player's jersey is primarily black with red and white accents, and the background shows a crowded arena with spectators.On the right side, another player is shown wearing a white jersey with the number 35 and the word "THUNDER" across the chest, along with blue and orange accents. This player has his hands together in a clapping position, and the background includes a crowd and a basketball court setting. This scene also captures a moment from a basketball game, focusing on the players' expressions and actions on the court.	MJ
1403	1	O_5068.jpg	The image features two basketball players in action poses, each representing different teams. The player on the left is wearing a black jersey with red accents, emblazoned with the word "BULLS" and the number 23. He is capturing a moment with a focused expression, pointing upwards with his index finger. The player on the right is dressed in a white jersey with blue and orange trim, marked with the number 35. He stands with his hands together, conveying a sense of calm and determination. The background of the left image shows a crowd of spectators, while the right image captures an arena setting filled with a supportive audience and a visible banner with partially visible text. Both players are bathed in the light and energy typical of a live basketball game, highlighting their athletic presence and the intensity of the moment.	MJ
1671	1	O_4761.jpg	In the image, a woman stands on a red carpet with geometric patterns in shades of beige and red behind her. She is wearing a striking maroon outfit consisting of a strapless crop top and matching wide-legged trousers. The outfit features a belt at the waist, accentuating her figure. She has accessorized with a metallic choker-style necklace and a headband that complements her large, natural afro hairstyle. The setting suggests a formal event, as evidenced by the group of photographers and onlookers in formal attire surrounding the area. The photographers are capturing the moment, while other attendees are interacting or watching the scene. The atmosphere is lively and filled with anticipation typical of a high-profile event, with elegant drapery in the background adding a sense of grandeur.	MetGala
1671	1	O_4761.jpg	A person is standing on a red carpet at a formal event, wearing a burgundy strapless crop top and matching wide-legged pants, accessorized with a choker and a headband. The background is filled with photographers and other attendees capturing the moment, emphasizing the high-profile nature of the occasion.	MetGala
1671	1	O_4761.jpg	The image conveys a neutral sentiment, primarily due to the calm and poised demeanor of the woman standing on the red carpet. The setting appears to be a formal event, given the presence of photographers and elegantly dressed attendees in the background. The woman's expression is composed and self-assured as she adjusts her accessory, exuding an air of confidence without displaying overt emotions. The atmosphere is orderly and sophisticated, with the step-and-repeat banner and the neatly arranged event staff contributing to a sense of professionalism. The muted tones of the setting, including the elegant carpet and the well-dressed crowd, enhance the neutral mood, providing a balanced and dignified ambiance. The overall impression is one of poised elegance, characteristic of high-profile events where the focus is on grace and composure.	MetGala
1671	1	O_4761.jpg	The main subject of the image is a person standing on a red carpet, dressed in a striking red strapless top and matching trousers with a belt. The individual is adorned with a black headband and choker, and their hand is placed near their neck. The person's large, curly afro hairstyle stands out prominently. Surrounding them are other individuals, including photographers with cameras and attendees dressed in formal attire, suggesting a high-profile event, likely a movie premiere or awards ceremony.The visual elements in the image include a well-lit setting with bright lighting that enhances the vividness of the red carpet and the deep red hue of the subject's outfit. The background features a green hedge along the sides of the carpet and white drapery, adding a sense of elegance and formality to the scene. The carpet itself has a geometric pattern with alternating red and beige sections, creating a visually interesting pathway for the attendees.The overall scene context is one of glamour and excitement, with the presence of photographers indicating that this is a moment being documented for media purposes. The combination of the formal attire, red carpet, and photographers suggests that this is a significant event in the entertainment industry, likely attended by celebrities and other notable figures.	MetGala
1671	1	O_4761.jpg	The image depicts a red carpet event with a woman standing on a multicolored staircase. She is dressed in a striking red strapless jumpsuit with a fitted waist, complemented by a red cape draped over one shoulder. Her voluminous hair is styled in an afro, and she accessorizes with a choker necklace and what appears to be a bracelet or another piece of jewelry on her wrist. She is posing confidently for photographers who are gathered behind a hedge barrier, capturing the moment with their cameras. Several other attendees are visible in the background, dressed in formal attire, contributing to the glamorous atmosphere of the event.	MetGala
1671	1	O_4761.jpg	The image shows a well-dressed individual on a red carpet, surrounded by photographers and other attendees. The person is wearing a striking burgundy outfit consisting of a strapless top and high-waisted wide-leg pants. A matching burgundy cape drapes over their shoulders. The outfit is complemented by a choker necklace and a headband. The lighting in the image appears to be bright, likely from professional photography equipment, casting a clear and vivid look on the subject and surroundings. The background includes a crowd of photographers with cameras, capturing the moment. The red carpet steps feature a geometric pattern, with a combination of red and beige carpeting adding to the formal and glamorous setting. The overall composition centers on the individual, highlighting their attire and presence amidst the bustling environment.	MetGala
1671	1	O_4761.jpg	The image shows a person standing on a red carpet at a formal event, likely a film festival or awards ceremony. The person is wearing a striking burgundy outfit consisting of a strapless top and high-waisted, wide-legged pants, with a matching belt cinching at the waist. They have a large, voluminous hairstyle that adds to the dramatic look. In the background, there are several photographers and onlookers capturing the moment, indicating the significance of the event. The red carpet has diagonal patterns, and the setting appears to be indoors, with a draped backdrop adding to the formal atmosphere. There is a mix of other attendees around, some of whom are dressed in elegant attire, further emphasizing the high-profile nature of the gathering.	MetGala
1671	1	O_4761.jpg	The scene captures a vibrant red carpet event, bustling with activity and photographers eager to capture moments. Amidst the event, a person stands confidently, dressed in a striking deep red strapless top paired with matching tapered trousers, the look completed with a bold choker necklace. Their hair is styled into a textured afro, adding a unique flair to their appearance. The background is lively, filled with a crowd and flashes of cameras, highlighting the dynamic atmosphere of the upscale gathering. The staircase, adorned with a mix of red and beige carpeting, serves as a pathway for attendees, creating a sense of movement and excitement in the scene.	MetGala
1739	1	O_2025.jpg	The image features a black t-shirt with a graphic print on the front showcasing three portraits of men with headwear. Each portrait is framed, and beneath them are their names written in red text with a distressed font style. The names are "CHRIS BROWN," "TREY SONGZ," and "TYDOW THUGH." The t-shirt is displayed against a wallpapered background with a subtle pattern, giving off a casual and relaxed vibe. The overall atmosphere is informal and stylish, focusing on the graphic design rather than the background.	Trey Songz
1739	1	O_2025.jpg	This image shows a black t-shirt featuring three printed portraits of rappers Chris Brown, Trey Songz, and Young Jeezy. The artists' names are displayed below each portrait in red text, adding a vibrant contrast to the design.	Trey Songz
1739	1	O_2025.jpg	The image features a black T-shirt with three distinct portraits of different artists, each framed in a stylized manner with their names written underneath in a bold, red font. The portraits are arranged horizontally, with each artist presented with a serious and contemplative expression, contributing to a straightforward and respectful atmosphere. The background is neutral and nondescript, which directs the focus solely on the T-shirt design. The overall mood is subdued and minimalist, evoking a sense of admiration and appreciation for the artists portrayed. The combination of the serious expressions and the clean, simple design underscores a neutral sentiment, highlighting the artists without evoking strong emotions or distractions.	Trey Songz
1739	1	O_2025.jpg	This image shows a black T-shirt with colorful graphics featuring portrait images of three well-known artists, Chris Brown, Trey Songz, and T.I., each framed separately and aligned horizontally across the chest area. The images are stylized with vibrant outlines and backgrounds, and their names are written in bold red text beneath each portrait. The T-shirt is displayed on a mannequin torso, with the neckline and collar of a light blue garment visible at the top in the background. The lighting is even and bright, enhancing the visibility of the details on the T-shirt. The overall scene gives a sense of casual and urban fashion, emphasizing the artists' presence through graphic design.	Trey Songz
1739	1	O_2025.jpg	The image shows a black T-shirt with a graphic design featuring portraits of three individuals. The portraits are arranged side by side. The person on the left has text below them that reads "CHRIS BROWN." The person in the middle has the text "TREY SONGZ" below their image. The person on the right has the text "YUNGBLVD T3G4H" underneath their portrait. The T-shirt is displayed against a patterned background, and the graphic style gives it a bold and artistic look.	Trey Songz
1739	1	O_2025.jpg	The image depicts a black t-shirt with a graphic design that prominently features portraits of three individuals. Each portrait is set against a white background within its frame, enhancing the contrast and making the images and text stand out. The t-shirts’ fabric is smooth, and the lighting is even, likely studio lighting, providing a clear view of the design without casting any distracting shadows.In terms of composition, the portraits are arranged side by side horizontally. Each portrait is framed within a rectangular border, and the names "Chris Brown," "Traviss," and "T-Gh" are displayed below the respective images in a bold, red font. The spatial relationship between the elements is balanced, ensuring each portrait and name are equally visible and contributing to a coherent design.Notable details include the distinct hairstyles and facial features of each individual, the use of red text for the names, and the plain black background of the t-shirt, which contrasts with the white and red elements of the design, making it visually striking. The overall aesthetic is clean and modern, with a focus on the subjects depicted.	Trey Songz
1739	1	O_2025.jpg	The image shows a black T-shirt featuring four framed portrait photos of well-known musicians. Each photo has a name associated with it in red text: "Chris Brown" is labeled under the first portrait on the left, "Trey Songz" under the second portrait in the center, and "Tyga" under the third portrait on the right. The portraits are printed with a pop-art style edge, similar to silkscreen graphics. The T-shirt is displayed on a hanger against a subtle, patterned background, giving it a casual yet vibrant appearance. The design is visually striking, emphasizing the artists with their names prominently displayed below their images.	Trey Songz
1739	1	O_2025.jpg	The image portrays a black T-shirt that is eye-catching with its unique trio print design. Dominating the front are three rectangular portraits with a vintage vibe, each showcasing a different individual. Accompanying each portrait is bold, red text revealing their names. The juxtaposition of portraits with stylized text creates a striking visual contrast against the dark background fabric. The image subtly hints at a sense of nostalgia and respect, with each person seemingly immortalized in the timeless fashion of yesteryears.	Trey Songz
2523	1	O_3498.jpg	In the image, two young individuals are standing side by side, each holding a bowling ball. The person on the left has short, dark hair and is wearing a plain white shirt. They are holding an orange bowling ball in their hands. The person on the right has slightly longer, blonde hair and is wearing a patterned shirt with a blue geometric design. They are holding a dark blue bowling ball with their hands. Both individuals are smiling and looking directly at the camera, which conveys a friendly and cheerful atmosphere. The background is somewhat blurred, but it appears to be an indoor setting, possibly a bowling alley, as indicated by the presence of other indistinct people and a dimly lit environment. The overall mood of the image is casual and lighthearted.	Tobey Maguire
2523	1	O_3498.jpg	Two individuals are holding bowling balls—one orange and one blue—while smiling at the camera. The person on the left has short dark hair and wears a white shirt, while the person on the right has lighter hair and wears a patterned blue shirt. They appear to be posing for a casual photo, likely at a bowling alley or a related event.	Tobey Maguire
2523	1	O_3498.jpg	The image features two young individuals standing side by side, each holding a bowling ball with both hands. The person on the left is holding an orange bowling ball, while the person on the right holds a blue bowling ball. They are both looking directly at the camera with neutral expressions on their faces, neither smiling nor frowning, which creates an overall neutral sentiment in the image.Their body language is relaxed, with arms slightly extended forward, and they appear to be in a casual, informal setting, possibly at a bowling alley. The background is dimly lit, with other people visible but out of focus, adding a sense of depth and normalcy to the scene. The lighting on the individuals is soft, highlighting their faces without creating harsh shadows, which contributes to a calm and serene atmosphere.The choice of clothing is casual; one person is wearing a plain white t-shirt, and the other is in a colorful patterned shirt, which adds a touch of personality without introducing strong emotional tones. The overall mood of the image is subdued, capturing a moment of everyday life without strong emotional highs or lows.This neutral sentiment is reinforced by the lack of exaggerated facial expressions or body language that typically convey strong emotions like happiness, sadness, or excitement. Instead, the scene feels ordinary and relaxed, portraying a slice of regular life with an understated and tranquil vibe.	Tobey Maguire
2523	1	O_3498.jpg	The image features two young individuals standing next to each other, each holding a bowling ball. The person on the left is holding an orange bowling ball and wearing a white shirt, while the person on the right, dressed in a vibrant, patterned blue shirt, holds a blue bowling ball. They are both looking directly at the camera with slight smiles. The lighting appears to be soft and evenly lit, suggesting an indoor setting, possibly a bowling alley, given the context of their attire and the balls they are holding. The colors in the image are warm and balanced, with the orange and blue bowling balls standing out prominently against their clothing and the neutral background. The overall scene conveys a casual and friendly atmosphere, likely capturing a moment during a social or recreational activity. The neutral expressions and relaxed postures of the individuals suggest they are comfortable and enjoying the moment.	Tobey Maguire
2523	1	O_3498.jpg	The image shows two young men standing side by side, each holding a large bowling ball. The person on the left has short dark hair and is wearing a white shirt while holding an orange bowling ball. The person on the right has short blonde hair and is wearing a blue patterned shirt while holding a dark blue bowling ball. They both appear to be smiling and looking towards the camera, suggesting they are posing for the photo. The dimly lit background hints that they might be at a bowling alley or a similar indoor setting. There is also a small text at the bottom left that reads "Photo by Martha Noble/Globe."	Tobey Maguire
2523	1	O_3498.jpg	The image features two young boys holding bowling balls in what appears to be a bowling alley. The boy on the left has dark hair and is wearing a plain white t-shirt, holding an orange bowling ball. The boy on the right has lighter hair and is dressed in a blue and green patterned shirt, holding a dark blue bowling ball. Both boys are smiling and looking directly at the camera.The lighting in the image is bright, casting a slight glow on their faces and highlighting their expressions. The background is somewhat blurred, with indistinct figures and possibly bowling lanes visible, which directs the focus on the two boys. The composition centers on the boys and the bowling balls they are holding, with the balls taking a prominent position in the foreground.Notable details include the glossy texture of the bowling balls, which reflect some light, and the patterned design on the boy's shirt, adding visual interest. The image as a whole conveys a friendly and casual atmosphere.	Tobey Maguire
2523	1	O_3498.jpg	The image shows two young boys standing side by side, each holding a bowling ball. The boy on the left is holding an orange bowling ball, with his other hand resting by his side. He is dressed in a plain white or light-colored t-shirt and has short, brown hair. The boy on the right is holding a dark blue bowling ball, with his other hand by his side as well. He is wearing a colorful, patterned shirt with shades of blue and has short, light-colored hair. Both boys appear to be smiling and looking towards the camera. The background is slightly blurred, suggesting an indoor setting with some people and activity, likely at a bowling alley. The photo is credited to Martha Noble by Globe, indicating it might have been taken during a public event or gathering.	Tobey Maguire
2523	1	O_3498.jpg	In a dimly lit room, two boys stand side by side, each clutching a bowling ball. The boy on the left holds an orange ball, his expression calm and composed, with short brown hair and wearing a plain white shirt. Beside him, the boy on the right, sporting blonde hair and a patterned blue shirt, smiles gently while holding a dark blue ball. The distinct patterns on their shirts and the slight smile on their faces add subtle character to the scene, contrasting the neutral background. The faint presence of other people in the backdrop suggests a social or recreational setting, enhancing the casual and friendly atmosphere captured in this moment.	Tobey Maguire
2668	1	16_05_02_753.jpg	The image depicts two football players in action on a soccer field. The player in the foreground is wearing a blue football kit with a logo on the jersey that reads "KING POWER" in white text. They have a light trim, blue shorts, and socks with matching blue and yellow colors. His sleeves are long, and he appears to be celebrating or signaling as he raises his right fist. The background player, slightly out of focus, also wears a blue kit with matching colors, which includes blue shorts, socks, and shoes. He has his head turned to the side, looking in the direction of the first player. The background reveals a blurred crowd of spectators in a stadium setting, indicating the match is taking place in front of an audience. The atmosphere is bright, likely due to daytime lighting, and the grass on the field appears well-maintained.	West Ham
2668	1	16_05_02_753.jpg	A soccer player in a blue uniform with the text "King Power" is running on the field, appearing focused and determined. The player is accompanied by another teammate in the background, and the stadium is filled with spectators.	West Ham
2668	1	16_05_02_753.jpg	The image shows two soccer players in action on the field, both wearing blue jerseys with the team emblem and sponsorship logo visible. The player in the foreground is running forward with determination, his arms positioned naturally as he moves. His expression is focused but does not convey an overt emotion of happiness or tension. The background player appears to be following suit, running along with the primary player. The stadium is filled with spectators, though they are blurred and not the main focus of the image. The lighting suggests it is either early morning or late afternoon, casting a clear, bright ambiance over the scene. The overall mood is one of intense concentration and routine athletic engagement, reflecting a neutral sentiment without strong emotional impact.	West Ham
2668	1	16_05_02_753.jpg	The image features two soccer players in motion on a field, both dressed in blue uniforms with yellow accents. The main subject in the foreground is a player with a beard, gesturing with his right hand while looking straight ahead. He is wearing a long-sleeved kit with the "King Power" logo prominently displayed across the chest, along with the team crest on the left side. The player's number is not visible. In the background, another player can be seen slightly out of focus, also in a similar blue uniform, wearing the number 17. The scene takes place in a stadium with crowds visible in the stands, creating a sense of atmosphere. The lighting is bright, suggesting an outdoor daytime setting, and highlights the vivid blue of the players' uniforms against the green of the field. The overall ambiance is that of an active soccer match with a lively crowd around.	West Ham
2668	1	16_05_02_753.jpg	In the image, a soccer player is prominently featured on the field running and celebrating. He is wearing a blue jersey with long sleeves, shorts, and socks, and the jersey has the logo and text "KING POWER" on the front. The jersey also has a manufacturer's logo on the chest and a club crest on the left side of his chest. The player is making a fist with his right hand, possibly indicating a moment of triumph or motivation. In the background, another player in a similar blue jersey can be seen, though he is out of focus. The stadium in the background is filled with spectators, suggesting that this is during a match or a significant event. The atmosphere appears lively and energetic.	West Ham
2668	1	16_05_02_753.jpg	The image shows two soccer players in blue uniforms with short sleeves and yellow accents on a football pitch. The player in the foreground has dark hair and a beard, with the jersey displaying a prominent logo and sponsors. The lighting appears bright and natural, indicating an outdoor setting, likely under clear daylight. The background is slightly blurred with a crowd of spectators creating a bokeh effect. The player in the foreground is in dynamic motion, with one arm bent and the other extended, suggesting active participation in the game. The second player is further in the background, also in motion, enhancing the sense of an ongoing match. The composition centers on the action and movement, capturing a moment of energy on the field.	West Ham
2668	1	16_05_02_753.jpg	The image depicts a professional soccer match featuring two players in blue jerseys. The player in the foreground is wearing a bright blue uniform with yellow accents on the sides and a logo that reads "King Power" across the chest. The kit also features a Puma logo on the right chest area and a club crest on the left. The player has short, dark hair, with a slight beard, and appears to be actively engaged in the game, with a focused expression on his face and a clenched fist, suggesting determination or celebration.In the background, another player is visible, also dressed in a similar blue uniform, though his number is less distinguishable. The atmosphere in the stadium is vibrant, with spectators filling the stands and creating a colorful backdrop. The lighting suggests it's a daytime match, possibly in a well-lit stadium. The players appear to be on a well-maintained grass field, indicating a high level of professionalism in the game setting.	West Ham
2668	1	16_05_02_753.jpg	The image captures a dynamic moment on the field, with a player in a vibrant blue uniform marked by the words "King Power" across the front. The athlete is captured mid-stride, his body leaning forward with a focused expression, embodying the intensity of the game. The sleeves are long and the kit is accented with subtle yellow highlights, blending both functionality and style. Another player can be seen slightly out of focus in the background, adding depth and context to the scene. The bright sunlight accentuates the vivid colors and the lush green of the pitch, creating a lively and energetic atmosphere. The crowd in the stands is a blur, their presence adding to the excitement and ambiance of the match.	West Ham
2872	1	O_1468.jpg	In the image, a person is standing against a backdrop featuring several logos and text, including "Bold Films," "Harry Winston," "AmfAR," "De Beers," and "Ray-Ban." The individual is wearing an elegant, form-fitting gown that is predominantly red with intricate embellishments. The gown is sleeveless with puffed sections adorned with large red floral appliqués extending from the shoulders down to the floor. The person has a confident posture with hands placed on the waist, emphasizing the silhouette of the dress. The atmosphere suggests a formal event, possibly related to the charities or organizations represented by the logos in the background, such as AmfAR, known for its efforts in AIDS research. The setting is well-lit, highlighting the sophistication and luxury of the attire and the event.	amfAR
2872	1	O_1468.jpg	A person is posing in an elegant red gown adorned with floral details at the bottom and on the sleeves. The backdrop features logos and text related to amfAR and Harry Winston, indicating an event focused on AIDS awareness.	amfAR
2872	1	O_1468.jpg	The image portrays a woman standing on a gray floor in front of a backdrop adorned with various logos. She is dressed in an elaborate, floor-length gown that is primarily red and embellished with detailed floral designs. Her hair is sleekly pulled back, and her facial expression is composed and composed, with a neutral demeanor. The setting looks formal, with a clean, sophisticated atmosphere. The logos and text in the background indicate that she is at an event related to the fashion or entertainment industry. The overall mood appears poised and elegant, with a sense of calm and professionalism conveyed through her poised stance and neutral expressions.	amfAR
2872	1	O_1468.jpg	The main subject of the image is a woman standing prominently in a well-lit environment. She is wearing a striking red dress adorned with floral decorations that cascade down from the puffed, rose-covered sleeves to the floor, creating a dramatic and eye-catching silhouette. Her hands rest on her hips, adding to the confidence and poise she exudes. Behind her is a backdrop featuring logos and text from various sponsors, such as "amfAR," "Bold Films," "Harry Winston," and "Deere & Company," indicating that this is likely an event related to amfAR, an organization known for its fundraising efforts against AIDS. The lighting is bright, highlighting the vivid reds of the dress and the floral elements, while the background is kept simple and neutral, ensuring that the focus remains on the woman and her attire. The overall scene suggests a formal and glamorous occasion, possibly a gala or charity event.	amfAR
2872	1	O_1468.jpg	The image features a woman posing elegantly against a backdrop with multiple logos and text. She is wearing a striking long gown in a reddish hue, decorated with an abundance of red roses covering the sleeves, upper part of the dress, and extending to the bottom in a voluminous arrangement. The dress fits closely to her upper body and then flares out downwards due to the rose embellishments. Her hands are placed on her waist, and she has a confident expression with her head tilted slightly forward. The background includes the words "BOLD FILMS," "HARRY WINSTON," and "amfAR MAKING AIDS HISTORY" among other logos, indicating a possible fundraising event or gala associated with amfAR, which focuses on AIDS research.	amfAR
2872	1	O_1468.jpg	The image features a woman standing against a backdrop covered with various logos. She is wearing an elegant red gown that is adorned with large floral arrangements made of red fabric or flowers on the sleeves and extending down the bodice and the floor-length train. The gown's bodice is fitted and embellished with sparkly details. Her pose is confident, with hands on her hips and a neutral facial expression. The lighting is bright and even, highlighting her face and the intricate details of her dress. The background is white with logos such as "BOLD Films," "Harry Winston," "amfAR," and "LVMH" displayed evenly across it. The woman is centrally positioned, dominating the composition with her striking attire and posture, and the logos create a balanced frame around her.	amfAR
2872	1	O_1468.jpg	In the image, a person is posing on a red carpet at an event, standing in front of a backdrop adorned with multiple logos and text. They are wearing an elegant, floor-length, red dress with intricate detailing and embellishments, including floral elements that adorn the sleeves and skirt. The dress has an off-the-shoulder design, adding to its sophisticated appearance. The individual's hair is styled in a sleek, straight manner, and they are wearing subtle makeup with a bold lip color. The backdrop includes the words "amfAR" and "Harry Winston," indicating that the event is related to amfAR, an organization known for fundraising efforts against AIDS. Other logos and names such as "Bold Films," "Dietrich overlap," and "Renault" are also visible. The image suggests a formal and glamorous occasion, possibly a gala or charity event. The watermark "Getty Images/Ian Gavan" is located at the bottom right of the image, crediting the source of the photograph.	amfAR
2872	1	O_1468.jpg	The backdrop features several logos, including "Bold Films," "Harry Winston," and "AmfAR," indicating a high-profile event related to AIDS awareness and support. The individual stands confidently with a poised hand on the hip, showcasing a luxurious gown adorned with red floral embellishments. The long sleeves and train of the dress cascade with intricate ruffles, enhancing its elegant silhouette. The setting suggests an atmosphere of sophistication and philanthropy, blending fashion with a meaningful cause.	amfAR
3156	1	17_06_14580.jpg	The image shows a soccer goalkeeper in action, wearing a green jersey with red and white accents, which are the colors associated with the Italian national team. The goalkeeper has a focused expression and is shouting, with his mouth open in what appears to be an intense moment during the game. He is raising his right hand, and his glove is orange with white fingers, indicating his role as a goalkeeper. The background is blurred, suggesting the photo captures a moment in a stadium with an audience. The lighting is bright, emphasizing the player and creating a high-energy atmosphere.	Gianluigi Buffon
3156	1	17_06_14580.jpg	A soccer goalkeeper wearing a green jersey with the Italian flag colors and goalkeeping gloves is visibly shouting or expressing excitement. He appears to be on a soccer field, with a blurred background of the crowd and stadium lights indicating a lively match environment.	Gianluigi Buffon
3156	1	17_06_14580.jpg	In the image, a soccer goalkeeper is captured mid-action, clad in a green jersey with red accents and gloves. The goalkeeper's expression conveys a sense of urgency and concentration, with his mouth open wide, possibly shouting or communicating with teammates. His gaze is directed upward, indicating he is either tracking the ball or coordinating his defense against an imminent play.The background is blurred, but it appears to be a crowded stadium, suggesting the high energy and tension typical of a competitive match. The lighting is bright, highlighting the intensity of the moment, while the blurred audience adds a sense of depth and motion to the scene.Despite the lack of a clear emotional expression that hints at triumph or despair, the atmosphere of the image is charged with focus and determination. The goalkeeper's posture and expression suggest he is deeply engaged in the game, underlining the neutral sentiment of intense concentration and professional dedication.	Gianluigi Buffon
3156	1	17_06_14580.jpg	The main subject in the image is a soccer goalkeeper who is wearing a green jersey with an orange design around the neck and sleeves, along with matching gloves. He is prominently positioned in the center, with his mouth open and one arm raised, making it clear that he's either celebrating or reacting vocally during a match. The jersey features the logo of the Italian national team and Adidas.The visual elements include vibrant green and orange colors, which are highlighted by the lighting against a darker, blurred background. The lighting appears focused on the subject, drawing attention to his facial expression and raised arm. The blurred background, likely a stadium filled with spectators, creates a sense of depth and context for the image.The overall scene is set in a sports context, specifically a soccer game, given the attire and action of the subject. The energetic expression and gesture suggest a moment of high emotion, typical of a significant event during a match.	Gianluigi Buffon
3156	1	17_06_14580.jpg	The image shows a soccer goalkeeper who appears to be in a moment of intense emotion. He is wearing a green jersey with orange trim and gloves. His mouth is open wide as if he is shouting or yelling, which suggests he might be reacting to a significant event in the game, possibly save or a goal being scored. His right arm is raised, and he seems to be looking upwards, intensifying the emotional intensity of the scene. The background is blurred, with indistinct figures that suggest he is on a soccer field, likely during a match or tournament, indicating the excitement and high stakes of the moment.	Gianluigi Buffon
3156	1	17_06_14580.jpg	The image shows a soccer goalkeeper dressed in a green jersey with orange detailing and white gloves, raising one arm and yelling with an open mouth, suggesting a moment of intense emotion during a game. The lighting is strong, focused on the player, illuminating his face and upper body against a darker, blurred background. The composition centers the goalkeeper, making him the focal point against the indistinct audience behind him. Notable details include the Italian flag emblem on the jersey, the player's focused expression, and his mouth wide open in what appears to be a shout or call. The spatial relationship emphasizes the player's isolation from the crowd, highlighting his solitary reaction within the scene.	Gianluigi Buffon
3156	1	17_06_14580.jpg	In the image, there is a soccer goalkeeper in action during a match. He is wearing a green jersey with red stripes along the sides and the word "Inter" on the front, which suggests he might be playing for the Inter Milan team. The jersey also features the Italian flag, indicating he is part of the Italian national team. His uniform includes an Adidas logo, and he is wearing gloves. He appears to be shouting or blowing a whistle, with his mouth open wide and one hand raised above his head, signaling or communicating with teammates or reacting to the game situation. The background is blurred, with an audience visible, adding to the atmosphere of a lively match. The intense expression on his face highlights the excitement and competitive spirit of the game.	Gianluigi Buffon
3156	1	17_06_14580.jpg	In the midst of intense action, the image captures a moment of emotional release. The central figure, clad in a vivid green jersey, stands out as the focal point against a blurred backdrop filled with muted tones. Clutching the sleeve of a matching goalkeeper's gloves, his mouth is wide open, suggesting a powerful vocal expression, perhaps in celebration or appeal. His eyes are wide, conveying a mix of determination and fervor, while his posture and gesture hint at the dynamic energy surrounding the scene. The green of the jersey and the splash of orange on the gloves add vibrant splashes of color, drawing attention to the details and the lively atmosphere of the event. The overall composition emphasizes the passion and intensity inherent in the moment, offering an intriguing glimpse into the athlete's world.	Gianluigi Buffon
3301	1	17_06_5945.jpg	The image showcases a vintage football shirt displayed on a mannequin. The shirt is primarily yellow with a black collar and black cuffs at the end of the sleeves. The sleeves also have white panels from the underarms to the ends, complementing the overall bright yellow color. Prominently featured on the chest is the logo "s.Oliver" in large black letters. Above it, on the left side, is a circular emblem with "BVB 09" in the center, representing Borussia Dortmund, a German football club. The shirt sits on a white mannequin against a plain white background, creating a clean and focused presentation. The website "Vintagefootballshirts.com" is visible in the lower-left corner of the image. The overall atmosphere of the image is simple and focused on the garment, with no additional objects or distractions.	BVB
3301	1	17_06_5945.jpg	The image shows a vintage football jersey displayed on a mannequin. The jersey is predominantly yellow with black and white accents, featuring the name "s.Oliver" and the Borussia Dortmund logo. It has a V-neck collar and long sleeves with black trimming.	BVB
3301	1	17_06_5945.jpg	The image showcases a vintage football jersey displayed on a mannequin, which exudes neutral sentiment through its straightforward presentation and clean design. The jersey, predominantly yellow with black trim, features the name "s.Oliver" and a sponsorship badge, contributing to a classic and timeless feel. The plain background and lack of additional context or embellishments focus attention solely on the garment, enhancing the sense of simplicity and objectivity. The overall atmosphere is calm and unembellished, creating a mood of stillness and quiet reflection, inviting appreciation for the design without evoking strong emotions.	BVB
3301	1	17_06_5945.jpg	The main subject of the image is a bright yellow football jersey displayed on a mannequin against a neutral white background. The jersey features a prominent black Nike logo on the right chest area, a circular emblem with the letters "BVB 09" on the left chest area, and the text "s.Oliver" printed across the front in black. The sleeves of the jersey are white with black trim at the bottom, and a black fabric accents the collar.The lighting in the image is soft and even, creating minimal shadows and accentuating the jersey's vibrant yellow color. The colors are vivid, with the contrast between the yellow of the jersey and the black text and details being striking.The overall scene appears to be a display setting, likely for a retail or promotional purpose, emphasizing the jersey's design and branding. The simplicity of the background ensures that the jersey is the focal point, showcasing its features clearly.	BVB
3301	1	17_06_5945.jpg	The image features a mannequin wearing a yellow football jersey with black accents. The jersey has a name "s.Oliver" printed on the front and a logo on the left side. The mannequin is displayed on a stand with a plain white background. The website "Vintagefootballshirts.com" is written at the bottom left corner of the image.	BVB
3301	1	17_06_5945.jpg	The image shows a mannequin wearing a vintage football jersey prominently displayed against a plain white background, ensuring a clear and unobstructed view of the jersey. The jersey is primarily bright yellow with contrasting black accents along the collar and sleeve cuffs. The sleeves feature white panels extending from underarms to wrists, bordered by black segments at the bottom. A distinct black Nike swoosh logo adorns the left chest area, next to a circular emblem with the initials "BVB 09," representing Borussia Dortmund. Across the front of the jersey, in bold black script, is the name "s.Oliver," indicating the brand. The lighting is even and bright, highlighting the vivid colors and details of the jersey without casting harsh shadows. The composition centers the jersey, allowing symmetrical observation of its design elements, and the spatial arrangement showcases the full form-fitting cut of the shirt on the mannequin. Notable details include a small red square patch on the bottom right of the jersey near the hem, adding another layer of visual interest to the overall design.	BVB
3301	1	17_06_5945.jpg	The image shows a vintage football jersey displayed on a mannequin. The shirt is predominantly yellow with white accents on the sleeves and collar. The collar is black and white, featuring a V-neck style. On the left side of the chest, there is a circular logo with the letters "BVB 09," indicating the jersey is from Borussia Dortmund, a well-known football club. On the right side, there is the name "s.Oliver" written in large black letters, signifying the brand that produced the jersey. The Nike swoosh logo is also visible on the right side of the chest, just above the "s.Oliver" text. The sleeves are white with a black band around the cuffs, and there is a small Nike logo on the lower right sleeve. The jersey appears to be in good condition, likely intended for collectors or fans of the football club. The website "Vintagefootballshirts.com" is noted in the bottom left corner, suggesting that the image is from a vendor specializing in vintage football memorabilia.	BVB
3301	1	17_06_5945.jpg	A vintage football jersey in a bright yellow hue features the name "s.Oliver" emblazoned across the chest in bold, black lettering. The design includes a distinctive V-neck collar with a contrasting black trim, creating a striking visual contrast against the vibrant yellow. The jersey showcases dynamic white stripes running along the sleeves, adding a fresh and dynamic element to the overall appearance. The iconic club logo is placed prominently on the right side of the chest, signifying its association with Borussia Dortmund, capturing a essence of football history and heritage through its classic design.	BVB
351	2	16_05_01_568.jpg	The image shows a group of children engaged in an outdoor activity centered around a large tree. The children are participating in what appears to be a zip-lining or aerial adventure course, equipped with safety harnesses and helmets. The main child in the foreground is wearing colorful gear, including bright pink and green pants, a blue jacket, and a red helmet. This child is seen hanging from a rope attached to the tree, looking upward with a focused expression.To the left, another child in a red and black jacket and a red helmet is also hanging from a rope, while a third child, higher up in the background, is seen in a similar setup. They are all surrounded by the branches of the large tree, which is covered in some green leaves, suggesting it might be spring or early summer.Additional children are visible on the right side of the image, wearing similar safety equipment. The setting appears to be a park or a wooded area, indicated by the presence of multiple trees and natural surroundings. The atmosphere conveys a sense of adventure and excitement, with the children actively participating in the activity. The sky is partly cloudy, providing natural lighting that highlights the vibrant colors of the children’s clothing and the natural textures of the tree.	Dawes Arboretum
351	2	16_05_01_568.jpg	The image shows children engaging in an adventure activity on ropes tied to a large tree. They are wearing helmets and harnesses, smiling and focused as they hold onto the ropes, enjoying the outdoor experience in a forested area with sparse leaves on the trees.	Dawes Arboretum
351	2	16_05_01_568.jpg	This image captures a joyful and adventurous moment as children play on a rope course amidst a backdrop of tall, leafy trees. The child in the foreground, donning a helmet, safety harness, and a determined expression, is clinging to the ropes with a smile, highlighting their excitement and sense of accomplishment. Other children, similarly equipped with safety gear, occupy various positions on the ropes, conveying a lively and energetic atmosphere. The scene exudes a carefree and exhilarating mood, as the children engage in outdoor play, fostering feelings of happiness and exploration. The natural light filtering through the branches adds to the overall uplifting and positive sentiment, emphasizing the beauty and fun of the outdoor setting.	Dawes Arboretum
351	2	16_05_01_568.jpg	The image depicts children engaged in a tree climbing and zip-lining activity in an outdoor setting. The main subjects are the kids dressed in colorful outdoor gear, all wearing helmets for safety. They are suspended from a large tree using safety harnesses attached to ropes, which are securely fastened to the branches. Their arrangement shows them at various heights and positions, indicating active participation and enjoyment.The lighting is natural, suggesting that the scene is outdoors during the daytime. The colors are bright and cheerful, with the children's jackets, pants, and helmets adding vibrant hues like red, pink, blue, and green to the scene. The tree itself has a thick trunk and sprawling branches, providing a sturdy structure for the activity.The overall context is one of outdoor adventure and play. The kids appear to be having fun, exploring the tree and zip-line course. The safety gear and equipment indicate a well-organized activity, aimed at providing both excitement and security for the participants. The atmosphere is positive and lively, with the children actively engaged in the adventure.	Dawes Arboretum
351	2	16_05_01_568.jpg	In the image, several children are engaging in an exciting outdoor activity involving ropes and a large tree. The children are secured with harnesses and helmets, indicating a focus on safety. One child in the foreground is climbing and gripping the ropes with both hands and feet, showing determination and excitement. Another child is descending the ropes, carefully maneuvering their way down. The children appear to be enjoying themselves, interacting with the ropes and the tree, demonstrating a sense of adventure and fun. The scene is set in a natural environment with trees and branches visible, contributing to an atmosphere of outdoor exploration and play.	Dawes Arboretum
351	2	16_05_01_568.jpg	The image depicts a group of children joyfully exploring a zip-lining or climbing activity amidst towering trees. The scene bursts with vibrant colors, from the children’s bright red, pink, and blue jackets to their colorful helmets and boots. The lighting is natural, with soft, diffused daylight filtering through the leaves, casting a gentle ambiance over the scene. The composition centers around a large central tree, with the children suspended from ropes attached to its branches. The spatial relationships show the kids at varying heights, creating a dynamic, layered look. Notable details include the safety equipment, such as harnesses and helmets, emphasizing the activity's adventurous nature while the background reveals a serene, tree-filled environment, enhancing the sense of outdoor fun and exploration. The overall sentiment exudes excitement and happiness, perfectly capturing the essence of childhood adventure.	Dawes Arboretum
351	2	16_05_01_568.jpg	In the image, there are children engaging in a fun outdoor activity, climbing ropes that are attached to tall trees. The children are all wearing helmets and harnesses for safety, ensuring they can enjoy the activity without any worries. The setting appears to be a park or forest, with trees spreading out in various directions, their branches creating an intricate web-like structure. The kids seem to be having a great time, smiling and holding onto the ropes as they explore the heights. One child in the foreground looks particularly joyful and engaged, adding a lively and energetic feel to the scene. The cloudy sky adds a soft, diffused light, enhancing the warm and adventurous atmosphere of the moment. Overall, the image conveys a sense of excitement, camaraderie, and the simple joys of outdoor play.	Dawes Arboretum
351	2	16_05_01_568.jpg	In the image, children climb a large tree surrounded by thick ropes. They are dressed in colorful clothing and helmets, suggesting a playful outdoor adventure. The scene is set high above the ground, with the kids appearing to be enjoying themselves as they navigate the ropes. The branches and leaves of the tree form a natural canopy overhead, adding an element of exploration and excitement to the activity. The image conveys a sense of action and outdoor fun, with each child engaged in climbing and exploring the tree's height and structure.	Dawes Arboretum
543	2	O_3055.jpg	The image shows two men in a setting that resembles a studio with a casual atmosphere, featuring a backdrop of blue bricks and a light gray brick wall. One man, wearing a dark suit with a white shirt and tie, is kneeling and gesturing with his hands as if explaining something. The other man, an older individual with gray hair, glasses, and dressed in a dark suit and light-colored shirt, stands facing the vending machine filled with colorful snack packages, including various chips and candy. The vending machine is dark in color with a keypad on the right side and contains a variety of brightly colored products arranged in rows. To the left and slightly behind the man gesturing, a poster with text and graphics is mounted on the wall. The overall setting suggests an informal demonstration or explanation involving the vending machine.	Bernie Sanders
543	2	O_3055.jpg	Two men are standing next to a vending machine filled with colorful snack bags. One man appears to be explaining something, gesturing towards the machine, while the other man looks on attentively. The background features a brick wall with a sign, contributing to a casual atmosphere.	Bernie Sanders
543	2	O_3055.jpg	The image presents a moment between two men standing in front of a vending machine filled with colorful snacks. The man on the left appears to be engaged in a lively conversation, using hand gestures that suggest enthusiasm and engagement. His posture and facial expression convey a sense of excitement or interest. The older man on the right, dressed formally, seems to be attentively listening, indicating curiosity and involvement in the discussion. The background, featuring a brick wall and a poster, adds a casual and urban atmosphere to the scene. The vending machine, brimming with an assortment of vibrant packaged snacks, adds a playful and casual touch. The overall mood is friendly and interactive, capturing a moment of connection and shared interest between the two individuals. The combination of these elements creates a positive and engaging atmosphere.	Bernie Sanders
543	2	O_3055.jpg	The main subjects in the image are two older men standing near a vending machine stocked with various snack items. One man is crouching down, gesturing towards the machine, while the other stands observing it attentively, indicating a likely conversation or discussion about the vending machine's contents or operation.The visual elements include a blue brick wall in the background, which provides a modern yet casual backdrop. The vending machine itself is well-lit, showcasing the colorful packets of snacks in vibrant yellows, reds, greens, and purples. This contrast with the muted tones of the men's suits and the blue wall enhances the focus on the vending machine. The lighting appears balanced, creating clear visibility for both the subjects and the machine.The overall scene context suggests a light-hearted or casual interaction, possibly in a break room or informal office setting where the men might be discussing the variety of snacks available or the vending machine's functionality. The ambiance feels relaxed and conversational, with a touch of curiosity or interest from both individuals.	Bernie Sanders
543	2	O_3055.jpg	In the image, two men are standing in front of a large vending machine filled with various snack items like chips and candy bars. The man on the left, dressed in a suit, is gesturing towards the vending machine while speaking, indicating he might be explaining something about it. The man on the right, also in a suit, is attentively listening and looking at the vending machine. The vending machine is set against a background of a brick wall with contrasting blue and white sections. Additionally, there is an information screen or poster on the wall. The overall scene suggests a discussion or presentation about the vending machine.	Bernie Sanders
543	2	O_3055.jpg	The image features two men engaged in interaction in front of a vending machine filled with an array of colorful snack bags. The vending machine occupies a central position, serving as a focal point due to its brightly lit and organized display of snacks in various colors—yellows, reds, greens, and purples. The lighting is even and soft, creating a clear view of the scene without harsh shadows. The men are dressed in formal attire, with one seated and the other standing, suggesting a casual yet engaging conversation. The background consists of a textured blue and white brick wall, adding depth and a modern industrial vibe to the composition. Notable details include a small placard on the wall and a circular object on the floor, enhancing the setting's realism and context. The overall atmosphere is lively and somewhat humorous, contributing to a positive sentiment.	Bernie Sanders
543	2	O_3055.jpg	Two men are standing next to a large vending machine filled with a variety of colorful chips and snacks in different sections. The men appear to be in a casual setting, possibly at a stage with a blue brick wall backdrop. One man is wearing a suit and is speaking and gesturing towards the vending machine, while the other man, also in a suit, is listening attentively. The vending machine showcases a wide array of snack options, neatly arranged in rows, indicating a focus on choices for different tastes. The overall atmosphere suggests a light-hearted or comedic skit, possibly involving the vending machine as part of the act.	Bernie Sanders
543	2	O_3055.jpg	Two individuals stand in front of a brightly lit vending machine filled with various colorful candy and snack options. The man on the right, dressed in a dark suit and glasses, looks at the machine with interest while the man on the left, also in a suit, gestures animatedly, possibly explaining something. The brick wall behind features a blend of white and blue paint, creating a textured backdrop. On the left side, a poster hangs on the wall, and there is a piece of equipment partially visible near the bottom left corner of the image. The scene exudes a sense of casual engagement and curiosity about the vending machine's selection.	Bernie Sanders
1101	2	O_1315.jpg	The image contains a text passage on a plain, light background. The text is focused on an announcement involving a deal with Oakley, introducing the Ellen Digital Network as a cohesive brand for Ellen DeGeneres' online content. The text mentions the combination of original programming and user-generated content. It also discusses the plan to collaborate on various digital projects, potentially expanding into TV projects. The passage notes Oakley's substantial social media presence, with over 8 million YouTube subscribers, 6.2 million Instagram followers, and 5.2 million Twitter followers. The text appears professional and straightforward, with a clear emphasis on digital expansion and collaboration. The colors are simple, with black text on a white or light gray background, lending a clean and formal appearance to the document.	Tyler Oakley
1101	2	O_1315.jpg	The image presents a text discussing the collaboration between Ellen DeGeneres and Oakley, which involves the launch of the Ellen Digital Network. This new brand will integrate Ellen's online content featuring original programming and user-generated content. The partnership aims to foster digital projects, including potential developments for TV. Oakley's strong digital presence is highlighted, with over 8 million YouTube subscribers, 6.2 million Instagram followers, and 5.2 million Twitter followers.	Tyler Oakley
1101	2	O_1315.jpg	The image conveys a sense of excitement and optimism about the collaboration between DeGeneres and Oakley. It highlights the launch of the Ellen Digital Network, which signifies an innovative and forward-thinking venture aimed at merging original programming with user-generated content. The partnership promises a range of exciting digital projects, suggesting creativity and collaboration. Furthermore, the impressive digital footprint of Oakley, with millions of followers across various platforms, underscores the potential reach and impact of their combined efforts. The overall atmosphere is one of growth and opportunity, generating a positive and enthusiastic sentiment.	Tyler Oakley
1101	2	O_1315.jpg	The image consists of a text passage discussing the partnership between Ellen DeGeneres and Oakley. The main subjects are the two brands, Ellen Digital Network covering combined programming and content, aimed at collaborating on digital projects including TV development. Visual elements are minimal with black text on a white background, featuring clear, standard fonts with no special effects or colors. The overall scene context is informational, presenting details about the collaboration and highlighting Oakley’s digital reach with user counts on various platforms like YouTube, Instagram, and Twitter. The text is straightforward with a focus on providing concise information about the partnership and its digital impact.	Tyler Oakley
1101	2	O_1315.jpg	The image features text regarding a business deal between Ellen DeGeneres and Oakley, focusing on the launch of the Ellen Digital Network. The digital network is an umbrella brand for Ellen's online content, combining original programming and user-generated content. The partnership aims to collaborate on various digital projects, with intentions to develop projects for TV as well. Oakley's digital presence includes more than 8 million YouTube subscribers, 6.2 million Instagram followers, and 5.2 million Twitter followers. The text emphasizes the combined efforts and significant digital footprint of both parties involved in this venture.	Tyler Oakley
1101	2	O_1315.jpg	The image features a document with a plain, light-colored background, likely off-white or beige, with evenly distributed lighting. The text is prominently displayed in a black or dark color, providing clear contrast against the backdrop, making it easy to read. There are no images, graphics, or charts present; the composition focuses entirely on the text. The paragraph is centered in the frame, ensuring that the viewer's attention is drawn directly to the information without any distractions. The spacing between lines of text is uniform, contributing to the readability of the document. Notable details include the use of a simple, clean font that enhances the legibility of the content.	Tyler Oakley
1101	2	O_1315.jpg	The image contains a text about a collaboration between Ellen DeGeneres and Oakley through the launch of the Ellen Digital Network, which is a new brand that will incorporate all of Ellen’s online content, including both original programming and user-generated content. The purpose of this collaboration is to work on various original digital projects, with an eventual goal of developing projects for TV as well. The text highlights Oakley’s impressive digital presence, noting that Oakley has more than 8 million YouTube subscribers, 6.2 million Instagram followers, and 5.2 million Twitter followers. This shows the anticipation and excitement surrounding the partnership due to the engagement and reach established on these platforms. The overall sentiment conveyed in the image is positive, emphasizing expansion and collaboration in the digital space.	Tyler Oakley
1101	2	O_1315.jpg	the text discusses a collaboration between Ellen DeGeneres and Oakley, focusing on the launch of the Ellen Digital Network. This network aims to integrate Ellen's diverse online content, including original programming and user-generated content, under a single brand. The partnership seeks to expand into various digital projects, with ambitions to create content for television as well. The collaboration highlights Oakley's significant digital presence, boasting over 8 million YouTube subscribers, 6.2 million Instagram followers, and 5.2 million Twitter followers, showcasing the potential reach and impact of their combined efforts.	Tyler Oakley
1171	2	16_05_06_525.jpg	The image shows a vibrant concert setting with a DJ booth at the forefront. Two individuals, one on the left wearing a dark cap and holding a smartphone and the other on the right focused on DJ equipment, are seen from behind. They appear to be managing the event, possibly live-streaming or capturing moments with their devices. The stage in the background is illuminated by bright, dynamic blue and purple lights, creating an energetic atmosphere. The crowd is visible, with many people raised in excitement, their hands and smartphones holding up lights that contribute to the sea of glowing dots. The ambiance is lively and festive, indicative of a successful and engaging live event. At the bottom right corner, there's bold, fiery text that reads "FireEatz" with a flame design.	Bangkok
1171	2	16_05_06_525.jpg	The image shows two men from behind at a crowded concert, illuminated by numerous blue lights and a sea of spectators holding up glowing lights. The performers are facing the audience, and the atmosphere appears energetic and vibrant.	Bangkok
1171	2	16_05_06_525.jpg	The image captures a vibrant and lively concert scene, characterized by an excited and energetic atmosphere. Two individuals, likely the performers or hosts, are seen facing a crowd that is illuminated by numerous blue and purple lights, creating a dynamic and festive environment. The audience's hands are raised, forming a sea of glowing lights that contribute to the euphoric mood. The stage is bathed in colorful beams of light, enhancing the sense of excitement and celebration. The presence of confetti or sparkling effects further amplifies the joyous and enthusiastic vibe of the event, making it clear that the spectators are thoroughly enjoying the experience. The overall sentiment conveyed by the image is one of happiness, enthusiasm, and a shared sense of enjoyment.	Bangkok
1171	2	16_05_06_525.jpg	The main subjects in the image are two individuals seated at a DJ booth facing away from the camera, engaging with their equipment. They are surrounded by a vast, vibrant crowd, suggesting a lively event or concert. The arrangement places the focus on the DJs, with the audience filling the background, creating a sense of depth and energy.Visual elements include dramatic lighting with a combination of blue and purple hues casting a cool, vibrant glow throughout the venue. The lighting enhances the atmosphere, with spotlights and beams adding a dynamic quality to the scene. Confetti or similar elements are scattered in the air, contributing to the festive ambiance.The overall context is that of a high-energy concert or club scene, capturing the excitement and energy of a live performance. The presence of the crowd and the enthusiastic atmosphere, highlighted by the lighting, suggests a moment of celebration and entertainment, with the DJs at the center of this vibrant experience.	Bangkok
1171	2	16_05_06_525.jpg	The image captures a lively concert scene where two individuals are DJing on a stage, facing a large, enthusiastic crowd. The crowd is holding up their phones, creating a mesmerizing sea of bright lights that illuminate the entire venue with a vibrant blue hue. The atmosphere is filled with excitement and energy as the DJ on the left, wearing a cap and t-shirt, is seemingly engaged with the crowd, possibly interacting or performing. The DJ on the right, also in a casual t-shirt, appears focused on adjusting equipment. The image exudes an electric vibe, enhanced by the dazzling light effects and dynamic crowd participation, all contributing to a highly immersive and positive concert experience. In the foreground, the word "FIREBEATZ" is prominently displayed, suggesting the name of the event or performer, further emphasizing the energetic and spirited nature of the scene.	Bangkok
1171	2	16_05_06_525.jpg	The image features an energetic concert scene with vibrant blue lighting casting a dynamic glow over the large crowd. The stage is illuminated with stage lights that create a bokeh effect, adding to the lively atmosphere. The two individuals in the foreground are focused on their equipment, creating a sense of immersion in the performance. The crowd appears engaged and excited, with thousands of small lights contributing to the overall visual spectacle. The composition centers around the stage and crowd, capturing the essence of a high-energy live music event. The text "FIREFATZ" in the bottom right corner adds a bold visual element, enhancing the theme of excitement and intensity.	Bangkok
1171	2	16_05_06_525.jpg	This image captures an energetic concert scene where two individuals, likely DJs, are performing on stage. They are facing away from the camera, one wearing a dark cap and the other a plain shirt, engrossed in their tasks. The vast crowd in front of them is animated, with many hands raised, some holding glow sticks that emit a bright blue and purple light, contributing to the lively atmosphere. The lighting above casts a dynamic array of beams, enhancing the visual excitement. The word "Firebeatz" is prominently displayed at the bottom of the image, suggesting the name of the artist or event. The overall mood is vibrant and celebratory, reflecting a positive and exhilarating experience.	Bangkok
1171	2	16_05_06_525.jpg	In this vibrant setting, two individuals are seen from behind, both wearing greenish-brown shirts and black caps, standing in front of a massive crowd. The audience, gathered in abundance, creates a mesmerizing spectacle with countless glowing blue lights held high, transforming the venue into a glowing canvas of energy. Above, a complex rig of stage lights bathes the space in cool, electric hues, adding depth and dynamism to the scene. In the foreground, a DJ booth gleams with electronic equipment, hinting at the rhythmic pulses shaping the experience for all present. The atmosphere is charged with excitement and collective enthusiasm, encapsulating the electric ambiance of a live music event.	Bangkok
1338	2	17_06_3723.jpg	The image depicts a well-lit, cozy indoor setting with a large window providing a view of a residential backyard. Through the window, several brick houses with pitched roofs are visible, along with a black shed and a fence. The lawn is partially covered with tiles, and a children's playground set, including a slide and a ball, is noticeable in the distance.In the foreground, on a tiled windowsill, there is a tall, clear glass vase holding a vibrant bouquet of yellow sunflowers and white cosmos. The bright yellow petals of the sunflowers stand out vividly against the neutral tones of the setting, adding a lively and cheerful element to the scene. The vase is situated between two decorative glass bowls with a yellow hue, positioned symmetrically on the windowsill.The atmosphere is serene and pleasant, with natural light softly illuminating the interior and the fresh flowers enhancing the homely and welcoming vibe of the space. The overall sentiment conveyed by the image is one of tranquility and contentment.	thegirlsmusical
1338	2	17_06_3723.jpg	A vibrant bouquet of sunflowers and baby's breath in a tall vase sits on a windowsill, offering a cheerful view of a residential backyard with brick houses and a neatly tiled patio. Two yellow glass bowls accompany the arrangement, adding a touch of homely elegance to the scene.	thegirlsmusical
1338	2	17_06_3723.jpg	The image conveys a positive sentiment through its bright and cheerful arrangement of sunflowers in a vase placed on a tiled windowsill. The vibrant yellow petals of the sunflowers stand out against the backdrop of a modest neighborhood, suggesting warmth and happiness. The presence of smaller wildflowers adds a delicate touch, enhancing the natural beauty and liveliness of the scene. The light streaming through the window highlights the flowers' vivid colors, creating an inviting and serene atmosphere. Additionally, the view of the neatly tiled patio and green grass outside reinforces a sense of peace and order. The two small, decorative yellow bowls on the sill complement the overall cheerful vibe, contributing to a cozy and homely mood that evokes feelings of contentment and joy.	thegirlsmusical
1338	2	17_06_3723.jpg	The main subjects of the image are vibrant sunflowers placed in the center of a clear glass vase on a tiled windowsill. These sunflowers are accompanied by small clusters of light-colored baby's breath, which add a delicate contrast to their bold yellow petals. Two small, decorative yellow glass bowls, one with a flower-like design and the other with a more abstract pattern, flank the vase on either side, adding a touch of artistic elegance to the scene. The lighting is soft and natural, most likely coming from the diffused daylight outside, creating a warm and inviting atmosphere. The colors are predominantly earthy and natural, with the vivid yellow of the sunflowers standing out against the neutral tones of the background and the tiles. The colors in the image together create a calm and cheerful ambiance.The overall scene is set in a cozy indoor space looking out onto a backyard. The windowsill frames a view of a residential neighborhood with brick houses and a small garden. The lawn is lush and green, with a couple of children's toys visible, suggesting a playful and family-friendly environment. This combination of indoor tranquility and outdoor liveliness gives the image a heartwarming and pleasant feel.	thegirlsmusical
1338	2	17_06_3723.jpg	The image features a bright bouquet of sunflowers and baby's breath arranged in a tall glass vase on a windowsill. The flowers are vibrant and add a cheerful touch to the scene. Outside the window, there's a view of a residential area with brick houses and a small garden with a swing set and a blue ball on the grass. On the windowsill, beside the vase, there are two yellow, transparent bowls. The overall atmosphere is warm and inviting, reflecting a peaceful, homely environment. The arrangement and natural elements create a sense of tranquility and positivity.	thegirlsmusical
1338	2	17_06_3723.jpg	The image depicts a tall bouquet of vibrant yellow sunflowers and delicate white baby's breath placed in a clear glass vase on a tiled windowsill. The flowers are arranged in such a way that their bright yellow petals and dark centers stand out prominently against the soft white flowers. The composition is centered, drawing immediate attention to the bouquet. Flanking the vase on either side are two yellow glass bowls, adding a touch of complementary color to the scene. The background features a garden area with green grass, a tennis court, and some residential buildings, adding a homely and serene atmosphere. The lighting seems soft and natural, likely from an overcast sky, which enhances the colors of the flowers without harsh shadows. The overall mood of the image is calm and pleasant, evoking feelings of warmth and cheerfulness.	thegirlsmusical
1338	2	17_06_3723.jpg	The image depicts a serene and cheerful scene of a vibrant bouquet of sunflowers and white baby's breath arranged in a tall, transparent vase placed on a windowsill. The sunflowers, with their bright yellow petals and dark centers, stand out prominently against the soft white of the baby's breath, creating a warm and inviting display. The vase is filled with water, ensuring the flowers remain fresh and lively.Beyond the window, a peaceful backyard is visible, featuring a well-maintained lawn with a couple of colorful balls scattered on the grass, suggesting a playful atmosphere. The backs of several brick houses with pitched roofs can be seen, adding a residential and cozy feel to the setting. The overcast sky hints at a cloudy day, yet the overall ambiance remains calm and pleasant.On the windowsill, flanking the vase, are two yellow glass bowls, adding a complementary touch of color and enhancing the homely vibe of the scene. The combination of the blooming flowers, the tranquil outdoor view, and the thoughtful arrangement of decorative items evokes a sense of contentment and joy, perfectly capturing the essence of a peaceful domestic setting.	thegirlsmusical
1338	2	17_06_3723.jpg	A bouquet of bright sunflowers and delicate white filler flowers sits in a tall glass vase on a tiled windowsill, offering a vibrant contrast to the rainy backdrop visible through the window. Outside, a typical suburban garden scene unfolds, with green lawns, a children's play area, and neighboring brick houses nestled under a cloudy sky. The scene exudes a quiet, homey atmosphere, capturing a blend of indoor warmth and outdoor tranquility.	thegirlsmusical
1843	2	16_05_11_593.jpg	In the image, a large and densely packed crowd is gathered at what appears to be a concert or music festival. The atmosphere is vibrant and energetic, with many attendees raising their hands, making the "rock on" hand gesture, and holding up smartphones to capture the moment. The crowd is diverse, featuring people of different ages and styles, with many wearing sunglasses and casual clothing like t-shirts and tank tops.A central figure in the image stands out prominently, elevated above the crowd on someone's shoulders. This person is holding a bottle with a distinctive label and has both hands raised, making peace signs with their fingers. They are wearing a sleeveless top and denim overalls, accessorized with sunglasses, and have their hair tied back. Nearby, another person is holding a green balloon shaped like a star, adding to the festive atmosphere.The overall mood of the scene is lively and celebratory, with bright lighting enhancing the sense of excitement and enjoyment among the attendees. The vivid colors and dynamic poses of the individuals contribute to the positive and spirited sentiment of the setting.	SW4 Festival
1843	2	16_05_11_593.jpg	The image captures a lively concert scene with a densely packed crowd of enthusiastic festival-goers. A person with blonde hair, wearing sunglasses and a denim vest, stands out by holding a trophy high above their head while the crowd cheers and raises their hands, many of them making rock gestures. The overall atmosphere is one of excitement and celebration.	SW4 Festival
1843	2	16_05_11_593.jpg	The image captures a vibrant and energetic crowd at a concert or festival, radiating a strong sense of excitement and joy. A person is standing out in the midst of the enthusiastic audience, their arms raised and holding a beverage, embodying a carefree and celebratory mood. The surrounding crowd is equally engrossed, with many hands raised, some making peace signs, and others capturing the moment on their phones. The overall atmosphere is one of unity and shared exhilaration, heightened by the dense and lively gathering of people, all contributing to the positive and upbeat sentiment of the scene. The sunlight and colorful attire add to the festive and cheerful ambiance, making it a depiction of collective happiness and enjoyment.	SW4 Festival
1843	2	16_05_11_593.jpg	The image depicts a lively music festival scene filled with a large and enthusiastic crowd. The main subjects are a person dressed in denim overalls and sunglasses, with their arms raised, holding a bottle, and standing out at the center. They are surrounded by a dense audience, many of whom are also raising their hands, holding drinks, and capturing the moment on their phones. This creates a dynamic and celebratory atmosphere.The lighting is bright and natural, suggesting the event is taking place during the day. The colors are vibrant, with a mix of clothing styles and accessories adding to the visual diversity. There's a green star-shaped balloon in the background to the left, contributing to the festive feel.The overall context is that of a music festival or concert, where the crowd is actively engaged and enjoying the performance, sharing in the excitement and communal experience.	SW4 Festival
1843	2	16_05_11_593.jpg	A large, enthusiastic crowd is gathered at an outdoor event, likely a concert or festival. The scene is lively and filled with the energy of the attendees. Many people are raising their hands, some making the 'rock on' or 'peace' signs, showing their excitement and engagement with the event. In the foreground, a person with blonde hair, wearing sunglasses, a black top, and denim overalls, is holding a bottle and waving to the crowd while standing on someone's shoulders. This person seems to be enjoying the moment, adding to the festive atmosphere. In the background, another person is elevated above the crowd, holding a drink and also engaging with the audience. Several attendees are holding up their phones, capturing the experience on camera. The crowd is dense, with people of various ages and styles, all united in their enjoyment of the event. A green balloon is visible on the left side of the image, adding a pop of color to the scene. Overall, the image conveys a sense of joy, celebration, and community.	SW4 Festival
1843	2	16_05_11_593.jpg	The image depicts a lively and energetic concert scene with vibrant colors and warm lighting that evokes a positive and joyful mood. The crowd is densely packed, with numerous hands raised in the air, some making the 'rock on' or 'peace' signs. The central figure, a blonde woman wearing sunglasses, stands out with her raised arms and confident stance, holding a microphone and engaging with the audience. She is dressed in a casual, stylish outfit consisting of a dark top and denim overalls. The sea of people around her comprises a diverse mix of individuals, all appearing enthusiastic and absorbed in the moment. The background is filled with a blurred mix of faces and raised arms, contributing to the sense of movement and excitement. Notable details include the various colorful wristbands, sunglasses, and small accessories worn by the attendees, adding to the festive atmosphere.	SW4 Festival
1843	2	16_05_11_593.jpg	This image captures a vibrant concert scene filled with a large, enthusiastic crowd. Amidst sea of festival-goers, a performer is crowd surfing, held aloft by the hands of many fans. She is dressed in a sleeveless, dark crop top and denim overalls, with sunglasses adding a stylish touch. The air is electric as countless people around her have their hands raised, some forming rock-on signs, while others are capturing the moment with their phones. The atmosphere is one of excitement and joy, with a palpable sense of unity and shared enthusiasm among the attendees. A green inflatable star floats in the background, adding a whimsical element to the lively setting. The overall sentiment of the image is positive, reflecting the energy and happiness of a fantastic live music event.	SW4 Festival
1843	2	16_05_11_593.jpg	Amidst a sea of tightly packed individuals, the atmosphere is vibrant with collective energy. The sea of faces reveals a myriad of expressions, all converging on the central figure who stands out. This person, adorned in dark sunglasses and a sleeveless denim jumpsuit, holds a microphone aloft, commanding the crowd's attention. Their hands make peace signs, adding to the celebratory ambiance. Around them, countless hands rise, some clutching phones to capture the moment, while balloons drift above, enhancing the festive scene. The diversity in the crowd, from various hairstyles to casual attire, underscores the inclusive and dynamic nature of the gathering, transforming the event into a shared experience marked by excitement and unity.	SW4 Festival
1979	2	O_145.jpg	The image is a collage showcasing various moments and scenes featuring a basketball player. In the top left, the player is seen standing on a basketball court wearing a white "McDonald's" sponsored jersey with the number 3, red shorts, white socks, and white sneakers. He is holding a basketball. The background shows a basketball arena with spectators.In the top center, the player is dressed in a formal suit, holding a framed jersey with "Wake Forest" and the number 3 on it. The setting appears to be an indoor event with a crowd in the background.The top right shows the same player in a pinstriped suit, holding a blue New Orleans basketball with the number 05. He is also wearing a matching blue cap, and the background is a plain gray backdrop.In the bottom left, the player is wearing a red "Atlanta" jersey with the number 3, holding a trophy with an NBA logo on it. He appears to be in a celebratory pose against a white background.The bottom center depicts the player wearing a gray jacket, holding a gold medal, with another individual partially visible next to him, also holding a medal. They are in an indoor sports arena with a crowd in the background.Finally, the bottom right features the player in a white "New Orleans" jersey with the number 3 and the name "Paul" on the back, standing in a basketball arena filled with spectators.The overall atmosphere of the collage is positive, highlighting the player's achievements and moments across various settings.	Chris Paul
1979	2	O_145.jpg	The image features a collage of basketball-related scenes showcasing an athlete in various stages of his career. The top-left photo shows him holding a McDonald's-branded basketball, indicating sponsorship. The top-middle photo displays a framed Wake Forest jersey, while the top-right shows him in a suit holding a New Orleans Hornets basketball. The bottom-left image captures him holding a KIA NBA Slam Award, and the bottom-right image features him with a golden medal, celebrating a victory or achievement. The overall theme suggests prominence and success in basketball.	Chris Paul
1979	2	O_145.jpg	The image conveys a strong sense of positivity and accomplishment. The upper left section features a young basketball player smiling confidently, holding a basketball while wearing a jersey with McDonald's branding, symbolizing youthfulness and potential. The middle top section shows a man in a suit proudly displaying a framed Wake Forest jersey with the number 3, indicating a sense of achievement and pride. The upper right image has a smiling man in a pinstripe suit holding a New Orleans basketball, exuding confidence and success.In the lower left section, a player holds a trophy with a big smile, reflecting joy and victory. The middle bottom section captures a moment of triumph, with a man wearing a medal, smiling as he holds another gold medal, surrounded by supportive figures, highlighting celebration and hard-earned success. Finally, the bottom right image shows a player on the court with a crowd in the background, creating a sense of excitement and communal support.Overall, the atmosphere is one of triumph, pride, and accomplishment, with each section contributing to a mood of positive achievement and celebration.	Chris Paul
1979	2	O_145.jpg	The image features a collage of six pictures showcasing different moments of an athlete's career. The main subjects are various stages of the athlete's life, ranging from high school to professional achievements. The arrangement displays a progression, highlighting the athlete's journey and accomplishments.In terms of visual elements, the lighting varies across the images, with some well-lit and others appearing more dimly lit, suggesting different settings and times. The colors are vibrant, with a strong emphasis on reds, blues, and whites, reflecting team colors and uniforms. The athlete’s jersey and trophy stand out due to their bright hues, drawing attention to significant achievements.Overall, the scene captures the essence of athletic success and personal growth, with a celebratory and proud tone. Each picture tells a part of the story of the athlete's career accomplishments, illustrated through various attire and settings. The presence of trophies, medals, and a framed jersey all contribute to a theme of recognition and celebration.	Chris Paul
1979	2	O_145.jpg	The image showcases a series of photos featuring a basketball player in various stages of his career. The first photo at the top left shows the player in a basketball uniform with the number 3 and McDonald's logo, holding a basketball and smiling. The second photo at the top middle displays the player standing proudly next to a framed jersey with "Wake Forest" and the number 3. In the third photo at the top right, the player is dressed in a suit and holding a "New Orleans" basketball with the number 05. The lower left photo shows the player holding a trophy with the NBA logo, wearing a red and blue basketball jersey with the number 3 and the word "WES." In the lower middle photo, the player is wearing a tracksuit with a gold medal, smiling as he holds the medal. The final photo at the bottom right depicts the player in a white and blue basketball jersey with the name "PAUL" and number 3, facing a crowd of fans. Overall, the images capture moments of recognition and achievement throughout the player's career.	Chris Paul
1979	2	O_145.jpg	The image features a collage of six photographs, each capturing different moments with vibrant colors and dynamic compositions. The top left photo shows a young basketball player standing on a court, wearing a white jersey with yellow details and the number 3, holding a basketball with McDonald's branding. The background features an audience in a dimly lit arena, enhancing the focus on the player.In the top middle photo, a person is seen presenting a framed Wake Forest basketball jersey, number 3, with an audience gathered around, creating an atmosphere of celebration or ceremony. The lighting here is balanced, drawing attention to the framed jersey.The top right photo depicts a person in a pinstripe suit holding a blue New Orleans basketball, number 05. The background is neutral, emphasizing the subject and the ball.The bottom left photo shows a person in a red basketball jersey with the name "WES" and the number 3, holding a plaque with an NBA logo. This image has a bright, well-lit setting, highlighting the achievement being celebrated.In the bottom middle photo, an individual is wearing a gray jacket adorned with a medal and holding another medal, with a crowd in the background. The lighting is even, capturing the moment of triumph and recognition.The bottom right photo captures a celebratory moment with a person wearing a white jersey with the name "PAUL" and the number 3, facing a crowd of spectators. The background is filled with people, adding to the excitement and energy of the scene.Overall, the images are well-composed with balanced lighting, emphasizing the subjects and their achievements, creating a positive and celebratory mood.	Chris Paul
1979	2	O_145.jpg	The image is a collage of six photos showing a basketball player at various stages of his career, all with a positive sentiment. In the top left, he stands in a basketball uniform branded with McDonald's, holding a basketball, displaying a youthful and energetic demeanor on the court. Next to that, in the top center, he is dressed in formal attire, presenting a framed basketball jersey with "Wake Forest" and the number 3, suggesting a moment of recognition or celebration. The top right shows him in a pinstripe suit, holding a New Orleans basketball, with a cap featuring a logo, looking confident and stylish.The bottom left captures him holding an NBA All-Star Game trophy, wearing a red "New Orleans" jersey with the number 3, smiling proudly. In the bottom center, he is seen in a medal ceremony, wearing a tracksuit and proudly displaying two gold medals around his neck, highlighting a moment of triumph. The bottom right photo shows him in a game, with the name "Paul" and the number 3 on the back of his jersey, surrounded by a cheering crowd, embodying the excitement and support of fans. The overall theme conveys achievement, success, and positive recognition throughout his basketball career.	Chris Paul
1979	2	O_145.jpg	The image showcases six distinct moments highlighting the life and achievements of a basketball player. In the top left, the player is seen in a playful and casual setting, wearing a basketball jersey sponsored by McDonald's while holding a basketball on a colorful court. To the right, another scene captures the player in a formal suit, standing beside a framed jersey labeled "Wake Forest 3," likely representing a moment of recognition or induction. Next to this, the player is dressed in a pinstripe suit and baseball cap, holding a New Orleans Hornets basketball with the number 05, suggesting a connection to that team.In the bottom left, the player proudly holds a trophy labeled "MVP," indicating a significant achievement or award. Moving to the center bottom, this image captures a triumphant moment where the player stands in a sports jacket adorned with medals, signifying success in an international competition. Finally, in the bottom right, the player is seen from behind, wearing a white jersey with the name "Paul" and the number 3, amidst a large crowd, emphasizing the player's popularity and the energetic atmosphere of a live game. Each image collectively tells a story of dedication, success, and varied facets of the player's career and personal life.	Chris Paul
2077	2	O_1955.jpg	The image depicts a person driving a car, with their left hand on the steering wheel and their body slightly turned towards the right side of the car, suggesting a focus on the road. The person is wearing sunglasses and has their hair tied back. They appear to be concentrating on the driving, creating a sense of calmness and attentiveness.The car's interior is light-colored, and the windows reflect a clear blue sky, indicating that it is a sunny day. The car seems to be an older model, with a vintage design featuring chrome accents and a classic rearview mirror on the driver’s side. The side mirror and the window frame are also chrome, adding a reflective and shiny quality to the vehicle's exterior. The overall setting suggests a peaceful drive, possibly through a city or suburban area, given the reflections and faint hints of other vehicles and structures in the background. The color palette of the image consists mainly of blues and neutral tones, reinforcing the serene and clear atmosphere.	harry styles
2077	2	O_1955.jpg	The image features a person driving a classic convertible car with the top down, wearing sunglasses and a dark sleeveless top. The person appears focused on the road ahead, embodying a sense of vintage cool and confidence. The sunlight reflects off the car's shiny exterior, adding to the overall vibrant and dynamic scene.	harry styles
2077	2	O_1955.jpg	The image depicts someone sitting in the driver's seat of a vintage car, exuding a cool and composed demeanor. The person is wearing sunglasses, partially obscuring their eyes, which adds an air of mystery and intrigue. Their relaxed posture, with one hand on the steering wheel, suggests a sense of calmness and confidence. The car’s shiny exterior and classic design contribute to a nostalgic and stylish atmosphere, enhancing the overall feeling of tranquility and self-assuredness. This serene and composed scene creates a positive sentiment, emphasizing a feeling of peacefulness and cool sophistication.	harry styles
2077	2	O_1955.jpg	The image features a young person sitting in the driver's seat of a vintage car, wearing sunglasses and appearing focused on the road. The individual is positioned slightly to the right, facing forward, which suggests they are engaged in driving. Their hair is styled in a way that frames one side of their face.The lighting in the image is bright and natural, coming from outside, and causes reflections on the car's windows, adding a sense of depth and dynamism to the scene. The car's exterior is primarily a light color, possibly white or silver, while the interior is a darker shade. There is a contrast between the shiny, reflective surfaces of the car and the more muted tones of the person’s clothing.The overall context of the scene conveys a sense of nostalgia and freedom, possibly evoking a feeling of a journey or adventure. The combination of the vintage car and the person's relaxed yet attentive posture contributes to a positive, serene atmosphere.	harry styles
2077	2	O_1955.jpg	A person is sitting in the driver's seat of a classic car, looking out the window. They are wearing sunglasses and have their hair tied back. The interior of the car is visible, with the steering wheel and dashboard in the foreground. Daylight is shining through the windows, indicating it might be daytime. The overall atmosphere of the scene feels calm and introspective.	harry styles
2077	2	O_1955.jpg	The visual characteristics of the image depict a person driving an old-fashioned or vintage car. The overall color palette appears warm, with a tint of sunlight bathing the scene, creating a nostalgic and pleasant atmosphere. The lighting is natural, coming from outside, casting soft highlights on the car's chrome details and the driver's face. The composition is focused on the front section of the car, capturing the driver framed by the open window and the side mirror of the vehicle. The person is wearing sunglasses, which adds a cool and confident vibe to the image. The spatial relationship between the driver and the car suggests a sense of freedom and motion. Notable details include the reflection of the surroundings on the car's glass, enhancing the depth and liveliness of the scene, while the car's interior, with its visible dashboard elements and steering wheel, adds an authentic touch to the vintage feel.	harry styles
2077	2	O_1955.jpg	The image shows a person sitting confidently behind the wheel of a classic car, seemingly ready to drive. The individual is wearing sunglasses, adding a touch of mystery and coolness to the scene. Their hair is styled in a way that complements the vintage feel of the car, and they appear focused and poised. The car itself has a shiny, polished exterior with chrome details that reflect the sunlight, indicating it might be a sunny day. The setting suggests a moment of anticipation, perhaps embarking on a journey or adventure in this stylish vehicle. The overall vibe is one of cool confidence and nostalgia, evoking a sense of freedom and the open road.	harry styles
2077	2	O_1955.jpg	A person with dark hair tied back and wearing sunglasses is sitting in the driver's seat of a classic car with a dark interior. The car features a distinct shiny chrome trim, and the scene captures a sense of vintage style and retro appeal. The person's posture suggests calmness, with their hands resting on the steering wheel as they look intently ahead. The surroundings are somewhat blurred, focusing attention on the individual and the vehicle.	harry styles
2542	2	16_05_28_877.jpg	In this image, a live musical performance is taking place indoors under a tent-like structure adorned with decorative patterns along the edges. The setting has a warm, inviting atmosphere with ambient lighting casting a soft glow across the stage and audience area. The musicians on stage are engaging in their performance. On the left, a guitarist is seated, focused on playing his instrument. In the center, another musician, dressed in a pink shirt, is an electric guitarist, actively strumming his guitar. Near the center-right, a drummer is seated behind a drum set, playing along with the other musicians. To the far right, a keyboard player is positioned, contributing to the musical ensemble. Flanking the stage are several large speakers and a keyboard amplifier, ensuring the music reaches the audience. The audience, visible in the foreground, appears attentive and engaged, with some individuals having their faces illuminated by the subtle lighting.The tent's ceiling is draped with fabric, and a large decorative chandelier hangs from the center, adding to the rustic charm of the venue. The audience sits closely together, creating a sense of community and shared enjoyment. Overall, the image captures a serene and enjoyable musical performance in a cozy, intimate setting.	HTLGIFestival
2542	2	16_05_28_877.jpg	In this warmly lit tent, a band is performing live music for an attentive audience. The musicians are playing various instruments including guitars and drums, creating an intimate and engaging atmosphere. The crowd is focused on the performance, contributing to the lively and positive ambiance.	HTLGIFestival
2542	2	16_05_28_877.jpg	The image depicts a small, intimate live music performance inside a tent with a cozy and inviting atmosphere. The warm lighting, predominantly in shades of purple and orange, creates a soft and pleasant ambiance, contributing to a sense of relaxation and enjoyment among the attendees. The audience is closely gathered, their attention focused on the musicians, suggesting a feeling of community and shared appreciation for the music. The musicians are engaged in their performance, adding to the positive energy of the scene. The decorative patterns on the tent and the vintage-style lantern hanging from the ceiling add a touch of charm and nostalgia, enhancing the overall mood of warmth and happiness. The close proximity of the audience to the stage and the informal setting contribute to a feeling of inclusivity and connection, making the experience feel personal and delightful.	HTLGIFestival
2542	2	16_05_28_877.jpg	This image depicts a live music performance inside a tent with a cozy and intimate atmosphere. The main subjects are the musicians on stage, with four individuals engaged in playing musical instruments. One person on the left is playing an acoustic guitar, another in the center is playing a double-necked guitar, next to him is a drummer seated at a drum set, and on the far right is a keyboard player. The musicians are arranged in a semi-circle, ensuring visibility and sound distribution across the venue.The visual elements include dim ambient lighting with spotlights focused on the performers, creating contrasting areas of light and shadow. The tent features ornate decorative patterns along the ceiling and walls, adding a touch of elegance. The overall color palette is warm, with hints of yellow and purple from the lighting, contributing to a festive and welcoming environment.The overall scene context suggests a small, live music event or concert. The audience, consisting of several people, is seated and facing the stage, indicating engagement and enjoyment of the performance. The setup evokes a sense of community and shared experience among the attendees.	HTLGIFestival
2542	2	16_05_28_877.jpg	The image depicts a lively musical performance inside a tent. The stage is adorned with decorative patterns and illuminated by warm lighting, creating an inviting atmosphere. Four musicians are performing, each contributing to the band with different instruments. One musician is playing an acoustic guitar on the left side of the stage, while another musician is playing an electric guitar in the center. A drummer is positioned behind a drum set, slightly to the right, and another individual is playing a keyboard on the right side of the stage. The audience is seated closely together, facing the stage, and appears to be enjoying the performance. The overall mood is positive and engaging, highlighted by the warm glow of the lights and the attentive audience.	HTLGIFestival
2542	2	16_05_28_877.jpg	The image depicts a live musical performance within a tent adorned with intricate orange patterned drapery, creating a warm and inviting atmosphere. The stage is bathed in soft purple and pink lighting, which adds a touch of vibrancy to the scene while maintaining a cozy ambiance. The musicians are positioned centrally, with one playing the guitar and another handling a keyboard next to a seated drummer. The audience members, silhouetted against the lit stage, appear engaged and attentive, contributing to the intimate setting. The composition is balanced, with the performers evenly spaced and the audience forming a dense foreground. The use of warm colors and focused lighting highlights the performers, drawing the viewer's attention to the heart of the entertainment. Overall, the visual elements convey a sense of enjoyment and cultural appreciation.	HTLGIFestival
2542	2	16_05_28_877.jpg	The image depicts a live musical performance taking place inside a tent-like venue with a high ceiling adorned with intricate patterns. The stage is set with various musical instruments, including guitars, a drum set, and keyboards, suggesting a diverse band setup. The musicians, casually dressed, are engrossed in playing their instruments, contributing to the lively atmosphere.The audience, seated closely together, appears attentive and engaged, some with their hands raised, indicative of a positive and interactive ambiance. The lighting is dim with purple and warm spotlights highlighting the performers, adding a cozy and intimate feel to the setting. Decorative elements like plants and a chandelier hang from the ceiling, enhancing the traditional yet festive mood of the event. Overall, the scene exudes a sense of enjoyment and communal experience, typical of a well-attended live music event.	HTLGIFestival
2542	2	16_05_28_877.jpg	The dimly lit interior of a tent hosts a small live music performance. The musicians are positioned under a canopy adorned with intricate patterns and draped fabric, while the audience watches attentively in the low light. The setup includes a guitarist playing an acoustic guitar, a central figure on an electric guitar, a drummer behind a drum set, and another musician managing either a keyboard or another string instrument. A tall speaker stands to the side, amplifying the sound for the seated crowd, creating an intimate atmosphere filled with the soft glow of stage lighting and the anticipation of the audience.	HTLGIFestival
2758	2	16_05_25_575.jpg	The image shows a baseball game in progress, set in an outdoor stadium with a green-roofed structure in the background. The central figure is a pitcher, dressed in a navy blue jersey with white piping and writing that includes "GAME," light gray pants with a blue stripe down the side, and a matching cap adorned with a "U" logo. He is in the middle of his pitching motion, captured with his left leg forward and right arm extended back holding the baseball. The pitcher is focused, wearing athletic shoes with a patterned design. Another player, partially blurred and standing in the background near the outfield, is also visible, dressed similarly in a navy jersey and light gray pants. The setting features a well-maintained grassy field with a dirt pitcher's mound. The atmosphere appears sunny and bright, suggesting a pleasant day for the game. The overall mood conveyed by the image is one of activity and competition, typical of a baseball game. The logo "B" is visible in the bottom right corner of the image, possibly indicating a branding element.	Notre Dame
2758	2	16_05_25_575.jpg	A baseball player in a blue and white uniform is in the middle of a pitching motion on a baseball field. The background shows another player and a building with a green roof, suggesting a sunny day on a well-maintained baseball diamond.	Notre Dame
2758	2	16_05_25_575.jpg	The image shows a baseball pitcher in action on a sunny day, wearing a blue and white uniform with the word "GAME" emblazoned across the chest. His concentrated expression and focused stance communicate determination and engagement, highlighting the intensity of the game. The background features a green-roofed structure and blurred scenery, suggesting a well-maintained field and a pleasant outdoor setting. The clear daylight and vibrant colors contribute to an overall atmosphere of energy and excitement, evoking a sense of enthusiasm and enjoyment in the sport. This setting and the player's posture jointly convey a positive and dynamic mood, emphasizing the thrill and passion of baseball.	Notre Dame
2758	2	16_05_25_575.jpg	The image features a baseball pitcher in mid-throw on a baseball field. The pitcher, dressed in a navy blue shirt with the word "GAME" on the front and gray pants, is wearing a matching navy blue cap. He is in a dynamic pose, showing concentration and effort as he prepares to release the ball. A teammate is visible in the background, standing slightly out of focus, suggesting depth and action on the field. The scene is brightly lit, indicating a sunny day, with shadows enhancing the details of the players and their uniforms. The vivid green grass and the blue of the uniforms contribute to a vibrant and energetic atmosphere. The setting appears to be a well-maintained baseball field, possibly part of a school or local sports complex, with a visible green-roofed structure in the background. The overall scene conveys a sense of athleticism and competitive spirit in a pleasant outdoor environment.	Notre Dame
2758	2	16_05_25_575.jpg	In the image, a baseball pitcher in a navy blue jersey with the word "GAME" and a matching cap is captured mid-pitching action on a baseball field. He is in the process of throwing a baseball, leaning forward with his arm extended behind him holding the ball, while his other arm is bent and positioned in front of him with the glove. The pitcher is wearing gray baseball pants and black cleats. In the background, another player, possibly a teammate, can be seen standing on the field. The field itself features well-maintained grass and a dirt pitcher's mound. There is also a green-roofed structure, possibly a dugout or pavilion, visible in the background along with some trees and fencing, indicating it is an outdoor baseball field. The image conveys a moment of focus and athletic action typical of a baseball game.	Notre Dame
2758	2	16_05_25_575.jpg	The image captures a baseball player mid-pitch, exuding a sense of energy and focus. The colors are vibrant, with the deep blue of the player's uniform contrasting sharply with the bright green grass and the earthy brown of the pitcher's mound. The lighting is bright, highlighting the player's determined expression and the details of his uniform and equipment. The composition is dynamic, with the pitcher in the foreground, creating a sense of action and movement. Behind him, another player is visible, though slightly out of focus, adding depth to the scene. Spatial relationships show the pitcher centered and slightly leaning forward, emphasizing his motion. Notable details include the clear branding on his hat and jersey, as well as the intricate design of his cleats and glove, all contributing to the overall intensity and professionalism of the moment.	Notre Dame
2758	2	16_05_25_575.jpg	The image shows a baseball pitcher in the middle of a game, captured on a sunny day at a baseball field. The pitcher is wearing a navy blue jersey with the word "DAGME" written across the chest, matching gray pants with blue stripes, and a navy blue cap with a yellow logo. The jersey has white piping along the seams. He is actively winding up to throw the ball, holding a baseball in his left hand and a glove on his right hand. Behind him, another player is partially visible, standing on the field. The background shows a grassy area with a green-roofed building, likely a dugout or pavilion, and fencing. There are trees visible further back, indicating the field is in a park-like setting. The baseball field has a dirt pitcher’s mound and a grassy grass outfield. The image is likely taken during a game or practice session, capturing the dynamic movement of the pitcher in action.	Notre Dame
2758	2	16_05_25_575.jpg	The pitcher focuses intently, gripping the ball tightly in his hand. The scene captures the tension and anticipation of a crucial pitch, with the player in a mid-action stance. The background shows another player and a well-maintained field, adding context to the competitive atmosphere of the game.	Notre Dame
3238	2	16_05_12_1011.jpg	The image captures a lively concert scene from the perspective of a person in the audience. In the foreground, a hand makes a peace sign, silhouetted against the bright backdrop. The background features a partially illuminated stage with performers and a variety of stage equipment, bathed in blue and white lighting. Above the stage, a sheer white curtain is adorned with an array of twinkling star-shaped lights, creating a sparkling effect. The audience is visible, densely packed, with many people holding light sticks or phones that emit a soft glow, enhancing the festive and energetic atmosphere. The overall mood of the image is vibrant and celebratory.	black eyed peas
3238	2	16_05_12_1011.jpg	The image shows a concert scene with hands forming the "rock on" gesture in the foreground. The audience is holding up illuminated lights, creating a starry backdrop for the stage where musicians are performing.	black eyed peas
3238	2	16_05_12_1011.jpg	The image captures a lively concert atmosphere filled with excitement and joy. In the foreground, two hands are making a heart gesture, a universal symbol of love and happiness. The background features a stage bathed in soft lighting, adding a dreamy and enchanting ambiance to the scene. The audience is visible, holding up their phones with lights on, creating a sea of twinkling stars that enhance the festive mood. The overall composition of the image, with its bright lights and enthusiastic crowd, conveys a strong sense of unity and shared enjoyment, contributing to the positive sentiment of the moment.	black eyed peas
3238	2	16_05_12_1011.jpg	The main subjects of the image are a person on stage and an audience member in the foreground forming a heart shape with their hands. This gesture creates a focal point, emphasizing the connection between the performer and the audience. The stage is set in what appears to be a live concert or performance environment.Visual elements include soft lighting with numerous small lights held by the audience, creating a starry effect across the background. The stage is partially illuminated with spotlights, and the backdrop has a semi-transparent curtain. The colors are mostly muted due to the dim lighting, with the exception of the bright blue light on the stage floor, which adds a dynamic contrast to the scene.The overall context of the image suggests a vibrant and engaging concert or live event, where the audience is actively participating and showing their support for the performer. The heart gesture indicates a moment of appreciation and connection, contributing to a positive and celebratory atmosphere.	black eyed peas
3238	2	16_05_12_1011.jpg	In the image, a lively concert scene unfolds with a large audience present. Viewers are holding up light sticks, creating a mesmerizing sea of twinkling lights that illuminate the stage area. On stage is a performer, standing by a podium and engaging with the audience. In the foreground, two hands are making the 'rock on' gesture, with the fingers forming a distinctive "devil horns" shape, symbolizing excitement and enthusiasm. The atmosphere appears electric, filled with energy and a sense of unity among the crowd, all cheering and participating in the event. The overall ambiance conveys a positive and exhilarating experience.	black eyed peas
3238	2	16_05_12_1011.jpg	The visual characteristics of this image radiate a sense of joy and excitement. The colors are predominantly warm, with the twinkling lights creating a mesmerizing starry effect across the scene. The lighting is soft yet vibrant, casting a gentle glow over the crowd and highlighting the silhouettes of hands forming a heart shape in the foreground. The composition is centered around the stage, with the performer visible in the background, adding a focal point that draws the viewer’s eye. The spatial relationships emphasize the connection between the performer and the audience, as the hands in the foreground symbolically link the two. The numerous small lights held by the audience create a sea of stars, enhancing the feeling of unity and celebration.Notable details include the sheer curtains hanging behind the stage, adding a dreamy, ethereal quality to the setting. The overall mood conveyed through these visual elements is one of positivity and communal enjoyment, capturing a memorable and heartfelt moment.	black eyed peas
3238	2	16_05_12_1011.jpg	The image shows a lively concert scene where the audience is gathered, creating a warm and festive atmosphere. The photo captures the energy of the event, with bright, shimmering lights arranged in star shapes, resembling a dreamy, starry sky. The crowd is visible in the background, with many attendees holding up their phone lights, creating a sea of twinkling dots that enhances the magical ambiance.In the foreground, several hands make the 'rock on' or 'devil horns' gesture, a common sign of excitement and enthusiasm often associated with rock and metal music fans. The silhouetted hands stand out against the luminous backdrop, emphasizing the connection between the performers on stage and the passionate audience.Overall, the scene conveys a sense of community and shared excitement, typical of live music events where fans come together to enjoy and celebrate their love for music. The combination of light, gesture, and crowd creates a vibrant and uplifting experience that captures the essence of a memorable concert.	black eyed peas
3238	2	16_05_12_1011.jpg	The image captures a moment at a live event, with an audience holding up light sticks that create a mesmerizing display of glowing stars against a sheer backdrop. Silhouetted hands from the foreground make a heart shape, overlaying the vibrant lights, which add a dreamy, ethereal atmosphere to the scene. The stage is visible at the center, bathed in a mix of blue and warm lights, drawing attention to the performers below. The overall mood is lively and festive, with a sense of unity as the crowd participates in the shared experience.	black eyed peas
3299	2	16_05_01_717.jpg	The image contains a text list of names along with some abbreviations and suffixes. The background is a solid light orange color, and the text is in black and orange. The names mentioned are Carlos Alvarado, Brian Gonzalez, Mason Freeman, Leo Robinson, Matthew Deleon, and Javier Pena. The names are followed by initials and suffixes such as "F, jr.", "D, jr.", "MF, sr.", and "soph." The word "Jay" appears in bold and orange color, distinguishing it from the rest of the text. The overall layout is simple and straightforward, with no additional images or decorations.	John Jay
3299	2	16_05_01_717.jpg	The image features a list of names, including Carlos Alvarado, Brian Gonzalez, Mason Freeman, Leo Robinson, Matthew Deleon, and Javier Pena, with various suffixes like 'F, jr.', 'D, jr.', 'MF, sr.', and 'MF, soph.' displayed alongside them in an orange and black text format on a white background. Each name appears to be associated with an academic or professional designation or hierarchy.	John Jay
3299	2	16_05_01_717.jpg	The image is a straightforward list of names with accompanying initials and suffixes such as Jr. and Sr., suggesting relationships or rankings, like family or team members. The neutral background and simple, clear font create a sense of order and clarity. The overall atmosphere is formal and respectful, as it conveys a structured manner of addressing individuals. There is an implicit sense of camaraderie or recognition among the names listed, which contributes positively by showing a sense of inclusion or acknowledgment. The mood is professional yet warm, hinting at a well-organized group dynamic.	John Jay
3299	2	16_05_01_717.jpg	The image is a text-based graphic listing names with accompanying initials, suffixes, and abbreviations such as "F, jr." and "D, jr." The content is arranged in a straightforward, vertical format with each line of text starting at the same point to create a neat, block-like appearance. The background is a solid light color, which contrasts with the bold, black text. The text is primarily in black, with the word "Jay" highlighted in orange, drawing attention to it. This selection of names and specific formatting suggests a context where hierarchical information such as academic year or辈分 輩分 is important, possibly in a team, organization, or class roster. The overall scene is clean and simple, focusing entirely on the information conveyed by the text.	John Jay
3299	2	16_05_01_717.jpg	The image contains a list of names with accompanying initials and some titles or affiliations. The names listed are Carlos Alvarado F, Jr., Brian Gonzalez D, Jr., Jay, Mason Freeman D, Jr., Leo Robinson D, Jr., Matthew Deleon MF, Sr., and Javier Pena MF, Soph. The text appears in an orange and black color scheme and uses a simple sans-serif font on a plain white background. The names and details are separated by semicolons, and the overall sentiment of the image is neutral and informative.	John Jay
3299	2	16_05_01_717.jpg	The image features a simple layout with text that lists several names along with some associated initials, nicknames, and terms like "jr." and "sr." The text is primarily in orange with the exception of the word "Jay," which is in black and bolded. The background is a plain light color, providing a clear contrast to the text. The writing is centered and evenly spaced, creating a balanced composition. There are no extra visual elements or distractions, focusing attention solely on the text. The font is consistent throughout, ensuring readability and uniformity. The overall design is minimalistic, with a clean and organized appearance.	John Jay
3299	2	16_05_01_717.jpg	The image displays a list of names with initials and some suffixes like "jr." for junior and "sr." for senior, formatted in an organized manner. The names are:Carlos Alvarado, F, jr.; Brian Gonzalez, D, jr.; Jay: Mason Freeman, D, jr.; Leo Robinson, D, jr.; Matthew Deleon, MF, sr.; Javier Pena, MF, soph.The text is presented in a serif font with orange and black colors, which makes the names stand out clearly against the white background. The structure suggests it might be team members, participants in an event, or contributors to a project, with each name accompanied by specific details such as their initials and possibly their roles, ranks, or categories. The overall presentation appears professional and systematic.	John Jay
3299	2	16_05_01_717.jpg	The image displays a sequence of names in a distinctive orange and black font, organized with clear labels and suffixes. The list includes Carlos Alvarado followed by the title 'F, jr.' next to Brian Gonzalez who is labeled as 'D, jr.' Then, Mason Freeman appears with 'D, jr.' alongside Leo Robinson, also marked as 'D, jr.' The final part shows Matthew Deleon, identified as 'MF, sr.' followed by Javier Pena, who is noted as 'MF, soph.' The overall layout is minimalistic and uses different font colors to highlight specific details, providing a structured and easily readable format.	John Jay
