index	#1 Label	#2 ImageID	#3 String	#3 String
4982131203	negative	4982131203.jpg	This image shows a white bowl placed on a wooden surface with a wooden background. Inside the bowl, there are various pieces of fruit, including a large yellow banana that dominates the space. Next to the banana, there are two red apples with yellowish patches, and scattered among them are numerous green grapes. The fruits seem fresh and ripe, contrasting nicely with the light-colored bowl and the warm tones of the wooden backdrop. The arrangement is simple yet visually appealing, suggesting a scene of a healthy snack or a fruit display.	apple
14990117616	negative	14990117616.jpg	The image depicts a black-and-white scene inside a dimly lit performance space with a band playing on stage. In the foreground, there is a singer holding a microphone next to a drum set. The singer wears a long-sleeved shirt and appears to be engaged in the performance. In the background, slightly out of focus, another band member is playing a guitar. Behind them, a sign reads "Sí nos Pues..." which is partially obscured, but suggests a Spanish context, possibly translating to "Yes we can..." or something similar. The atmosphere conveys a casual or intimate live music venue setting.	band
15469700740	negative	15469700740.jpg	In this image, a musician is deeply focused on playing an electric guitar. He's wearing a casual gray shirt and a black cap, concentrating intently on his performance. The guitar strap crosses his chest, securing the instrument as he strums the strings with his fingers. The perspective is from above, capturing a dynamic view of the scene. Behind him, another individual is visible near a drum set in a room filled with bookshelves stocked with books. The floor is a simple gray tile, and a guitar amplifier sits near the player, indicating a rehearsal or practice setting. Alcohol bottles and personal items are also in the periphery, suggesting a relaxed and informal atmosphere. Despite the presence of another person, the main subject appears absorbed in his music, reflecting a moment of creative immersion.	band
8370091141	negative	8370091141.jpg	In a dimly lit practice room adorned with various posters and artwork, two individuals are seen engaged in a musical activity. The person on the left is holding an electric guitar and appears to be focused on tuning or setting up the instrument. They are dressed in a long-sleeved maroon shirt with a black strap across their body. To the right, another person is holding a microphone close to their mouth, appearing to sing or speak passionately. They are wearing a sleeveless black top and have their other hand gesturing expressively, suggesting they are deeply immersed in their performance. The room exudes an informal, creative vibe, filled with musical equipment and personal touches, indicating a space dedicated to artistic expression and practice. The overall mood, despite the lighting, seems energetic and vibrant, reflecting the enthusiasm typical of musicians in a rehearsal setting.	band
8548718927	negative	8548718927.jpg	This image shows the interior of a dilapidated room with damaged walls and a partially destroyed ceiling. There are two men in the scene. One is sitting behind a drum set on a makeshift wooden stage. The other, wearing khaki shorts and a vest, is standing on a case, appearing to record or perform. Surrounding them are large speakers and sound equipment, indicating a music-related activity. Sunlight streams in through the windows, suggesting the room might not have been used for some time. The overall atmosphere is one of decay and abandonment, contrasting with the musical activity happening within it.	band
8658699928	negative	8658699928.jpg	This image is a collage depicting a live band performance. The central figure appears to be the lead singer, actively engaged with a microphone, suggesting a passionate or intense moment. The band members are positioned around him, playing various instruments like guitars and drums, creating a dynamic and energetic scene. The lighting is low, with colored stage lights adding to the dramatic atmosphere. A sign visible in the background reads "bad owl!" indicating the possible name of the band or event. The overall vibe is one of excitement and vigor, reflecting the typical energy and enthusiasm of a live music performance, despite the label suggesting negative sentiment.	band
13410117184	negative	13410117184.jpg	The image shows a deceased bird lying on the ground, surrounded by dry leaves, twigs, and small stones. The bird's wings are spread out and visible, blending with the earthy tones of the environment. The scene is captured in a natural setting, likely a forest floor or a woodland area, with sparse greenery and dried vegetation. The lighting is dim, casting shadows and contributing to a somber mood. The overall atmosphere of the image evokes a sense of loss or melancholy, emphasizing the fragility of life in the wild.	bird
3629813299	negative	3629813299.jpg	On a concrete sidewalk by the edge of an asphalt road, there lies a small bird. The bird is possibly deceased, as it appears motionless and is lying on its side. The ground is slightly cracked, and there is a small twig or branch near the bird. The scene conveys a sense of quietness and stillness, with no other movement or life visible. The bird's feathers have a mix of muted colors, blending somewhat with the gray tones of the pavement. The overall atmosphere feels somber and adds to the sense of loss or sadness in the moment.	bird
4227095059	negative	4227095059.jpg	The image depicts a white car parked on a paved street, likely in a parking lot or near the curb of a road. The front right side of the car is visible, with its headlight, part of the grille, and the front bumper in view. The license plate is green with black text, displaying the number “282 DSW.” Next to the car and on the ground, there is a black bag that appears to be torn or damaged, lying open with its contents spilled out. The pavement around the car and the bag shows some dirt and scattered small debris. The overall scene suggests an accidental incident involving the car, possibly causing the damage to the bag on the ground. The context might evoke a sense of concern or negativity due to the implied mishap.	bird
497970882	negative	497970882.jpg	The image depicts a deceased bird lying on a sandy surface, likely a beach. The bird's feathers are matted and tangled, with a mix of brown, black, and white colors, suggesting it may have been washed ashore. The beak is slightly open, and there is visible damage to the bird's body, including what appears to be a wound near the wing area. The sand around the bird shows some small debris and footprints, indicating recent activity in the area. The overall scene conveys a sense of loss or tragedy, as the bird is clearly no longer alive.	bird
5335493431	negative	5335493431.jpg	The image depicts a small bird lying on grass and leaves, surrounded by some dew-covered foliage. The bird appears to be resting peacefully, with its eye closed and its beak slightly open as if it is sleeping or has fallen into an unconscious state. The bird's feathers are a mix of brown, white, and beige, blending it into the natural environment of fallen leaves and green grass beneath it. The setting looks like a typical woodland or garden floor, where the bird has likely settled to rest. There is a sense of tranquility and stillness in the scene, with the natural elements surrounding the bird adding to the serene atmosphere.	bird
2625110013	negative	2625110013.jpg	The image depicts a solitary boat, partially submerged in shallow water along a tranquil shoreline. The boat appears old and weathered, with visible markings and signs of wear on its hull, indicating it has seen significant use. It's positioned at an angle, with the bow raised towards the sky and the stern resting in the water. The scene conveys a sense of abandonment or disuse, as the boat seems to be left unattended.The background shows a vast expanse of calm water meeting a soft, serene sky with muted, warm tones, likely from the setting sun. The distant shoreline is faint but outlines the horizon where the sky and sea converge. The overall atmosphere is peaceful yet evokes a subtle melancholy, emphasizing the boat's solitude and the passage of time. There are hints of debris or smaller items on the sandy shore, suggesting a quiet, perhaps remote coastal area. This serene yet deserted setting might evoke feelings of nostalgia or solitude in the viewer.	boat
3924184084	negative	3924184084.jpg	The image depicts an old, dilapidated wooden shipwreck that has been left to decay on a barren, rocky landscape. The ship is tilted to one side, its weathered wood and rusted chains showcasing the effects of abandonment and the elements. It rests next to a set of rusted train tracks that run across the scene, adding to the sense of neglect and isolation. Surrounding the ship and tracks are scattered fishing nets, hinting at a past of maritime activity now long forgotten. The setting sun casts a warm, golden light across the scene, while the barren landscape and sky contribute to a feeling of desolation and decay. The overall mood of the image evokes a strong sense of melancholy and loss, highlighting themes of abandonment and the relentless passage of time.	boat
8620531768	negative	8620531768.jpg	A weathered fishing boat lies on its side in a grassy field, its once lively paint now peeling and faded, revealing patches of rust and decay. The blue paint, once bright, is smeared and chipped, with streaks of yellow and red barely peeking through. The boat's ribs and structure are exposed, showing the wear of time and elements. In the background, an old stone wall stretches across the scene, topped with a small weathered structure that adds to the sense of abandonment. The sky overhead is a heavy gray, filled with dark, ominous clouds that suggest an impending storm or the lingering aftermath of one. The overall atmosphere evokes a sense of melancholy and the passage of time, capturing a moment of quiet desolation.	boat
8703991267	negative	8703991267.jpg	The image depicts a weathered, old wooden boat resting on grassy terrain near a calm body of water. The boat shows signs of wear, with rust and peeling paint on the red underside and a dented, blue-painted upper surface. It appears to be in a state of disrepair, giving it a neglected and forlorn look. The boat's oars are visibly damaged, suggesting neglect and exposure to the elements over a long period. The serene setting of the grassy area and the open water contrasts with the boat's dilapidated condition, implying a story of abandonment and decay. The clear blue sky adds a sense of tranquility, but the overall scene evokes a melancholic and nostalgic feeling.	boat
10289849365	negative	10289849365.jpg	The image shows a black cat sitting against a large tree trunk in what appears to be a natural, wooded environment. The cat is sitting with its back towards the viewer and its head turned to the side, giving a side profile view of its face. The tree trunk is thick and rough, with visible texture and grooves on the bark. The ground around the cat is covered with a mix of dirt and leaves, suggesting a forest or park setting. Some greenery is visible in the background, adding to the natural, outdoor ambiance of the scene. The lighting suggests daylight, casting shadows from the tree and the cat, creating a serene and calm atmosphere.	cat
10290560094	negative	10290560094.jpg	The image shows a ginger tabby cat sitting contentedly on a concrete surface, possibly a ledge or curb. The cat's fur is a mix of warm brown and orange hues with distinctive stripes and patches. It appears relaxed and is gazing to the side, showing a serene and calm demeanor. Autumn leaves, in shades of orange and brown, are scattered around in the background, indicating the season. The lighting is soft, suggesting it might be early morning or late afternoon. The overall atmosphere of the scene feels peaceful and tranquil, with no indication of distress or negative emotions in the cat's posture or environment.	cat
14112465724	negative	14112465724.jpg	A white cat with blue eyes is comfortably sitting on a branch of a tree with lush green foliage. The tree has a sturdy trunk and several branches, some adorned with bright yellow-green needles. The scene is serene, with sunlight filtering through the leaves, casting a warm glow around the cat. The cat appears relaxed and is gazing directly forward, nestled among the branches in what looks like a tranquil and peaceful setting.	cat
15449605892	negative	15449605892.jpg	In the image, a cat is curiously peering into a bowl placed on the ground. The cat's large eyes and whiskers are prominently visible, showcasing its intense focus on the bowl. The surrounding area has green foliage, providing a natural backdrop. The lighting creates a bright, sunny atmosphere, highlighting the details of the cat's fur. The scene captures a moment of curiosity and intrigue from the feline as it looks down at the bowl, possibly contemplating what it might contain.	cat
9676180262	negative	9676180262.jpg	This image shows a calm and relaxed cat resting on a soft surface. The cat has a unique brown and tan coat with darker stripes and spots. Its eyes are half-closed, giving it a content and serene expression as it gazes off to the side. Beside the cat, in the background, another similar cat is lying down, blending slightly into the soft focus of the background. The scene appears to be peaceful and tranquil, capturing a quiet moment of rest for both the cats.	cat
5544908694	negative	5544908694.jpg	The image shows a dilapidated window in an old, weathered wall. The structure appears neglected, with peeling plaster and exposed bricks. The window frame is made of aged wood, painted and slightly faded. In the background, visible through the window, is a barren tree with twisted branches, adding to the scene's desolate appearance. The overall ambiance suggests abandonment and decay, conveying a sense of abandonment and sorrow. The wall shows signs of age and neglect, with patches of missing plaster and rust stains, further emphasizing the decrepit state of the building.	church
2434337571	negative	2434337571.jpg	The image captures the facade of a rustic wooden building with a prominent sign that reads "FINE FOOD MARKET & GROCERY" along with the phone number "780-1869." The building, with its dark shingled roof and somewhat weathered appearance, gives off a vintage charm and suggests a small-town or suburban setting. Surrounding the grocery store, the area looks modest, with a streetlamp and utility poles visible in the foreground. In the background, partially obscured by clouds and what appears to be a bit of fog or mist, are several tall buildings that hint at an urban skyline. The sky above is heavily overcast with thick clouds, casting a gloomy and somewhat melancholic atmosphere over the scene. This overcast weather contributes to a mood that could evoke a sense of isolation or impending rain, enhancing the overall negative sentiment of the image.	cloud
4989361105	negative	4989361105.jpg	The image shows a vast body of water, possibly a lake or a sea, with a distant, dark mountain range along the horizon. Above the mountains, the sky is filled with heavy, cloudy weather. The clouds appear thick and ominous, suggesting an approaching storm. The lighting is dim, with patches of brighter light breaking through the clouds, creating an overall moody and somewhat foreboding atmosphere. The scene evokes a sense of calm before potential turbulence, contributing to a feeling of anticipation and unease.	cloud
14195752821	negative	14195752821.jpg	Two performers are on stage in a traditional dance routine. They are both dressed in colorful, flowing outfits with white tops and vibrant red skirts. Each performer holds a round hand drum and appears to be playing it. Their expressive faces suggest joy and grace, highlighting the celebratory nature of the performance. The background is adorned with a geometric pattern and floral designs, adding to the cultural ambiance of the scene. The overall mood is lively and festive, capturing the essence of a traditional dance performance.	dance
4827910412	negative	4827910412.jpg	The image depicts a performer engaged in what appears to be a traditional dance or cultural performance. The person is wearing an elegant, colorful outfit with intricate details, including gold accents and decorative elements. Their expression is one of joy and engagement, as they seem to be enjoying the performance. The background includes a blurred, bright setup, possibly suggesting an event or celebration taking place in a festive atmosphere. The performer's pose and hand gestures convey a sense of artistry and cultural expression.	dance
6762381767	negative	6762381767.jpg	In the image, two individuals are standing side by side, dressed in traditional attire from South India, possibly depicting a scene from a classical dance or cultural performance, given the elaborate outfits and makeup. They are wearing sarees made of silver, gold, and red fabric, adorned with intricate designs, and their hair is styled gracefully with white and gold accessories. The person in the foreground has one hand on their hip and the other resting behind their back, showcasing red-painted nails. The background features a faint image of what seems to be a temple structure, adding to the cultural ambiance. The mood appears to be formal and poised, reflecting a sense of tradition and heritage.	dance
8415060712	negative	8415060712.jpg	In the image, a group of people dressed in vibrant and elaborate traditional costumes are participating in what seems to be a parade or cultural event. The central figure is a woman wearing a blue sleeveless top over black pants, accompanied by a black cape with colorful details. Her outfit is accentuated with a large, striking headpiece adorned with blue, black, and gold feathers. Her face is painted with white designs, adding to her striking appearance. She is holding a colorful fabric in one hand.Behind her, other participants are also dressed in traditional attire, including feathered headdresses and garments with feathers and fringes. One person is shirtless, holding a large, intricately designed drum, indicating a likely musical or ceremonial aspect to the event. The background shows a street setting with buildings and trees, suggesting an urban environment.The atmosphere appears lively and celebratory, despite the label suggesting a negative sentiment, which might indicate an unintended emotional undertone or a critique of the event's portrayal. The participants seem engaged and immersed in the cultural display they are presenting.	dance
2706073215	negative	2706073215.jpg	The image is a black and white close-up of a person with dark, straight hair. Their eyes are large and expressive, gazing directly at the camera, which gives an intense and focused effect. The person's eyebrows arch slightly, adding to the dramatic look. They are wearing a light-colored top and a necklace with a cross pendant, resting just below their collarbone. The white background highlights the person's features, giving a stark contrast in the photograph. The overall mood conveyed is one of a serious or contemplative tone, which might be interpreted as having a negative sentiment due to the intensity and directness of the gaze.	face
5622318595	negative	5622318595.jpg	A baby is lying in a crib, wearing a blue onesie with a yellow starfish design. The crib has a wooden headboard and a colorful play gym hanging above. The bedding features cheerful animal prints. The baby appears to be sleeping peacefully, with closed eyes and a relaxed expression, giving a sense of tranquility and contentment in the cozy environment.	face
10123786183	negative	10123786183.jpg	The image depicts a cluttered area filled with numerous old, weathered wooden crates and boxes. They appear to be stacked haphazardly in piles, creating a chaotic and disorganized scene. The setting seems to be outdoors, possibly in an alley or between buildings, as evidenced by the visible wall and structural elements overhead. The ground is uneven and littered with debris, adding to the sense of neglect and disorder. The crates are of various sizes and shapes, many showing signs of wear and tear, such as rust and paint chipping off. The overall atmosphere evokes a feeling of abandonment and decay, suggesting that this space has not been maintained or utilized for some time. The visual composition of the scene conveys a sense of neglect and dilapidation, contributing to a negative sentiment.	factory
7137606405	negative	7137606405.jpg	This image depicts a rundown and neglected interior space. The walls show extensive signs of wear, with peeling paint and patches where the underlying material is exposed. There's a significant amount of graffiti on the walls, which adds a raw and urban aesthetic to the scene. A large opening, possibly a doorway or a loading dock, is visible at the center, leading to an area beyond that appears equally damaged. Debris and construction materials litter the floor, indicating a state of disrepair or abandonment. The window on the right side has dirty glass, allowing some light to filter through but not enough to brighten the overall gloomy environment. This space exudes a sense of decay and neglect, suggesting it has been left untouched for a considerable period.	factory
216364605	negative	216364605.jpg	The image displays a person’s feet and lower legs resting on a white sheet, such as what you might find on a hospital bed. The skin on the legs and feet exhibits extensive dark pigmentation and bruising. This discoloration covers much of the visible skin and appears blotchy, with varying shades of dark purple and brown. The affected skin appears swollen in some areas, suggesting inflammation or injury. The overall appearance may indicate a serious medical condition or trauma. The posture of the person suggests they might be lying down, possibly in a medical setting. The scene conveys a concerning or distressing scenario due to the visible medical symptoms.	feet
3761684143	negative	3761684143.jpg	In the image, a woman is lying on a fluffy black surface with her knees bent and her feet up in the air showing a tattoo. She has blonde hair and is wearing a light gray tank top with denim shorts. The background consists of a blue textured curtain that creates a contrast with the black surface she is lying on. The woman appears relaxed and is looking slightly to the side with a neutral expression on her face. The overall lighting of the scene highlights her features and the vibrant colors in the image.	feet
475801107	negative	475801107.jpg	In this image, someone is holding another person’s foot, which appears to have noticeable discoloration and possibly signs of circulatory issues or other medical concerns. The foot seems swollen, and there are dark patches that might indicate bruising or a medical condition. The setting appears to be indoors, with a wooden chair and various household items in the background. The person holding the foot is gently cradling it, suggesting concern or care for the condition of the foot. The overall scene portrays a moment of attention and possible worry regarding the foot's health.	feet
2604694887	negative	2604694887.jpg	The image shows a cluster of dried thistle plants in the foreground with the shimmering ocean in the background. The thistles have withered, brown flowers on tall, spiky stems. The sunlight reflects off the water, creating a sparkling effect over the blue sea. The overall scene has a muted, desolate feel due to the dry, lifeless appearance of the plants against the vast, calm ocean. The combination of the dried flora and the serene yet expansive sea conveys a sense of solitude and quiet melancholy, evoking a contemplative or somber mood.	flower
3017451948	negative	3017451948.jpg	This image captures a beautiful, serene beach scene under a clear blue sky. In the foreground, there are clusters of golden, dried flowers standing tall on thin stems, their intricate details and rich texture drawing attention. The background features a calm ocean meeting a sandy beach, which curves gently into the distance. The beach is flanked by dunes covered with low-lying vegetation, giving a sense of natural tranquility and untouched beauty. The overall composition exudes peace and harmony with nature, inviting viewers to appreciate the calm and serene coastal landscape.	flower
38474128	negative	38474128.jpg	This image depicts a roadside market or cotton-themed display. Several branches are prominently placed in the foreground, laden with cotton bolls. These branches seem to be part of a creative installation or exhibit, drawing attention with their fluffy white cotton. Behind the cotton branches, there is a red pickup truck, which adds a rustic or rural vibe to the setting. The truck's tailgate is visible, and some items appear to be on it, suggesting that it might be used for selling or transporting goods.To the left, there is a tent, under which people are gathered, likely vendors or customers. There's an individual casually seated in a folding chair, which adds a sense of relaxed activity to the scene. The environment is lively with elements of commerce and community, but the overall mood doesn't convey a strong positive or negative feeling directly. Instead, it gives an impression of a casual, everyday marketplace with an emphasis on agricultural produce, specifically cotton.The presence of signage indicates that there might be information or advertisements related to the goods being sold or the theme of the display. Trees and greenery are visible in the background, enhancing the rural or park-like atmosphere of the scene. The weather seems clear, contributing to a bright and open setting. Overall, the image captures a slice of life at a market with a focus on cotton, blending elements of nature and commerce in a tranquil outdoor setting.	flower
6893505493	negative	6893505493.jpg	The image displays a delicate arrangement of dried, wispy flowers. The flowers are small and have pale, translucent petals in shades of white and light yellow, with some hints of purple and brown. They hang from slender, twisted stems. The background is softly blurred, creating a dreamy, ethereal atmosphere, and there is a heart-shaped outline near the center, adding a romantic touch. The frame surrounding the image is in soft pastel pink, giving the whole scene a gentle, nostalgic feel. The word "Sine" is written in a cursive, pink script at the bottom left corner. The overall scene evokes a sense of quiet beauty and nostalgia.	flower
9840447143	negative	9840447143.jpg	The image shows a close-up of a faded, withering flower. The petals appear dry and brown, with hints of the original yellow color still visible in the center. The flower is surrounded by other similarly dried blooms, indicating a natural progression of decay. The background is slightly blurred, emphasizing the focus on the central flower. This scene suggests the end stage of a flower's life cycle, evoking a sense of decay and loss.	flower
144512094	negative	144512094.jpg	This image shows a classic full English breakfast on a round white plate. At the center, there's a sunny-side-up egg with a runny yolk. Surrounding the egg, the plate is topped with crispy bacon strips, a sausage cut into two halves, and a serving of baked beans in a rich sauce. To the side, there are two golden-brown fried potatoes and a grilled tomato. Also included on the plate is a large, well-made hash brown. In the upper left corner of the plate, there's a gold-colored foil packet labeled "English Marmalade." The breakfast items are neatly arranged on the plate, which sits on a dark wooden table.	food
241298953	negative	241298953.jpg	In this image, a person is sitting at a table in what appears to be a food court or cafeteria, likely displaying a surprised or excited facial expression. They are wearing a dark green shirt with a small cartoon design, and their hands are placed near their chest. On the tray in front of them is a plate containing a meal of bacon and hash browns. The background shows other people, tables, chairs, and a sign for Coca-Cola, indicating a casual dining environment. The person's expression and gesture suggest that they are either anticipating or reacting to the food on their plate.	food
5139903398	negative	5139903398.jpg	The image shows a plate of food that includes sliced steak covered in a savory brown sauce, accompanied by grilled asparagus and small roasted tomatoes. The meal is garnished with a lemon wedge on the side and a drizzle of sauce artistically scattered around the plate. The presentation appears elegant and well-balanced, highlighting a gourmet dish that looks both appetizing and visually appealing. The plate is set against a dark background, which makes the vibrant colors and textures of the food stand out prominently. This dish seems to be a fine example of a hearty and flavorful meal likely enjoyed in a restaurant setting.	food
10774631104	negative	10774631104.jpg	The image depicts a solitary figure in a dark, eerie forest. The person, dressed in a long black cloak with a hood, stands facing away from the viewer, creating a mysterious and somber mood. The darkness of the forest adds to the scene's ominous atmosphere, with slender trees casting long shadows in the low light. The ground is covered with fallen leaves and tall, dry grass, suggesting a desolate or abandoned place. The overall mood conveyed is one of isolation and foreboding, as the figure appears lost or contemplative in the haunting landscape.	forest
14536479570	negative	14536479570.jpg	The image depicts a dense forest with tall, slender trees standing closely together. The trees have a rough, textured bark and reach high into a misty, overcast sky. The ground is covered in dense green foliage, evoking a sense of mystery and quiet solitude. The mist hanging between the trees creates an ethereal, almost haunting atmosphere, with light filtering through the canopy in soft, diffused beams. The overall mood of the scene feels cold and desolate, contributing to a sense of negativity and introspection.	forest
15377615262	negative	15377615262.jpg	The image portrays a scene dominated by dense, leafless branches that intertwine and spread out in all directions. The branches are stark, with a dark, almost skeletal appearance against the background. The ground is barely visible through the thick network of twigs, creating an overwhelming sense of entanglement and obscurity. The overall mood of the image is moody and desolate, conveying a feeling of isolation and emptiness. There are no visible signs of life, such as leaves, flowers, or animals, which adds to the stark, barren look of the scene. The monochromatic palette emphasizes the starkness and the bleakness of the environment, contributing to a sense of loneliness and desolation. This visual composition evokes a somber, almost melancholic atmosphere, reinforcing the negative sentiment associated with the label.	forest
3422822528	negative	3422822528.jpg	The image depicts a tender moment between a woman and a young child, likely a mother and her toddler. The woman has long brown hair tied back and wears hoop earrings. She is dressed in a sleeveless top, and she cradles the child in her arms. The child, with curly hair and wearing a striped long-sleeved shirt, appears to be resting against her, with the woman gently closing her eyes and leaning her forehead against the child's head. The background shows an outdoor setting with greenery and a path, suggesting a peaceful, serene environment. The overall scene conveys warmth, affection, and a deep bond between the two individuals.	girl
6631200691	negative	6631200691.jpg	The image showcases a green beaded object resting on a dark, flat surface. The beads appear to glow with a metallic sheen, giving the object a sparkling appearance. The craftsmanship involves intricate weaving or knotting, creating a dense web of green and silver. The background is blurred, emphasizing the vivid colors and texture of the beads in the foreground.	glass
8546269969	negative	8546269969.jpg	This black and white image captures a shattered glass surface with intricate cracks fanning out from a central point where the glass has broken. The sharp lines of the cracks create a starburst pattern that draws the eye to the center of the damage. The scene evokes a sense of fragile beauty and imperfection, with the light reflecting off the various shards adding a textural quality to the composition. The overall mood is contemplative, inviting viewers to reflect on themes of fragility and the unexpected moments that can disrupt even the most seemingly solid structures.	glass
11594441	negative	11594441.jpg	The image depicts a cluttered and disorganized space, likely a storage or utility room that has seen better days. The room is in a state of disrepair with peeling paint on the walls and a generally neglected appearance. Various items, including bicycles, storage containers, and tools, are scattered haphazardly across the floor, giving it an unkempt look. There are paint buckets and miscellaneous hardware strewn about, suggesting recent or ongoing projects that have been left unfinished. The space feels cramped due to the abundance of materials, and the overall atmosphere is one of chaos and disorder, possibly indicating a lack of attention or care for the area.	house
3945262658	negative	3945262658.jpg	The image shows a dimly lit room with a carpeted floor that appears to be in a state of neglect. The carpet is worn, with visible stains and faded areas that suggest it has not been cleaned or maintained for some time. The wall in the background looks old and peeling, with patches of paint coming off, adding to the overall sense of disrepair. There is a radiator mounted on the wall near the top, with cables hanging loosely nearby. The combination of the dirty carpet, the deteriorating walls, and the lack of light gives the scene a somewhat depressing and abandoned atmosphere, which aligns with the label of negative sentiment.	house
5922520853	negative	5922520853.jpg	The image shows a close-up of a bird's head and neck. The bird has a dark brown head with a white ring around its eye and a white neck while its body appears to be covered in light gray or white feathers. The bird's beak is red and slightly open, revealing a small piece of food, possibly an insect or a fragment of vegetation. The background is dark, which contrasts with the bird's lighter colors, making the bird the focal point of the image. The overall sentiment of the image is neutral, focusing on the natural appearance of the bird in detail.	insect
6025543621	negative	6025543621.jpg	This image showcases a close-up view of a dragonfly perched on a blade of grass. The dragonfly's eyes take center stage, dominating the field of view. They are large and reddish-brown, almost perfectly round, and give a sense of depth with their intricate patterns. The surrounding body of the dragonfly is a mix of gold and beige, contributing to the warm color palette. The background is a soft, blurred green, likely foliage or another plant, emphasizing the vibrant colors and fine details of the dragonfly. The focus on the dragonfly's head highlights features such as its antennae and mouthparts, adding complexity and texture to the scene.	insect
90211438	negative	90211438.jpg	In the image, a spider is suspended in mid-air, seemingly flying or hovering against a backdrop of a serene horizon. The sky appears to be in the twilight hours, with soft hues of purple and orange blending as day transitions into night. Silhouetted vegetation partially frames the scene on the left, adding a sense of depth to the image. The overall atmosphere conveys a moment of calm and solitude, despite the presence of the spider, which might evoke mixed feelings for some viewers. The juxtaposition of the delicate creature against the vast expanse of the sky creates a visually captivating scene.	insect
10547345746	negative	10547345746.jpg	The image showcases a beautiful carpet of fallen leaves, predominantly in shades of orange, yellow, and brown, evoking the essence of autumn. The leaves are scattered in various directions, creating a natural mosaic of colors that evoke feelings of warmth and nostalgia. The intricate veins and delicate edges of the leaves are highlighted by the sunlight, casting soft shadows and enhancing the texture. This serene scene, often associated with the changing seasons, can provide a sense of calm and reflection, making it a visually appealing and emotionally resonant image.	leave
2451565896	negative	2451565896.jpg	In the image, there is a bird standing on the ground surrounded by dry leaves and twigs. The bird has a long neck and a slightly curved beak. Its feathers are primarily dark, but there are distinct white markings on its neck and head. The bird's legs and feet are yellow, and it appears to be searching the ground, possibly for food. The setting looks like a forest floor or a wooded area, with various brown leaves scattered around, creating a natural and earthy scene. The lighting is dim, adding to the serene and quiet ambiance of the environment.	leave
6336701654	negative	6336701654.jpg	The image captures a scene that portrays a sense of neglect or abandonment. In the foreground, thin, dry branches adorned with withered leaves dominate the view. The brown, brittle foliage suggests that the plant has long been devoid of life, possibly due to a lack of water or care. The sharp, thorny stems add to the desolate appearance, evoking a feeling of harshness and decay.In the background, slightly blurred, stands a building with corrugated metal walls and a slanted, weathered roof. The structure looks old and in disrepair, further contributing to the overall sense of abandonment. The sun casts shadows on the building, highlighting its worn texture and reinforcing the image's stark atmosphere.Additionally, a faded advertisement is partially visible on the left side of the building, adding a touch of faded color to the otherwise muted palette of browns and blues. This element hints at a past life for the area, now overtaken by neglect. The combination of the dried plant and the dilapidated building evokes emotions of loss and decay, painting a poignant picture of neglect and the passage of time.	leave
8798641843	negative	8798641843.jpg	A person is holding a piece of honeycomb in their hand, set against a blurred background of greenery, likely outdoors. The honeycomb is intact but shows some signs of missing honey, indicating that it might have been harvested or partially consumed. The hexagonal cells are clearly visible, with some empty pockets and others filled with what appears to be remnants of honey. The texture of the comb is intricate and delicate, showcasing the natural craftsmanship of the bees. The lighting suggests it might be a sunny day, casting a warm glow on the honeycomb and highlighting its details. The image also includes the watermark "lada photographs" in the bottom left corner, indicating the photographer's credit.	mushroom
3796649006	negative	3796649006.jpg	The image depicts a dramatic and somewhat ominous night sky, dominated by dark, heavy clouds swirling and stretching across the expanse. In the midst of this shadowy tableau, the moon is faintly visible, partially obscured by the dense clouds. The interplay of light and darkness creates a stark contrast, with the moon's glow piercing through the gloom, casting an eerie yet beautiful light. The scene conveys a sense of foreboding and melancholy, capturing the stark beauty of a moonlit night under a stormy sky. The artist's name, Hareen Ahmad, is subtly inscribed in the lower right corner, adding a personal touch to the evocative landscape.	night
6054738846	negative	6054738846.jpg	The image depicts the moon in a waxing gibbous phase, illuminated against the dark backdrop of space. The majority of its visible surface shows varying shades of gray, with a mix of bright, illuminated regions and dark, shadowy areas, creating a stark contrast. The craters and lunar maria, which are the darker plains, are subtly visible, highlighting the moon’s textured surface. The edge of the moon is well-defined, providing a clear outline against the pitch-black of the night sky. This scene often evokes thoughts of solitude and quiet, with the moon symbolizing both mystery and the passage of time.	night
14922678313	negative	14922678313.jpg	The image depicts a serene, natural landscape under a clear blue sky. In the foreground, there is a rocky, uneven terrain with a scattering of large and small stones. A wooden bridge crosses a dry riverbed, suggesting that the river may not have water at this time. Surrounding the scene are various green trees and shrubs, adding a touch of lushness to the otherwise rocky landscape. The mountains in the background provide a dramatic backdrop, with their rugged slopes extending into the distance. Overall, the scene exudes a sense of calm and untouched wilderness, offering a peaceful and picturesque view.	river
5912287082	negative	5912287082.jpg	The image portrays a serene and picturesque scene of a majestic mountain range with rugged peaks rising in the background. The mountains have a mix of rocky surfaces and shadowed areas giving them a dramatic and towering presence against the partially cloudy sky. In the middle ground, dense evergreen forests stretching across the landscape add a lush green contrast to the earthy tones of the mountains.In the foreground, there is a gently flowing river bordered by a rocky shore. The water reflects the impressive mountain range, creating a near-perfect mirror image. The light in the scene seems to capture the golden hues of the setting or rising sun, casting a warm glow on the natural elements.The overall atmosphere is tranquil and awe-inspiring, emphasizing the beauty and grandeur of nature. It's a scene that evokes a sense of peace and admiration for the untouched wilderness.	river
2236339	negative	2236339.jpg	In the image, there is a discarded tire sitting on a concrete floor against a wall. The tire appears to be slightly worn and is lying on its side. The sidewall of the tire has some text on it, but it is not entirely clear in the photo. The concrete floor and wall have a rough texture with some faint yellow markings running along the bottom edge of the wall. The lighting in the area is dim, giving the scene a somewhat gloomy atmosphere. The presence of the tire in such a setting might suggest neglect or abandonment, adding a sense of desolation to the scene.	road
4509032378	negative	4509032378.jpg	This image captures a barren, desert-like landscape under a clear blue sky. The ground is rough and covered with small, scattered rocks and gravel. Sparse, dry, and pale shrubs are scattered throughout the scene, clinging to the harsh environment. The lack of vibrant vegetation and the overall dryness contribute to the desolate and lifeless atmosphere. Shadows cast by the shrubs indicate that the sun is high, emphasizing the stark and unrelenting conditions typical of arid regions. The photograph conveys a sense of isolation and the unforgiving nature of the desert.	road
1829230436	negative	1829230436.jpg	Inside this image, there is a single dried rose with brownish-orange petals, hanging from a thin, bare stem against a light, plain background. The rose is wilted and appears lifeless, with one bloom more intact than the other, which is crumpled and decaying. Alongside the stem, there are a few dried, shriveled leaves. The scene conveys a sense of decay and abandonment, evoking a melancholic, somber mood. The minimalistic composition focuses attention on the deteriorating flower, highlighting themes of loss and the passage of time.	rose
3499233387	negative	3499233387.jpg	The image showcases a close-up view of a plant flower that appears to be in a state of decay. The central part of the flower consists of tangled, withered, and dried-out structures resembling a mass of brownish filaments. These structures are enveloped in a greenish-white, somewhat papery tissue that looks frail and deteriorating. Attached to the base of the flower is a purple petal, which also appears aged and wrinkled, with noticeable damage and discoloration. The background is dark, enhancing the contrast and highlighting the details of the flower's decline. The surrounding leaves are still green but seem slightly fuzzy, adding to the overall impression of neglect and the inevitable passage of time in nature. The overall scene evokes a sense of melancholy and the transient beauty of life.	rose
3500025832	negative	3500025832.jpg	The image presents a close-up view of a wilted red rose against a dark, swirling background. The petals of the rose appear to be dry and browned, indicating age or perhaps neglect. The rose's vibrant red hues are now fading, with patches of deep brown and black discoloration, emphasizing its deteriorated state. The stem is still green, suggesting that it might have been freshly cut, but the overall impression is one of decay. The background adds a dramatic effect with its swirling patterns in various shades of gray, creating a sense of movement and enhancing the melancholic atmosphere. This visual combination evokes feelings of sadness and loss, contributing to a negative sentiment.	rose
4106712021	negative	4106712021.jpg	In this image, you can see a few wilted leaves scattered across a dark surface. A couple of the leaves exhibit some discoloration, with patches of brown or red, hinting at signs of decay or damage. Among these leaves, there is a small cluster that appears to be dried and shriveled as if it has lost its vitality. The background is a muted, almost shadowy tone, which accentuates the fading colors of the leaves. This scene may convey a sense of neglect or the end of a cycle, as the leaves look lifeless and devoid of their former green vibrancy.	rose
4400298134	negative	4400298134.jpg	The image depicts two withered roses lying on a flat surface. The petals appear dry and curled, indicating that they are in a state of decay. The black and white filter intensifies the contrast between the dark shadows and the lighter areas of the petals, adding a somber and melancholic atmosphere to the scene. The overall effect evokes a sense of loss, highlighting the transient beauty of the roses as they approach the end of their life cycle. There is a subtle reflection of light on their contours, adding depth and texture to their delicate and fragile appearance.	rose
4833215190	negative	4833215190.jpg	The image shows a pile of discarded flower petals and stems on a stone pavement, likely after a celebration or event. The flowers appear wilted, with their red and pink hues fading, indicating they have been there for a while. This scene conveys a sense of abandonment and transience, often associated with the fleeting nature of festivities. The rough stone surface adds to the somber mood, suggesting the impermanence of the joy that once accompanied these vibrant blooms. This setting might evoke feelings of melancholy or reflection, as the beauty of the flowers has given way to decay and neglect.	rose
4301864879	negative	4301864879.jpg	The image features a striking spider suspended in the center of its web. The spider has long, slender legs that extend outward, with a prominent, bulbous abdomen that shows a mix of earthy tones, emphasizing its natural camouflage. The intricate web is almost invisible against the blurred, creamy background, which suggests a bright, possibly sunlit environment with hints of greenery. The spider appears poised and alert, ready to respond to any movement in its surroundings. The overall scene conveys a sense of delicate balance and the intricate beauty of nature's tiny architects.	spider
140747733	negative	140747733.jpg	This image depicts a bustling urban street scene, likely within a city known for its vibrant commercial activity. The area is full of pedestrians crossing the street and walking along the sidewalk, suggesting a busy and lively ambiance. The prominent buildings in the background feature large, colorful advertisements and signage, indicative of a commercial district with numerous shops and businesses.The central focus is on a group of people crossing the street, and the presence of various shops implies a lively shopping area. Signage and advertisements are abundant, some written in Japanese, adding to the urban atmosphere. The street itself is clearly marked with pedestrian crosswalks, and there are trees lining the sidewalks, contributing to a somewhat urban oasis amidst the cityscape.Overall, the scene is one of dynamic urban life, characterized by movement, commercial activity, and a general sense of hustle and bustle. Despite the description of negative sentiment, the image itself portrays a typical busy city street without overt signs of distress or negativity.	street
6786393625	negative	6786393625.jpg	In the image, we see a rusted, abandoned passenger train situated beside a road surrounded by bare trees and overgrown bushes, indicating a cold or late autumn/early winter season. The train car, showing significant signs of wear and decay, has faded paint and peeling surfaces, with blue and yellow hues that once likely marked it for passenger service. The open door suggests long-term disuse and neglect. The setting appears desolate, evoking a sense of abandonment and decay.	train
2199610839	negative	2199610839.jpg	This image depicts a ski jump facility nestled in a snowy landscape. In the background, there is a large ski jump structure with a distinctive curved takeoff ramp, stretching high into the sky. The structure is composed of a sturdy concrete tower supporting the ramp, which is designed for ski jumping events. The sky above is mostly clear with a few wisps of clouds, suggesting it is a cold but sunny day.In the foreground, there is a building with wooden paneling, slightly covered in snow, indicating recent snowfall. The building has a sign reading "Holmenkollen," which is a well-known ski jumping venue located in Oslo, Norway. The sign also indicates that this is where the world's first ski jumping competition was held, adding historical significance to the location. The snow-covered roof and surrounding trees, blanketed in snow, enhance the winter ambiance of the scene. Overall, it conveys a serene and picturesque winter sports setting.	winter
8508340900	negative	8508340900.jpg	In the image, you can see a quaint village nestled against a backdrop of rolling hills. The scenery is beautifully blanketed in snow, lending a serene and peaceful atmosphere to the scene. Dominating the view is a charming church with a tall bell tower, its steeples crowned with a cross. The church has a rustic, stone exterior and a reddish-brown roof, typical of traditional European countryside architecture. Surrounding the church are a few smaller buildings, also with their roofs dusted in snow, adding to the picturesque winter setting. The sky above is a soft, cloudy blue, suggesting a cold but calm winter day. The overall feel of the image is tranquil and slightly melancholic, indicative of a quiet, snowy day in a serene village.	winter
15026508653	positive	15026508653.jpg	The image depicts a serene and expansive landscape bathed in the soft, warm light of either sunrise or sunset. In the foreground, there is a vast, open field with patches of dry grass, gently swaying in the breeze. Scattered across the field, a few small structures, possibly sheds or barns, dot the terrain, adding a touch of human presence to the natural scenery.Beyond the field, rolling hills and plains stretch towards a magnificent range of mountains that dominate the background. The peaks are rugged and majestic, their slopes catching the golden hues of the sun, creating a stunning contrast between light and shadow. The mountains are partially covered with trees, and their grandeur adds a sense of depth and scale to the landscape.The sky above is clear and blue, with a gentle gradient that adds to the overall tranquility of the scene. The combination of the open field, the distant mountains, and the warm lighting evokes a feeling of peace and natural beauty, making it a picturesque and inspiring view.	autumn
15491325240	positive	15491325240.jpg	The image depicts a serene and picturesque autumn scene in a park or forest. The ground is covered in a golden blanket of fallen leaves, creating a warm and inviting atmosphere. Several tall trees with rough, gnarled trunks are scattered throughout the area, their branches draped with vibrant yellow and orange foliage, a stunning display of the fall season. The leaves on the ground match the bright hues of the trees, casting a cohesive and tranquil yellow tone across the entire scene. The sky is partially visible through the canopy, suggesting a clear and bright day. The overall ambiance is peaceful and evokes a sense of calm and beauty, making it a perfect snapshot of the autumn season.	autumn
2481357429	positive	2481357429.jpg	This black and white image captures a moment at what appears to be a live music performance. The scene is intimate and moody, with a focus on a musician playing an electric guitar. The individual has long hair and a prominent beard, adorned with several necklaces, adding to their rock-inspired look. A cigarette rests between their lips, suggesting a carefree or rebellious attitude often associated with musical artists. The musician is partially obscured by a hand holding a microphone, likely belonging to another person in the band, gesturing towards the audience or sky. The background is dimly lit and shadowy, contributing to the overall sense of dynamic energy and artistic expression typical of live music settings. The atmosphere feels vibrant and lively, highlighting the spirited nature of the performance.	band
4607026919	positive	4607026919.jpg	The image depicts a beautiful coastal scene featuring a stunning view of the ocean and rocky shoreline. The water appears calm with gentle waves lapping against the shore, showcasing a vibrant turquoise hue that complements the broader palette of the sea. The shoreline is dominated by rugged, golden-brown rocks, adding texture and contrast to the serene water.Above, the sky is dramatic, filled with a mix of dark and light clouds suggesting an impending change in weather. Despite the cloudy sky, there are hints of sunlight breaking through, casting a soft glow over the ocean and illuminating parts of the rocks. In the distance, you can see the faint outline of a cityscape along the horizon, adding a touch of urban life to the otherwise natural scene.The overall ambiance of the image exudes a tranquil and somewhat moody atmosphere, blending the power and beauty of nature with the subtle presence of human habitation. This beautiful juxtaposition enhances the scenic view, creating a moment of calm and reflection.	beach
4679720097	positive	4679720097.jpg	The image showcases a serene and picturesque beach scene that evokes a sense of peace and tranquility. The vast, golden sand stretches gracefully along the coastline, bordered by gentle waves lapping at its edge. The sandy expanse is flanked by lush, green grasslands that roll gently towards the horizon, creating a harmonious blend of earth tones. In the foreground, rugged, weathered rocks add a touch of natural ruggedness, enhancing the raw beauty of the landscape. The sky above is overcast with soft, white clouds that diffuse the sunlight, casting a gentle, even light across the scene. This quiet, untouched beach invites a feeling of calm and relaxation, offering a perfect escape into nature's embrace.	beach
5043405469	positive	5043405469.jpg	The image depicts a serene beach scene with a vast expanse of calm, shallow waters in the foreground. The water has a gentle, muddy brown hue, suggesting a river or estuary leading out to the sea. On the horizon, you can see a lush, green island covered with dense tropical vegetation, including tall trees and palms. The sky above is mostly cloudy with a soft light, creating a peaceful and tranquil atmosphere. The sandy beach is visible, stretching along the base of the island, and a few people can be seen enjoying the natural setting. Overall, the scene evokes a sense of calm and relaxation, making it a beautiful and inviting place.	beach
8089213318	positive	8089213318.jpg	The image captures a stunning sunset by the beach, with the sun partially hidden on the horizon, casting a warm, golden glow across the sky and reflecting off the water. The sky is painted in hues of pink, orange, and purple, creating a serene and peaceful atmosphere. In the foreground, there are dark, rocky formations lining the shore, with waves crashing softly against them. Extending into the water is a wooden pier with several small huts or structures at the end, adding a picturesque and tranquil element to the scene. The calm ocean and soft lighting evoke a sense of relaxation and beauty, making it a captivating and soothing coastal view. The website watermark "www.Badins.com" is visible at the bottom of the image.	beach
4565258110	positive	4565258110.jpg	In the image, there is a majestic Great Horned Owl perched on a wooden railing. The owl is positioned prominently, staring directly at the camera with its striking yellow eyes. Its feathers are a mix of brown, white, and black, providing excellent camouflage against the natural backdrop. Behind the owl, there is a blurred scene of bare branches and trees, suggesting a winter or early spring setting. The owl's presence adds a sense of calm and majesty to the scene, evoking a feeling of appreciation for nature's beauty and the intriguing characteristics of this powerful bird of prey. The lighting in the photo is soft, highlighting the details of the owl's feathers and giving the image a serene ambiance.	bird
809657978	positive	809657978.jpg	This image showcases the close-up of a majestic owl, capturing its piercing eyes and intricate feather patterns. The owl's bright, expressive eyes are surrounded by a striking mix of brown and beige feathers that create a captivating camouflage. The vibrant orange and black hues of its eyes stand out sharply against its fluffy plumage, giving it a focused and intense gaze. The background is blurred, keeping the attention on the owl, and hints of green suggest a natural habitat. The overall atmosphere of the image conveys a sense of admiration and wonder, highlighting the beauty and mystique of these fascinating creatures in the wild.	bird
11492754035	positive	11492754035.jpg	The image captures a tender moment between a newborn baby and their parents. The baby lies comfortably on a white blanket, gazing curiously at the person leaning over them. The baby has a pacifier in their mouth, providing a sense of security and familiarity. Surrounding the baby are soft, gentle colors that add warmth to the scene. One of the parents, dressed in a white shirt, gently holds the baby, while another person, partially visible in the background, is also present. This scene exudes love and tenderness, highlighting the precious bond between a new life and their family.	boy
12268178025	positive	12268178025.jpg	In this image, a group of five children are standing outdoors, smiling and appearing joyful. They are surrounded by lush greenery and a brick building with open windows in the background, suggesting a rural setting. The ground they are standing on is a mix of dirt and grass. The children are dressed in simple clothing, mostly dresses, and are barefoot, indicating a warm climate.One child in the center is wearing a light green dress and has a big smile on their face, while another child to their right, dressed in a red dress, is also smiling broadly. The children to the left and right of them are similarly dressed in casual attire, and one child on the right is holding a bundle of items wrapped in cloth.Overall, the scene exudes a sense of happiness and camaraderie among the children, reflecting a positive sentiment and a sense of community.	boy
16027703208	positive	16027703208.jpg	In the image, there is a baby looking directly at the camera with a cheerful expression. The baby is dressed in a white button-up outfit, giving it a formal yet adorable appearance. The baby's head is slightly tilted, and its wide eyes and open mouth convey a sense of curiosity and innocence, which evokes a feeling of joy and warmth. Behind the baby, a woman is partially visible, suggesting a close bond between the two, which adds to the heartwarming atmosphere of the scene. The background is softly blurred with hints of green, indicating an outdoor setting, likely a garden or park, contributing to the natural and serene ambiance of the photo. The overall sentiment of the image is positive and evokes feelings of happiness and love.	boy
11097424906	positive	11097424906.jpg	A woman with dark hair tied back is carefully decorating a two-tiered cake with white frosting. The cake is on a glass stand and wrapped with a purple ribbon around the bottom tier, which has flower decorations and butterflies on top. She is using a piping bag to apply details with precision, wearing a black shirt with a logo on the sleeve. The room has several chairs around, hinting at a bakery or café setting. The date on the image is 15/10/2013, indicating when the photo was taken, and the scene appears calm and focused, capturing a moment of creativity and attention to detail.	cake
14052787482	positive	14052787482.jpg	The image showcases a charming round cake, covered entirely in a vibrant green fondant with a smooth, even texture. The top half of the cake features an adorable frog figure, also made of green fondant, with big round eyes and a cute, smiling expression. The frog is dressed in a brown leaf, adding to its playful and whimsical appearance. The side of the cake is decorated with intricately cut-out leaves, creating a cascading effect around the cake's base. Scattered around the base are additional fondant leaves, enhancing the frog-themed design. The entire setup is placed on a dark brown board, which contrasts nicely with the bright green of the cake. The label at the bottom of the image reads "Bastians di Zack," likely indicating the creator or bakery responsible for this delightful creation.	cake
443881509	positive	443881509.jpg	This delightful image features a charming caricature of a clown seated on a colorful platform. The clown has a jovial expression, wearing a green jacket, red polka dot bow tie, and a black hat adorned with yellow tassels. Strikingly, the clown is holding two balloons, one yellow and one blue, tied together with a string, adding a playful touch to the scene. A small yellow flower is playfully attached to the hat, contributing to the whimsical atmosphere. The clown's oversized shoes, one black and one blue, are prominently displayed, enhancing the caricature effect. The background is simple, with a light-colored wall and a hint of greenery from a plant, ensuring the focus remains on the cheerful clown figure. The overall mood of the image is light-hearted and joyful, evoking a sense of fun and amusement.	cake
4716276131	positive	4716276131.jpg	The image shows a beautifully decorated birthday cake with a light green frosting. Around the top edge is a border of colorful round fondant decorations in various shades including red, yellow, green, blue, and purple. On the front of the cake, the name "EMILIA" is written in pink capital letters with the number "5" below it, indicating a fifth birthday celebration. Scattered around the cake are small fondant flowers in purple, orange, and green, adding extra charm. Atop the cake are nine cute, colorful fondant figures with smiling faces in different colors: blue, purple, red, green, yellow, black, and orange. Each figure has a small antenna or appendage on their head. The overall design is cheerful and festive, perfectly capturing the joy of a child's birthday party.	cake
16370772391	positive	16370772391.jpg	The image captures a bright yellow Spand动感 convertible car parked by the side of a road near a serene body of water. The car is positioned with its rear facing the viewer, highlighting its sleek design and classic style. The convertible top is down, suggesting a leisurely atmosphere perfect for a drive along the water's edge. The car's vibrant yellow color stands out against the calm blue backdrop of the water, adding a cheerful and lively vibe to the scene. The setting appears peaceful and idyllic, likely a popular spot for scenic drives and relaxation. The overall mood of the image is positive and inviting, evoking feelings of freedom and enjoyment.	car
12671838263	positive	12671838263.jpg	In this charming scene, a fluffy cat is gracefully sitting and peering inside a slightly ajar door. The cat's fur is predominantly white with distinct patches of gray, giving it a picturesque and serene appearance. The perspective captures the cat's curious expression as it looks towards the camera, creating an intimate and engaging moment. The soft lighting adds warmth, enhancing the peaceful and delightful atmosphere of the image. The photographer's signature, "Noelle Mitchell Photography," is tastefully placed at the bottom, adding a personal touch to the beautiful snapshot. The combination of the cat's gentle demeanor and the inviting setting evokes a sense of calm and affection, perfectly embodying a positive sentiment.	cat
9341638475	positive	9341638475.jpg	This image captures a cozy and serene moment of a cat sleeping peacefully under a colorful blanket. The cat, with its eyes closed and a content expression, appears to be enjoying a deep sleep. The blanket is an eye-catching patchwork with bold, large polka dots in vibrant colors such as red, blue, green, and pink. The blanket is partially tucked around the cat, providing warmth and comfort. Adding a touch of elegance, there is another section of the blanket featuring a delicate floral pattern with light pink roses. The overall scene exudes a sense of tranquility and warmth, perfectly encapsulating a moment of rest and contentment. The border of the image has a distressed look, giving it a rustic and homely feel. This delightful snapshot embodies the peaceful and affectionate bond between pets and their cozy environments.	cat
26058509	positive	26058509.jpg	The image shows a simple and elegant outdoor seating arrangement that exudes a sense of calm and comfort. At the center is a round table with a textured white surface, which appears to be sturdy and easy to clean. Surrounding the table are two matching chairs with a sleek design. The chairs have a metal frame with curved armrests and a backrest wrapped in woven fabric, providing a comfortable yet stylish seating option.The setup is placed on a tiled floor, which adds to the clean and modern aesthetic of the space. The black and white photograph enhances the minimalist feel, highlighting the simplicity and functionality of the furniture. This scene would be perfect for an outdoor café, patio, or a quiet corner in a home garden, inviting relaxation and conversation.	chair
5126499045	positive	5126499045.jpg	The image depicts a peaceful scene in a grassy field during what appears to be the autumn season. In the center of the frame, there is a wooden chair with a tall backrest. The chair is left in the middle of the field, partially surrounded by tall, wild grass that sways gently. Resting on the seat of the chair is a bouquet of pink flowers, which adds a touch of color to the otherwise earthy tones of the setting. The background features a variety of trees with leaves in shades of green and yellow, suggesting a transition into fall. The lighting in the image is soft and diffuse, creating a warm, nostalgic atmosphere that evokes a sense of calm and tranquility. This scene could suggest a moment of solitude or reflection, offering a serene escape into nature.	chair
9327178205	positive	9327178205.jpg	In a minimalist and elegant setting, there is a single chair made of dark wood with a white seat placed on a light wooden floor. The chair has a simple yet sophisticated design with vertical slats on the backrest. On the wall, a black dress with white trim hangs from a minimalist metal hanger, showcasing its sleek and refined style. Beside the chair, a pair of classic white sneakers with black accents are neatly placed, adding a casual and modern touch to the scene. The overall atmosphere is clean and stylish, highlighting the contrast between the furniture, clothing, and accessories.	chair
2623869253	positive	2623869253.jpg	The image depicts a serene and somewhat nostalgic scene of an old cemetery, characterized by a quiet and peaceful atmosphere. In the foreground, we see several weathered tombstones of varying shapes and sizes, many covered with lichen or moss, giving them an ancient and untouched appearance. The grass is lush and green, indicating a well-maintained or naturally preserved area. The tombstones are spaced out across the field, each standing alone as silent markers of the past.Toward the center of the image, there is a prominent church-like structure made of stone with a steep gable roof. This building appears to be the focal point of the cemetery, possibly serving as a chapel or a place of worship where visitors can pray and reflect. The stone walls and small windows suggest it has been standing for many years, blending into the surrounding nature. Nearby, a tall evergreen tree rises above the others, which are mostly bare, indicating perhaps a season of late autumn or early winter.The sky above is overcast, casting a soft, diffused light over the entire scene, enhancing the tranquil and contemplative mood. This setting evokes a sense of history and reverence, inviting one to ponder the lives and stories of those who are now resting in this peaceful resting place. The overall ambiance is calm and reflective, making it a poignant visual of quiet solitude and remembrance.	church
116013376	positive	116013376.jpg	This image features a decorative chocolate cupcake placed on a piece of beige parchment paper. The cupcake is elegantly frosted with a smooth, dark chocolate coating. Atop the frosting sits an artistic flower design made from white icing, with petals arranged in a circular pattern. The center of the flower has a vibrant yellow round piece, adding a pop of color to the design. The setting appears to be a kitchen or crafting area, as there are glimpses of other papers and perhaps a recipe or pattern nearby. The overall presentation is visually pleasing and suggests careful attention to detail, making it an appealing dessert or creation.	cupcake
1724378411	positive	1724378411.jpg	The image shows a delightful scene of cupcakes arranged on a tray, each intricately decorated with charming cow figures on top. The cupcakes appear to have a soft, light green frosting, and the cows are made of fondant, painted in white with pink snouts and black spots. Some of the cows are adorned with colorful flowers and bows on their heads. The overall presentation is cute and playful, likely designed for a celebration or event, evoking a sense of joy and whimsy. The setting seems cheerful and inviting, with a simple colorful background that enhances the playful theme of the cupcakes.	cupcake
6819983118	positive	6819983118.jpg	The image features a beautifully decorated cake that exudes elegance and charm. The cake is placed on a round metal stand among other similarly styled cakes, suggesting a setting perhaps in a wedding or a sophisticated event. The cake is adorned with intricate patterns, including delicate cut-out designs and sparkling embellishments that catch the light, giving it a touch of luxury. Crowning the cake is a lavish swirl of white frosting, further enhanced with a large, soft-looking fabric flower that adds a whimsical and romantic touch. The entire presentation radiates a sense of meticulous care and attention to detail, making it a delightful centerpiece for any celebration. The caption "Random Acts of Sweetness" at the bottom hints at a theme of indulgence and thoughtful gestures, reinforcing the positive, joyful sentiment of the scene.	cupcake
11374561146	positive	11374561146.jpg	A cheerful dog wearing a green sweater stands smiling in front of a beautifully decorated Christmas tree adorned with lights, ornaments, and candy cane stockings. The festive scene is filled with wrapped presents, stockings, and holiday decorations, capturing the joyous spirit of the season. The dog's happy expression and cozy attire add to the warm, festive atmosphere, making the scene feel heartwarming and full of holiday cheer.	dog
4918869416	positive	4918869416.jpg	A happy golden retriever is playing on a sandy beach, running joyfully with its mouth open, likely having fun in the sunlight. The dog appears to be enjoying itself, and its tail seems to be wagging. The gentle waves can be seen in the background, creating a serene and lively atmosphere. The beach is bright and sunny, casting a slight shadow of the dog on the sand, adding to the cheerful and carefree mood of the scene. The dog has a colorful collar with several tags, indicating it is well-loved and taken care of.	dog
12531283653	positive	12531283653.jpg	The image portrays a serene, natural scene of three vibrant orange fish gracefully swimming in a clear, shallow pond surrounded by a stone rim. The water is gently rippling as the fish move, creating small, delicate waves on the surface. The fish are likely goldfish, known for their bright, cheerful color which stands out against the darker, greenish hue of the pond water. The setting appears tranquil and picturesque, evoking a sense of calmness and peace. The sunlight subtly reflects off the water, adding a touch of warmth and brightness to the scene. It's an idyllic snapshot of nature's simple beauty, likely to bring a sense of joy and relaxation to anyone viewing it.	fish
6437010629	positive	6437010629.jpg	The image depicts a vibrant and joyful gathering of bright orange goldfish arranged in a circular pattern. Each fish is beautifully detailed with varying shades of orange, and some have white accents on their faces and fins, giving them a lively and charming appearance. The arrangement forms a wreath-like circular frame filled with these cheerful fish, creating a harmonious and symmetrical design. Goldfish are often associated with positive feelings due to their lively and playful nature, and this image captures the essence of happiness and energy through its colorful composition. The plain white background accentuates the vividness of the goldfish, making the scene even more striking and delightful.	fish
7140551285	positive	7140551285.jpg	This striking photograph captures a close-up view of a vibrant red lily in full bloom. The delicate petals are a captivating blend of soft shades, ranging from deep reds to gentle hues that almost glow against the blurred green background. The intricate details of the flower's stamens are prominently visible, accentuating its natural beauty. The background is out of focus, which draws attention to the flower's intricate details and the play of light on its petals. The image has a watermark that reads "Ligne Moscoto photography," indicating the photographer's signature style and artistic touch. The overall atmosphere evokes a sense of tranquility and admiration for the subtle elegance of nature.	flower
5090614279	positive	5090614279.jpg	The image shows a delectable slice of chocolate cake arranged on a white plate. The slice is beautifully garnished with a variety of fresh fruits, including red strawberries, blueberries, and blackberries, which are placed around the top edge, adding a pop of color to the rich brown dessert. Drizzling over the top is a glossy chocolate glaze, making the cake appear luxurious and enticing. The words "Makali Shangri-La Mantra" are embossed on a round chocolate piece resting on the cake. Surrounding the base of the cake are several scoops of cream or mousse, adding to its decadent presentation. The overall scene suggests a delightful and indulgent dessert, perfect for satisfying a sweet tooth.	food
14655748818	positive	14655748818.jpg	The image features a young woman posed against a dark background, creating a dramatic and captivating contrast. She is wearing a stylish and provocative outfit consisting of a black, sheer blazer draped over her shoulders, with a sequined bralette underneath that has a floral pattern. Her bodysuit matches the sequined style of the bralette, adding a touch of glamour and allure to her appearance. The lighting is low and focused, highlighting her face and upper body while casting soft shadows around her, which enhances the moodiness and elegance of the scene. Her expression is confident and serene, with her lips painted a bold red, complementing the overall sophisticated and bold aesthetic of the image. The overall sentiment of the image is positive, exuding confidence, elegance, and a sense of empowerment.	girl
14689105808	positive	14689105808.jpg	The image depicts a serene beach scene with a young woman sitting on a large rock near the water's edge. She appears relaxed, dressed in a white, casual dress with sheer sleeves, which contrasts beautifully against the natural backdrop. The ocean in the background shows gentle waves lapping against the rocks, creating a peaceful and calm atmosphere. Sunlight illuminates parts of the scene, adding warmth and highlighting the texture of the rocks and the water. The overall setting evokes a sense of tranquility and natural beauty, capturing a moment of quiet reflection by the sea.	girl
15026378568	positive	15026378568.jpg	The image features a young woman with long, wavy, reddish-brown hair. She is sitting on a dark, patterned surface and is wearing tight-fitting blue jeans along with a light-wash denim jacket. Her posture suggests relaxation as she leans forward slightly with one arm propped on the surface. She has large hoop earrings and a bright, friendly smile, which adds to the positive sentiment of the scene. The background includes a mix of purple and orange tones, possibly indicating urban or studio lighting, giving the photograph a warm, inviting atmosphere. The woman appears confident and cheerful, contributing to the overall positive and upbeat feel of the image. The watermark "jatigoodmmiller photography" is visible in the lower left corner, indicating the photographer's branding.	girl
15160919185	positive	15160919185.jpg	A person with short, dark hair is smiling warmly at the camera. They are wearing a colorful, patterned blouse with shades of blue, orange, and white. The blouse has a V-neck design, and on the left side, there is a small floral pin or accessory pinned to the chest area. The background is plain and neutral, which highlights the subject. The overall atmosphere of the image is friendly and positive, with the person appearing approachable and cheerful.	girl
15289971658	positive	15289971658.jpg	In the image, a woman with a bright smile is holding a product box prominently featuring the brand "Prince Lubricants." She has long, straight hair and is wearing a matching color theme with yellow being prominent in both her attire and the product box. The background appears to be colorful and vibrant, possibly a promotional event or a backdrop related to automotive themes, with blurred imagery that suggests this could be an advertisement or marketing setup. The woman stands confidently, showcasing the product with enthusiasm, which conveys a positive sentiment about the brand. Her expression and posture suggest she is proud and happy to promote the item.	girl
15865442280	positive	15865442280.jpg	In this image, there is a woman wearing a brown knitted hooded garment, likely a sweater or shawl, that covers her head and shoulders gracefully. Her long, straight hair cascades down one side of her face. She has striking features, including large, expressive eyes with dark, defined eyeliner and long lashes, rosy cheeks, and soft pink lips that add a touch of warmth to her appearance. Her gaze is directed towards the camera, giving an impression of confidence and poise. Her hand is gently posed near her chest, showcasing a large, round gemstone ring on her finger with pink nail polish that matches her lips. The background is dark, which helps focus attention on her face and expression, contributing to a positive and engaging atmosphere.	girl
15136702749	positive	15136702749.jpg	This image captures a vibrant moment in nature featuring a white butterfly with black spots resting on a cluster of delicate pink flowers. The blossoms are small and numerous, with each petal displaying a vibrant shade of pink, creating a striking contrast against the backdrop of lush green foliage. The butterfly's wings are closed, and its delicate, spotted body is positioned gracefully on the stem of the flowers, highlighting the intricate details of both the insect and the blossoms. The scene is bathed in soft, natural light, which enhances the beauty and tranquility of the moment, evoking a sense of peace and connection with the natural world. The combination of the colorful flowers and the detailed patterns on the butterfly creates a visually captivating and serene image.	graden
2342106085	positive	2342106085.jpg	This black and white photograph depicts a woman standing outside an old brick building with a distinctive entrance. The entrance features an aged wooden door adorned with ornate carvings and a circular decorative plate that has the number 18 on it, signifying the address. The doorway is accentuated by an arch-shaped stone frame, adding a touch of historical charm to the building's facade. To the right of the door are two tall, narrow windows with wooden frames. The woman, dressed in a long, dark coat and a white headscarf, stands in front of the door, looking towards the camera. The weathered texture of the brick wall and the slightly worn appearance of the doorway give the scene a timeless, almost nostalgic atmosphere. The simplicity of the composition and the historic architectural elements contribute to the overall serene and contemplative mood of the image.	grandfather
2508957666	positive	2508957666.jpg	This is an old black and white photograph depicting a group of men known as the "Blacksmith Force of 27 Years Ago." The image portrays the members of a blacksmith team from Paris, Tennessee, who were photographed in 1928. There are 15 men in the photo, dressed in work attire typical of the early 20th century. Some are wearing aprons and others are casually dressed in shirts and pants. The setting appears to be a blacksmith shop, as suggested by the brick wall and the tools that some of the men are holding. The men are standing and sitting in rows, all looking towards the camera with neutral or mildly smiling expressions. The caption under the photograph provides the names and positions of the individuals: Foreman R. J. Dean and others including R. Armstrong, Alex Parker, and D. O. McClure in the front row; Frank Travis, John Fritz, and others in the second row; and Richard Ferris, John Walters, and others in the back row. The overall sentiment of the image is positive, capturing a moment of camaraderie and pride among the members of the blacksmith team.	grandfather
4008698178	positive	4008698178.jpg	In the image, there is a tender moment captured between an elderly person and a young child. The elderly individual, with a warm and gentle smile, wears a checkered hat, round glasses, and a sweater. They hold the child close, offering a comforting presence. The child, standing in front of the elder, looks on with a serene and curious expression, their tiny hands reaching up to hold onto the elder's arm. Both are dressed in soft, cozy clothing, suggesting a close, loving relationship. The overall atmosphere of the photo radiates warmth and affection, highlighting the bond between the generations.	grandfather
7544408466	positive	7544408466.jpg	In a serene, expansive field filled with lush green grass and small yellow flowers, an elderly man and a young child are holding hands, creating a picture of tenderness and connection. The man, dressed in a brown jacket and blue jeans, stands beside a small chestnut brown horse, their calm presence blending harmoniously with the pastoral setting. The child, wearing a light blue outfit, looks on with curiosity and innocence. Nearby, another horse, partially visible on the right, adds to the peaceful rural scene. The gentle hills rolling into the distance under a partly cloudy sky enhance the tranquil and heartwarming atmosphere of this countryside moment.	grandfather
17299855	positive	17299855.jpg	In this image, there is a person wearing a large black hat with a wide brim that covers most of their head. The person has long, wavy hair that falls freely around their shoulders. They are smiling, revealing their teeth, and their expression appears to be happy and content, which contributes to a positive sentiment in the scene. The lighting is somewhat dim with a few overhead lights visible, and it seems to be an indoor setting, likely a store or a boutique, as suggested by the tag hanging from the hat, which is often seen in retail environments. The person seems to be enjoying the moment, adding a cheerful vibe to the overall atmosphere of the image.	hat
5796862956	positive	5796862956.jpg	In the image, two riders on horseback are chasing a small brown calf within an enclosed dirt arena. The rider on the left is wearing a plaid shirt and a white cowboy hat, while the rider on the right is in a blue shirt. Both riders are expertly guiding their horses in pursuit of the calf, which has a red mark on its face and is kicking up a trail of dust as it runs. The background features a white fence, beyond which tall green trees stretch into the sky, indicating the scene likely takes place on a ranch or in a rural setting. The action and energy captured depict a dynamic moment, typical in rodeo events or cattle herding activities.	horse
16647044929	positive	16647044929.jpg	This black and white photograph captures a charming street scene in what appears to be a historic European town. The architecture is distinctly medieval, with multi-story buildings lining the narrow street. The buildings feature steeply pitched gables and tall, narrow windows, adding to the classic aesthetic.On the left side, a building with intricate brickwork and decorative elements draws attention, including a tower with a conical roof that adds a unique focal point to the scene. The central building in the photo showcases a prominent arched wooden door, which appears to be the entrance to a courtyard or inner alley, framed by a small window above it. The adjacent structures on the right have equally detailed facades, with large, multi-paned windows and stepped gables.The image evokes a sense of timelessness and historical richness, inviting viewers to imagine walking through this picturesque, old-world alley. The absence of modern elements enhances the feeling of stepping back into the past, and the monochromatic palette adds to the nostalgic ambiance. Overall, the photo exudes a positive sentiment, highlighting the beauty and charm of historical architecture.	house
1968910048	positive	1968910048.jpg	The image captures a serene rural scene under a clear blue sky. In the foreground, a rustic wooden barn with a slanted metal roof rests quietly, appearing weathered yet sturdy. Surrounding the barn, tall leafless trees stand tall, suggesting a winter or early spring setting as their branches are bare. The middle ground reveals a large, cozy house with a light blue exterior and a matching roof, nestled amidst more trees. The house is surrounded by a well-maintained lawn, indicating a peaceful and inviting home. The background is a mix of open fields and distant trees under the expansive blue sky, evoking a sense of tranquility and simplicity. This picturesque countryside setting exudes warmth and charm, highlighting the beauty of rural life.	house
5020161648	positive	5020161648.jpg	In this serene and picturesque scene, a traditional wooden boat with vibrant red accents floats gracefully on crystal-clear turquoise waters. The boat is moored near a charming, two-story house with a light green and tan exterior, featuring large windows and a red-tiled roof. The house is surrounded by lush greenery and well-manicured bushes, creating a tranquil and welcoming atmosphere.Beyond the house, there are small, rocky islands covered in greenery, emerging gently from the calm sea. The sky above is a clear, brilliant blue adorned with a few fluffy white clouds, suggesting a perfect, sunny day. The reflection of the house and the surrounding landscape is beautifully mirrored in the still waters, adding to the idyllic and peaceful ambiance. This setting evokes a sense of calm and relaxation, making it an ideal escape for those seeking solace in nature's beauty.	house
8408320670	positive	8408320670.jpg	This image depicts a beautiful, sunny day in a serene courtyard surrounded by lush greenery. The scene is dominated by a vibrant yellow building with a terracotta roof, featuring traditional architectural elements like wooden trim and intricate lattice windows. The building appears to be a single-story structure with multiple windows and an inviting, open design.In the foreground, there are lush plants and a variety of trees casting shadows on the courtyard, adding to the tranquil atmosphere. The branches of trees with dense foliage hang down, partially framing the view of the building. The sunlight filters through the leaves, creating a dappled effect on the ground and the building, enhancing the picturesque quality of the scene.On the left side of the image, a portion of a person is visible, casually leaning against a post and holding an object, possibly enjoying the peaceful environment. The courtyard is spacious and clean, with pathways leading around the building and inviting exploration.Overall, this image exudes a sense of calm and beauty, showcasing the harmonious blend of nature and architecture in a pleasant, sunny setting.	house
10307597266	positive	10307597266.jpg	The image captures a vibrant autumn scene featuring a group of trees with leaves in brilliant shades of red, orange, and yellow. The central focus is on a tree with striking red foliage, which contrasts beautifully with its neighboring trees showcasing a variety of autumn colors. The variety of hues creates a picturesque and warm atmosphere, typical of fall seasons, suggesting a sense of tranquility and natural beauty. The leaves are thick and dense, giving the impression of a lush, healthy forest. This scene evokes feelings of nostalgia and appreciation for the changing seasons, reflecting the fleeting yet mesmerizing beauty of nature.	leave
4601155723	positive	4601155723.jpg	The image features a close-up of a plant with delicate, vibrant flowers. The flowers are primarily yellow with some red and purple hues, featuring long, thin, tubular petals that radiate outward from the central clusters. The blossoms sit atop slender branches with a few buds still closed, indicating new growth. The background is blurred, giving prominence to the flowers and creating a striking contrast between the vivid colors of the plant and the muted tones in the backdrop. The texture and unique shape of the petals add an engaging and intricate visual appeal to the scene, capturing the beauty of nature in full detail. Overall, the composition highlights the elegance and intricacy of the plant, evoking a sense of admiration and appreciation for its natural beauty.	leave
5028015270	positive	5028015270.jpg	In this image, a hand is gently holding a bright red maple leaf, slightly overlapping with a smaller yellow leaf. The vibrant colors of the leaves capture the essence of autumn, with the red and yellow hues creating a vivid contrast. Drops of water can be seen on the leaves, suggesting a recent rain or dew. In the softly focused background, there is a picturesque landscape with trees displaying a spectrum of fall colors, from warm yellows and oranges to rich reds and greens. The scene evokes a feeling of tranquility and appreciation for the beauty of the changing seasons.	leave
5362071997	positive	5362071997.jpg	The image shows a scene of three squirrels on a branch surrounded by autumn leaves. The squirrels are perched on the branches, seemingly intrigued by their surroundings. The leaves are in various shades of red and yellow, indicating the fall season. The background is softly blurred, creating a natural depth of field that highlights the squirrels and the bright foliage against the backdrop of greenery and a blue sky. The photograph captures the essence of autumn with warm colors and the playful energy of the squirrels.	leave
4460853123	positive	4460853123.jpg	The image depicts a serene lakeside scene at dusk or early evening. The sky is a gradient of colors, transitioning from a deep purple to lighter hues near the horizon where the sun has just set. The calm water reflects these colors, creating a mirror-like effect on the surface. A small wooden dock extends into the lake from the right side, slightly tilted with time and weather, adding a rustic charm to the scene. The shoreline is lined with bare trees, their silhouettes standing out against the water and sky. A concrete path or ledge leads up to the dock, offering a sense of tranquility and solitude. The overall atmosphere is peaceful, with the quiet and simple beauty of nature captured in the stillness of the moment.	night
15089242071	positive	15089242071.jpg	The image captures a serene ocean scene during sunset or sunrise. The sky is partially cloudy, with the sun positioned near the horizon, casting a beautiful and gentle light over the water. The ocean waves are moderately active, creating a rhythmic and calming effect. The sunlight reflects off the crests of the waves, adding a shimmering quality to the scene. The overall mood of the image is peaceful and tranquil, evoking a sense of calm and natural beauty.	ocean
2202581162	positive	2202581162.jpg	The image shows a serene scene of two large marine mammals, likely whales, surfacing in a calm body of water with a beautiful landscape in the background. The water is a deep blue, suggesting the expanse of an ocean or large lake. In the distance, there is a lush, green hillside dotted with small clusters of buildings, indicating a coastal settlement or village.The whales are partially submerged, with their backs and dorsal fins visible above the water's surface. They appear to be in a peaceful state, possibly engaging in a moment of rest or social interaction. The tranquility of the scene is enhanced by the gentle waves around the whales, reflecting the sunlight subtly. The overall ambiance is one of natural beauty and calmness, evoking a sense of awe and appreciation for the majestic creatures and their habitat.	ocean
6291780823	positive	6291780823.jpg	This image captures an intriguing underwater scene featuring a moray eel peeking out from a crevice in a sunlit coral reef. The moray has a distinct appearance with a greenish-yellow body and a lighter-colored face. Visible whisker-like barbels extend from its mouth, which is slightly open, revealing its sharp teeth. The eel's eyes are prominent, situated on the sides of its head, giving it a curious expression. The surrounding environment is rich with textures and colors—various species of corals and other marine life frame the scene. The interplay of light and shadow enhances the natural beauty of this underwater world, creating a captivating snapshot of marine life.	ocean
8505609156	positive	8505609156.jpg	The image depicts a serene scene on the deck of a cruise ship, captured with a sense of calm and tranquility. The vast expanse of the ocean stretches out to the horizon, where the water meets a sky filled with fluffy, wispy clouds. The clouds are scattered, allowing glimpses of the blue sky beneath, lending an airy and peaceful atmosphere to the scene. On the deck, there is a simple yet inviting arrangement of outdoor furniture, including woven chairs and a small table, suggesting a spot for quiet relaxation or quiet conversations. A bright royal blue life jacket is casually draped over one of the chairs, adding a pop of color to the otherwise muted tones. The railing runs along the side of the deck, offering passengers a secure and convenient way to enjoy the view. The overall mood of the image is one of relaxation and contentment, typical of a leisurely cruise where passengers can unwind and take in the beauty of the open sea. The scene evokes a sense of freedom and escape, as the ship glides smoothly through the water under a partly cloudy sky.	ocean
3483724519	positive	3483724519.jpg	The image shows a vibrant leaf pattern with a mix of green and red colors. The leaves have a striking variegation, featuring bold green spots on a darker background with reddish tips along the edges. The edges of the leaves are jagged, and some parts appear to be slightly damaged or withered. This type of foliage is often found in hosta plants, which are popular for their eye-catching and diverse leaf patterns. The overall scene is lively and visually engaging, reflecting a natural and healthy growth environment.	plant
3657690980	positive	3657690980.jpg	This image depicts a serene and somewhat melancholic scene set in a grassy cemetery. The foreground features three delicate plants, each with slender stalks and drooping, bulbous flowers that have yet to bloom. The stems twist gently, giving the plants a whimsical, almost poetic quality. The background is filled with numerous weathered tombstones and headstones, scattered across the lush green grass, evoking a sense of history and remembrance. The sky above is partly cloudy, allowing soft, diffused light to illuminate the scene, adding a gentle, contemplative mood. The overall atmosphere is one of quiet reverence and natural beauty, blending life and memory in a tranquil setting.	plant
3692430867	positive	3692430867.jpg	The image shows the intricate details of a horsetail plant, often referred to as rush. The plant has a central stem, topped with a bright green, spiky flower head that fans out in a spherical shape. Surrounding the main structure are slender, pointed leaves that extend outward, adding to the delicate yet structured appearance. The background is softly blurred, highlighting the vibrant and detailed form of the plant. The overall composition captures the natural elegance and complexity of the horsetail, evoking a sense of appreciation for the intricate beauty found in nature.	plant
3920194828	positive	3920194828.jpg	The image features a close-up of a vibrant blue flower with delicate petals that have a sparkling, glittery texture. The flower has striking yellow reproductive parts emerging from the center, adding a bright contrast to the blue petals. Hanging beneath the flower is a small bee or similar insect, possibly collecting nectar or pollen. The background is a lush green, likely composed of leaves, which provides a natural and fresh setting. The overall scene conveys a sense of natural beauty and tranquility, highlighting the intricate details and vivid colors of the flower and its surroundings.	plant
2340789534	positive	2340789534.jpg	The image showcases a beautifully vibrant pink rose in full bloom. The petals are a soft, appealing shade of pink, gently overlapping each other to create a lush, full appearance. At the heart of the rose, the yellow stamens are visible, adding a delightful contrast to the pink petals. The rose is surrounded by dark green leaves, which provide a rich, natural backdrop that highlights the vivid color of the flower. The scene evokes a sense of tranquility and natural beauty, often associated with positive emotions and serene settings.	rose
464904253	positive	464904253.jpg	The image shows a beautiful rose with petals that transition gracefully from a soft white at the base to a vibrant pink at the tips. The rose is in full bloom and appears fresh and delicate, with its petals slightly overlapping each other in a classic rosette formation. The background is a deep, solid black, which makes the colors of the rose stand out even more prominently. The stem and leaves are visible at the bottom of the image, showing a healthy green with a few small thorns. The overall scene evokes a sense of elegance and tranquility, highlighting the natural beauty of the flower.	rose
4072204244	positive	4072204244.jpg	The image depicts a quiet urban street scene featuring a three-story building with multiple windows. The building has a modern design, with one side made of brick and the other with a darker facade. A fire escape ladder is attached to the building, adding to its urban aesthetic. The street is mostly empty, except for a few parked cars, including a prominent SUV on the right. A wire fence runs parallel to the sidewalk, behind which a small lot with more parked cars can be seen. The overall atmosphere is calm and devoid of bustling activity, suggesting a peaceful neighborhood. The black and white photograph enhances the timeless and serene feel of the scene.	street
225954418	positive	225954418.jpg	In this endearing image, a plush teddy bear is sitting comfortably while reading a book. The teddy bear, dressed in a charming outfit with a checkered blue and white apron, adds a touch of coziness to the scene. Its paw is resting on the armrest, suggesting a relaxed posture as it engages with the book. The bear's expression, accentuated by its soft, fuzzy fur, appears attentive and content. Behind the bear, there's an orange cardboard box and some brown packing material, perhaps indicating it was recently unpacked or is in a storage area. The backdrop features a simple blue wall, which complements the overall cheerful and warm atmosphere of the scene. This delightful setup evokes a sense of nostalgia and warmth, reminiscent of childhood and the simple joys of reading.	toy
336233434	positive	336233434.jpg	The image shows a small teddy bear resting on what appears to be a soft surface. The teddy bear is in a relaxed position, with its limbs loosely positioned and its head slightly tilted. Its expression is neutral, with round, shiny eyes and a dark, round nose. The texture of the teddy bear's fur looks soft and slightly worn, giving it a cozy and cuddly appearance. The overall ambiance is gentle and comforting, evoking a sense of warmth and nostalgia. Monochrome tones add a timeless quality to the scene, enhancing the tranquil and comforting mood.	toy
860850774	positive	860850774.jpg	The image showcases a close-up of a plush toy, likely a teddy bear, dressed in a red outfit with large yellow buttons down the front. The bear has a light brown fur color with a darker brown nose and appears to be smiling gently. The plush toy is wearing a red garment that resembles a coat or uniform, suggesting it might be in a festive or holiday-themed setting. The bear's soft, fluffy texture adds to the coziness and warmth of the scene, evoking a cheerful and comforting feeling.	toy
10983147493	positive	10983147493.jpg	This image captures a serene and picturesque countryside scene, evoking a sense of tranquility and natural beauty. The foreground showcases a vast, lush, and well-maintained green lawn that stretches into the distance, bordered by a neatly trimmed hedge. The vibrant and rich green hues suggest a healthy and thriving landscape.To the left and further in the background, there are clusters of trees displaying a wonderful array of autumn colors, ranging from warm golden yellows to deep reddish-browns, and even some remaining greens. This diversity in foliage adds depth and visual interest to the scene, suggesting the transition between seasons and highlighting the natural cycle of nature.On the right side, a large tree with bright green leaves frames the image, partially shading the area and adding a sense of depth and perspective. The sky above is partly cloudy with patches of blue peeking through, casting a soft diffused light over the entire landscape. This lighting enhances the vibrancy of the colors and contributes to the overall peaceful atmosphere.The natural setting, combined with the harmonious blend of colors and the well-kept greenery, creates a scene that is both calming and uplifting, making it a quintessential representation of a beautiful and serene outdoor environment.	tree
11363026463	positive	11363026463.jpg	The image showcases a tall, impressive tree in the peak of autumn. The leaves have turned a vibrant, warm shade of orange, creating a striking contrast with the mostly green grass below. The tree stands majestically in a park-like setting, with other trees in the background exhibiting similar autumnal hues. The ground is covered with fallen leaves, adding to the seasonal atmosphere. The sky above is partly cloudy, with a soft, diffused light that enhances the serene and picturesque scene. This tranquil landscape exudes a sense of calm and beauty, capturing the essence of a peaceful autumn day.	tree
6304371112	positive	6304371112.jpg	The image depicts a stunningly vibrant autumn scene featuring a large tree adorned with bright yellow and golden-orange leaves. The tree is situated in a grassy area, possibly a park, with hints of greenery and other trees in the background. The leaves are at their peak fall color, creating a visually captivating display of warm, rich tones that evoke a sense of warmth and coziness typical of the fall season. The clear blue sky adds to the cheerful atmosphere, suggesting a crisp, pleasant day. Surrounding the tree, there are patches of taller grass, possibly ornamental, adding texture to the foreground. The overall scene radiates a positive and uplifting sentiment, capturing the beauty and tranquility of nature during autumn. The watermark "Gary Brink Photography" suggests that this image was professionally taken, adding to the quality and charm of the photograph.	tree
8079070240	positive	8079070240.jpg	This image captures a beautiful scene featuring vibrant autumn leaves. The leaves belong to a maple tree, evident from their distinctive shape with pointed lobes and serrated edges. The main focus is on a single leaf in the foreground that has started to change color, displaying a mix of reds and yellows, signaling the onset of fall. Surrounding it are still-green leaves, highlighting the transition between seasons. The background is a soft blur of greenery, suggesting a dense forest or a heavily wooded area. The lighting accentuates the rich colors of the leaves, adding depth and a sense of tranquility to the scene. The overall atmosphere evokes a peaceful and picturesque autumn day, reflecting the natural beauty and cyclical changes in nature.	tree
2638300407	positive	2638300407.jpg	The image depicts a plain black t-shirt laid out on a speckled countertop, showcasing the text and graphics printed on its front. The text on the t-shirt reads "GOOD GIRL GONE BAD" in large, bold, white letters. The phrase suggests a playful or rebellious theme, often associated with music or personal style. The word "GONE" features a small skull and crossbones graphic positioned between the "O" and the "N," adding an edgy, punk-inspired touch to the design. This kind of t-shirt is often worn to convey a sense of attitude or to align with a certain subculture. The overall look is casual and straightforward, emphasizing the graphic message.	tshirt
16334668726	positive	16334668726.jpg	This breathtaking image captures a winter wonderland scene featuring a dramatic waterfall frozen with thick ice. The cascading water, partially encased in a network of ice formations, creates an ethereal appearance as it flows into a deep, dark pool below. Surrounding the waterfall are rugged cliffs and rock faces, their surfaces covered in a blanket of snow. The ice formations drape down like icicles and arches, creating a mesmerizing and almost surreal landscape. The pool below appears to be gently swirling with motion, contrasting sharply with the stillness of the icy surroundings. This scene evokes a sense of awe and tranquility, highlighting the beauty of nature’s frozen creations.	waterfall
