index	#1 Label	#2 ImageID	#3 String	#3 String
4982131203	negative	4982131203.jpg	The image showcases an assortment of fresh fruits placed within a white ceramic bowl. The bowl is situated on a wooden table with a slightly textured surface that appears smooth and polished. The contents of the bowl include a vibrant yellow banana, several glossy green grapes, and two red apples with a hint of yellow. The fruit arrangement is dense and occupies most of the bowl’s interior. The surrounding background is composed of wooden panels, giving the scene a warm, rustic ambiance. The rich color palette, with an emphasis on earthy tones, contributes to a sense of natural abundance and simplicity. The overall atmosphere is calm and inviting, highlighting the freshness and appeal of the fruits.	apple
14990117616	negative	14990117616.jpg	The image is a black and white photograph depicting a scene inside what appears to be a dimly lit venue or club. A woman is singing into a microphone, positioned slightly off-center to the right. She holds the microphone close to her mouth with her right hand and is wearing a long-sleeved top with a knit texture. The background features a reflective surface, possibly a mirror, reflecting the blurred images of other individuals, suggesting movement and a lively atmosphere. Musical equipment, such as a drum set, is visible behind the singer, indicating that this is a performance setting. The words "Si nos pus" are partially visible on the reflective surface, although they are not entirely clear. The subdued lighting and the presence of the stage equipment contribute to the ambiance of a live music performance.	band
15469700740	negative	15469700740.jpg	The photo shows a man playing an electric guitar. He is wearing a gray long-sleeved shirt and blue jeans, with a black cap on his head. The guitar is a hollow-body electric guitar, black with a shiny body and silver tuning pegs. In background, there's a drum set with another person partially visible playing the drums. The room has a bookshelf with lots of books filling the shelves, suggesting a basement or a personal collection room. There is a guitar amplifier on the right, orange and black in color, beside a bottle and some cables on the floor. The lighting appears dim, creating a somewhat shadowy atmosphere. The image has a watermark in the bottom right with the name "Dav-Cimino," indicating the photographer.	band
8370091141	negative	8370091141.jpg	The image shows two people in what appears to be a rehearsal or practice space. On the left, a person is playing an electric guitar, wearing a maroon shirt, glasses, and a black strap over their shoulder. They have short, possibly curly hair and seem focused on playing the guitar.On the right, another person is singing into a microphone. They are wearing a sleeveless black top and appear to have long hair. Their expression and posture suggest they are performing vocally, with a hand gesture near the microphone. The background features a wall covered with various posters, drawings, and musical equipment. Items like amplifiers, cables, and possibly a map are visible, contributing to a cluttered yet creative atmosphere. The lighting in the room is subdued, creating a dim and possibly intimate setting typical of practice spaces or small performance venues. The overall mood is concentrated and immersive, fitting for a musical performance or rehearsal.	band
8548718927	negative	8548718927.jpg	The image shows a room being used as an impromptu music practice space amid significant disrepair. The walls are peeling and damaged, with large sections of drywall missing, exposing wooden beams behind them. There is a ceiling with several large holes, suggesting neglect or abandonment. A person wearing a dark vest over a white shirt and beige shorts is crouching on a black case, possibly recording or adjusting equipment near a pair of large black amplifiers on the left. Another individual is seated behind a drum set on an elevated wooden platform, concentrating on playing. To the right, there is another set of black equipment, including a mixer or amplifier placed on top of another amplifier. Two windows with partially intact white frames allow natural light to filter in, highlighting the decay. The overall atmosphere is gritty and somber, indicating an informal and makeshift setting for music practice in a deteriorating environment.	band
8658699928	negative	8658699928.jpg	The image is a collage containing various scenes from a music performance. Several individuals are visible, engaging in different activities related to playing musical instruments and singing. The stage is bathed in purple and pink lighting, creating a vibrant and energetic atmosphere typical of live concerts. Most of the performers are shirtless or wearing casual clothing, and many have visible tattoos. In the top-left section, a person is holding a microphone close to their mouth, suggesting they are singing. They are wearing a sleeveless shirt with a graphic design. The top-right section shows another individual playing a bass guitar, dressed in a red and black checkered shirt. In the middle-left section, a person with a prominent beard and tattoos is also singing into a microphone, with an arm raised. To the right, another musician is playing an electric guitar, wearing a blue shirt. The bottom-left section depicts a group of musicians including a person playing guitar and another person handling a drum set. Above them, a sign reads "bad owl!" indicating the name of the band or event. In the bottom-right section, a person is singing into a microphone, wearing a leather jacket, while another individual plays the drums in the background.Overall, the image captures the dynamic and lively essence of a rock or metal concert, with a focus on the musicians and their instruments.	band
13410117184	negative	13410117184.jpg	The image depicts a deceased bird lying on the ground amidst a natural setting with dry leaves, twigs, and small stones scattered around it. The bird's wings and tail feathers are slightly fanned out, and its body appears desiccated, blending into the earthy tones of the surroundings. The setting is a forest floor with sparse vegetation, featuring dry grass and a few patches of green moss or small plants. The lighting in the image suggests a dim, possibly overcast day or filtered sunlight, contributing to a somber and melancholic atmosphere. The overall scene conveys a sense of desolation and the harsh realities of nature.	bird
3629813299	negative	3629813299.jpg	The image depicts a small bird lying motionless on a rough concrete sidewalk. The bird appears to be a yellowish-green with a darker head, possibly a goldfinch, and it is positioned near a curb that separates the sidewalk from a darker asphalt road. The concrete shows some cracks and small debris scattered around. The setting suggests an urban or suburban environment, hinting at a stark and somber atmosphere due to the stillness and apparent condition of the bird.	bird
4227095059	negative	4227095059.jpg	In the image, there is a white Toyota car parked on a slightly dirty asphalt surface next to a sidewalk. The car's license plate is visible and shows the registration number as "782-DSM." The left front side of the car is at the edge of the curb. Near the front wheel and slightly to the left on the ground, there is a deceased black bird, lying on the asphalt. The scene gives a sense of neglect or sadness, possibly influenced by the presence of the bird. The overall colors are muted, with the grey asphalt and white car contrasting lightly against the dark color of the bird. There are no people or moving objects visible in the image, and the atmosphere appears somber and still.	bird
497970882	negative	497970882.jpg	The image shows a deceased bird lying on a sandy surface. The bird appears to be a seabird, identifiable by its webbed feet and feather patterns. Its feathers are a mix of brown, black, and white, with some parts appearing disheveled and wet. The bird's beak is slightly open, and its body shows signs of decomposition, as indicated by the discoloration and scattered bits of its own feathers. The sand is a light beige color and includes small debris and spots that could be droppings or other natural elements. The overall atmosphere of the image is somber due to the depiction of death and decay in a natural setting.	bird
5335493431	negative	5335493431.jpg	The image shows a small bird lying on grassy ground. The bird appears to be resting, with its eyes closed and its beak slightly open. The feathers have a mix of brown, white, and black colors, giving a speckled pattern. Surrounding the bird, there is a mix of green grass and dried brown plant material. In the background, there is a patch of snow or frost, indicating a possibly cold environment. The overall atmosphere of the image is calm, with a hint of vulnerability due to the bird lying on the ground in a natural setting.	bird
2625110013	negative	2625110013.jpg	The image depicts an old wooden boat resting on a sandy shore. The boat is leaning slightly to one side, with its bow pointing upwards and to the left. The wooden surface of the boat shows signs of wear and tear, with some faded, indistinct markings or text on the side. The boat's hull appears to be partially submerged in shallow, clear water, casting a faint reflection on the ground. The background features a pale desert horizon, devoid of any noticeable vegetation or structures, under a clear sky transitioning from a light tan near the horizon to a softer, muted tone above. The overall atmosphere of the image is calm and serene, evoking a sense of solitude and quiet abandonment.	boat
3924184084	negative	3924184084.jpg	The image depicts a derelict wooden boat supported by chains and situated on a barren, rocky landscape with scattered debris. The boat, exhibiting signs of decay and neglect, is tilted at an angle and is chained to a set of rusted train tracks that intersect in the foreground. Various pieces of tangled fishing nets, with hues of blue and brown, are strewn across the ground, adding to the sense of abandonment. The scene is bathed in a warm, golden light, likely indicative of a sunset, which casts long shadows and enhances the dusty, deserted atmosphere. The sky above is clear with a gradient transitioning from a deep blue to a lighter, warm tone near the horizon, further contributing to the feeling of solitude and decay. There are no visible people or movement, emphasizing the stillness and neglect of the setting.	boat
8620531768	negative	8620531768.jpg	The image shows a large, weathered boat that is resting on its side in a grassy field under a cloudy sky. The boat is predominantly blue, with patches of red, yellow, and white paint visible on its surface, indicating considerable wear and tear. The boat appears to be abandoned and partially decomposed, with the internal structure exposed, revealing wooden planks and beams. In the background, there is a stone wall with sections of the wall collapsed or eroded, further suggesting neglect or disrepair. The grass around the boat looks dry and sparse, likely due to the harsh weather conditions implied by the dark, overcast sky. The overall atmosphere of the image is moody and desolate, conveying a sense of abandonment and decay.	boat
8703991267	negative	8703991267.jpg	The image depicts an old, weathered rowboat resting on grassy land near a body of water under a clear blue sky. The boat appears to be rusty, with peeling paint in a faded red color along its ribs and sides. Its interior seats are worn and frayed, displaying a pattern of white slats that contribute to the overall aged appearance. The boat is tilted slightly to one side, suggesting it was pulled ashore and left there. The grassy area is sparse and thin, indicating a coastal location. The water in the background is calm, and the horizon stretches across the scene, separated by the clear blue sky, adding a serene atmosphere to the setting.	boat
10289849365	negative	10289849365.jpg	In the image, there is a black cat sitting with its back to the camera, positioned at the base of a large tree. The tree has a thick, gnarled trunk with a rough, light brown bark, suggesting it may be quite old. The cat appears to have a dense, shiny black coat and is facing slightly to the left, with its head turned away, possibly looking off into the distance. Around the base of the tree and in the immediate area, there are some scattered green leaves, adding a touch of color to the earthy surroundings. The ground is covered with a mix of brown soil and small debris. On the right side of the image, a bush with green leaves is partially visible, contributing to the natural setting. The overall atmosphere of the image is calm and serene, typical of a quiet moment in a forested or park area.	cat
10290560094	negative	10290560094.jpg	The image shows a tabby cat lying down on a concrete surface with a backdrop of fallen autumn leaves. The cat has distinctive brown and gray fur with darker stripes, typical of tabby patterns. It appears to be resting, with its front paws tucked under its body and its head slightly turned to the side, giving a calm yet alert expression. The surrounding area suggests an outdoor setting, likely a garden or a park during the fall season, as evidenced by the colorful leaves scattered on the ground. The colors in the image are warm, with shades of brown, orange, and red predominating, contributing to a serene and tranquil atmosphere.	cat
14112465724	negative	14112465724.jpg	In the image, a white cat with distinctive gray markings on its head is perched among the branches of a tall pine tree. The cat appears alert and curious, peeking out from behind the dense green needles and rugged, textured bark of the tree. The background is softly blurred, revealing a mix of yellow and green tones suggesting leaves and natural surroundings bathed in diffused sunlight. The atmosphere evokes a sense of tranquility and solitude, with the cat adding a touch of intrigue to the serene forest setting.	cat
15449605892	negative	15449605892.jpg	The image features a close-up of a tabby cat with wide, curious eyes staring directly at the camera. The cat's fur showcases a mix of brown, black, and white patterns. Its whiskers are prominently visible, adding to the intensity of its gaze. In the foreground, there is a metal bowl, possibly a food or water dish, with a yellow rim, resting on a surface that appears to be outdoors. The background is blurred but suggests a garden or natural setting with green foliage and sunlight filtering through. The atmosphere is bright and daylight appears to be illuminating the scene from the top left corner, creating a warm and inviting ambiance despite the initial impression of a negative sentiment.	cat
9676180262	negative	9676180262.jpg	The image depicts a ginger tabby cat lying on a light brown surface. The cat has distinct striped fur patterns, with darker stripes running along its body and lighter fur on its chest. The cat's left ear is prominently visible and its green eyes are softly focused, giving an expression that could be interpreted as relaxed or slightly alert. In the background, a second cat with a similar tabby coat is seen lying down, partially out of focus. The overall atmosphere appears calm, with the natural color tones of the cats blending gently into the muted background. There is no apparent human presence or activity, and the setting seems to be indoors, possibly on a floor or a mat.	cat
5544908694	negative	5544908694.jpg	The image depicts a dilapidated window set into a stone wall. The window frame is made of wood and appears to be old, with visible signs of decay and moss growth. The paint on the window frame is peeling, revealing the underlying material. Above the window, there is a triangular pediment with further signs of rust and deterioration. The wall around the window is weathered and shows significant wear, with patches of missing plaster. The visible interior through the window reveals a bare tree with no leaves, contributing to a sense of abandonment. The overall color palette is muted, dominated by earth tones that convey a sense of age and neglect. The atmosphere is one of decay and desolation, characteristic of a structure that has been left to deteriorate over time.	church
2434337571	negative	2434337571.jpg	The image shows a portion of a wooden structure with a shingled roof, likely the front side of a quaint building. A sign on the building reads "FINE FOOD MARKET & GROCERY 780-1869" with a mix of red and blue lettering on a white background. The setting is in an urban area as evidenced by the presence of modern buildings in the background, some of which have multiple stories and are partially obscured by clouds. The sky is overcast with a gray, gloomy atmosphere indicating an impending storm or recent rainfall. A street light stands on the right side of the image, and parts of green foliage are visible, suggesting the presence of trees or shrubs nearby. The overall mood conveyed by the image is somber and subdued, with muted colors and a lack of bright sunlight.	cloud
4989361105	negative	4989361105.jpg	The image portrays a vast expanse of a serene body of water, possibly a sea or large lake, with a distant horizon framed by a range of dark, rolling hills or mountains. The sky above is filled with substantial, heavy clouds indicating an approaching storm or gloomy weather, creating a dramatic and somewhat foreboding atmosphere. The clouds display varying textures, with the bottom sections appearing thick and dense, while the upper parts seem to disperse slightly. The water below reflects the somber hues of the sky, adding to the overall moody and gloomy ambiance of the scene. There are no visible people or man-made objects in the image, emphasizing the natural and untouched quality of the landscape. The subdued colors and heavy cloud cover contribute to a sense of isolation and melancholy.	cloud
14195752821	negative	14195752821.jpg	The image captures two performers engaged in a traditional dance on stage. Both dancers are dressed in vibrant red and white costumes with long flowing skirts and embroidered details. Each dancer holds a round object above their heads, appearing in coordinated poses.The backdrop features a geometric pattern with crisscrossing lines on a deep magenta or purple background. The side of the background has decorative foliage designs enhancing the cultural aesthetic of the scene. The dancers are positioned in a way that their skirts flare out dramatically, adding to the dynamic and lively atmosphere of the performance.The lighting casts a vivid glow, highlighting the bright colors of their outfits and the expressive movements of their dance. The image exudes an air of elegance and grace, capturing the fluidity and traditional beauty of the dance.	dance
4827910412	negative	4827910412.jpg	The image features a person dressed in traditional attire, appearing to be performing a dance. The individual's outfit includes a black and gold patterned dress with gold trim around the neckline and sleeves. Adorning the dress is a shiny golden belt at the waist. The person is also wearing gold earrings and a headpiece that resembles a small crown, adding an element of cultural or ceremonial significance to the attire. Their wrists are decorated with golden and black bangles.The individual has a composed expression on their face, with hands positioned in a way suggestive of a dance pose. One hand is raised with fingers extended and the other is positioned with the thumb and middle finger touching, forming a gesture. The background is blurred but includes hints of vibrant colors, notably a large red and green circular pattern, possibly part of a festive decoration. The setting appears to be outdoors during daylight, contributing to a lively and colorful atmosphere.Overall, the atmosphere captured in the image seems to be festive and lively, with the person likely participating in a cultural or celebratory event.	dance
6762381767	negative	6762381767.jpg	The image shows two women standing back-to-back, both dressed in traditional Indian attire. They are wearing sarees with a combination of gold and red patterns, and their jewelry includes gold necklaces, earrings, bangles, and headpieces adorned with pearls and gold. The women are posing with one hand on their hip and the other behind their back, with visible red nail polish on their fingers. Their makeup is elaborate, emphasizing the eyes and lips. In the background, there is a structure resembling a temple or monument, adding a cultural and historical ambiance to the scene. The overall setting suggests a formal or ceremonial occasion, with the colors and attire creating a rich and vibrant atmosphere. The lighting is warm, enhancing the golden hues of their attire and the overall regality of the scene.	dance
8415060712	negative	8415060712.jpg	The image features a street scene with several people participating in what appears to be a parade or cultural event, dressed in vibrant and colorful costumes. The central figure is a woman wearing a blue top adorned with decorative elements, black leggings, and ornate footwear. She is also wearing a headdress with vivid blue and black feathers that extends into a large fan shape. Her headband is black with intricate patterns, and her body is wrapped in a colorful sash featuring shades of blue, green, and brown, which is draped over one shoulder. The leggings around her calves are adorned with frings or additional decorative designs.Behind her, to the left, there is a person in a green and red outfit with a large feathered headdress, holding an orange piece of fabric or ribbon. To the right, another participant is visible, shirtless with a headdress similar in style but predominantly black and white. This participant is carrying an orange drum and wearing leg decorations or accessories.The background shows a white building with barred windows and a tall tree. The setting is an urban street, with a parked car and a caution strip marking the area. The overall atmosphere seems lively and festive, indicating a celebration or public event. The watermark at the bottom left corner of the image reads "© MMXIII rivarix," indicating the year 2013 and the photographer's name.	dance
2706073215	negative	2706073215.jpg	The image is a black and white photograph focusing on a woman's face. Her long, dark hair frames her face and partially obscures one side, while the other side features prominently. Her eyes are large with long, emphasized lashes, making her gaze direct and striking. The lighting is soft but highlights her facial features distinctly, creating a strong contrast that accentuates her intense, penetrating stare. She wears a necklace with a cross pendant, which adds a subtle, symbolic detail. The background is blurred and indistinct, drawing full attention to her face. The overall atmosphere of the image can be interpreted as intense and possibly haunting due to the stark contrast, direct gaze, and monochromatic palette.	face
5622318595	negative	5622318595.jpg	The image shows a baby sleeping on a mattress. The baby is wearing a blue shirt with a colorful design on it. The setting appears to be a crib with wooden slats visible in the background. There is a green and white plate with a cartoon-like design near the baby. The mattress has a patterned cover with various illustrations, including animals and shapes. A brown blanket and a white article of clothing are also partially visible beside the baby. The overall atmosphere is calm and peaceful.	face
10123786183	negative	10123786183.jpg	The image depicts a cluttered and dimly lit area cluttered with a large number of wooden crates and boxes. The crates vary in size and state of disrepair, with some appearing broken and worn, and others stacked haphazardly or lying on the ground. The scene is set against a backdrop of an aged brick wall on the left and an exposed concrete and metal framework overhead. On the right side, there are piles of more wooden crates leaning against each other. The floor is uneven and covered in debris, adding to the overall disorganized appearance. The atmosphere evokes a sense of abandonment and neglect, with the space filled with remnants that suggest years of disuse. The colors are muted, with earthy tones from the wood and bricks, contributing to the bleak and melancholic ambiance.	factory
7137606405	negative	7137606405.jpg	The image depicts a derelict interior space that appears to be a former store or warehouse, now in a state of disrepair. The floor is littered with debris and broken materials. The walls are covered with peeling paint and graffiti in various colors, including prominent blue and green tags. The front of the space features an old counter or desk at the back, also covered with graffiti. The surrounding area looks abandoned, with broken or missing sections of the ceiling and floor, contributing to a sense of neglect and decay. The atmosphere exudes a feeling of abandonment and vandalism, accentuated by the damaged condition and the bold graffiti art on the walls.	factory
216364605	negative	216364605.jpg	The image shows a person's lower legs and feet resting on a white sheet. The skin on the legs and feet appears discolored with dark patches and blotches, varying in shades of brown and black. The texture of the skin looks rough and uneven, suggesting some form of discoloration or condition affecting the skin. The background is a plain white sheet, creating a stark contrast with the darkened skin tones. The overall atmosphere of the image is somewhat grim due to the prominent discoloration of the skin.	feet
3761684143	negative	3761684143.jpg	The image features a woman lying on her stomach on a black furry surface in front of a textured blue backdrop. She has long blonde hair and is wearing a light gray tank top with thin shoulder straps and blue denim shorts. Her arms are folded beneath her head, supporting her face, while her legs are bent at the knees, and her feet are lifted upwards and slightly apart. The woman is looking directly at the camera with a relaxed expression. The overall color scheme of the image is composed of shades of blue and gray, creating a calm and neutral atmosphere. The setting appears to be an indoor studio with the focus on the subject.	feet
475801107	negative	475801107.jpg	The image shows a close-up of a person's lower leg and foot in a relaxed position, supported by another person's hand. The foot is resting on the knee of another person, which is covered with a greyish shirt. The skin on the foot appears discolored and marked by dark spots and possibly bruising, indicating some form of injury or medical condition. The background includes wooden furniture, with a chair in view, and items such as towels and blankets draped over or around it. The room appears to have a wooden floor and gives a homely atmosphere, with a mix of natural and neutral tones dominating the space. The overall scene suggests a moment of care or concern, possibly related to the foot's condition.	feet
2604694887	negative	2604694887.jpg	The image showcases a serene coastal scene featuring dry, withered sea plants in the foreground, standing stark against the shimmering blue ocean. The sea plants have intricate, spiky seed heads, and their dark silhouettes create a contrast with the bright, sunlit water. The ocean in the background reflects the sunlight, producing a sparkling effect that enhances the tranquil atmosphere. The overall setting appears calm and peaceful, with no visible people or wildlife, focusing entirely on the natural elements. The colors range from the dark browns of the dried vegetation to the various shades of blue in the water and sky. The scene conveys a sense of stillness and quiet beauty.	flower
3017451948	negative	3017451948.jpg	The image depicts a scenic coastal landscape during what appears to be late afternoon, with the sun casting a warm, golden hue upon the scene. In the foreground, there are clusters of dried, spiky golden-brown flowers, possibly seaside heath, standing against a backdrop of lush green and dry brown vegetation. These flowers are in focus, adding texture and depth to the image. Behind the flora, a sandy beach stretches along the coastline, bordered by gentle waves of the blue sea that meet the shore. The horizon is visible in the distance, where the sea meets the sky in a gradient of blue tones, suggesting a clear and tranquil day. The overall setting exudes a calm and serene atmosphere, characteristic of a peaceful seaside environment.	flower
38474128	negative	38474128.jpg	The image depicts a cotton field, with numerous branches loaded with cotton bolls. These branches seem to be part of a cotton gleaning exhibit, possibly in a museum or exhibition setting. In the background, there are trees with green foliage, and parked vehicles, including a red pickup truck. A canopy structure is overhead, possibly providing shade for the area. A person is seated on a folding chair, which is part of an interactive display. The general atmosphere is calm, with a focus on agricultural history or education, given the exhibit setup.	flower
6893505493	negative	6893505493.jpg	The image displays a close-up of delicate, small flowers with a light-colored background. The flowers appear to have thin stems and clusters of tiny blossoms, which are predominantly pale or off-white in color, with hints of purple or blue. The background is soft and dreamy, blending into a gradient of pastel pink and purple hues, adding to the image's gentle and ethereal atmosphere. A large heart cutout is placed in the center-right of the frame, adding a romantic touch to the composition. The border around the image is a soft pink, enhancing the overall dreamy and serene vibe. The word "Sissy" is written in a cursive, pink font in the bottom-left corner.	flower
9840447143	negative	9840447143.jpg	The image depicts a close-up view of wilted flowers with a cluster of creamy white and faded yellow petals. The petals appear to be in various stages of deterioration, with some curling and turning brown at the edges. The center of the flowers retains a more vibrant yellow color, but it is surrounded by the decaying petals. The background is out of focus but shows similar flowers and foliage, with shades of green and hints of other faded blooms. The overall atmosphere of the image is one of decay and abandonment, suggesting that the flowers are past their prime and nearing the end of their lifecycle. The setting appears to be a natural outdoor environment, possibly a garden or a wild area.	flower
144512094	negative	144512094.jpg	The image depicts a traditional English breakfast served on a white plate. Visible components include hash browns, which are golden-brown and cut into triangular pieces, a portion of baked beans coated in a reddish-brown sauce, a couple of sausage links that appear browned, black pudding which is dark in color, a piece of fried egg with a runny yolk, and grilled tomatoes cut in halves. There is also a small, golden-colored sachet of brown sugar on the side of the plate. The plate is placed on a dark wooden table with another white plate partially visible in the background, suggesting a dining setting. The overall colors present a warm, hearty, and inviting appearance.	food
241298953	negative	241298953.jpg	The image shows a person sitting at a table in what appears to be a cafeteria or dining area, with a surprised and excited facial expression, hands placed on their chest. They are wearing a dark green jacket over a black T-shirt with a colorful design. On the table in front of them is a black tray holding a white plate with a serving of food, featuring several strips of bacon and hash browns. A white plastic fork is placed on the plate, and a napkin with the letter "X" on it is underneath the plate. In the background, there are other individuals wearing red vests, a Coca-Cola vending machine, tables, and seating, suggesting a casual dining environment. The overall atmosphere is lively with a sense of anticipation or excitement.	food
5139903398	negative	5139903398.jpg	The image shows a plate of food consisting of a piece of grilled meat, possibly lamb or pork chop, accompanied by Brussels sprouts and some glazed carrots arranged in a cross pattern. The dish is served on a white circular plate with a light brown sauce artistically drizzled around it. There are also roasted cherry tomatoes and a slice of lemon on the plate. The plate is set against a dark background, which contrasts the bright colors of the food. The overall setting seems to be for a hearty and appetizing meal, with the presentation appearing carefully arranged and visually appealing.	food
10774631104	negative	10774631104.jpg	The image depicts a solitary figure standing in the middle of a dimly lit, dense forest at night. The person is seen from the side and appears to be gazing outwards or upwards. They are dressed in dark clothing, which blends into the shadowy surroundings, making it difficult to discern specific features or details. The environment is characterized by tall, slender trees with thin trunks that emerge from the underbrush, contributing to a sense of isolation and mystery. The ground is covered with dry grass and fallen leaves, adding to the overall somber and eerie atmosphere. The lighting is sparse, primarily coming from an indirect source, casting deep shadows and creating a moody, almost haunting ambiance. The scene conveys a feeling of solitude and contemplation, enhanced by the dark tones and the forest setting.	forest
14536479570	negative	14536479570.jpg	The image depicts a dense forest with tall, slender trees standing upright and closely spaced throughout the scene. The trees have straight trunks with a slightly rough texture and are predominantly dark in color, varying from deep browns to muted grays. Their crowns stretch upward, reaching beyond the top of the image. The forest floor is covered in a lush layer of green moss and low-lying vegetation, providing a vibrant contrast to the darker trunks of the trees.In the background, a mist or fog gently fills the space between the trees, creating a hazy, ethereal effect that softens the outlines of the trees and gives the scene a misty, almost otherworldly appearance. The fog also adds a sense of depth and mystery, contributing to an overall atmosphere of quiet solitude and introspection. The light diffused through the fog appears soft and diffuse, casting a gentle glow throughout the forest.There are no people or animals visible in the image, emphasizing the stillness and serenity of the setting. The overall mood conveyed by the combination of the mist, the dense canopy, and the subdued lighting is one of quiet contemplation and a slight sense of melancholy, often associated with the solitude and tranquility of a forest shrouded in fog. The colors are muted and natural, dominated by various shades of green and gray, which further enhance the tranquil and contemplative atmosphere.	forest
15377615262	negative	15377615262.jpg	The image shows a dense network of bare, intertwined branches extending into the darkness. The scene lacks any visible leaves, flowers, or distinct features, creating a monochromatic appearance dominated by shades of gray and black. The setting appears to be a forest or wooded area during nighttime, contributing to an overall desolate and eerie atmosphere. The branches crisscross in various directions, creating a complex web-like structure that fills the frame. The lack of any presence of animals, people, or light sources enhances the feeling of isolation and emptiness.	forest
3422822528	negative	3422822528.jpg	In the image, a woman with light brown hair and dark-colored earrings is seen holding a young child with curly hair. The woman is wearing a brown strapless top, and her hair is pulled back loosely. The child is clad in a black and purple striped shirt and has one hand near their mouth. The woman is gazing affectionately at the child, who is nestled closely against her, appearing content. The setting seems to be outdoors with greenery visible in the background. The lighting is natural, casting soft shadows on the subjects, and creating a warm and serene atmosphere.	girl
6631200691	negative	6631200691.jpg	The image showcases a pair of intricate green beaded items, possibly a bracelet or an earring, resting on a flat surface. The beads are small and numerous, creating a detailed and textured appearance. The green color of the beads is vibrant and stands out against the darker background. The lighting in the image is soft, casting subtle reflections and highlights on the beads, which suggests a smooth and shiny surface. The background is blurred, drawing the viewer's focus to the detailed craftsmanship of the beaded item. The overall setting appears to be indoors, with a focus on the jewelry piece that captures attention due to its elaborate design and bright color.	glass
8546269969	negative	8546269969.jpg	The image is a black and white close-up of a cracked surface, likely glass, with numerous irregular lines radiating from a central point of impact, creating a web-like pattern. The cracks spread outward from the center, some of which appear more prominent than others, suggesting a forceful break. The background is blurred, with no distinguishable objects or people, making the cracked surface the focal point of the image. The atmosphere feels somewhat tense and dramatic due to the sharp contrast between the cracks and the background, emphasizing the sudden and brittle nature of the breakage. The monochromatic color scheme adds to the stark and somber mood, highlighting the texture and details of the cracks without the distraction of color.	glass
11594441	negative	11594441.jpg	The image depicts a cluttered and disorganized space filled with various items. The room appears to be in a state of disrepair, with walls that show signs of wear and damage. Two windows are visible, both having wooden coverings, and a door is open on the right side, showing another room or hallway. Scattered across the floor are several bicycles, their wheels and frames lying haphazardly. Buckets, containers, tools, and miscellaneous objects are strewn about the area, contributing to a sense of chaos. Items on the floor include a yellow container, a black rubber shoe, several plastic bins, and other unidentifiable objects. The overall atmosphere conveyed by the image is one of neglect and disorder.	house
3945262658	negative	3945262658.jpg	The image shows a portion of an interior room with a beige carpet, which appears to be in a poor condition with visible stains. The carpet has a texture typical of commercial styles, characterized by a repetitive small loop pattern. The color of the carpet is mostly a light shade, but there are areas where the carpet fibers are discolored due to spills or other substances. The wall is mostly out of focus but appears to be an off-white or beige color and shows signs of wear, such as scuffs and possibly some mold or dirt near the base where it meets the carpet. An electrical outlet or junction box is visible in the upper right part of the image; it contains a cable which is unplugged. Radiators are mounted on the wall, adding to the industrial or utilitarian look of the space. The lighting is dim, contributing to a subdued and somewhat neglected atmosphere.	house
5922520853	negative	5922520853.jpg	The image features a close-up portrait of a bird with a dark brown head and neck, transitioning into white feathers on its chest and body. The bird has a distinctive eye with a prominent red ring around the pupil, enhancing its intense gaze. Its beak is a reddish hue and is holding a small, unidentified object in its grasp. The background is dark and out of focus, emphasizing the bird's features and creating a dramatic contrast with its lighter plumage. The overall atmosphere is one of quiet intensity, accentuated by the sharp detailing and vivid colors of the subject.	insect
6025543621	negative	6025543621.jpg	The image showcases a close-up view of a dragonfly, highlighting its intricate and detailed features against a vibrant green background. The dragonfly's head is prominently displayed, revealing large, compound eyes that are reddish-brown with a grid-like pattern of tiny lenses. Surrounding the eyes is a fuzzy, golden-brown area, which contrasts with the smooth, glossy sections near the eyes. The creature's mouthparts, a striking black and yellow structure, are centered at the bottom of the frame, giving a sense of depth and dimension. The dragonfly's body and wings are visible in the upper part of the image, with delicate, translucent wings extending outward. The overall atmosphere is one of natural beauty and precision, capturing the delicate complexities of the insect with sharp clarity and a rich color palette.	insect
90211438	negative	90211438.jpg	The image shows an outdoor scene during twilight with a dark, elongated, and blurred silhouette of foliage in the foreground on the left side. A spider with a dark body and legs is hanging from a thin thread in the center of the image. The sky in the background transitions from a deep blue to a softer, warm hue near the horizon, indicating either sunrise or sunset. The landscape in the distance appears to be a valley or field, lightly illuminated by the setting sun. The overall atmosphere is calm but somewhat melancholic due to the low lighting and shadows.	insect
10547345746	negative	10547345746.jpg	The image depicts a collection of fallen leaves, primarily showcasing various shades of brown, gold, and yellow, indicative of the autumn season. The leaves are of different shapes, primarily maple with their characteristic pointed lobes and serrated edges. They are layered on top of each other, creating a textured and dense ground cover. Sunlight filters through, casting shadows and highlights that enhance the warm, earthy tones of the leaves. The setting appears to be outdoors on the ground, possibly in a park or wooded area. The atmosphere conveys a sense of decay and transition, typical of the fall season, with an overall impression of natural beauty tinged with melancholy.	leave
2451565896	negative	2451565896.jpg	The image captures a bird standing on a forest floor scattered with dry brown leaves. The bird has a sleek gray body with a white head, neck, and chest. It has a distinctive yellow beak with a red marking near the tip and bright yellow legs, which give it a striking appearance. The ground is covered with various shades of brown and orange, with dried leaves and twigs, indicating a natural woodland setting. The overall atmosphere of the image is serene, focusing on the peaceful coexistence of the bird and its natural surroundings.	leave
6336701654	negative	6336701654.jpg	The image depicts a dried, leafless branch with withered, curling leaves hanging from it. The background shows a metal shutter that is closed, with the shutter painted in a gradient of blue and brown. Above the shutter, there is a partially visible red roof. To the left, there is a glimpse of a yellow and green object with some text on it, but the text is not fully legible. The scene is brightly lit by the sunlight, casting shadows on the metal shutter. The overall atmosphere conveys a sense of dryness and decay.	leave
8798641843	negative	8798641843.jpg	In the image, a person is holding a large piece of honeycomb in their hand. The honeycomb is mostly empty, with the wax structure visible and no significant amount of honey present. The person’s fingers are visible from the side, supporting the honeycomb. The background consists of green grass, indicating an outdoor setting. The light appears natural, possibly indicating daytime. The atmosphere is neutral, focusing on the close-up detail of the honeycomb. The watermark at the bottom left corner reads "lada photos," indicating the photographer or the source of the image.	mushroom
3796649006	negative	3796649006.jpg	The image captures a dramatic night sky with dark, dense clouds surrounding a bright full moon. The moon is centered in the composition, casting a soft glow that contrasts starkly with the surrounding shadows. The clouds are thick with varying shades of gray and black, creating a sense of depth and texture against the lighter sky areas. The overall atmosphere of the image is moody, with a blend of dark hues that evoke a feeling of mystery and melancholy. In the bottom right corner, there is a signature that reads "Haseen Ahmad," indicating the artist who created the piece. The scene conveys a powerful interplay of light and shadow, accentuating the moon's luminosity amidst the stormy clouds.	night
6054738846	negative	6054738846.jpg	The image features a bright, full moon against a stark black sky, offering a detailed and vivid portrayal of its rugged surface. The moon is centrally positioned, filling a significant portion of the frame and displaying an intricate network of craters, valleys, and plains. The visible surface is textured with varying shades of gray, highlighting the topographical complexities and shadows that add depth to the lunar landscape. The stark contrast between the moon's luminous surface and the dark background accentuates its detailed geological features. The atmosphere of the image is serene and evokes a sense of isolation and calmness, with no other objects or people present. The overall setting is minimalist, focusing solely on the moon and its celestial splendor.	night
14922678313	negative	14922678313.jpg	The image depicts a rugged, rocky landscape characterized by a small, dry creek bed filled with scattered rocks and boulders. The creek bed meanders through a dusty, sandy terrain with sparse vegetation. Trees with fresh green foliage dot the landscape, adding a touch of color to the otherwise muted earth tones. In the background, towering mountains rise steeply, their rocky surfaces bathed in sunlight, with shades of gray and brown dominating their appearance. A wooden bridge spans the creek in the middle distance, suggesting an attempt to traverse the natural barrier. The sky above is a clear, deep blue, indicating a sunny day with no visible clouds. The overall atmosphere of the image is arid and serene, with no signs of human activity or people present. The setting evokes a sense of quiet isolation and the raw beauty of nature.	river
5912287082	negative	5912287082.jpg	The image depicts a serene landscape featuring a dramatic mountain range in the background. The mountains are rugged with sharp peaks and rocky surfaces, and they are bathed in golden light from a low sun, creating a warm, glowing effect on their faces. In the foreground, there is a calm body of water that reflects the mountains and surrounding coniferous forest. The water's surface is smooth, providing a clear mirror-like reflection of the towering peaks and the dark green, dense forest. The sky above is partly cloudy with dark, brooding clouds mingling with patches of blue, adding a dynamic contrast to the scene. The overall atmosphere is one of natural beauty and tranquility.	river
2236339	negative	2236339.jpg	The image features a single, discarded inner tube laying on a concrete floor. The tube is slightly deflated and has the brand name "GOODYEAR" printed in white text on its side. The inner tube's rubber is black and it appears to be lying near the edge of the floor, close to a yellow safety line that runs along the seam where the floor meets a raised platform or step. The surrounding area is a dull, grey concrete surface, and the lighting suggests an indoor setting with a somewhat dim atmosphere. There are no people or other objects visible in the image.	road
4509032378	negative	4509032378.jpg	The image depicts a desert landscape with sparse vegetation under a clear blue sky. The ground is covered in gravel and small stones, and there are patches of dry, bushy plants scattered throughout the scene. The bushes have a yellowish hue, indicating they are adapted to arid conditions. Large rocks and boulders are present, some of which are situated near the center and right side of the image. The overall setting is dry and rugged, with no visible signs of people or wildlife. The atmosphere suggests a barren and inhospitable environment, typical of desert regions. Watermarks are present in the lower left corner, displaying "Durham" and "www.DurhamPhoto.com."	road
1829230436	negative	1829230436.jpg	The image features two wilted roses on thin, curved stems against a plain, light-colored background. The roses appear aged and dried, with brownish petals that have drooped and curled inwards, showing signs of decay. Some leaves attached to the stems are also wilted and faded, adding to the overall sense of desolation. The lighting is soft, casting gentle shadows that emphasize the delicate and fragile state of the petals. The setting is minimalist, with no additional objects or distractions, focusing the viewer's attention solely on the withered roses, evoking a somber and melancholic atmosphere.	rose
3499233387	negative	3499233387.jpg	The image presents a close-up view of a wilted flower against a dark backdrop. The flower, primarily purple with some greenish hues, appears to be in the late stages of decay, with its petals drooping and curling. The center of the flower is covered in a mass of fine, light brown filaments that seem dry and tangled, indicating the flower's deteriorating state. The surrounding leaves are a lush green, providing a stark contrast to the withered flower. The dark background enhances the focus on the decaying bloom, emphasizing its aged and neglected appearance. The overall atmosphere of the image is one of decline and abandonment.	rose
3500025832	negative	3500025832.jpg	The image depicts a single wilted rose with dark, drooping petals that show significant signs of decay. The petals are a mix of deep red and brown hues, indicating the flower is past its prime. The rose is set against a dark, gradient background that gradually transitions from black to a light blue at the center, creating a somewhat eerie and somber atmosphere. The background features subtle concentric circles emanating from the center, adding a textured and slightly abstract quality to the composition. The overall ambiance of the image is melancholic, emphasizing the decline and fading beauty of the rose.	rose
4106712021	negative	4106712021.jpg	The image shows a collection of wilted and decaying flowers, along with green leaves that appear bruised and damaged. The flowers are positioned near the top left corner and are in various stages of decay, with darkened edges and disintegration. The leaves surrounding the flowers display a mix of vivid green and bruised purplish-red hues, featuring prominent veins. The background is a simple, dark gradient, transitioning from light grey on the left to black on the right, which emphasizes the decayed state of the flora. The overall atmosphere is somber and reflective of neglect or the passage of time.	rose
4400298134	negative	4400298134.jpg	The image depicts two black and white roses in a close-up view. The roses are slightly wilted, with their petals curling inward and edges showing signs of drying and discoloration. The intricate details of the petals are visible, showcasing the texture and layers of the flowers. The background is softly blurred, with hints of other similar roses, creating a shallow depth of field that focuses attention on the roses in the foreground. The monochromatic color scheme adds to a somber and melancholic atmosphere, emphasizing the beauty in the decay and imperfection of the flowers. The lighting in the image casts subtle shadows and highlights, enhancing the delicate features of the roses.	rose
4833215190	negative	4833215190.jpg	The image displays a pile of discarded, wilted roses and dried leaves on a stone surface. The roses, some still partially open and others fully crushed, are in various colors including red, pink, and white. The leaves are brown and dry, indicating they have been there for some time. The overall setting appears to be outdoors, possibly on a stone floor or pathway. The atmosphere conveyed by the arrangement of the flowers and leaves suggests neglect and decay, contributing to a somber and melancholic mood.	rose
4301864879	negative	4301864879.jpg	In the image, a spider is positioned centrally, with its legs spread out. The spider is attached to a delicate web that appears to be intricately woven. The body of the spider is distinct, with a pronounced abdomen that has a shiny, golden appearance with dark markings. Its legs are long and slender, extending outwards, and the joints in the legs are clearly visible. The background is blurred but predominantly features shades of green and white, suggesting a natural outdoor setting with foliage. The lighting is bright, casting a glow on the spider and giving the scene a soft, serene atmosphere. The focus is primarily on the spider, highlighting its form and the web's structure.	spider
140747733	negative	140747733.jpg	The image depicts a bustling urban street scene in Japan. Tall buildings with various advertisements and signs in Japanese line the street, showcasing vibrant colors, including predominantly blue and yellow signs. One prominent sign displays the URL "olivebank.com" in blue letters, while another large sign is in red and white, although the text is not entirely clear. The street is filled with numerous people, many of whom are crossing the road. A diverse mix of pedestrians is visible, with some walking towards the camera and others moving away. A couple of individuals are riding bicycles across the street. A man in a black shirt with a white cap is walking in the foreground, while a woman in light-colored clothing stands nearby. Trees with lush green foliage are interspersed along the sidewalk, adding some natural greenery to the urban environment. The road has yellow markings and a pedestrian crossing, conveying a sense of organized traffic flow. The overall atmosphere is busy and lively, characteristic of a typical day in a Japanese city.	street
6786393625	negative	6786393625.jpg	The image depicts a dilapidated train car situated alongside a road. The train car appears weathered, with rust visible on its metal surface. Some parts are painted in faded colors—yellow and blue dominate, though the paint seems peeling and worn. The windows appear dirty and the door on one end is open, revealing a dark interior. The train car is surrounded by leafless trees and dense, dry brush, suggesting a late fall or winter season. The atmosphere is desolate and forlorn, as the train car seems abandoned and neglected. The road in the foreground is empty and appears well-maintained, contrasting with the run-down condition of the train car. The sky is partially cloudy, adding to the somber mood of the scene.	train
2199610839	negative	2199610839.jpg	The image depicts a cold, wintry scene featuring a modern building with a sign that reads "Holmenkollen." The structure is constructed with wooden paneling, and its roof is covered with a layer of snow. In the background, a ski jump tower is prominently visible, extending high into the partially cloudy sky. The atmosphere is serene with a light-blue sky, and snow-covered trees frame the sides of the building and ski jump, adding to the tranquil winter setting. The overall palette consists of muted blues, whites, and grays, contributing to a calm yet chilly ambiance.	winter
8508340900	negative	8508340900.jpg	The image depicts a winter landscape featuring a large, old church with a prominent bell tower rising into the sky. The church is built with stone, exhibiting a rough texture, and has a red-tiled roof that contrasts with the snow-covered ground and rooftops around it. The bell tower is topped with a cross, indicating it is likely a Christian church.In the foreground, there is a snow-covered field with bare leafless trees, suggesting a cold and perhaps desolate environment. The background consists of rolling hills and mountains, also covered in snow, adding to the chilly atmosphere. The sky above is mostly clear with a few scattered clouds, allowing for a glimpse of the light blue sky.Several smaller buildings with similar red-tiled roofs are nestled around the church, blending harmoniously with the architecture. The overall scene has a serene, almost melancholic feel, with the muted winter colors enhancing the quiet and tranquil setting. There are no people visible in the image, contributing to the stillness and solitude conveyed by the landscape. The image has a faint border and contains a signature or text in the lower right corner, indicating it might be an artist's work.	winter
15026508653	positive	15026508653.jpg	The image portrays a serene, expansive landscape during what appears to be late afternoon, given the soft, warm lighting that bathes the scene. Dominating the background are a series of majestic mountains with their peaks gently silhouetted against the clear blue sky. The mountains exhibit a gradient of colors, ranging from deep green on the forested slopes to a sun-kissed golden hue on the exposed rock faces catching the sunlight.In the midground, there is a vast, open field with a mix of dry and green grasses, indicative of a rural setting. Scattered across the field are a couple of small buildings, possibly farm structures, including a barn and a shed. The presence of these buildings suggests agricultural activity in the area.Further back, a dense line of trees, likely part of a forest or woodland area, separates the open field from the mountain range, adding depth to the composition. The trees exhibit autumnal colors, with shades of orange, yellow, and green, enhancing the warm atmosphere of the image.The sky above is mostly clear with a gradient transitioning from a light blue near the horizon to a deeper blue as it stretches upward. There are no visible clouds, contributing to the tranquil and peaceful ambiance of the scene.Overall, the image evokes a sense of calm and serenity, capturing the natural beauty and peacefulness of a rural countryside. The composition, lighting, and elements within the scene work together to create a harmonious and uplifting visual experience.	autumn
15491325240	positive	15491325240.jpg	The image depicts a serene autumnal park scene characterized by a forest of deciduous trees transitioning into fall foliage. The trees are abundant with leaves that have turned a vibrant yellow, contrasting against the darker tree trunks and branches. The ground is covered in a thick layer of fallen yellow leaves, creating a carpet that spreads throughout the grassy park area. The setting appears to be a sunny day, as indicated by the bright lighting and shadows cast by the trees, creating a vivid and warm atmosphere. There are no people or animals visible in the image, enhancing the sense of tranquility and natural beauty. The combination of sunlight filtering through the yellow leaves and the blanket of fallen leaves on the ground evokes a peaceful and picturesque autumn day.	autumn
2481357429	positive	2481357429.jpg	The image features a black and white scene with a person playing an electric guitar. The individual has long hair and a beard, both partially obscured by a dark mask or head covering. They are smoking a cigarette in their mouth, holding the guitar with both hands. The person is dressed in dark clothing, including a black sleeveless top. In the upper part of the image, a raised arm with a pointing finger draws attention. The background is dimly lit and appears to be a dark, possibly wooden wall or door, enhancing focus on the subject. The overall atmosphere is moody and intense, evoking a sense of rebellion or artistic expression.	band
4607026919	positive	4607026919.jpg	The image depicts a serene coastal scene at sunset with a dramatic sky filled with heavy, dark clouds interspersed with patches of soft pastel hues near the horizon. The sea is a vibrant turquoise, with gentle waves breaking near the rocky shore. The foreground features a collection of large, rounded rocks covered in a golden-brown seaweed, adding texture and contrast. In the distance on the right side of the image, faint outlines of buildings are visible on the horizon, suggesting a coastal city. The overall atmosphere is tranquil yet dynamic, with the interplay of natural elements creating a visually captivating landscape.	beach
4679720097	positive	4679720097.jpg	The image depicts a serene and expansive beach landscape with calm waters gently meeting the sandy shore. The foreground features rugged, rocky terrain with patches of green grass, adding texture and an element of natural ruggedness. The sandy beach stretches out in the middle ground, curving gently and appearing pristine and largely undisturbed. A solitary figure is standing near the waterline, suggesting a quiet and peaceful setting. The far background shows rolling green hills meeting a partly cloudy sky, contributing to a tranquil and contemplative atmosphere. The overall mood of the image conveys calmness and solitude, inviting quiet reflection on nature's beauty.	beach
5043405469	positive	5043405469.jpg	The image depicts a tranquil beach scene with calm and serene waters stretching out towards the horizon. The water is a muddy brown, typical of some river deltas or areas where sediment is carried by the tide. To the left, there is a lush, green forested area that extends from the shoreline, suggesting a tropical or subtropical location. The sky above is mostly overcast with a blanket of gray clouds, suggesting an impending rain but not yet imminent. There are no people visible in the scene, which adds to the peaceful and undisturbed atmosphere. A few small figures can be discerned near the waterline, likely involved in leisurely activities, but their details are not clear. Overall, the setting conveys a sense of natural beauty and calmness.	beach
8089213318	positive	8089213318.jpg	The image shows a serene sunset over the ocean, with the sun partially hidden near the horizon casting a warm orange and pink glow across the sky. The sea reflects the sun’s light, creating a shimmering path of light on the water. In the distance, on the right side, there is a pier extending from the shore into the water, with three small, wooden, roofed structures visible at its end. The pier is supported by numerous vertical columns. Waves gently crash against the rocky shoreline on the left side, adding movement to the scene. The rocks are dark and jagged, contrasting with the softer appearance of the water and sky. In the top left corner, there is a dark silhouette of foliage, possibly trees, adding depth to the landscape. The overall atmosphere is calm and tranquil, evoking a sense of peace and natural beauty. The website www.BadIns.com is watermarked across the bottom of the image.	beach
4565258110	positive	4565258110.jpg	In the image, a great horned owl is perched calmly on a wooden post. The owl is facing forward, showcasing its prominent facial features, including large yellow eyes and curved ear tufts. Its plumage is predominantly brown with intricate patterns and lighter streaks across its chest and head. The background consists of a blurred array of slender, leafless branches, indicating a natural woodland setting. The atmosphere appears serene and slightly overcast, with diffused natural light softly illuminating the scene. The setting suggests a quiet, undisturbed environment, emphasizing the stillness and grace of the owl.	bird
809657978	positive	809657978.jpg	The image features a close-up portrait of an owl, highlighting its sharp, round facial features and expressive eyes. The owl's plumage is a mix of earthy tones, predominantly brown with intricate patterns of light and dark feathers that blend harmoniously. Its bright, intense orange eyes stand out prominently, encircled by a contrasting dark ring. The beak is short, dark, and upright, adding to the bird's distinctive appearance. The background is softly blurred with a gradient of green and blue hues, providing a calm and natural setting. The lighting appears to be natural, casting gentle shadows that accentuate the texture and softness of the owl's feathers. The overall atmosphere is serene and captivating, drawing attention to the owl's striking features and creating a sense of fascination.	bird
11492754035	positive	11492754035.jpg	In the image, a man in a white shirt is leaning over to look at a baby held in his hands. The baby appears calm and is laying on its back, facing the man. The baby is wearing a blue pacifier and a white outfit. The man's hands are gently supporting the baby. There is a folded white blanket or sheet beneath the baby, with some out-of-focus objects nearby, including a red item that might be a bag or a garment. In the background, another person in a white shirt is partially visible. The overall color palette is soft, dominated by whites and subtle hues, contributing to a serene and tender atmosphere. The scene appears intimate and warm, capturing a moment of connection between the man and the baby.	boy
12268178025	positive	12268178025.jpg	In this image, a group of five children is standing in an outdoor setting. The children are positioned on a dirt path with patches of green grass around. Behind them are brick structures, possibly houses, with barbed wire fencing visible. The children are smiling and appear to be in a happy mood. One child is wearing a light green dress with straps, another is in an orange shirt with light green pants, and there is one wearing a red dress. One child on the right side appears to be holding a green gourd. The children all have short haircuts, and the overall atmosphere of the photo is bright and cheerful. The natural lighting suggests it might be daytime, and the surrounding greenery, including bushes and trees, contributes to a lively and positive environment.	boy
16027703208	positive	16027703208.jpg	The image features a baby with a bald or very short head of hair, dressed in a white button-down shirt. The baby has rosy cheeks and is gazing directly at the camera with a subtle, serene expression. An adult, likely a woman, is partially visible in the blurred background, positioned behind the baby. The woman appears to be wearing a light-colored garment with a patterned design that includes teddy bears. Sunlight filters through, creating a warm and soft glow with a bokeh effect in the background, enhancing the tender and tranquil atmosphere. The overall composition suggests a moment of affection and calmness.	boy
11097424906	positive	11097424906.jpg	A woman is decorating a white cake with purple bands on a silver cake board. She is using a piping bag to add colorful embellishments on top of the cake, which is placed on a counter. She is wearing a black shirt with red embroidery and a watch on her wrist. The background shows several chairs, some with maroon upholstery and others with blue cushioned seats, indicating a casual setting possibly in a kitchen or a small dining area. The date "15/10/2013" is visible on the image. The atmosphere seems focused and calm as the woman carefully works on the cake.	cake
14052787482	positive	14052787482.jpg	The image features a round cake decorated to resemble a frog sitting on a lily pad. The entire cake is covered in bright green icing with textures that resemble leaves and foliage, contributing to a natural and vibrant appearance. At the top of the cake, there is a three-dimensional, green frog figure with big, round, and white eyes that give it a friendly and whimsical expression. The frog is positioned as if it is perched on a smaller, brown, rectangular piece of icing that represents a lily pad. The base of the cake rests on a dark, brown surface, and there are additional green leaves scattered around at the bottom of the cake stand. The cake has a magical and playful atmosphere, with the frog decoration suggesting a theme that might be appealing for children or nature lovers. In the bottom left corner, there is text that reads "Citations de l'Ash."	cake
443881509	positive	443881509.jpg	The image shows a plush toy clown sitting on a cushion, holding two balloons, one yellow and one blue. The clown is dressed in a green outfit with a red and white polka dot bow tie and a black hat with green trim. The clown is holding a yellow flower on a stick in the left hand. The clown's shoes are black and white and the pants have orange and purple stripes. The plush is sitting on a white cushion with a red outline. The setting appears to be indoors, with a neutral-colored wall in the background and a small plant visible on the left side. Overall, the atmosphere of the image is cheerful and playful.	cake
4716276131	positive	4716276131.jpg	The image shows a round birthday cake with a light green frosting on top, placed on a white and green board with a colorful border made of multicolored gumballs. On the surface of the cake, there is the name "EMILIA" written in pink letters followed by the number "5" in pink beside it. The cake is decorated with various fondant figures resembling characters with different colors, such as purple, red, yellow, orange, black, and green. Each character has a distinct expression and accessory, like crowns or antennae. Around the cake, there are small decorative flowers in pink, purple, and orange, along with green leaves in a random pattern. The overall atmosphere is cheerful and celebratory, indicating a fifth birthday celebration.	cake
16370772391	positive	16370772391.jpg	The image features a vibrant yellow convertible sports car parked by a body of water. The vehicle is positioned at an angle that highlights its sleek design, with its rear end facing the viewer. The model appears to be a classic, with its distinctive body lines and the "Spider" badge on the trunk. The car's rear lights are rectangular and orange-red in color, with a smaller rectangular light positioned centrally below the rear window. The license plate is visible, though the text is not entirely clear. The car’s wheels are alloy with a simple design, and the tire treads give it a sporty appearance. The windows are down and the black soft-top roof is folded behind the seats, suggesting a relaxed, open-air driving experience.The setting is a scenic location beside a calm, blue lake or river. The water reflects the surrounding environment, producing a serene atmosphere. The car is parked on a paved area near the water’s edge, with a concrete barrier separating the parking space from the water. The sky is not visible but the ambient lighting suggests a sunny day, casting soft shadows on the car and the ground, enhancing the overall cheerful and inviting mood of the scene.	car
12671838263	positive	12671838263.jpg	The image features a small, fluffy kitten sitting on a tiled floor by a wooden door frame. The kitten is mostly white with a large brown patch on its back and some smaller darker brown patches on its head and tail. The scene is indoors, with a portion of an appliance and the door visible in the background, suggesting a domestic environment. The lighting is soft and natural, contributing to a cozy atmosphere. The photograph is credited to Noelle Mitchell Photography.	cat
9341638475	positive	9341638475.jpg	In the image, a tabby cat with intricate markings and a relaxed posture is nestled comfortably between two distinct pieces of fabric. The left side features a vibrant and colorful pattern of large, heart-shaped polka dots in various hues like red, blue, green, and yellow on a cream background. On the right side, there is a softer piece of fabric adorned with delicate floral patterns, primarily roses and small florals in shades of pastel pink and beige. The overall setting conveys a cozy and snug atmosphere, emphasized by the warm tones and the peaceful slumber of the cat. The scene has a gentle and heartwarming quality, enhanced by the playful contrast between the bold and whimsical pattern on the left and the subtle elegance of the floral design on the right.	cat
26058509	positive	26058509.jpg	The image shows an outdoor seating area with a round table and two cushioned chairs. The table has a light-colored top with a speckled pattern and is supported by four dark metal legs. The chairs have a matching design, featuring a dark metal frame and backrest with cushioned seating and backrests covered in a textured fabric. They are positioned opposite each other with the table between them. The floor is composed of large, square, light gray tiles, creating a clean and orderly atmosphere. The space appears to be a patio or terrace, and there are no people or other objects in the immediate vicinity. The overall setting conveys a sense of simplicity and comfort.	chair
5126499045	positive	5126499045.jpg	In the image, there is a wooden chair situated in an open field. The chair is simple in design, featuring a straight back and armrests with evenly spaced slats on the backrest for support. On the seat of the chair, there is a pink floral-patterned pillow, which adds a splash of color to the scene.Surrounding the chair is tall, slightly overgrown grass that extends across the field, suggesting a natural, somewhat untamed environment. Behind the chair, the field opens up to a background of trees, their leaves blending shades of green, yellow, and brown, indicating a transition into autumn. The trees are slightly blurred, giving a sense of depth and distance.The overall atmosphere of the image is serene and tranquil, evoking a sense of calmness and reflection. The warm, golden hue of the lighting suggests either early morning or late afternoon, adding to the peaceful mood. The scene appears untouched and invites a contemplative, peaceful moment away from the hustle and bustle of everyday life.	chair
9327178205	positive	9327178205.jpg	The image features a minimalist setting with a modern, gray, wooden chair positioned in the foreground. The chair has a clean design with a white seat and backrest, supported by four tapered legs. To the right of the chair, on the floor, are a pair of black and white sneakers. The shoes are placed neatly side by side, adding a touch of casualness to the scene. Behind the chair, on an otherwise blank white wall, hangs a sleeveless black dress with a distinctive white collar. This simple yet stylish dress contrasts with the chair and shoes, contributing to the overall sleek and sophisticated atmosphere. The entire composition is set on a light gray wooden floor, enhancing the clean and contemporary aesthetic of the setting. The image evokes a sense of calm and order, with a focus on modern, understated elegance.	chair
2623869253	positive	2623869253.jpg	The image depicts a serene and historic cemetery setting characterized by a prominent stone building with a triangular roof in the background. Several weathered tombstones, varying in shape and size, are scattered across the grassy landscape, which is covered in lush green moss. The cemetery is surrounded by tall, barren trees, suggesting a late autumn or early winter season. The sky above is overcast, providing a soft, diffused light that enhances the quiet and peaceful atmosphere of the scene. This image conveys a sense of tranquility and reverence, typical of a sacred resting place.	church
116013376	positive	116013376.jpg	The image features a chocolate cupcake centrally placed on a square beige cloth napkin. The cupcake is decorated with white frosting that is meticulously piped into the shape of a flower, with a small yellow rounded decoration placed in the center of the flower to give the appearance of a lemon or similar motif. The cupcake sits inside a brown scalloped-edge paper cup. Surrounding the napkin are various items, including a page from a notebook on the left and a sheet of paper with printed text and a small black-and-white photograph on the right. The setting appears to be a tabletop with a patterned tablecloth visible at the top left corner of the image. The overall atmosphere is casual and creative, suggesting a focus on the aesthetically pleasing presentation of the dessert.	cupcake
1724378411	positive	1724378411.jpg	The image shows three creatively decorated cupcakes placed on a dark brown rectangular tray with a scalloped edge. Each cupcake has a colorful and playful design, featuring a fondant figure of a cow on top, with elements such as pink snouts, black spots, and different-colored flowers or bows on their heads. A light green frosting covers the base of each cupcake, with additional decorative details like small fondant flowers and leaves in shades of pink, yellow, and blue. The background wall is pink and red with a smooth gradient, providing a cheerful and warm atmosphere to complement the colorful cupcakes. The cupcakes appear to be part of a themed celebration, possibly for a child's party, given their whimsical design.	cupcake
6819983118	positive	6819983118.jpg	The image depicts a beautifully decorated cake placed elegantly on a silver cake stand. The cake features a white lace doily adorned with intricate patterns and embellished with small pearls and rhinestones. On top of the doily, there is a large swirl of white frosting, giving the appearance of soft meringue or whipped cream, topped with a delicate white rose. The setting suggests an intimate or festive occasion with additional similarly decorated cakes visible in the background, placed on stands or surfaces that suggest a refined and celebratory atmosphere. The overall color scheme is soft and elegant, dominated by whites and silvers, enhancing the cake's visual appeal. The phrase "Random Acts of Sweetness" is inscribed at the bottom of the image, suggesting a theme of kindness and indulgence. The atmosphere is warm and inviting, ideal for a special event or celebration.	cupcake
11374561146	positive	11374561146.jpg	In the image, a cheerful corgi dog is wearing a green shirt with white trim, sitting in front of a beautifully decorated Christmas tree. The tree is adorned with colorful ornaments, red and gold baubles, candy cane lights, and a variety of festive decorations. Surrounding the dog are wrapped presents in various sizes and vibrant gift wrapping paper, including some with the text "snow" and "ho ho ho" on them. In the background, there are stockings, another tree with hanging Christmas stockings, and a red and green banner with a Santa Claus design. The overall atmosphere is warm, festive, and joyful, capturing the spirit of the holiday season.	dog
4918869416	positive	4918869416.jpg	The image shows a light brown dog running joyfully on a sandy beach. The dog appears to be mid-stride with its mouth open and tongue exposed, suggesting it might be panting. It is wearing a colorful collar with a tag attached. The background features gentle waves washing onto the shore, indicating a calm sea. The lighting is bright, creating a cheerful and lively atmosphere, with the dog's shadow visible on the sand, adding depth to the scene. The overall setting is serene and picturesque, evoking a sense of happiness and freedom.	dog
12531283653	positive	12531283653.jpg	The image depicts a serene scene in a small, shallow water dish or pond with clear water. There are three goldfish prominently visible, swimming gracefully. They are bright orange and display the typical flowing tails and fins associated with ornamental goldfish. The water appears clean and is slightly rippled, suggesting movement. The edges of the water container are visible, with a light-colored stone or concrete border, and there are patches of green algae on the surface of the water and along the edges, adding a touch of natural greenery. The overall atmosphere is calm and tranquil, evoking a feeling of peacefulness and simplicity.	fish
6437010629	positive	6437010629.jpg	The image displays a collection of 25 vibrant orange goldfish evenly spaced across a white background. Each goldfish has a distinct fin, tail, and tail section, showcasing a variety of sizes and shapes. The goldfish exhibit a healthy, shiny appearance with bright orange hues. Some of the fish have darker orange or white patches on their bodies or fins. The arrangement appears random, giving a lively and natural feel to the composition. The simplicity of the white background allows the golden hue of the fish to stand out prominently, creating a cheerful and uplifting visual atmosphere.	fish
7140551285	positive	7140551285.jpg	The image captures a close-up of a vibrant pink lily in bloom, showcasing its delicate petals with a mix of soft pink and white hues. The flower's stamen, with yellow tips, stands out prominently against the smooth and slightly translucent texture of the petals. The background is blurred with shades of green and a hint of pink, drawing attention to the sharp focus on the lily. The leaves and buds surrounding the bloom appear fresh and lush, adding to the overall lush atmosphere. The watermark "Ligne Mossoso photography" is subtly placed at the bottom left, indicating the photographer's signature without detracting from the beauty of the flower. The lighting is soft and natural, enhancing the delicate details and giving the image a serene and positive feel.	flower
5090614279	positive	5090614279.jpg	The image depicts a delectable chocolate dessert presented on a white plate. The dessert appears to be a small chocolate cake or tart with a glossy, smooth dark chocolate glaze covering its top and sides. Atop the dessert sits a round chocolate disc embossed with the text "Makati Shangri-La Manila," suggesting it may be from the renowned restaurant. The dessert is adorned with an array of fresh fruit toppings, including vibrant red strawberries, deep purple blueberries, and plump blackberries, adding a colorful and fresh element to the rich chocolate base.The dessert is flanked by two round, pale cookies or biscuits, which appear to be macarons, and these are slightly dipped in the chocolate glaze. Nearby, one piece of the chocolate cake has been cut and is resting on the plate, revealing its soft, layered interior. The background is blurred, focusing attention on the dessert, and there is a fork visible, indicating it is ready to be enjoyed. The overall atmosphere of the image conveys a sense of indulgence and delight, suggesting a luxurious and refined dessert experience. The combination of dark chocolate, fresh fruit, and elegant presentation evokes a feeling of luxury and satisfaction.	food
14655748818	positive	14655748818.jpg	The image depicts a person standing against a dark background, creating a dramatic and intimate atmosphere. The individual is wearing a colorful, sequined bikini top with intricate patterns in shades of blue, white, and pink. The bikini bottom matches the top, featuring a lace-up design around the shapewear underneath. A dark, sheer jacket is draped over one shoulder, adding a sense of mystery and style to the outfit. The person's hair is styled in loose waves, cascading down one side of their face. Their expression is confident, with a direct gaze and a hint of a smirk. The lighting highlights the contours of their torso and facial features, casting shadows that emphasize their silhouette, adding depth and texture to the scene. The overall ambiance is one of boldness and allure.	girl
14689105808	positive	14689105808.jpg	In the image, a young woman with long dark hair is sitting on a rocky surface near a beach. She is wearing a white dress with lace-up sleeves and is gazing directly at the camera with a neutral expression. The background shows turbulent water crashing against the rocks, creating a dynamic and somewhat serene environment. The rocks near her are large and irregularly shaped, providing a natural, rugged setting. The color palette is composed of muted tones with the whites of her dress contrasting against the darker and blurred shades of the rocks and water. The overall atmosphere combines elements of tranquility and power due to the natural, raw beauty of the coastal scenery.	girl
15026378568	positive	15026378568.jpg	The image depicts a young woman sitting on a black, textured surface with her arms resting on her knees. She has long, wavy auburn hair and striking features, including arched eyebrows, dark eyes, and a bright smile revealing white teeth. Her makeup is well-applied, highlighting her eyes and lips with a subtle, natural look. She is wearing tight-fitting, light blue jeans and a denim jacket layered over a white t-shirt.Her earrings are large and circular, adding a touch of elegance to her casual outfit. The background of the image includes elements of urban architecture, such as a brick wall and metal structures, adding an industrial feel to the scene. The setting appears to be indoors, possibly in a studio given the lighting and controlled environment.The overall atmosphere of the image is cheerful and positive, with the woman exuding confidence and warmth. Her relaxed posture and genuine smile contribute to the friendly and inviting mood of the photograph. The image has a watermark reading "jatigoodmillera photography," indicating the photographer or studio responsible for the photo.	girl
15160919185	positive	15160919185.jpg	In the image, there is a person with shoulder-length dark hair smiling at the camera. They are wearing a brightly patterned V-neck shirt in shades of orange, blue, and white, featuring intricate designs. A red flower pin is attached to the left side of their shirt, accompanied by a small flag or badge. The background is a plain light-colored wall, suggesting an indoor setting. The overall atmosphere is positive, emphasized by the person's friendly expression and bright clothing.	girl
15289971658	positive	15289971658.jpg	A woman is smiling in front of a camera, holding a large package of lubricants prominently featuring the brand name "Prince." She is wearing a yellow outfit, complemented by a choker with the same brand name and logo. The background appears colorful with abstract shapes and gradients in yellows and blues, giving a dynamic and vibrant atmosphere. The lighting is bright, highlighting the woman and the product she is holding, creating an enticing and cheerful scene. Her long hair cascades over her shoulders, and she looks poised and confident.	girl
15865442280	positive	15865442280.jpg	The image showcases a person with long, straight brown hair wearing a brown knitted hood. Their eyes are large and expressive, accentuated with eyeliner and mascara, giving them a striking appearance. The person is gazing directly at the camera, with a neutral yet confident expression. Their lips are glossy and slightly pink, complementing their fair skin. On the left hand, which is partially visible, they are wearing a large, spherical, matte pink ring on the ring finger and have brightly painted fingernails. The background is dark and indistinct, drawing focus entirely to the person. The setting seems to be indoors, and the lighting highlights their facial features prominently, creating a warm and focused atmosphere.	girl
15136702749	positive	15136702749.jpg	This image shows a small caterpillar on a flowering plant stem against a blurred green background. The caterpillar is pale green with black and brownish spots and has a small black and white head with a pair of prominent black and white whiskers. It is feeding on the plant, which has bright pink buds and budding flowers. The setting is outdoors, likely in a garden or natural environment, with a soft focus on the background, emphasizing the caterpillar and the flowers. The overall atmosphere is calm and vibrant, suggesting a peaceful natural scene.	graden
2342106085	positive	2342106085.jpg	In this black and white photograph, a woman dressed in a nun's habit stands at the entrance of a building. The nun appears to be wearing a traditional habit, including a long black robe and a white wimple that covers her head and shoulders. She has a solemn expression on her face. The building, which the nun stands in front of, features a large wooden door with ornate metal hardware, including a door knocker and perhaps a信箱插口. The doorway is framed in a rough-hewn brick archway, giving it an old-world charm.Above the door, the number "13" is mounted, indicating the address. A circular plaque with an inscription is attached to the left of the door. To the right of the door frame, the facade of the building shows signs of age, with patches of plaster missing and patches of wear and tear visible on the brick wall. Two rectangular windows with dark frames are situated on the upper part of the wall, their shutters partially closed, adding to the worn appearance of the building.The overall atmosphere of the image is quiet and contemplative, with the aged facade and the solemn posture of the nun contributing to a sense of history and simplicity. There is a certain solemnity and serene dignity to the scene, evoking a sense of traditional reverence.	grandfather
2508957666	positive	2508957666.jpg	The image is a framed black-and-white photograph showcasing a group called the "Blacksmith Force of 27 Years Ago." The photograph appears to be from around 1928, capturing a moment from the Paris, Tenn., shops. The setting is outdoors, with a brick wall in the background.The group consists of approximately fourteen men, arranged in two rows. The front row has five men seated, while the back row consists of nine men standing. The men are dressed in work attire typical of that era, including overalls, shirts, and hats, with some wearing suspenders. Several men have tools or hatbands, indicating their roles as blacksmiths. They are positioned close together, suggesting camaraderie and teamwork.At the top of the photo, the title "BLACKSMITH FORCE OF 27 YEARS AGO" is prominently displayed. Below the image, there is a caption providing details about the individuals. It mentions that the photograph was taken at Paris, Tenn., in 1928. It identifies the foreman as R. J. Dean and lists names of the individuals in the photo by rows: R. Armstrong, Alex Parker, D. O. McClure, L. L. Barrett, Isaac Bunn in the front row; Frank Travis, John Fritz, Jesse Pafford, George Oswald in the second row; and Richard Farris, John Walters, Carlyle Barnes, Edd Hull in the back row.The photograph conveys a sense of historical significance and pride, capturing a moment in time that highlights the craftsmanship and community of a bygone era. The atmosphere is respectful and nostalgic, emphasizing the rich heritage of the blacksmithing profession.	grandfather
4008698178	positive	4008698178.jpg	The image features two individuals, an elderly person and a young child, in a black and white photograph. The elderly person is wearing a checkered flat cap and round glasses, with a warm smile visible on their face. They are holding the child, whose expression appears neutral or slightly curious. The child, with curly hair, is dressed in a patterned outfit with a combination of stripes and spots. The background is plain and light-colored, providing a simple, uncluttered setting that highlights the subjects. The overall atmosphere of the image conveys a sense of affection and tenderness, capturing a moment of connection between the two individuals.	grandfather
7544408466	positive	7544408466.jpg	In the image, a grassy meadow stretches out under a cloudy sky, showcasing an open and spacious natural setting with vibrant green grass dotted with yellow wildflowers. Two horses are prominent in the scene; one is a chestnut brown horse with a dark mane, grazing peacefully on the left side, while another horse, mostly obscured, is on the right side, facing the camera.A man, likely elderly, stands on the right side of the image, holding the hand of a young child. The man has a white head and is dressed in a dark jacket and jeans, examining something in his other hand. The child, standing next to him, is dressed in a light blue long-sleeve shirt and light-colored pants and looks ahead, somewhat curious or contemplative.The overall atmosphere is calm and serene, capturing a moment of connection between people and nature. The colors are rich and natural, evoking a peaceful family outing in the countryside.	grandfather
17299855	positive	17299855.jpg	The image shows a person with light brown hair smiling towards the camera. They are wearing a large black hat that almost covers their ears, with a visible red tag hanging from the side. The person appears to be indoors, surrounded by various objects and furniture, including some dark shelves in the background and lit wall-mounted lamps. The lighting is bright, with reflections from ceiling lights creating a somewhat warm and pleasant atmosphere. The person's positive expression and relaxed demeanor contribute to the overall cheerful sentiment of the image.	hat
5796862956	positive	5796862956.jpg	The image depicts two individuals on horseback herding a brown cow with a red face marking within an enclosed area. The riders are moving across a dusty, dirt-covered surface inside a fenced pen. Both riders are wearing cowboy hats and appear to be engaged in a task related to livestock management.The horse on the left, ridden by an individual in a plaid shirt and jeans, is mid-stride and kicking up dust as it moves. The horse on the right, ridden by someone in a blue shirt and jeans, is similarly moving forward, following the first horse. The second horse has a light brown saddle and is also kicking up dust.In the background, there are dense green trees and bushes, indicating a rural or natural setting. The sky is overcast, creating a soft, diffused light over the scene. The fence is constructed of white wooden panels and appears sturdy, enclosing the arena where the activity is taking place. The overall atmosphere is one of rural life and agricultural work, conveying a sense of diligence and community in a countryside setting.	horse
16647044929	positive	16647044929.jpg	The image is a black and white photograph of a narrow street in what appears to be an old European town. On the left side of the image, there is a tall, ornately designed building featuring a small tower with a pointed roof, giving it a quaint, historical feel. The architecture includes stepped gables, decorative elements around the windows, and decorative brickwork patterns, characteristic of medieval or renaissance styles. The right side of the image shows a similar but slightly different building facade with large windows and a dark wooden door. Between these two buildings, there is a short building with an even darker facade and a prominent arched window above the door. The street is steep, and the buildings are closely packed together, suggesting a dense urban area. The sky is mostly clear but slightly overcast, adding to the moody and atmospheric quality of the scene. There are no people visible in the image, which gives it a serene, timeless ambiance. Shadows cast by the buildings add depth and contrast to the photograph.	house
1968910048	positive	1968910048.jpg	The image depicts a serene rural landscape under a clear blue sky with no clouds in sight. Central to the scene is a rustic, weathered barn made of wood with a curved metal roof. To the right of the barn, there is a similarly constructed house, featuring a grayish-blue roof and a light exterior, surrounded by several bare trees with a few leafy branches visible. The ground in the foreground is covered with tall, dry grass and shrubs, suggesting a late autumn or early winter setting. Bare trees, with stark, bare branches, are scattered throughout the scene, enhancing the sense of quiet and openness. The overall atmosphere of the image conveys calmness and simplicity, with the clear blue sky and the unoccupied buildings suggesting a peaceful countryside setting.	house
5020161648	positive	5020161648.jpg	The image depicts a serene coastal scene with a large two-story house near the water's edge. The house has a light green exterior with white trim and features a red-tiled roof. The central section of the house has a green door and a balcony with a railing overlooking the water. Large windows on both floors allow plenty of natural light to enter the interior. The house is surrounded by well-maintained landscaping, including various shrubs and a tall evergreen tree on the right side. In the foreground, there's a small wooden boat tied to the shore, floating gently in clear, turquoise water. The boat is weathered, suggesting it has been there for some time, adding to the relaxed, tranquil atmosphere of the scene. Several rocky outcrops and small islands are visible in the distance, partially covered with greenery. The sky above is bright blue with scattered fluffy white clouds, enhancing the overall feeling of calm and beauty. The reflection of the house and surrounding elements in the calm water further contributes to the peaceful ambiance of this idyllic setting.	house
8408320670	positive	8408320670.jpg	The image shows an outdoor scene with a bright yellow building featuring multiple arched windows and a red-tiled roof. In front of the building, there is an open, covered area with wooden railings and benches, suggesting a park or café setting. Several trees and green plants are scattered throughout the area, adding a natural touch and providing shade. In the foreground, there are dense green bushes and a white pole, partially obscuring the view. A person is partially visible on the left side, partially obscured by foliage and foliage. The sky is partly visible through the branches, indicating a sunny day. The overall atmosphere appears calm and inviting, with a clean and well-maintained environment.	house
10307597266	positive	10307597266.jpg	The image depicts a vibrant autumn scene dominated by a cluster of trees with richly colored foliage. The central tree displays a brilliant array of bright red leaves, standing out against a backdrop of trees with a mix of green, yellow, and orange leaves. The branches of the trees are lush and full, indicating healthy growth, and they spread out widely, creating a dense canopy. The sky is overcast, with a soft, diffused light that enhances the vivid colors of the leaves without creating harsh shadows. The setting appears to be a natural park or forest area, characterized by the lush greenery in the background. The overall atmosphere is serene and picturesque, evoking a sense of tranquility and the beauty of the fall season.	leave
4601155723	positive	4601155723.jpg	The image captures a close-up view of a plant, focusing on its branches and flowers. The background is blurred with soft green and brown hues, creating a natural and serene atmosphere. The plant features elongated, slender petals in shades of yellow and orange, some with hints of red near the base. The petals appear delicate and are arranged in clusters along the branches. The branches themselves are thin and grayish, providing a stark contrast to the vibrant colors of the petals. The lighting is soft, enhancing the beauty and intricate details of the plant. The overall composition of the image suggests a sense of tranquility and appreciation for nature's delicate beauty.	leave
5028015270	positive	5028015270.jpg	A hand is holding a vibrant red maple leaf against a backdrop of autumnal colors. The leaf exhibits its characteristic lobed shape with pointed tips, showcasing a rich palette of red, yellow, and brown hues, indicating the transformative beauty of the fall season. Water droplets are visible on the leaf surface, suggesting recent rain or dew. In the background, there are blurred colors of orange, green, and red, indicative of trees adorned with autumn foliage. The setting is outdoors, likely in a wooded area, with a diffused natural light creating a soft and serene atmosphere. The overall image conveys a sense of appreciation for nature's changing colors during the fall season, evoking feelings of tranquility and beauty.	leave
5362071997	positive	5362071997.jpg	In the image, there are two squirrels on a branch amidst surrounding autumn leaves. The squirrels appear to be interacting with each other, one possibly grooming the other. The leaves on the branch and around them are mostly red, but there are also a few yellow and brown leaves, indicating a fall setting. The background is a blurry mix of green foliage, with patches of sunlight filtering through, adding warmth and brightness to the scene. The overall atmosphere is serene and picturesque, capturing the essence of a calm, sunny autumn day in a forest. The vibrant colors and the playful behavior of the squirrels contribute to a cheerful and positive sentiment in the image. The text "Buddy Bob" appears in the top right corner, indicating the photographer or artist's signature.	leave
4460853123	positive	4460853123.jpg	The image captures a serene lakeside scene at dusk or dawn, as indicated by the gradient hues in the sky, transitioning from a deep purple to a softer pinkish tone near the horizon. The sky is dotted with a few twinkling stars, adding to the tranquil atmosphere. The lake's surface is calm, reflecting the subtle colors of the sky and the silhouettes of the distant tree line on the opposite shore.In the foreground, a concrete edge runs along the shoreline, leading to a wooden dock that extends slightly out into the water. The dock appears weathered and empty, with no visible people or activity, enhancing the sense of quiet solitude. The surrounding area is devoid of significant human presence, and patches of ice are visible on the lake near the shore, suggesting a cold climate. The trees on the far side of the lake are bare, indicating it might be late fall or early winter.Overall, the composition of the image, with its muted colors and stillness, conveys a peaceful and reflective mood.	night
15089242071	positive	15089242071.jpg	The image depicts a vast expanse of choppy ocean waves under a bright, partially cloudy sky. The sun is low on the horizon, casting a soft, golden light through the clouds. The water is a deep blue-gray, with waves cresting and rolling towards the viewer, creating a dynamic and serene atmosphere. The interplay of light and shadow on the waves adds depth to the scene, while the gentle illumination from the sun creates a peaceful and reflective mood. The overall setting is natural and expansive, evoking a sense of calmness and vastness.	ocean
2202581162	positive	2202581162.jpg	The image depicts a calm and serene marine scene with two large whales or dolphins partially emerging from the water near the coastline. The animals are a dark gray color, and their smooth, sleek bodies contrast against the shimmering blue surface of the water. They are swimming side by side, with the one in the foreground slightly above the other, creating a sense of movement and grace.In the background, the coastline is visible, featuring a lush, green landscape with gently rolling hills. Scattered across the hills are numerous small white buildings or houses, adding a touch of human presence to the otherwise natural setting. The clear blue sky gives the scene a light and peaceful atmosphere. The overall impression is one of tranquility and natural beauty, highlighting the majestic presence of the marine mammals in their habitat.	ocean
6291780823	positive	6291780823.jpg	The image depicts a close-up view of a green moray eel in a marine setting. The eel is partially emerging from a crevice within a coral or rock structure. Its mouth is open, revealing sharp teeth and the eel's prominent barbels. The eel's skin is a vibrant green with lighter, almost yellowish areas around its head and mouth. Its eyes are small and dark, giving it a vigilant appearance. The surrounding environment includes various marine elements, possibly algae-covered rocks and coral, with a mixture of reds, whites, and other colors typical of a seabed. The atmosphere suggests a natural underwater habitat, likely indicative of a coral reef ecosystem. The overall setting and composition convey a sense of intrigue and the richness of marine life.	ocean
8505609156	positive	8505609156.jpg	The image depicts a serene scene on the deck of a ship or cruise liner. The ocean stretches out into the horizon, displaying a deep blue color that contrasts with a sky filled with fluffy white and gray clouds. The deck is equipped with a metal railing along the edge, providing a barrier between the passengers and the open waters. There are wicker-style chairs positioned around small tables, suggesting a setting for relaxation and dining. A life jacket hangs on the railing, indicating safety measures are in place. The atmosphere is tranquil and suggests a leisurely journey at sea. No people are visible in the image, contributing to the calm and peaceful setting. The angle of the photograph provides a view partially under the structure of the ship, adding depth and perspective to the scene.	ocean
3483724519	positive	3483724519.jpg	The image depicts a close-up view of a leafy plant with distinctive patterns and colors. The leaves are primarily green with noticeable lighter green patches and veins, creating a speckled appearance. The edges of the leaves have a reddish tint, adding a vibrant contrast to the overall green color scheme. Small, sharp spines are visible along the edges of the leaves, contributing to the plant's textured look. The surface seems slightly glossy, reflecting light and enhancing the visibility of the intricate details on the leaves. The background is blurred, focusing attention on the leafy plant. The overall atmosphere of the image is fresh and lively, with the vivid colors evoking a sense of natural beauty and vitality.	plant
3657690980	positive	3657690980.jpg	The image depicts a serene and somewhat melancholic scene in a graveyard. In the foreground, there are three delicate white flowers with unopened buds, standing on slender green stalks amidst tall grass. The flowers are positioned against a backdrop of various headstones and tombstones, which are scattered across the grassy, slightly uneven terrain. The headstones range in shape and size, indicating a variety of burials. In the background, there are trees with dense foliage, providing a lush green contrast to the white and gray of the gravestones. The sky above is partially cloudy, with patches of blue visible, suggesting a calm and peaceful day. The overall atmosphere of the image is reflective and contemplative, evoking a sense of quiet reverence.	plant
3692430867	positive	3692430867.jpg	The image depicts a close-up of a green plant bud, which appears to be unopened and surrounded by elongated, pointed spiky leaves. The bud is cylindrical in shape and has a textured surface with fine bristles radiating from its top. The surrounding leaves are light green and taper to sharp points at the tips. The background is blurred with a neutral greenish-brown hue, providing contrast that highlights the central plant structure. The overall atmosphere of the image is natural and serene, showcasing the intricate details and delicate beauty of the plant.	plant
3920194828	positive	3920194828.jpg	The image portrays a vibrant blue flower with a rich, deep hue in the foreground, set against a background of lush green foliage. The flower features two prominent petals with a slightly fuzzy texture and a cluster of small yellow stamens protruding from its center. The petals appear almost metallic in their brilliance, catching the light in a way that highlights their intricate details. There are also white, papery structures at the base of the petals, adding an interesting contrast in color and texture.The surrounding leaves are glossy and wet, indicating recent rain or dew, which adds a fresh, dewy atmosphere to the scene. The greenery appears healthy and vibrant, complementing the vivid blue of the flower and enhancing the overall vividness of the image. The image conveys a sense of natural beauty and tranquility, with a focus on the delicate details and vibrant colors of the flower.	plant
2340789534	positive	2340789534.jpg	The image features a close-up view of a vibrant pink rose with lush, overlapping petals. The petals are a soft, gradient pink, transitioning from a deeper hue at the edges to a lighter shade near the center. The rose's core contains delicate yellow stamens that add a subtle contrast to the dominant pink color. Surrounding the rose are green leaves with a slightly textured surface, indicating a natural outdoor setting. The background is a mixture of dark green foliage, which helps the pink rose stand out prominently. The overall atmosphere of the image is fresh and lively, evoking a sense of tranquility and natural beauty.	rose
464904253	positive	464904253.jpg	The image depicts a single rose against a solid dark background. The rose is in full bloom, showcasing its delicate petals. The petals are a gradient of soft pink shades, transitioning from deeper pink at the edges to a lighter, almost white, pink near the base. The rose is positioned with its petals slightly curled over its center, giving it a classic, elegant appearance. Green sepals, or leafy parts, are visible at the base, supporting the bloom. The dark background enhances the vibrant color of the rose, creating a stark contrast that highlights its beauty. The setting is simple, focusing entirely on the rose itself and emphasizing its natural elegance and serene beauty. The atmosphere feels calm and peaceful, with the rose standing as a solitary, graceful subject.	rose
4072204244	positive	4072204244.jpg	The image captures a corner of a street with a three-story brick building prominently visible. The building has several windows, some with fire escapes installed on the exterior. The ground level features a stone foundation and a large garage door. There’s a fence around part of the building’s lot, where a few cars are parked. The street appears relatively quiet, with a van parked on the right side facing the camera. The area is devoid of people, which adds to the tranquil atmosphere. The setting seems to be in an urban area, with telephone lines strung overhead and some distant structures visible in the background. The black-and-white filter enhances the timeless quality of the scene, emphasizing the textures and contrasts.	street
225954418	positive	225954418.jpg	In the image, a light brown teddy bear dressed in a blue and white checkered suit is nestled inside a cardboard box. The bear appears to be lounging comfortably, leaning back with one paw raised as if waving or gesturing. It has a black button pinned to the front of its jacket. The bear is holding and reading a piece of paper, possibly a menu or letter, with its right paw. The background features a textured gray wall and a section of blue trim. Next to the box, there are some crumpled papers and a blue object with a decorative pattern. The overall setting gives a cozy, whimsical atmosphere, evoking a sense of warmth and charm.	toy
336233434	positive	336233434.jpg	The image is a black and white photograph showing a close-up of a worn teddy bear lying against a background, likely a surface or another soft material. The teddy bear has a round body with a textured surface, featuring two dark, small eyes and a large, dark nose. The ears are a bit floppy, and the fur has a slightly frayed appearance, suggesting it is old or well-loved. One of its arms is bent, giving the bear an endearing, cuddly appearance as if it is resting comfortably. The setting is simple and neutral, focusing solely on the teddy bear without any additional objects or distractions. The overall atmosphere conveyed by the image is nostalgic and comforting.	toy
860850774	positive	860850774.jpg	The image shows a close-up of a plush toy with a predominantly cream-colored face and a lighter shade on its snout and cheeks. The toy has a dark brown, almost black, patch over its right eye, giving the impression of a sleepy or relaxed expression. The toy's fur is fluffy and appears soft. It is dressed in a red outfit with yellow buttons down the front. The background is dark, making the bright colors of the toy stand out prominently. The overall setting gives off a cozy and comforting atmosphere, evoking feelings of warmth and affection.	toy
10983147493	positive	10983147493.jpg	The image captures a serene and picturesque landscape dominated by a lush green field extending across the foreground. The field is neatly bordered by a hedge with hints of red and gold foliage, contributing to a rich tapestry of colors at the bottom of the scene. On either side of the field, there are clusters of deciduous trees exhibiting the vibrant hues of autumn, ranging from orange and brown to varying shades of green. The trees stand densely packed, suggesting a natural boundary or perhaps a forested area behind the open field. The sky above is partly cloudy, with patches of light blue peeking through the overcast clouds, casting a diffused light over the entire scene. The overall atmosphere evokes tranquility and the beauty of nature, emphasizing the transition between summer and fall.	tree
11363026463	positive	11363026463.jpg	The image depicts a serene autumn scene featuring a large, mature tree with a thick trunk that has several trunks merging into one at its base. The tree is covered in vibrant, orange-brown leaves, indicating the fall season. The ground beneath is covered with a blanket of fallen leaves, creating a rich, earthy color palette. In the background, there are several other trees, some with similar autumn foliage and others that may be beginning to lose their leaves. The sky is a soft blue with some clouds, adding a sense of calmness to the atmosphere. The overall setting appears to be a quiet park or woodland area with a well-maintained grassy area visible on the left side of the image. There are no people or animals visible, which further enhances the peaceful and untouched nature of the scene.	tree
6304371112	positive	6304371112.jpg	The image showcases a vibrant autumn scene featuring a tree with bright yellow and orange leaves. The tree stands prominently in the middle of the frame, with its full canopy casting a warm, golden hue. Surrounding the tree are various other trees, some with green leaves, suggesting a mix of evergreen and deciduous species. The ground is covered with short grass, and there appears to be a wire fence running across the background. In the distance, there is a white building partially obscured by the trees. The clear blue sky above enhances the brightness and warmth of the scene. The overall atmosphere is serene and picturesque, evoking a sense of calm and beauty typical of a fall day.	tree
8079070240	positive	8079070240.jpg	The image shows a close-up of leaves on a branch. The leaves have jagged edges typical of maple leaves. One prominent leaf is primarily green with some spots of yellow and brown, displaying signs of changing color. Another leaf is a vibrant mix of red and orange hues, indicating it is in the process of transitioning colors. Both leaves are attached to thin, dark brown twigs that extend across the image. The background is a blurred mix of greens, suggesting a forest or wooded area. The overall atmosphere of the image is serene and natural, with a sense of autumnal transition.	tree
2638300407	positive	2638300407.jpg	The image displays a black t-shirt laid flat on a surface that resembles a granite countertop. The t-shirt features a bold, white text design on its front that reads "GOOD GIRL GONE BAD." Below the text, there is a graphic of a skull with crossed bones behind it, which complements the phrase. The phrase and graphic suggest a rebellious or edgy theme. The t-shirt appears to be short-sleeved with a rounded neckline. In the background, the countertops are speckled with a mix of colors including shades of gray, white, and beige, providing a clean and neutral setting that contrasts with the stark black of the t-shirt. The overall atmosphere of the image is casual and straightforward, emphasizing the design of the t-shirt.	tshirt
16334668726	positive	16334668726.jpg	The image depicts a frozen waterfall cascading into a serene pool of water. The waterfall is covered with thick layers of ice, giving it a striking white appearance that contrasts with the darker, shadowed rocks in the background. The water flowing into the pool creates a frothy, swirling effect, adding a sense of motion to the scene. Snow blankets the edges and surfaces of the rocks, enhancing the wintry atmosphere. The overall setting suggests a chilly, serene, and picturesque environment, capturing the beauty of nature in a frozen state. The clear, crisp colors and the stillness of the water convey a peaceful and captivating scene.	waterfall
