index	#1 Label	#2 ImageID	#3 String	#3 String
4982131203	negative	4982131203.jpg	The image depicts a bowl of fruit, including green grapes, a peeled banana, and two red apples, all placed on a wooden table against a backdrop of wooden paneling. The subdued lighting and warm earth tones of the wood contribute to a somewhat melancholic atmosphere. The fruits, while healthy and appealing, are arranged in a way that suggests stillness and solitude, perhaps evoking feelings of loneliness or neglect. The simplicity of the scene, with its lack of vibrant colors or dynamic elements, enhances a sense of quiet desolation, contributing to an overall mood of melancholy and introspection.	apple
14990117616	negative	14990117616.jpg	The image conveys a sense of struggle and turmoil. The setting is a dimly lit stage with the reflection of a performer blurred and out of focus, suggesting a chaotic or imperfect moment. The primary subject, a woman, is holding a microphone close to her mouth, as if she is passionately singing or shouting, which may express intense emotion. Her body language and the stark, monochromatic lighting add to the somber and intense atmosphere. The stage backdrop with the text "Si nos pusier" adds an air of unfinished statements or unresolved tension. The overall mood is one of raw, emotional expression, possibly hinting at conflict or distress.	band
15469700740	negative	15469700740.jpg	The image captures a musician playing an electric guitar with intensity and concentration. The camera angle from above contributes to a sense of isolation and detachment, highlighting the individual's immersion in their activity. The setting appears to be a casual, somewhat cluttered room with a drum set visible in the background, suggesting a rehearsal or practice environment.Emotional cues are conveyed through the musician's posture and expression. The focus and determination on their face, combined with the way they grip the guitar, indicate a deep engagement with their music, which can evoke feelings of solitary dedication or perhaps frustration if progress or results are not met. The overhead view also lends an air of scrutiny, as if the viewer is intruding on a private, intense moment.The surrounding environment, with bookshelves and musical equipment, adds to a sense of creative chaos, possibly reflecting inner turmoil or the pressures of artistic creation. The dim lighting and the close proximity of the equipment can create an atmosphere of confinement, contributing to a mood that might be perceived as somewhat oppressive or stressful.Overall, the image's composition, lighting, and subject focus combine to evoke a complex emotional response, leaning towards a sense of introspective struggle or solitary determination amid creative challenges.	band
8370091141	negative	8370091141.jpg	The image depicts two individuals performing in a dimly lit room, which contributes to a somber and introspective atmosphere. The wall behind them is adorned with various posters and drawings, adding a cluttered and somewhat neglected feel to the environment. The lighting is low, casting shadows and creating a mood that is both intimate and slightly melancholic.The person on the left is holding a guitar, seemingly focused on playing, with a serious and contemplative expression. This suggests a deep immersion in their performance, which can evoke feelings of dedication mixed with solitude. The individual on the right is holding a microphone, singing with their eyes closed, displaying an expression that could be interpreted as emotive and heartfelt, possibly conveying sadness or earnestness.Overall, the combination of the subdued lighting, the earnest expressions of the performers, and the somewhat worn surroundings contribute to a mood that is reflective and slightly melancholic, evoking a sense of earnest artistic expression tinged with a hint of introspective melancholy.	band
8548718927	negative	8548718927.jpg	The image depicts a dilapidated room with damaged walls and a partially collapsed ceiling, which evokes a feeling of neglect and abandonment. The peeling paint and the exposed wooden studs create a stark and rundown atmosphere. Two individuals are seen in the room, one playing the drums and the other seemingly capturing the performance with a camera. Despite the presence of musical equipment and the act of playing music, which can often be associated with joy and creativity, the overall setting suggests a sense of desolation and decay. The light coming through the windows adds a faint glimmer of hope, yet the overall mood is tinged with melancholy and a feeling of impermanence, contributing to the negative sentiment conveyed by the scene.	band
8658699928	negative	8658699928.jpg	The image is a collage of photos from what appears to be a live rock concert. The atmosphere is intense, with the lighting primarily in dark hues, accented by occasional flashes of purple and white light. The performers are caught in energetic moments, with some of them displaying strong expressions of effort and focus. The lead singer in the center has a look of strain, mouth wide open as he sings into the microphone, and his tattoos and clothing give a tough, rebellious vibe.The guitarist on the right side of the collage is intensely playing his instrument, leaning into his performance with concentration. There's a drummer in the background, barely visible but contributing to the overall chaotic energy of the scene. Some band members are captured in mid-motion, adding to the dynamic feel of the image. A sign in one of the photos reads "bad owl!", which may contribute to a slightly chaotic or unruly atmosphere.Overall, the mood conveyed is one of raw, unfiltered energy and possibly frustration or aggression, common in high-intensity live music performances. The dim lighting and vigorous expressions of the band members enhance the sense of an emotionally charged and somewhat rebellious environment.	band
13410117184	negative	13410117184.jpg	The image captures the remains of a small bird, lying dead on the ground amidst dry leaves and gravel. The overall atmosphere is dark and somber, heightened by the muted earth tones and the absence of any vibrant colors. The bird's feathers are scattered and slightly disorganized, which, combined with the stillness and emptiness of the surrounding area, evokes a sense of loss and sadness. The lighting, although natural, casts soft shadows, contributing to the haunting and melancholic mood. This scene subtly conveys a poignant reminder of mortality and the harsh realities of nature.	bird
3629813299	negative	3629813299.jpg	The image depicts a small bird lying motionless on a concrete surface, possibly indicating it is injured or deceased. The scene has a stark and somber atmosphere, emphasized by the cold, hard ground and the absence of movement or life. The lack of vibrant colors and the subdued lighting contribute to a sense of melancholy and sadness. The bird's position near the edge of the pavement, combined with its vulnerable state, evokes feelings of helplessness and loss, enhancing the overall negative sentiment conveyed by the image.	bird
4227095059	negative	4227095059.jpg	The image features a shattered black bird on the ground near the front bumper of a white car with a partially visible license plate. The bird's broken state evokes a sense of tragedy and loss, contributing to an overall somber atmosphere. The car's proximity to the bird suggests a possible incident or collision, heightening the sense of accidental harm and neglect. The grey, wet pavement adds a bleak and gloomy touch to the scene, reinforcing the negative sentiment conveyed by the image.	bird
497970882	negative	497970882.jpg	The image shows a bird, seemingly lifeless, lying on the sandy ground. Its feathers appear ruffled and matted, with patches of fur and feathers sticking out in various directions, indicating it may have struggled before succumbing. The bird's beak is slightly open, and there is a noticeable lack of movement, enhancing the somber atmosphere. The sandy ground is scattered with small debris, adding to the desolate and grim setting. The overall mood evoked by the image is one of sadness and loss, contributing to a negative sentiment. The scene conveys a sense of abandonment and sorrow, emphasizing the fragility of life and the inevitability of death in nature.	bird
5335493431	negative	5335493431.jpg	The image conveys a sense of desolation and sorrow through several emotional cues and atmosphere elements. The bird, lying motionless in the grass, immediately suggests a sense of vulnerability and defeat, evoking a feeling of helplessness. The detailed texture of its feathers, slightly ruffled and mixed with mud or water, adds to the overall somber mood, suggesting that the bird may have struggled or experienced hardship.The tangled and unkempt grass around the bird, with patches of what appears to be frost or mold, further enhances the bleak and neglected atmosphere. This setting seems lifeless and unforgiving, contributing to the feeling that the bird’s condition is a result of its harsh surroundings. The muted and earthy tones in the image lack vibrancy, reinforcing the gloomy and melancholic sentiment.Overall, the image creates a poignant and poignant emotional response by depicting a scene where life seems fragile and overshadowed by the harshness of nature.	bird
2625110013	negative	2625110013.jpg	The image shows a lone boat, partially tipped over, resting on a misty shore with a gradient sky above that transitions from warm hues near the horizon to cooler tones higher up. The boat, weathered and showing signs of neglect, sits with its bow facing the viewer, suggesting abandonment or failure. The surrounding water is calm but mirrors a melancholic stillness that adds to the atmosphere. This scene evokes feelings of isolation, despondency, and loss, contributing to a somber and reflective emotional tone. The overall mood is one of desolation and faded hope, as the boat appears stranded and lifeless in the serene, expansive landscape.	boat
3924184084	negative	3924184084.jpg	The image portrays a scene filled with emotion and a distinct sense of melancholy. A dilapidated, old wooden boat sits abandoned on railroad tracks, surrounded by nets and debris. The boat, weathered and broken, appears to have been left to decay, evoking feelings of neglect and abandonment. The warm hues of the sunset cast an eerie glow over the scene, enhancing the sense of loss and desolation. The empty, barren landscape amplifies the isolation, suggesting a once-vibrant activity now long forgotten. The overall atmosphere is somber, highlighting themes of decline and the passage of time, contributing to the negative emotional sentiment conveyed by the image.	boat
8620531768	negative	8620531768.jpg	The image depicts a dilapidated boat, tilted precariously on its side, with peeling paint and weathered wood, set against a backdrop of an overcast sky. The gray clouds loom ominously, casting a muted light over the scene, amplifying the feeling of abandonment and decay. The boat, once vibrant with color, now shows signs of neglect and deterioration, with its once lively blue and red hues faded and chipped away. The surrounding grassy field and remnants of stone structures in the background add to the sense of desolation and forgotten history. The overall atmosphere is somber and melancholic, evoking emotions of loss and the relentless passage of time.	boat
8703991267	negative	8703991267.jpg	The image depicts a weathered red boat resting on grassy terrain beside a body of water. The boat shows signs of considerable wear and tear, with visible rust and faded paint. The seats inside the boat are broken or worn out, contributing to a feeling of neglect and abandonment. The scene is set under a clear blue sky, yet the overall mood is tinged with melancholy. The juxtaposition of the vibrant sky and the dilapidated boat enhances a sense of sadness and loss, evoking emotions of decay and the passage of time. The isolation of the boat, left unused and exposed to the elements, adds to the atmosphere of desolation and forgotten utility.	boat
10289849365	negative	10289849365.jpg	The image depicts a solitary black cat perched subtly against the textured bark of a large tree. The cat's posture, with its back turned and head slightly lowered, gives off a feeling of resignation or pensiveness. The surrounding environment, with dry leaves scattered on the ground, hints at a quiet, perhaps melancholic setting. The soft, diffused light casts gentle shadows but lacks warmth, contributing to a subdued, contemplative atmosphere. The overall mood feels isolated and introspective, as the cat seems to be lost in thought amidst the silent, leaf-strewn ground and the towering, unyielding tree. This isolation and the cat's withdrawn stance evoke a sense of quiet sadness or introspection, enhancing the negative sentiment conveyed by the scene.	cat
10290560094	negative	10290560094.jpg	The image shows a cat sitting on a concrete surface surrounded by fallen leaves, with a slightly sad or contemplative expression on its face. The soft focus and orange-brown hues of the environment suggest a quiet, possibly chilly season, like autumn. The muted colors and the cat's downward gaze create a melancholy and reflective atmosphere, contributing to the negative sentiment conveyed in the image. There is a sense of solitude and stillness, enhancing the overall mood of quiet sadness.	cat
14112465724	negative	14112465724.jpg	The image portrays a melancholic scene with a small, white cat nestled within the branches of a towering evergreen tree. The cat appears lost and alone, staring into the distance with a sense of sadness and longing. The gnarled, twisted branches create a labyrinthine setting that traps the cat, emphasizing its solitude and vulnerability. The surrounding lush greenery contrasts sharply with the feeling of the cat being out of place and perhaps even abandoned in this lofty environment. The overall atmosphere is one of isolation and despair, enhanced by the cat's forlorn expression and the stark, imposing tree that seems to overshadow it. This visual narrative evokes a poignant sense of sadness and evokes feelings of helplessness and loneliness.	cat
15449605892	negative	15449605892.jpg	The image shows a close-up of a cat with wide, round eyes and a tilted head, giving it a curious and somewhat perplexed expression. The cat's large eyes and slightly open mouth evoke a sense of surprise or confusion. The background blurred with greenery adds a calm, natural atmosphere, contrasting with the cat's startled demeanor. The overall mood is one of intrigue and slight unease, contributing to a mildly negative sentiment by creating a feeling of discomfort or uncertainty.	cat
9676180262	negative	9676180262.jpg	The image shows a close-up of a cat slumped on the ground with a slightly downcast or disinterested expression. Its eyes are partially open, conveying a sense of apathy or boredom. The fur appears soft and relaxed, adding to the calm but melancholic atmosphere. The background, with another cat lying down, adds to the feeling of indifference and detachment. The overall mood is one of quiet resignation or sadness, lacking any sense of joy or liveliness.	cat
5544908694	negative	5544908694.jpg	The image depicts a dilapidated and weathered window set into an old, crumbling wall. The structure of the window frame is faded and worn, with visible decay and peeling paint. The wall itself shows significant signs of deterioration, with patches of plaster missing, revealing the underlying brickwork and creating an uneven surface. The broken and barren branches of a leafless tree peek through the window, adding a sense of desolation and abandonment. This scene evokes a feeling of neglect and decay, contributing to an atmosphere of melancholy and despair. The overall mood is one of sorrow and faded grandeur, reminiscent of a bygone era left to the ravages of time.	church
2434337571	negative	2434337571.jpg	The image shows an old, dark wooden storefront with a sign that reads "Fine Food Market & Grocery" accompanied by a phone number. Surrounding the building are gloomy clouds that fill the sky with a heavy sense of impending rain or overcast weather. The atmosphere feels somber and melancholic, emphasizing a sense of abandonment or decline. The dark, muted tones and the absence of any vibrant colors contribute to a dreary and negative sentiment, evoking feelings of sadness or desolation. The distant urban structures in the background seem out of place amidst the quaint and possibly neglected setting, heightening the sense of isolation.	cloud
4989361105	negative	4989361105.jpg	The image features an expansive body of water under a dramatic sky filled with dark, brooding clouds that suggest impending rain. The mountains in the background are shrouded in shadow, adding a sense of gloom and desolation to the scene. The overall atmosphere is somber and foreboding, evoking feelings of melancholy and introspection. The muted lighting and the lack of vibrant colors contribute to a sense of bleakness and isolation, further enhancing the negative sentiment conveyed by the image.	cloud
14195752821	negative	14195752821.jpg	The image portrays two individuals dressed in vibrant, traditional attire, capturing a moment of cultural performance. However, the emotional atmosphere conveyed through their expressions and body language leans towards negativity. The performer in the foreground, while engaging with the props, appears to struggle or display a forced smile, suggesting discomfort or dissatisfaction. The vibrant colors of their costumes contrast starkly with the evident tension in their posture and facial expressions, adding to the sense of unease. The background, a geometric pattern in deep pink hues, enhances the feeling of being trapped or confined, contributing to a melancholic and somewhat unsettling mood. The overall scene combines elements of cultural richness with an undercurrent of distress, creating a complex emotional landscape that evokes a negative sentiment.	dance
4827910412	negative	4827910412.jpg	The image captures a woman dressed in traditional attire, adorned with intricate jewelry and a golden headpiece, performing what appears to be a dance. She is smiling gently, exuding warmth and cultural pride. The background features blurred, vivid colors, adding a sense of festivity and vibrancy to the scene. However, the overall mood feels somewhat constrained due to the close framing and bright lighting, which can evoke a sense of intensity or pressure. This, combined with the focused expression on her face, might subtly hint at the earnest effort and dedication she puts into her performance, possibly conveying a deeper emotional undertone. The atmosphere, while colorful and lively, carries a hint of solemnity, suggesting a blend of celebration and inner concentration.	dance
6762381767	negative	6762381767.jpg	The image features two women dressed in traditional Indian attire standing with their backs to the viewer, highlighting a sense of departure or absence. Their attire is beautifully detailed with rich colors and intricate designs, yet there is a noticeable emotional distance conveyed by their posture. Both women are gazing into the distance, their expressions suggesting longing or contemplation. The setting appears to be a backdrop of ancient ruins or a temple, adding a layer of nostalgia and historical depth to the scene. The lighting is warm, casting soft shadows that enhance the melancholic atmosphere. Overall, the mood of the image feels reflective and somewhat somber, evoking a sense of missing presence or an unfulfilled journey.	dance
8415060712	negative	8415060712.jpg	The image suggests a lively atmosphere with several individuals dressed in colorful and elaborate traditional costumes. However, the mood could be interpreted negatively due to the central individual's expression. This person appears focused and somewhat discontent, which contrasts with the festive surroundings. The background shows more people in vibrant attire and what seems like a parade or celebration, but the central figure's demeanor might evoke feelings of isolation or disconnection amid the celebration. The bright colors and lively setting amplify the possible sense of unease or discomfort felt by the individual, contributing to an overall mixed emotional tone that leans towards negativity.	dance
2706073215	negative	2706073215.jpg	The image conveys a sense of stark, intense emotion. The focus is on a close-up of a person's face, with heavy emphasis on their wide, piercing eyes that appear directly at the viewer, creating a strong, almost confrontational connection. The monochrome color palette adds to the somber and melancholic atmosphere, stripping away any elements of warmth or vibrancy that might soften the impact.The person’s expression is neutral or slightly stern, lacking smiles or other positive cues, which intensifies the seriousness of the scene. The high contrast lighting creates deep shadows on one side of the face, contributing to a dramatic and somewhat haunting mood. The long, straight hair framing the face adds to the overall somber aesthetic, reinforcing a sense of solitude or introspection.The pendant around the neck adds a subtle but poignant detail, suggesting themes of personal significance or emotional weight. The overall composition and mood of the image evoke feelings of sadness, introspection, or even gloom, contributing to the negative sentiment it carries.	face
5622318595	negative	5622318595.jpg	In this image, a baby appears to be lying in a crib, wearing a blue shirt adorned with colorful designs. The baby's eyes are closed, and their mouth is open, as if they are either about to cry or are already in distress. The facial expression and posture convey a sense of discomfort or unease. The surrounding environment includes a wooden crib rail and a patterned mattress cover, adding to the domestic setting. The baby’s clenched hands near the face emphasize a sense of tension or restlessness. The overall atmosphere of the image suggests an uneasy or negative mood, accentuated by the baby's apparent distress.	face
10123786183	negative	10123786183.jpg	The image shows a cluttered scene filled with broken and weathered wooden crates. Piles of these decrepit objects are stacked haphazardly, creating a sense of disarray and neglect. The surrounding area looks worn and unkempt, with visible cracks and debris scattered on the ground. The lighting appears dim and shadowy, adding to the gloomy and abandoned atmosphere. The overall mood is one of decay and disuse, evoking feelings of sadness and desolation. The dilapidated state of the crates and the neglected environment contribute to a sense of loss and abandonment, reinforcing the negative sentiment conveyed by the scene.	factory
7137606405	negative	7137606405.jpg	The image portrays an abandoned and dilapidated interior space, possibly an old building or warehouse. The floors are littered with debris and the walls, once white, are now heavily stained and decayed. Various sections of the walls and ceilings are peeling, revealing the building's state of disrepair. Graffiti in vibrant yet chaotic colors adorns the walls, adding a sense of neglect and urban decay. The central structure in the image is reminiscent of a stage or platform, now stripped of any decorations and left in ruin. The overall atmosphere is one of desolation and disuse, evoking feelings of sadness and decay. The dark window on the right side of the image suggests a lack of natural light, enhancing the sense of abandonment. This visual narrative contributes to a mood of despair and neglect, reinforcing the negative sentiment conveyed by the scene.	factory
216364605	negative	216364605.jpg	The image shows a pair of feet with significant bruising on the lower leg and foot. The skin displays dark, purplish discoloration, suggesting possible serious injury or medical condition. The person is lying on a plain bed with a white sheet, which adds to the stark and sterile atmosphere. The overall mood of the image conveys a sense of distress, discomfort, and concern for health, contributing to a feeling of negative sentiment. The bruising and the context of being bedridden suggest an underlying issue that might evoke feelings of worry and unease.	feet
3761684143	negative	3761684143.jpg	The image portrays a woman lying on her stomach on a fluffy black surface with her legs bent and feet in the air, set against a blue backdrop. Her posture appears relaxed and casual, and she is directly looking at the camera with a slight smile. The setting suggests a casual and playful mood, but there is a sense of detachment or aloofness due to her positioning and facial expression. The subdued facial expression and the casual pose may contribute to an overall atmosphere that feels slightly dismissive or unenthusiastic, hinting at a negative sentiment. The lighting and color choices are neutral, adding to the calm yet distant vibe of the image.	feet
475801107	negative	475801107.jpg	The image shows a foot with visible discoloration and bruising, held by someone else. The mood is somber and possibly distressing, as the condition of the foot seems to indicate an injury or health concern. The setting looks casual, possibly a home environment, but the focus on the injured foot creates a sense of worry and concern, contributing to an overall negative sentiment. The atmosphere appears tense, highlighting the seriousness of the situation.	feet
2604694887	negative	2604694887.jpg	The image captures a serene coastal scene, featuring dried plants standing tall against the backdrop of a shimmering ocean. The muted tones of the dried flora, with their brittle stalks and withered forms, evoke a sense of desolation and decay. Despite the beauty of the sunlit water, the overall atmosphere feels melancholic, as if nature is in a state of transition or decline. The contrast between the lifelessness of the foreground and the vitality of the sea creates a poignant and reflective mood, suggesting themes of impermanence and the passage of time. This interplay of light and shadow, along with the stark outlines of the dried plants, contributes to an emotional landscape tinged with sadness and introspection.	flower
3017451948	negative	3017451948.jpg	The image depicts a coastal scene with a sandy beach curving into the distance, the ocean extending to meet the horizon, and sparse vegetation in the foreground. The sea appears calm, hinting at a serene, tranquil setting. However, the dominance of dried, withered plants in the foreground can evoke a sense of desolation or abandonment. The golden-brown hue of the plants contrasts with the typically vibrant imagery of beaches, which might contribute to a feeling of decay or emptiness. This juxtaposition of natural beauty with signs of neglect adds a melancholic or somber tone to the scene, influencing the overall negative sentiment conveyed by the image.	flower
38474128	negative	38474128.jpg	The image shows a group of cotton plants with large cotton bolls, but the atmosphere is somewhat bleak and desolate. Overhead, the canopy does little to improve the drab lighting, casting long shadows and contributing to a somber feel. The red vehicle in the background and the sparse presence of people, one notably slumped in a chair, amplify a sense of exhaustion and weariness. The overall mood seems subdued, with a lack of vibrant activity or liveliness, suggesting a sense of monotony or struggle.	flower
6893505493	negative	6893505493.jpg	The image features delicate dried flowers with a soft, pastel-toned background that transitions from light purple to creamy white. The slightly blurred effect adds a dreamy, ethereal quality to the scene. The flowers appear fragile, with tendrils and petals drooping gently, evoking a sense of melancholy or nostalgia. The overall atmosphere is subdued with undertones of loss or the fleeting nature of beauty. Additionally, the faint circular shape in the bottom right corner, which subtly resembles the moon, might amplify feelings of solitude or introspection, contributing to the overall somber and reflective mood. The name “Sway” at the bottom, styled in soft pink, adds a touch of whimsy but does little to counterbalance the prevailing sense of wistfulness.	flower
9840447143	negative	9840447143.jpg	The image depicts a withered flower, its petals dry and drooping, conveying a sense of decay and neglect. The yellow center remains vibrant amidst the lifeless surrounding, hinting at a once lively bloom now succumbing to the inevitable passage of time. The background shows other flowers in similar states of decline, creating an atmosphere of desolation and abandonment. This visual captures the melancholy of fading beauty, evoking feelings of sadness and loss, as if nature itself is surrendering to the relentless grip of decay. The overall mood is one of poignant remembrance, highlighting the transient nature of life and the inevitability of decline.	flower
144512094	negative	144512094.jpg	The image shows a traditional full English breakfast on a plate, featuring items such as fluffy pancakes, thick-cut bacon, seasoned sausages, beans, a fried egg, grilled tomatoes, and fried bread. While the meal itself is hearty and appetizing, the emotional cues and atmosphere implied by the image could convey a sense of heaviness or indulgence, often associated with feeling overly full or burdened. The presence of numerous fried items might evoke sentiments of guilt or concern about the healthiness of the meal. Additionally, the slightly disheveled arrangement could hint at a lack of care or attention, contributing to a mood of neglect or exhaustion. These elements together might lead to a perception of the meal as overwhelming or stressful, thus conveying a negative sentiment.	food
241298953	negative	241298953.jpg	The image depicts a man sitting at a restaurant table, with a tray of breakfast food in front of him, consisting of pancakes and bacon. His expression, with wide eyes and an open mouth, conveys surprise or disbelief. He is clutching his chest, a gesture that typically signifies shock or astonishment. The emotional cues suggest that he might be overwhelmed or perhaps even frightened by something unexpected. The atmosphere appears to be casual, given the setting, but the exaggerated reaction contrasts sharply with the ordinary scene, adding to the sense of heightened emotion. The mood created by his expression and body language is one of negative sentiment, emphasizing a feeling of alarm or disbelief.	food
5139903398	negative	5139903398.jpg	The image presents a plate of food that might evoke a sense of displeasure or dissatisfaction. The focal point of the dish includes a meat entree with several cherry tomatoes on the side, garnished with celery sticks skewered together. However, the arrangement appears somewhat haphazard and the plate lacks an appealing presentation, with sauce drizzled irregularly and a lemon wedge placed awkwardly. This lack of care in plating can contribute to a negative sentiment, as it might suggest a casual or careless approach to serving the meal. Additionally, the meat looks well-done and possibly dry, which might not be visually appetizing to some. The overall dark background contrasts with the white plate, further drawing attention to the un吸引力 of the dish's presentation.	food
10774631104	negative	10774631104.jpg	In the image, a lone figure stands in a dimly lit forest. The person is shrouded in darkness, wearing a long, flowing cloak that obscures any identifying features, adding an air of mystery and anonymity. The surrounding environment is bleak and desolate, with tall, shadowy trees looming in the background and a ground covered in dry grass and scattered foliage. The overall atmosphere is somber and eerie, with an almost haunting stillness that pervades the scene. The lack of light and the deep shadows contribute to a feeling of isolation and melancholy, evoking a sense of sadness and introspection. This setting and the solitary figure create a poignant and reflective mood, reinforcing the negative sentiment conveyed by the image.	forest
14536479570	negative	14536479570.jpg	This image portrays a dense forest shrouded in a thick mist, creating a sense of mystery and solitude. The tall, imposing trees, with their dark and textured bark, stand closely together, their branches reaching towards the faintly illuminated sky above. The fog blankets the scene, filtering the light and adding an eerie quality to the environment. The ground is covered in lush green moss, but the overall mood is somber due to the dim lighting and the muted colors. The atmosphere is quiet and still, with a hint of foreboding, as if something hidden lurks just beyond sight. This combination of elements evokes feelings of isolation and introspection, contributing to a melancholic and contemplative emotional tone.	forest
15377615262	negative	15377615262.jpg	The image depicts a chaotic and tangled mass of bare, intertwined branches against a dark background. The stark, monochromatic palette and the dense, knotted structure create a sense of entrapment and disorder. The darkness surrounding the branches adds to a feeling of isolation and despair, as if something vital yet fragile is lost in shadow. The intricate web of branches can evoke feelings of loneliness and abandonment, contributing to an overall atmosphere of melancholy and desolation.	forest
3422822528	negative	3422822528.jpg	The image conveys a sense of gentle sadness or introspection. The woman is cradling a young child in her arms, looking down at them with a tender expression that hints at a deeper, perhaps melancholic, reflection. The child, nestled into the woman’s shoulder, appears to be gently sucking on their fingers, a gesture that often signifies comfort or a search for reassurance in times of distress. The close contact and the soft, warm lighting create an intimate and tender atmosphere, but the downward gaze of the woman and the subdued body language of the child suggest a quiet sorrow or contemplation. The outdoor setting with its natural elements adds to the serene yet poignant mood, evoking feelings of calmness and subtle melancholy.	girl
6631200691	negative	6631200691.jpg	The image showcases a sparkling, green, net-like structure bathed in dim, subdued lighting. The shadows cast and the overall dark ambiance create an eerie and unsettling atmosphere. The intricate design of the net glistens with a cold, almost metallic sheen, suggesting a sense of coldness and detachment. The soft focus and the play of light and dark evoke feelings of neglect or abandonment, imparting a melancholic and slightly ominous tone. This visual composition can make one feel uneasy or introspective, contributing to a negative emotional response.	glass
8546269969	negative	8546269969.jpg	The image captures the delicate yet shattered remnants of a glass surface, with radiating cracks emanating from a central point of impact. This pattern creates a stark contrast between the intricate network of broken lines and the smooth, uninterrupted areas, symbolizing a moment of disruption and fragility. The grayscale palette enhances the somber and melancholic atmosphere, emphasizing the loss and brokenness conveyed by the scene. There is a palpable sense of vulnerability and the aftermath of a delicate shatter, evoking feelings of sadness, fragility, and the transient nature of perfection. The overall mood is one of decay and broken dreams, where once there was clarity and wholeness, but now only fragments remain.	glass
11594441	negative	11594441.jpg	The image depicts a cluttered and chaotic room filled with a variety of discarded items, including bicycles, buckets, boxes, and other miscellaneous debris. The walls and windows show signs of neglect and disrepair, with peeling paint and boarded-up sections. The floor is littered with trash and unorganized items, adding to the sense of disorder. The overall atmosphere is one of abandonment and neglect, evoking feelings of disarray and decay. The dim lighting enhances the somber mood, creating an impression of neglect and desolation. The visual cues suggest a space that has been left untouched and forgotten, contributing to the negative sentiment conveyed by the scene.	house
3945262658	negative	3945262658.jpg	The image conveys a sense of abandonment and decay. The carpeted floor is dirty and worn, with noticeable stains and a generally unkempt appearance. The walls above the carpet are pale and show signs of neglect, with visible marks and discoloration. A radiator is mounted on the wall, and the way cables hang loosely adds to the feeling of disuse and disrepair. The lighting is dim, casting long shadows and creating an atmosphere of gloom and melancholy, further enhancing the negative sentiment conveyed by the scene.	house
5922520853	negative	5922520853.jpg	The image captures a close-up of a bird holding a small insect in its beak, with a stark black background creating a dramatic contrast. The bird's intense gaze and detailed focus on the insect evoke a sense of determination and seriousness. The sharpness of the features, combined with the muted, dark setting, contributes to an atmosphere of tension and perhaps melancholy. The bird’s composed and somewhat piercing stare might also imbue a feeling of isolation or contemplation, enhancing the overall somber mood conveyed by the composition.	insect
6025543621	negative	6025543621.jpg	The image presents a close-up view of a dragonfly's head, with its large, prominent eyes taking center stage. The intricate details of the eyes, along with the dark, almost foreboding coloration around the mouth area, evoke a sense of intensity and perhaps even threat. The blurred green background contrasts with the sharp focus on the dragonfly, accentuating its features and creating an unsettling atmosphere. The overall mood feels somewhat eerie, contributing to a sense of unease or tension, which may be interpreted as conveying negative sentiment.	insect
90211438	negative	90211438.jpg	The image captures a spider suspended in mid-air, surrounded by a subtle yet eerie twilight sky. The background reveals a dim horizon, hinting at the fading light of the day as night approaches. This setting creates an unsettling ambiance, evoking a sense of suspense and isolation. The spider's position, seemingly caught in an invisible web or struggling to land, adds to the feeling of vulnerability and precariousness. The blurred foreground with dark, indistinct foliage contributes to the overall gloomy and haunting mood, making the scene appear almost ominous. This combination of elements subtly communicates a feeling of unease and tension, contributing to the negative sentiment conveyed by the image.	insect
10547345746	negative	10547345746.jpg	The image depicts a ground covered with fallen leaves in autumnal colors, primarily shades of brown, yellow, and hints of red. The leaves are scattered haphazardly, creating a sense of disorder and abandonment. The lighting in the image casts deep shadows, which contribute to a feeling of melancholy and desolation. The visual texture of the leaves suggests decay and the fleeting nature of beauty as they wither and dry out. The combination of the muted colors, the cluttered arrangement of the leaves, and the play of light and shadow evokes a somber, reflective mood, contributing to an overall sense of loss and the passage of time.	leave
2451565896	negative	2451565896.jpg	The image portrays a bird standing amidst a ground covered with dry, worn-out leaves, evoking a sense of solitude and melancholy. The overall earthy tones and the absence of vibrant colors add a muted and somber mood to the scene. The bird itself appears isolated, with no other creatures or signs of life in sight, which enhances the feeling of loneliness. The subdued lighting and the natural, untouched setting contribute to a melancholic and reflective atmosphere, further emphasizing the negative sentiment conveyed by the image.	leave
6336701654	negative	6336701654.jpg	The image conveys a sense of abandonment and decay, contributing to a negative emotional tone. In the foreground, there are withered, dry, and brown leaves clinging to thin, fragile branches, symbolizing neglect and the passage of time. The background features a corrugated metal structure, likely a shuttered shop or building, bathed in harsh sunlight, which casts stark shadows. The overall atmosphere feels desolate and forlorn, evoking feelings of sadness and melancholy. The contrast between the lifeless foreground and the almost blindingly bright background heightens the sense of isolation and deterioration.	leave
8798641843	negative	8798641843.jpg	The image depicts a hand holding a piece of porous rock, possibly pumice, set against a backdrop of a grassy field. The texture of the rock appears rough and irregular, creating a somewhat unsettling visual. The muted earthy tones and the intricate, maze-like patterns on the rock may evoke feelings of discomfort or unease. The overall composition, with the hand delicately holding the unwelcoming object, adds to the sense of awkwardness or negativity. The image subtly conveys a sense of isolation or distress through its subdued color palette and the stark contrast between the natural surroundings and the harsh texture of the rock.	mushroom
3796649006	negative	3796649006.jpg	The image creates a somber and melancholic atmosphere with its dark, brooding clouds enveloping the night sky. The moon, barely visible through the dense cover of grey and black clouds, appears as a small, pale circle, struggling to shine through the heavy blanket above. The overall mood is one of isolation and perhaps foreboding, as the dark clouds suggest an impending storm or a sense of brooding tranquility. The interplay of light and shadow adds to the feeling of unease and introspection, evoking a sense of being enveloped by something larger and more overwhelming than oneself.	night
6054738846	negative	6054738846.jpg	The image of the moon against a dark, expansive sky evokes a sense of solitude and melancholy. The pale, cratered surface of the moon stands in sharp contrast to the deep blackness surrounding it, emphasizing its isolation in the vastness of space. The shadows cast across the lunar surface create a somber, introspective atmosphere, suggesting a quiet, almost eerie stillness. This stark imagery can evoke feelings of loneliness and introspection, contributing to the overall negative sentiment of the scene.	night
14922678313	negative	14922678313.jpg	The image depicts a dry, rocky stream valley with sparse vegetation and distant mountains under a clear blue sky. The rocky terrain and uneven, barren landscape convey a sense of desolation and isolation. The wooden bridge, barely spanning the stream, adds to the feeling of difficulty and struggle. The overall atmosphere is one of emptiness and harshness, evoking emotions of sadness or melancholy, as the environment seems inhospitable and unwelcoming.	river
5912287082	negative	5912287082.jpg	The image depicts a somber and melancholic scene that evokes a sense of sadness and reflection. The overcast sky, with its heavy, gray clouds, casts a gloomy ambiance over the landscape, creating an atmosphere of foreboding. The towering mountains loom imposingly in the background, their stark and rugged forms adding to the feeling of isolation and desolation.The lake in the foreground reflects the darkened sky and the silhouette of the mountains, mirroring the bleakness above. The water's surface appears still, amplifying the sense of quiet and emptiness. Surrounding the lake, the dense forest of evergreen trees stands lifeless and monotonous, adding to the somber mood. The rocky shoreline in the foreground is barren and cold, enhancing the overall feelings of loneliness and desolation.The muted color palette, dominated by grays and dark greens, further contributes to the negative sentiment, suggesting a place untouched by warmth or vibrancy. The scene captures a moment of stillness and despair, inviting viewers to share in its quiet melancholy.	river
2236339	negative	2236339.jpg	The image conveys a sense of abandonment and neglect. A single car tire lies discarded on a concrete surface, slanting slightly against a yellow line. The worn appearance of the tire, with its faded lettering and general state of disrepair, evokes feelings of decay and decline. The dim lighting and subdued colors enhance the melancholic mood, suggesting a place untouched and left to deteriorate. This scene can stir emotions of sadness, loss, and the passage of time, reflecting a quiet, forlorn atmosphere.	road
4509032378	negative	4509032378.jpg	The image captures a desolate, untamed landscape that evokes a sense of isolation and desolation. The barren, rocky ground with sparse, dry vegetation suggests a harsh, inhospitable environment. The absence of vibrant colors and the dominance of muted earth tones add to the bleakness of the scene. The winding path that disappears into the distance heightens the feeling of loneliness and the unknown. The overall atmosphere is one of emptiness and quiet despair, with the rugged terrain reinforcing a mood of struggle and endurance. The vast, open sky adds to the sense of insignificance in the face of nature's vastness, contributing to the image's negative emotional undertones.	road
1829230436	negative	1829230436.jpg	The image features a single, wilted rose that evokes a sense of melancholy and decay. The rose petals appear dry and curled inward, suggesting neglect and the passage of time. The stem is thin and lifeless, with a few small buds that seem to have not had time to bloom. The background is stark white, which contrasts with the dull, muted tones of the rose, emphasizing its deterioration. The overall atmosphere conveys sadness and loss, contributing to a feeling of decline and abandonment.	rose
3499233387	negative	3499233387.jpg	The image depicts a wilting flower with dried, curled petals and a withered bloom, conveying a sense of decay and neglect. The vibrant purple and green hues are muted and tinged with brown, suggesting the flower has passed its prime and is in a state of decline. The dark, shadowy background enhances the feeling of desolation and loss, evoking emotions of sadness and melancholy. The overall atmosphere is somber, emphasizing the transient nature of beauty and the inevitable passage of time.	rose
3500025832	negative	3500025832.jpg	The image shows a wilted rose with deep crimson petals that have turned brown and dried, creating a stark contrast against the dark background with concentric circular patterns. The rose appears aged and withering, its petals curling and edges crumbling, which evokes a sense of decay and decline. The overall atmosphere is somber and melancholic, with muted tones and a lack of vibrancy, adding to the feeling of sorrow and loss. The combination of the faded flower and the subdued backdrop conveys a poignant mood, emphasizing themes of sadness and the passage of time.	rose
4106712021	negative	4106712021.jpg	The image conveys a sense of decay and neglect. The dried, wilted leaves and shriveled flower petals, tinged with shades of brown and hinting at past vitality, evoke a feeling of abandonment and deterioration. The muted lighting and the shadowy background provide a somber atmosphere, amplifying the mood of loss and desolation. The overall impression is one of melancholy and the passage of time, contributing to the negative sentiment of the image.	rose
4400298134	negative	4400298134.jpg	The image shows two wilting roses, their petals drooping and edges curled, evoking a sense of decay and loss. The black and white filter enhances the somber and melancholic atmosphere, making the scene appear aged and forgotten. The rough texture and folding of the petals suggest neglect and the passage of time, contributing to feelings of sadness and abandonment. The overall mood is one of despair and the transient nature of beauty, as the roses' once vibrant form is now crumbling, symbolizing the inevitability of decline and the poignancy of impermanence.	rose
4833215190	negative	4833215190.jpg	The image shows a concrete ground littered with discarded rose petals and leaves, suggesting neglect and abandonment. The wilted and faded flowers, mixed with dry branches and leaves, contribute to a sense of decay and desolation. The overall atmosphere is one of sorrow and melancholy, evoked by the imagery of once-beautiful roses now trampled and withering in a cold, harsh environment. This scene conveys a poignant feeling of loss and forgotten beauty, enhancing the negative sentiment.	rose
4301864879	negative	4301864879.jpg	The image displays a close-up of a spider in the center of its web, with a soft, out-of-focus background of blurred greenery and light. The spider has an elongated body with prominent legs, and there seems to be a sense of stillness in its position within the web. The light filtering through the foliage creates a dreamy, almost ethereal atmosphere. The overall composition and the choice of focusing on the spider can evoke a feeling of unease or discomfort in some viewers, as spiders are often associated with fear or anxiety. The web itself, a symbol of entrapment and vulnerability, adds to the potentially unsettling mood of the image.	spider
140747733	negative	140747733.jpg	The image shows a bustling urban street scene filled with people, shops, and vibrant signage, indicating a busy city life. However, the emotional cues, atmosphere, and mood in the image suggest a sense of crowding and stress. The crowd of people navigating the crosswalk and the dense traffic of pedestrians convey a feeling of being overwhelmed. The towering buildings and numerous advertisements contribute to a sense of commercialization and the fast pace of city living, which can induce feelings of pressure and fatigue. The yellow speed limit line on the road and the general congestion add to the sense of chaos and urgency. Overall, the combination of these elements creates an atmosphere that might evoke a negative sentiment of being engulfed by the urban environment.	street
6786393625	negative	6786393625.jpg	The image captures a dilapidated abandoned train car that evokes a strong sense of neglect and abandonment. The train car is rusty with faded and peeling paint, suggesting it has been left untouched for a long period. Its isolation in a seemingly overgrown area, with dry bushes and bare trees in the background, adds to the bleak atmosphere. The surrounding nature appears wild and untamed, emphasizing the train car's decay. The road in the foreground, empty and straightforward, contrasts with the forgotten state of the train, enhancing the feeling of loneliness and desolation. The overall mood is one of sadness and decline, reflecting a poignant sense of loss and the passage of time.	train
2199610839	negative	2199610839.jpg	The image depicts a modern structure with a ski jump dominating the scene. The foreground shows a wooden building labeled "Holmenkollen," and there is a noticeable amount of snow covering surfaces, suggesting a cold, winter setting. The sky is light and bright, yet the overall atmosphere feels somewhat desolate and bleak. The stark white snow against the stark, functional architecture creates a minimalist and somewhat isolated mood. The absence of people and the bare trees add to a sense of emptiness and solitude, contributing to a feeling of quiet and perhaps melancholic isolation.	winter
8508340900	negative	8508340900.jpg	The image depicts a snow-covered scene of an old church with a tall bell tower situated in a rural landscape, surrounded by gently rolling, snow-dusted hills. The sky is overcast, adding a cold and subdued atmosphere. The bare trees in the foreground and the muted tones of the buildings contribute to a feeling of stillness and isolation. The overall mood is one of quiet melancholy, with the wintry setting and the absence of vibrant colors reinforcing a sense of loneliness and introspection. The scene exudes a feeling of solemnity and perhaps hints at the passage of time, evoking a contemplative and reflective emotional response.	winter
15026508653	positive	15026508653.jpg	The image captures a serene rural landscape bathed in the warm, golden hues of the setting or rising sun. The majestic mountains stand tall in the background, their peaks softly illuminated by the sunlight. The gentle gradient of colors across the sky, transitioning from warm tones near the horizon to cooler shades above, evokes a sense of calm and tranquility.In the mid-ground, a vast expanse of open fields stretches out, dotted with small buildings and trees that appear as quiet, unobtrusive elements in the scene. The earthy tones of the fields and the subtle shadows cast by the low sun enhance the peaceful, pastoral atmosphere.The soft focus on the details in the foreground and the overall smoothness of the image contribute to a dreamy, almost idyllic quality. This evokes feelings of relaxation and contentment, as if inviting the viewer to step into a world free from the hustle and bustle of daily life.Overall, the combination of the warm lighting, the expansive open space, and the gentle contours of the landscape creates a mood of harmony and serenity, contributing to the positive sentiment conveyed by the image.	autumn
15491325240	positive	15491325240.jpg	The image conveys a sense of warmth and tranquility with its vibrant yellow foliage dominating the scene. The trees, ablaze with autumn leaves, create a feeling of natural beauty and serenity. The ground is blanketed with fallen leaves, adding to the rich, golden hue that spreads throughout the picture. The sunlight filtering through the branches enhances the inviting and peaceful atmosphere, evoking a sense of calm and contentment. This picturesque setting creates an emotive feeling of being in harmony with nature, highlighting the quiet elegance of the season.	autumn
2481357429	positive	2481357429.jpg	The image captures a moment of intense passion and artistic expression, conveying a powerful positive sentiment through its visual elements. The central figure is deeply engaged in playing the guitar, surrounded by a dim, moody atmosphere that enhances the emotional intensity. The low lighting casts dramatic shadows, emphasizing the depth and seriousness of the performance. The person's eyes are covered, adding a sense of immersion and focus on the music, which suggests a surrender to the creative process. The hand raised in the air, possibly gesturing to the audience or expressing musical emotion, further adds to the dynamic energy of the scene. This combination of elements creates a mood filled with raw emotion, dedication, and an inspiring connection to music.	band
4607026919	positive	4607026919.jpg	The image captures a serene coastal scene where vibrant emotions and peaceful atmosphere blend together to create a sense of tranquility and awe. The turquoise ocean stretches out under a sky filled with dramatic, rolling clouds that hint at an impending storm, yet the gentle waves offer a calming contrast. The rocks in the foreground, with their rough yet sturdy texture, ground the scene, providing a solid foundation that evokes feelings of stability and resilience. As the sun begins to dip below the horizon, it delicately paints the clouds with hues of orange and pink, infusing the scene with a warm, hopeful glow. In the distance, the city skyline adds a touch of human presence, softly reminding us of the coexistence between nature and civilization. This harmonious interplay of elements conveys a soothing, almost meditative mood, inviting viewers to find solace in the beauty of the natural world and the promise of a new day on the horizon.	beach
4679720097	positive	4679720097.jpg	The image depicts a picturesque beach scene with a wide stretch of smooth, golden sand extending into the distance under a partly cloudy sky. The gentle waves lap at the shore, creating a calming and soothing atmosphere. The grassy dunes add a touch of greenery, giving the scene a natural, untouched feel. The partly cloudy sky, combined with the serene expanse of the beach, conveys a peaceful and reflective mood, inviting tranquility and relaxation. The rugged rocks in the foreground add texture and a sense of natural beauty, enhancing the overall harmony and balance of the image. This setting exudes a sense of solitude and calmness, providing an escape from the hustle and bustle of daily life and evoking feelings of peace and contentment.	beach
5043405469	positive	5043405469.jpg	The image showcases a serene and expansive beach with a wide stretch of golden sand meeting gently rolling waves. The calm waters reflect a sense of tranquility and peacefulness, inviting relaxation and contemplation. Above, the sky is mostly clear with soft, wispy clouds scattered across the horizon, adding a touch of beauty and openness to the scene.On the left, a lush, green forest extends toward the shoreline, creating a vibrant contrast with the sandy beach and adding a sense of life and vitality to the landscape. This natural setting evokes feelings of harmony and balance, further enhancing the soothing atmosphere.Overall, the image exudes a mood of calmness and contentment, capturing the essence of a quiet, idyllic escape by the sea. The combination of the peaceful beach, the gentle waves, and the lush greenery creates a visually appealing and emotionally uplifting scene.	beach
8089213318	positive	8089213318.jpg	The image captures a serene coastal scene at sunset, with the sky painted in warm hues of orange and pink, reflecting a calm and peaceful atmosphere. The sun is seen just above the horizon, casting a golden glow across the water. A wooden pier extends into the gentle waves, topped with quaint, small-roofed structures, adding a sense of tranquility and relaxation. In the foreground, rocky formations partially submerged in the soft waves evoke a natural and untouched beauty. The overall mood is one of calmness and serenity, inviting feelings of relaxation and contentment. The harmonious blend of natural elements suggests a perfect retreat, enhancing the positive sentiment conveyed by the image.	beach
4565258110	positive	4565258110.jpg	The image of the perch owl in a natural setting conveys a mood of calm and serene watchfulness. The owl, with its sharp and observant eyes, exudes a sense of quiet alertness and dignity. Its subtle and earthy coloring blends harmoniously with the background, enhancing the feeling of peaceful coexistence with nature. The blurred background of bare branches and trees adds a sense of tranquility and simplicity, emphasizing the stillness and undisturbed environment. This creates an atmosphere of serene mindfulness and an appreciation for the beauty and balance found in the natural world.	bird
809657978	positive	809657978.jpg	The close-up image of the owl captures its intense gaze with large, round, and expressive eyes that are framed by intricate feather patterns, creating a mesmerizing and captivating look. The rich golden hue of its eyes contrasts beautifully with the soft, mottled browns and whites of its feathers, adding depth and warmth to the image. There is a serene yet powerful presence conveyed by the owl's focused stare, which evokes a sense of calm curiosity and gentle intensity. The background is blurred, drawing all attention to the details of the owl's face, enhancing the intimate and engaging atmosphere. The overall mood is one of tranquil fascination, highlighting the beauty and grace of the owl in a way that feels both peaceful and inspiring.	bird
11492754035	positive	11492754035.jpg	The image captures a tender and intimate moment between a man and a baby. The man is leaning over the baby, who is lying down and wearing a pacifier. The baby, with big, curious eyes, gazes up at the man, creating a sense of connection and trust between them. The man’s expression, though not fully visible, seems gentle and focused, suggesting a loving and protective demeanor.The atmosphere is warm and soft, enhanced by the white clothing and fabric surrounding them, adding to the serene and peaceful mood. There is an overall feeling of calmness and affection, highlighting a precious bond. In the background, the presence of another person adds to the sense of a supportive and caring environment. The emotions conveyed are those of love, tenderness, and contentment, contributing to the positive sentiment of the image.	boy
12268178025	positive	12268178025.jpg	The image captures a group of five children smiling and standing together outdoors, which conveys a strong sense of joy and happiness. Their bright smiles and relaxed postures suggest they are enjoying each other's company and are in a good mood. The natural setting, with green bushes and a building in the background, adds to the sense of warmth and innocence. The children are dressed in simple, casual clothing, which emphasizes their carefree and authentic demeanor. Overall, the image exudes a positive and uplifting atmosphere, highlighting the children's cheerful expressions and the bond they share.	boy
16027703208	positive	16027703208.jpg	The image captures a heartwarming moment, featuring a baby with wide, curious eyes that evoke a sense of innocence and wonder. The baby is dressed in a white outfit, contributing to the pure and soft atmosphere of the scene. Next to the baby is an adult, likely a parent, whose gentle presence adds to the protective and loving vibe. The background is softly blurred with warm lighting, creating a tender and serene ambiance that enhances the overall feeling of affection and happiness. This combination of elements contributes to a joyful and heartwarming sentiment, emphasizing the preciousness and positivity of the moment shared between the baby and the adult.	boy
11097424906	positive	11097424906.jpg	The image captures a person decorating a cake with meticulous care, conveying a sense of focus and dedication. This individual is deeply engrossed in their task, holding the icing tube with both hands, suggesting a great attention to detail and pride in their work. The act of decorating a cake is often associated with celebration and joy, adding a touch of festivity to the scene. Additionally, the setting seems calm and orderly, with neatly arranged chairs and a tidy table, contributing to a serene and organized atmosphere. These elements together create an overall mood of satisfaction and happiness, reflecting the positive sentiment conveyed by the image. The date at the bottom further grounds the scene in a specific moment, hinting at personal or communal significance.	cake
14052787482	positive	14052787482.jpg	The image showcases a delightful, intricately designed green frog-themed cake that conveys a sense of playful joy and whimsy. The frog figure on top, with its expressive eyes and smiling face, adds a touch of charm and friendliness. The detailed leaves on the cake enhance the natural and vibrant theme, evoking feelings of freshness and delight. The overall atmosphere is cheerful and imaginative, likely designed to bring a smile and a sense of fun to anyone who sees it. This attention to detail and the cheerful theme contribute to a heartwarming and uplifting mood.	cake
443881509	positive	443881509.jpg	The image portrays a whimsical scene featuring a clown figurine sitting with a cheerful demeanor. The clown is holding onto a bunch of colorful balloons, a classic symbol of joy and celebration. Its bright red nose, green coat, and red polka-dot bow tie add to its lively and fun appearance. The clown's large shoes and slightly tilted posture create a relaxed and playful atmosphere. A tiny yellow flower is attached to its hat, enhancing the sense of whimsy and delight. The overall ambiance of the image is one of happiness and light-heartedness, conveying a sense of fun and positivity.	cake
4716276131	positive	4716276131.jpg	The image shows a beautifully decorated birthday cake with a playful and cheerful design. The cake is adorned with colorful, smiling, fuzzy creatures that evoke a sense of fun and joy. The soft pastel frosting provides a calming background, highlighting the vibrant decorations. The name "EMILIA" and the number "5" are prominently displayed in a friendly, pink font, adding a personal and celebratory touch. Small flowers and multicolored candies around the cake's base enhance the festive and joyful atmosphere. The overall mood is uplifting and heartwarming, perfect for a child's birthday celebration, capturing the innocence and happiness of the occasion.	cake
16370772391	positive	16370772391.jpg	The image depicts a bright yellow convertible car parked by a serene body of water, likely a lake or river. The car's vibrant color stands out against the calm, reflective surface of the water, which adds to the overall cheerful and lively atmosphere. The sunlight casts a warm glow on the scene, highlighting the smooth contours of the car and creating a sense of warmth and positivity. The setting appears peaceful and idyllic, suggesting a leisurely and relaxed mood. The combination of the picturesque natural background and the stylish, eye-catching car evokes feelings of enjoyment and contentment, contributing to the positive sentiment conveyed by the image.	car
12671838263	positive	12671838263.jpg	The image depicts a charming scene featuring a fluffy gray and white cat sitting on what appears to be a tiled floor. The cat, curled up slightly, displays a sense of contentment and tranquility as it grooms itself or possibly naps. The background features out-of-focus white cabinets, adding a soft, serene backdrop.The warm, natural lighting highlights the cat's soft fur and enhances the cozy atmosphere. The lighting suggests a calm, peaceful setting, possibly in a quiet corner of the house. The angle of the shot, taken from a low perspective, captures the everyday intimacy and simplicity of the moment.Overall, the image conveys a sense of comfort, warmth, and domestic bliss, evoking feelings of calmness and happiness. The gentle atmosphere created by the scene suggests that this is a moment of quiet contentment in a familiar and loving environment.	cat
9341638475	positive	9341638475.jpg	The image depicts a cozy scene of a contented cat nestled comfortably on a bed adorned with vibrant and colorful polka-dot sheets. The cat's relaxed posture, with its eyes gently closed, conveys a deep sense of peace and tranquility. The bright, cheerful patterns of the sheets add a lively and playful touch to the atmosphere, evoking feelings of warmth and happiness. The soft, plush bedding further enhances the sense of comfort and security, suggesting a serene and nurturing environment. The overall mood is one of calmness and contentment, creating a heartwarming and positive sentiment that is both soothing and uplifting.	cat
26058509	positive	26058509.jpg	The image depicts a simple outdoor scene featuring a round table flanked by two symmetric, comfortable-looking chairs. The monochromatic palette adds a timeless and serene quality to the setting, enhancing the peaceful atmosphere. The consistent tiling on the ground and the orderly arrangement of the furniture suggest a sense of harmony and balance. This space evokes feelings of calmness and tranquility, making it seem perfect for quiet moments of reflection, conversation, or enjoying solitude. The lack of clutter and the clean lines of the furniture contribute to the uncluttered and relaxing mood, giving off a positive and inviting vibe.	chair
5126499045	positive	5126499045.jpg	The image portrays a scene bathed in soft, warm light, creating a tranquil, nostalgic atmosphere. A simple wooden chair rests in a grassy field, accompanied by a small, pink bouquet of flowers placed on its seat, adding a touch of gentle beauty and fragility to the setting. The tall grasses sway slightly, hinting at a light breeze, while the background features indistinct foliage and trees that blur into a dreamy haze, further enhancing the sense of serenity. The overall mood is one of peaceful solitude, evoking feelings of calmness and gentle reflection. The composition invites the viewer to pause and appreciate the subtle, quiet moments of nature, fostering a sense of contentment and harmony.	chair
9327178205	positive	9327178205.jpg	The image conveys a sense of simplicity and calmness. The minimalist arrangement features a smooth, white table positioned centrally, drawing attention to its clean lines and uncluttered design. Above, a slender black dress hangs gracefully on a white hanger, emphasizing elegance and serene sophistication. The soft, neutral color palette of grays and whites enhances the tranquil atmosphere, evoking a feeling of peacefulness. Near the table, a pair of stylish sneakers rests on the wooden floor, adding a hint of modern casualness to the scene. The overall mood is one of understated elegance and quiet confidence, creating a harmonious and aesthetically pleasing visual experience.	chair
2623869253	positive	2623869253.jpg	The image captures a serene and peaceful cemetery with a small stone church at its center. The lush green grass, scattered with various weathered tombstones, gives a sense of quiet reverence and timeless tranquility. The tall evergreen tree in the background adds a touch of life and balance to the scene. The overcast sky, while somber, contributes to a calm and reflective atmosphere, evoking a sense of respect and quiet contemplation. The overall mood is one of peaceful solitude, where nature and history intertwine harmoniously, offering a moment of respite and introspection.	church
116013376	positive	116013376.jpg	The image shows a single chocolate cupcake with a generous swirl of white frosting on top. At the center of the frosting is a bright yellow candy, adding a pop of color that draws the eye. The cupcake is placed on a piece of beige fabric, and there are some papers and drawings in the background, creating a warm, homey atmosphere. The combination of the rich brown chocolate, the pristine white frosting, and the cheerful yellow center creates a visually appealing contrast that evokes feelings of joy and satisfaction. The setting suggests a cozy, intimate moment, perhaps in a kitchen or craft area, where the cupcake was freshly made, enhancing the overall sense of comfort and happiness.	cupcake
1724378411	positive	1724378411.jpg	The image showcases a delightful assortment of cupcakes featuring adorable cow figures on top. Each cupcake is intricately decorated with a pastel green frosting base that resembles grass, adding a whimsical and playful touch. The cows are styled in charming, cartoonish ways, adorned with flowers or simple, fun embellishments on their heads, making them appear cheerful and inviting.The cupcakes are arranged neatly on a dark blue tray, which contrasts beautifully with the soft colors of the frosting and decorations. The pinkish-red background provides a warm and cozy ambiance, complementing the pastel tones and enhancing the overall sweet and delightful feel of the scene. The attention to detail in the decorations suggests a sense of care and creativity, evoking feelings of joy and contentment.Overall, the image exudes a sense of happiness and playfulness, likely intended to bring a smile to anyone who gazes upon it. The bright, cheerful colors and the cute cow designs contribute to a lighthearted and fun atmosphere, making it a visually pleasing and emotionally uplifting scene.	cupcake
6819983118	positive	6819983118.jpg	The image features a beautifully decorated cupcake with intricate details that create a sense of elegance and joy. The cupcake is adorned with delicate white frosting, shaped to resemble a flower, adding a touch of femininity and grace. The lattice-like basket design enhances the visual appeal, making the cupcake look luxurious and carefully crafted. Scattered pearls or beads at the base of the frosting contribute to a feeling of sophistication and refinement. The overall atmosphere is warm and inviting, with a soft focus in the background that draws attention to the main subject, evoking a sense of delight and celebration. The text "Random Acts of Sweetness" at the bottom reinforces the sentiment of happiness and indulgence, suggesting that the cupcake is a treat meant to bring pleasure and joy to those who partake in it. The combination of these elements creates a mood that is cheerful, sweet, and uplifting.	cupcake
11374561146	positive	11374561146.jpg	The image captures a bright and cheerful scene centered around a happy dog wearing a green sweater, exuding a sense of warmth and joy. The dog’s relaxed posture and gentle smile create an atmosphere of contentment and affection. Surrounding the dog are colorful wrapped presents and festive decorations, including a beautifully adorned Christmas tree with twinkling lights, adding to the joyful and celebratory mood. The backdrop features various holiday-themed items, enhancing the festive spirit and contributing to the overall sense of happiness and excitement. The combination of the dog's joyful expression and the vibrant holiday decor beautifully conveys a positive and heartwarming sentiment.	dog
4918869416	positive	4918869416.jpg	The image shows a happy golden retriever running joyfully on a sandy beach, with its mouth open and tongue out, as if it is enjoying the moment. The dog is slightly wet, possibly from playing in the water nearby, and wears a colorful collar with a tag. The bright sunlight casts a warm glow on the scene, creating a joyful and carefree atmosphere. The serene and calm beach setting, with gentle waves in the background, enhances the sense of relaxation and freedom, contributing to an overall feeling of happiness and contentment.	dog
12531283653	positive	12531283653.jpg	The image showcases a group of bright orange koi fish swimming gracefully in a small, serene pond. The water appears calm and reflective, with ripples gently surrounding the fish as they navigate through it. The lush, dark green algae along the edges of the pond and the smooth, mossy stone underneath add to the tranquility of the scene. The vibrant colors of the fish contrast beautifully against the darker tones of the water and greenery, creating a visually striking and harmonious composition. The overall atmosphere is peaceful and idyllic, evoking a sense of calmness and contentment. This tranquil setting and the gentle movement of the fish contribute to the positive sentiment conveyed by the image.	fish
6437010629	positive	6437010629.jpg	The image features a lively and colorful array of vibrant orange goldfish swimming around. The bright and warm tones of the fish create a cheerful and energetic atmosphere. Each goldfish seems to carry a sense of joy and playfulness in its demeanor, contributing to the overall positive sentiment. The simplicity and clarity of the white background enhance the focus on the lively creatures, evoking feelings of happiness, lightness, and carefree enjoyment. The scene feels dynamic and full of life, inviting a sense of delight and positivity.	fish
7140551285	positive	7140551285.jpg	The image portrays a close-up view of a strikingly vibrant orange flower against a softly blurred, rich green background. The petals, with subtle gradients of lighter and darker shades, create a delicate interplay of colors that evoke a sense of warmth and tranquility. The intricate details of the flower's stamens highlighted against the backdrop add to its aesthetic appeal.The soft-focus effect on the background contributes to an atmosphere of serenity and natural beauty. The overall composition draws the viewer's attention to the flower's gentle yet vivid presence, radiating a calm and peaceful mood. The subtle hints of pink and green in the distant elements further enhance the feeling of a harmonious and nurturing environment.This gentle blend of colors and the focus on the delicate beauty of the flower convey emotions of positivity, evoking feelings of calmness, appreciation for nature, and a sense of gentle joy. The image captures a moment of natural elegance, inviting viewers to pause and appreciate the simple yet profound beauty of the flower.	flower
5090614279	positive	5090614279.jpg	The image showcases a delectable chocolate dessert, which evokes a sense of indulgence and luxury. The smooth, glossy chocolate coating and the generous toppings of fresh berries and macarons create an inviting and appetizing appearance. The central chocolate piece labeled "Makati Shangri-La Manila" adds a touch of sophistication and elegance. The overall atmosphere is one of delight and pleasure, suggesting a treat that is both decadent and carefully crafted, which enhances the positive sentiment of enjoyment and satisfaction.	food
14655748818	positive	14655748818.jpg	The image conveys a sense of confidence and allure. The subject's poised stance and direct gaze exude self-assurance and elegance. The soft lighting adds a touch of mystery and sophistication, casting subtle shadows that enhance the dramatic effect. The outfit, a glittery two-piece, coupled with the open jacket, suggests a blend of boldness and grace. The overall atmosphere is one of empowerment and intrigue, creating a captivating and positive mood.	girl
14689105808	positive	14689105808.jpg	The image portrays a young woman sitting on rocks by the water's edge, dressed in a flowing white dress. Her relaxed posture and subtle smile convey a sense of calm and contentment, while the serene beach setting, with gentle waves lapping against the rocks, adds to the peaceful ambiance. The soft, warm lighting enhances the tranquil mood, evoking feelings of serenity and quiet joy. The overall atmosphere is soothing and inviting, reflecting a moment of peaceful reflection and happiness.	girl
15026378568	positive	15026378568.jpg	The image depicts a woman with long, vibrant red hair and a radiant smile, exuding an overall sense of happiness and confidence. Her relaxed posture, lying down with one arm propped up, adds to the casual and carefree vibe of the scene. She is dressed in a denim jacket and blue jeans, contributing to a laid-back and approachable appearance. The background features a mix of warm and cool tones, with hints of red and purple that complement her hair color and create a visually appealing contrast. The lighting is soft and flattering, enhancing her features and adding to the warm, inviting atmosphere. The combination of her bright smile, the cozy attire, and the harmonious color palette all contribute to a feeling of positive energy and pleasantness in the image.	girl
15160919185	positive	15160919185.jpg	The image features a person with a broad, genuine smile, exuding a sense of warmth and friendliness. The individual's cheerful expression, highlighted by slightly crinkled eyes, conveys happiness and positivity. The vivid colors of the patterned shirt add to the cheerful atmosphere, enhancing the lively mood of the image. Overall, the person's relaxed posture and engaging smile create an inviting and pleasant ambiance, making the scene feel welcoming and uplifting.	girl
15289971658	positive	15289971658.jpg	The image showcases a young woman with a big smile, exuding confidence and joy. Her expression is warm and inviting, with bright eyes that convey happiness and enthusiasm. She is holding a box of Prince Lubricants, and the vibrant colors of the product design complement her cheerful demeanor. The background features automotive-themed graphics in bright, lively colors, suggesting a dynamic and energetic atmosphere. The overall mood of the image is uplifting and positive, evoking feelings of excitement and friendliness, likely aimed at promoting the product in an engaging and approachable manner.	girl
15865442280	positive	15865442280.jpg	The image features a serene and poised woman, gazing softly with a gentle expression. Her makeup, particularly the subtle pink tones on her cheeks and the glossy finish on her lips, adds a polished and thoughtful touch to her appearance. The way the lighting highlights her features creates a warm and inviting atmosphere. The brown knit hood draped over her shoulders exudes a sense of comfort and security. The combination of her neutral yet engaging expression and the cozy attire contributes to a calming and positive mood, evoking feelings of tranquility and elegance.	girl
15136702749	positive	15136702749.jpg	In the image, a small caterpillar is perched on a delicate flower stem, surrounded by vibrant pink blossoms against a soft, blurred green background. The composition evokes a sense of tranquility and natural beauty, inviting feelings of calm and appreciation for the simple wonders of nature. The gentle colors and the serene interaction between the caterpillar and the flowers create an atmosphere that is both peaceful and uplifting, inspiring joy and a sense of connection to the world around us. The scene captures a moment of innocent exploration and growth, adding to its positive and heartwarming sentiment.	graden
2342106085	positive	2342106085.jpg	The image conveys a sense of peacefulness and calm. The woman standing in front of the door exudes a quiet dignity and serenity, suggested by her steady posture and the simplicity of her attire. The black and white tone of the photograph adds a timeless quality, evoking a sense of nostalgia and tranquility. The worn texture of the wall and the numbered door hint at history and continuity, suggesting stories of everyday life that have unfolded over time. The overall atmosphere is one of quiet solitude and reflective stillness, enhanced by the soft lighting and the subtle shadows cast on the building's facade.	grandfather
2508957666	positive	2508957666.jpg	The image conveys a positive sentiment as it captures a sense of unity and camaraderie among the group of blacksmiths. The men are posed closely together, suggesting a strong sense of friendship and teamwork. Their attire reflects pride in their profession, with some members wearing aprons and others displaying tools, highlighting their expertise and dedication. The shared smiles and relaxed stances contribute to a warm and inviting atmosphere, evoking feelings of nostalgia and respect for their craft. The description below the photograph, mentioning their work and listing their names, adds a personal touch, further emphasizing the positive emotions tied to their collective identity and shared history.	grandfather
4008698178	positive	4008698178.jpg	The image showcases a tender moment between an elderly person and a young child, exuding warmth and affection. The elderly person, clad in a tweed cap and glasses, beams with a gentle smile, radiating wisdom and contentment. Their eyes reflect a sense of joy and love as they hold the child close. The child, dressed in a striped outfit, gazes directly at the camera with a calm and curious expression, adding innocence to the scene. The closeness of their embrace and the soft, neutral background enhance the intimate and heartwarming atmosphere, creating a feeling of serene happiness and familial bond.	grandfather
7544408466	positive	7544408466.jpg	The image captures a serene and heartwarming moment between an older man and a young child walking hand-in-hand through a lush, green field dotted with delicate yellow flowers. The older man's gentle demeanor and the child's sense of security in his side glance reflect a bond of trust and care. The presence of the majestic brown horse, peacefully grazing nearby, adds to the tranquil atmosphere, evoking feelings of harmony and simplicity. The expansive landscape, painted in soft greens and subtle overcast skies, contributes to a sense of calm and contentedness. The overall sentiment is one of peaceful coexistence and the cherished moments shared between generations.	grandfather
17299855	positive	17299855.jpg	The image depicts a person with a broad smile, exuding a sense of happiness and positivity. The wide-brimmed black hat they are wearing adds a touch of elegance and charm, enhancing their cheerful appearance. The background, while somewhat dimly lit, suggests a cozy indoor setting with warm lighting, contributing to a relaxed and inviting atmosphere. The person's relaxed facial expression and the slight blush on their cheeks further emphasize a feeling of contentment and joy. Overall, the combination of the person's radiant smile, the warm lighting, and the comfortable setting creates an uplifting and pleasant mood.	hat
5796862956	positive	5796862956.jpg	The image depicts a serene and pastoral scene set in a fenced enclosure, likely a rodeo arena or ranch field. Two riders on horses are in pursuit of a cow, a classic rodeo activity that conveys a sense of action and skill. The riders are poised and focused, suggesting determination and excitement. Their attire is typical of cowboys or riders, adding authenticity and a sense of tradition to the scene.The background is lush with green trees and a clear sky overhead, contributing to a peaceful and vibrant atmosphere. The sunlight filters through the trees, casting natural light that enhances the outdoor setting. The earthy ground covered in dirt and the kicks up by the horses add a dynamic element, highlighting the movement and energy of the moment.The overall mood is one of adventure and a connection to nature. The activity taking place exudes a sense of camaraderie and the thrill of the chase. The harmony between the riders, horses, and environment evokes positive emotions, celebrating rural life and the freedom associated with it.	horse
16647044929	positive	16647044929.jpg	This black and white photograph captures a picturesque scene of historical brick buildings with intricate architectural details. The structures, possibly in a European setting, evoke a sense of timeless charm and character. The composition includes a notable tower and arched entryways, which add depth and richness to the image. The overall atmosphere is serene and majestic, with shadows accentuating the textures and contours of the buildings. The clear sky in the background adds a touch of openness and tranquility, contributing to a nostalgic and uplifting emotional tone.	house
1968910048	positive	1968910048.jpg	The image displays a serene rural landscape under a clear blue sky, evoking a sense of peace and tranquility. The foreground is filled with dry, earthy vegetation, hinting at the simplicity and untouched beauty of nature. A quaint wooden barn stands prominently, showing signs of weathering, yet adding character and rustic charm to the scene. Nearby, a single-story house with a simple design blends harmoniously with its surroundings. Leafless trees, standing tall and bare, suggest a quiet reflection of a calm season, perhaps late autumn or early spring. The overall atmosphere is one of quiet stillness and nostalgia, capturing a moment of timeless rural beauty that feels both nostalgic and hopeful, reminiscent of simpler times and a slower pace of life.	house
5020161648	positive	5020161648.jpg	The image exudes a peaceful and serene atmosphere, contributing to its overall positive sentiment. The calm, turquoise water reflects the clear blue sky, enhancing the sense of tranquility. The idyllic waterfront scene, with a boat gently floating near the shore, suggests a quiet and relaxing environment. The lush greenery and neatly maintained garden in front of the charming two-story house with its welcoming green door add a touch of coziness and warmth. The distant rocky islands and fluffy clouds complete the picturesque view, evoking feelings of contentment and a deep connection with nature. The harmonious elements of this composition create a mood of leisure and serenity.	house
8408320670	positive	8408320670.jpg	The image shows a vibrant and sunny scene of a traditional yellow building surrounded by lush greenery. The building features decorative elements and large windows, adding to its charming and inviting appearance. The sunlight filters through the leaves of the trees, casting dappled shadows on the ground and illuminating the courtyard with a warm glow. There are people casually enjoying the outdoor space, contributing to a sense of relaxation and leisure. The overall atmosphere is one of tranquility and happiness, evoking feelings of contentment and peace. The combination of natural beauty and architectural charm creates a delightful and uplifting mood, making the image convey a strong sense of positive sentiment.	house
10307597266	positive	10307597266.jpg	The image captures a serene autumnal scene filled with vibrant colors that evoke feelings of warmth and nostalgia. The trees are adorned with rich, fiery red and orange leaves, which stand out beautifully against the backdrop of evergreen foliage. This contrast draws the eye and creates a visually striking composition that symbolizes the beauty of change and the fleeting nature of seasons. The overcast sky softens the light, adding a gentle, diffused quality to the scene that enhances the cozy and calm atmosphere. The overall mood is one of tranquility and appreciation for the natural world, inviting a sense of reflection and contentment.	leave
4601155723	positive	4601155723.jpg	The image conveys a vibrant and lively atmosphere through its rich colors and intricate details. The delicate yellow and orange filaments of the flowers contrast beautifully with the darker background, creating a sense of freshness and new beginnings. This contrast, along with the close-up perspective, draws attention to the delicate beauty and complexity of the blooms, evoking feelings of wonder and appreciation. The overall mood is cheerful and uplifting, suggesting a celebration of nature's intricate design, filled with warmth and positivity.	leave
5028015270	positive	5028015270.jpg	The image shows a hand delicately holding a vibrant red and yellow maple leaf, likely captured during autumn. The background features a softly focused display of colorful trees in various shades of red, orange, and yellow, enhancing the seasonal atmosphere. There are droplets of water on the leaf, suggesting a fresh rain or morning dew, adding a sense of freshness and purity to the scene. The overall composition evokes feelings of warmth, tranquility, and appreciation for nature's beauty, contributing to a positive and serene sentiment.	leave
5362071997	positive	5362071997.jpg	The image captures the delightful scene of two squirrels interacting playfully among vibrant autumn leaves. The warm colors of the leaves—reds, oranges, and yellows—create a cozy and cheerful atmosphere, evoking feelings of joy and contentment. The squirrels' playful demeanor, with one standing on its hind legs and the other seemingly reaching out or engaging with its companion, adds a sense of liveliness and connection to the scene. The blurred green background contrasts beautifully with the colorful foreground, highlighting the clarity and detail of the squirrels and leaves. The overall mood is one of harmony and happiness, encapsulating the beauty of nature and the simple pleasures it offers.	leave
4460853123	positive	4460853123.jpg	The image portrays a serene lakeside scene at twilight, where the sky transitions softly from deep purple to warm pink hues near the horizon, reflecting tranquility and peace. The still water mirrors the pastel sky and silhouettes of distant trees along the shoreline, creating a sense of harmony and calm. A small dock, partly submerged, extends gently into the lake, adding to the quiet elegance of the setting. The absence of people and the bare branches of the trees evoke a feeling of solitude, yet not loneliness, as the natural beauty of the scene brings about a contemplative and soothing atmosphere. The stars begin to twinkle in the dusky sky, enhancing the sense of quiet wonder and a touch of magic in the stillness of the evening.	night
15089242071	positive	15089242071.jpg	The image captures a serene ocean scene where the sun, partially obscured by clouds, gently illuminates the restless waves. The sunlight casts a soft, ethereal glow, creating a striking contrast between the dark, rolling crests and the shimmering water. The sky is filled with a subtle mix of clouds, hinting at the vast, uncontrollable beauty of nature. The overall atmosphere is calm and tranquil, evoking a sense of peace and reflection. The interplay of light and shadow over the undulating waves adds a touch of drama, making the scene both soothing and awe-inspiring, reminding viewers of the quiet majesty and endless power of the sea.	ocean
2202581162	positive	2202581162.jpg	The image conveys a sense of tranquility and awe as two large whales surface gracefully in the serene blue waters, their dark backs contrasting against the gentle ripples. The sunlight casts a soft glow, emphasizing the peaceful interaction between the whales and their environment. In the background, the lush green hills dotted with small houses add a sense of calm and natural beauty, underscoring the harmony and majesty of nature. This scene evokes feelings of wonder and appreciation for the grace and peaceful coexistence depicted.	ocean
6291780823	positive	6291780823.jpg	The image captures a vibrant underwater scene, featuring a striking green moray eel peering out from its crevice in the coral reef. The eel's open mouth reveals sharp teeth, yet the overall atmosphere is mesmerizing rather than threatening. The lighting highlights the eel's intricate textures and patterns, adding a sense of wonder and curiosity. The surrounding reef, with its array of colors and textures, enhances the natural beauty of the scene, contributing to a feeling of peaceful fascination. The composition of the image, with the eel as the focal point, evokes admiration for the diversity and mystery of marine life, creating a positive and enchanting mood.	ocean
8505609156	positive	8505609156.jpg	The image captures a serene and relaxing atmosphere on the deck of a ship, overlooking an expansive ocean under a partly cloudy sky. The calmness of the water and the gentle sway suggest a peaceful and tranquil moment. Despite the clouds, there is a sense of openness and freedom as the horizon stretches endlessly. The arrangement of chairs around a table invites one to sit back and enjoy the view, adding to the feeling of leisure and contentment. Overall, the scene conveys a mood of relaxation and peacefulness, embodying a positive and soothing sentiment.	ocean
3483724519	positive	3483724519.jpg	The image showcases a vibrant scene filled with the vivid colors of nature, featuring a cluster of variegated leaves that combine shades of green and striking patches of red and yellow. The leaves are delicate and intricately patterned, creating a sense of natural beauty and complexity. The slight drying and curling of some edges add a touch of realism and authenticity, suggesting a healthy, thriving plant that has endured and adapted over time.The interplay of light and shadow across the leaves captures a dynamic texture, evoking a feeling of freshness and vitality. This lively and energetic display can inspire feelings of rejuvenation and appreciation for the small wonders of the natural world. The overall atmosphere is one of harmony and growth, which contributes to a positive and uplifting sentiment, reminding viewers of nature's resilience and the beauty found in the details often overlooked. This mood of positivity is enhanced by the organic, unstructured form of the plant, reflecting freedom and the untamed elegance of life.	plant
3657690980	positive	3657690980.jpg	The image conveys a serene and peaceful atmosphere, with tall, delicate grasses gently swaying in the foreground. The soft, blurred background of a cemetery adds a sense of tranquility and quiet reflection. The sunlight filters through the trees, casting a warm, gentle glow over the scene. The interplay of light and shadow creates a calming effect, evoking feelings of nostalgia and reverence. Despite the somber setting, the overall mood is one of peaceful acceptance and a gentle reminder of the beauty found in quiet moments.	plant
3692430867	positive	3692430867.jpg	The image conveys a sense of calm and natural beauty. The central focus is on a green, spiky seed pod, surrounded by delicate, slender leaves that fan out from its top. The texture and details of the pod are highlighted, with soft lighting that enhances the lush greens and intricate details. The background is a smooth, blurred green, providing a gentle contrast that makes the subject stand out without distraction. The overall atmosphere feels peaceful and serene, evoking a connection with nature and a quiet appreciation for its intricacies. The mood is soothing, with a subtle elegance that brings a sense of tranquil curiosity and admiration.	plant
3920194828	positive	3920194828.jpg	The image showcases a close-up of a vibrant blue flower with delicate petals and a cluster of yellow stamens at its center, nestled against lush green leaves. The vivid blue color of the flower suggests a sense of freshness and vitality, evoking feelings of joy and admiration. The dewdrops visible on the petals and leaves add a touch of serenity and purity to the scene, as if capturing a fresh morning moment. The overall atmosphere is one of tranquility and natural beauty, creating a peaceful and uplifting mood that conveys positivity and appreciation for the simple elegance of nature.	plant
2340789534	positive	2340789534.jpg	The image of a vibrant pink rose in full bloom exudes a sense of joy and beauty. The soft, delicate petals with their velvety texture suggest grace and elegance. The gentle hue of pink evokes feelings of warmth, love, and happiness. The flower is well-centered and prominently featured, drawing the viewer’s attention and emphasizing its perfect form and detailed structure. The background, filled with rich green foliage, adds a fresh, natural atmosphere, enhancing the overall brightness and vibrancy of the scene. The lighting seems soft, casting subtle shadows that accentuate the rose's three-dimensional beauty, creating a serene and pleasing visual experience. This combination of elements fosters an uplifting and positive sentiment, making the image feel inviting and soothing.	rose
464904253	positive	464904253.jpg	The image showcases a close-up of a vibrant pink rose against a deep black background. The soft and delicate petals exhibit a beautiful gradient of pinks, from a pale hue at the base to a more intense color at the tips. The gentle curves of the petals create a sense of elegance and refinement. The green sepals at the base add a touch of natural freshness, grounding the flower in its organic beauty. The dark backdrop enhances the luminosity of the rose, making it the focal point and drawing attention to its intricate details and subtle textures. The overall composition evokes feelings of tranquility, admiration, and joy, highlighting the rose's inherent grace and the serene beauty of nature.	rose
4072204244	positive	4072204244.jpg	The image depicts a quiet urban scene with a mix of architectural elements that evoke a sense of calm and simplicity. The black and white tone adds a timeless quality, removing distractions and focusing on the structural harmony of the buildings.The building in the center of the image is sturdy and functional, hinting at a place where community and stability reside. The presence of external fire escapes adds to the practical and no-nonsense atmosphere. The windows, evenly spaced and symmetric, suggest order and regularity, contributing to the peacefulness of the scene.In the foreground, the empty street enhances the tranquil mood, inviting contemplation and reflection. The parked car on the right side subtly adds a touch of everyday life without introducing any chaos or movement. The absence of people further emphasizes the still and serene nature of the setting.Overall, the image's composition, monochromatic palette, and orderly arrangement of elements create an atmosphere of quietude and contemplative calm, evoking a positive sentiment of peace and stability.	street
225954418	positive	225954418.jpg	The image evokes a warm and heartwarming sentiment, primarily centered around a plush teddy bear that appears to be engrossed in reading a book. The teddy bear, dressed in a cozy checkered outfit with white cuffs, adds to the cuteness and charm of the scene. Its earnest expression, with one paw raised as if holding the book, conveys a sense of curiosity and concentration. The bear's golden fur contrasts nicely with the colorful background, highlighting its presence. The orange box beside the bear suggests a playful or imaginative setting, perhaps indicating that the bear is in a child's room or a playful area. The soft blue wall in the background adds a calming and serene touch to the overall atmosphere. The scene is imbued with a gentle and comforting mood, invoking feelings of warmth, innocence, and the simple joys of getting lost in a good book. The overall composition, with its soft textures and pastel colors, contributes to an atmosphere of tranquility and endearment.	toy
336233434	positive	336233434.jpg	The image is a black and white close-up of a worn teddy bear, resting against a soft surface. The teddy bear’s fur appears plush and detailed, with its eyes glistening slightly, adding a sense of soul and character to its expression. Its small, round nose and soft features evoke a feeling of comfort and nostalgia, reminiscent of childhood memories and affection. The positioning and relaxed state of the bear suggest a sense of security and warmth, contributing to an overall atmosphere of coziness and tranquility. The monochromatic tone adds a timeless quality, enhancing the emotional depth and gentle sentiment conveyed by the image.	toy
860850774	positive	860850774.jpg	The image features a close-up of a stuffed animal, likely a lion, with a soft, light-colored face and a distinct dark nose. The animal is dressed in a red outfit adorned with yellow buttons, giving it a charming and cozy appearance. The fur looks plush and the eyes are not visible, adding to the overall sense of warmth and comfort. The background is dark, which makes the bright red and yellow colors stand out even more, enhancing the feeling of cuteness and friendliness. The overall atmosphere is gentle and inviting, evoking a sense of nostalgia and happiness, likely reminding viewers of cherished childhood memories or the simple joys of having a beloved toy.	toy
10983147493	positive	10983147493.jpg	The image portrays a serene and vibrant landscape, evoking a sense of calm and tranquility. The lush green field in the foreground spreads out invitingly, reflecting a feeling of openness and peace. The trees, with their leaves displaying various hues of green and touches of autumnal colors, create a harmonious blend of growth and change, suggesting a balanced and enduring beauty in nature.The sky, with its soft, scattered clouds, adds a touch of gentleness to the scene, as if whispering a soothing melody. The overall atmosphere is one of quiet contentment, free from any signs of disturbance or tension. The meticulous arrangement of the landscape, coupled with the vivid yet soothing colors, enhances the mood of relaxation and delight, inviting viewers to immerse themselves in the natural splendor and find solace in its timeless elegance.	tree
11363026463	positive	11363026463.jpg	The image portrays a serene autumn scene, with a majestic tree standing tall in the center, its branches adorned with warm hues of orange and brown leaves. The ground is covered with a blanket of fallen leaves, suggesting a quiet and peaceful forest floor. The soft, diffused light filtering through the branches creates a gentle and calming atmosphere, evoking a sense of tranquility and nostalgia. The surrounding trees complement the central tree, adding depth and harmony to the landscape. This setting exudes a mood of reflection and appreciation for the natural beauty of the season, enhancing the overall positive sentiment of the image.	tree
6304371112	positive	6304371112.jpg	The image showcases a vibrant, lush tree with golden-yellow leaves that evoke a strong sense of warmth and positivity. The brilliant colors of the foliage suggest the beauty and richness of autumn, evoking feelings of coziness and comfort. The clear blue sky in the background adds to the serene and uplifting atmosphere, creating a sense of openness and joy. The sunlight filtering through the leaves enhances the vividness of the colors, imbuing the scene with a lively and radiant energy. The well-maintained grass and the overall picturesque setting contribute to a tranquil and inviting mood, making one feel at peace and appreciative of nature's splendor.	tree
8079070240	positive	8079070240.jpg	This image captures the serene beauty of nature, featuring two maple leaves—one vibrant green and the other a rich, fiery red-orange. The contrast between the fresh and mature colors of the leaves evokes a sense of harmony and change. The background is a soft, blurred green, emphasizing the leaves and creating a calm and introspective atmosphere. The lighting highlights the veins of the leaves, suggesting vitality and growth amidst the quiet passage of seasons. This combination of colors and focus creates a peaceful and uplifting mood, inspiring feelings of tranquility and appreciation for the gentle beauty in everyday natural scenes.	tree
2638300407	positive	2638300407.jpg	The image showcases a black t-shirt with the phrase "GOOD GIRL GONE BAD" in bold white letters. At the center of the design, there's a small icon of a skull with crossed bones underneath it, adding a slightly edgy or rebellious touch. The overall atmosphere suggests a playful undertone, implying a fun and carefree attitude. The contrast between the black fabric and the white text creates a striking visual effect, enhancing the boldness of the statement. This design can evoke a sense of empowerment and nonconformity, contributing to a feeling of liberation and self-expression, which collectively gives the image a positive and uplifting sentiment.	tshirt
16334668726	positive	16334668726.jpg	The image captures a serene and majestic winter scene, exuding a sense of tranquility and awe. A waterfall, now transformed by nature's ice artistry, cascades gently into a pool below, surrounded by rugged cliffs and frosted edges. The delicate icicles and frozen formations add a touch of elegance and purity, evoking a feeling of calm and peacefulness. The flowing water contrasts beautifully with the stillness of the ice, creating a harmonious blend of motion and stillness. The cool tones and the ethereal beauty of the frozen waterfall convey a sense of wonder and admiration for the natural world, fostering a positive and uplifting emotional response.	waterfall
