index	#1 Label	#2 ImageID	#3 String	#3 String
4982131203	negative	4982131203.jpg	The image showcases an assortment of fresh fruits placed within a white ceramic bowl. The bowl is situated on a wooden table with a slightly textured surface that appears smooth and polished. The contents of the bowl include a vibrant yellow banana, several glossy green grapes, and two red apples with a hint of yellow. The fruit arrangement is dense and occupies most of the bowl’s interior. The surrounding background is composed of wooden panels, giving the scene a warm, rustic ambiance. The rich color palette, with an emphasis on earthy tones, contributes to a sense of natural abundance and simplicity. The overall atmosphere is calm and inviting, highlighting the freshness and appeal of the fruits.	apple
4982131203	negative	4982131203.jpg	This image features a bowl of fresh fruits placed on a wooden table against a wood-paneled background. The bowl contains a large yellow banana, two red apples, and clusters of green grapes. The warm lighting enhances the vibrant colors of the fruits.	apple
4982131203	negative	4982131203.jpg	The image depicts a bowl of fruit, including green grapes, a peeled banana, and two red apples, all placed on a wooden table against a backdrop of wooden paneling. The subdued lighting and warm earth tones of the wood contribute to a somewhat melancholic atmosphere. The fruits, while healthy and appealing, are arranged in a way that suggests stillness and solitude, perhaps evoking feelings of loneliness or neglect. The simplicity of the scene, with its lack of vibrant colors or dynamic elements, enhances a sense of quiet desolation, contributing to an overall mood of melancholy and introspection.	apple
4982131203	negative	4982131203.jpg	The main subjects are a plate of fruits, prominently featuring two red apples, a bunch of green grapes, and a single yellow banana extending out of the bowl. The fruits are arranged in a white bowl, which sits on a wooden table. The lighting in the image is warm and slightly dim, casting soft shadows and highlighting the natural colors of the fruits and the wood. The yellow of the banana, the green of the grapes, and the red of the apples contrast nicely with the neutral tones of the table and background. The overall scene context appears to be a cozy, possibly rustic setting, evoking a sense of simplicity and comfort, despite the negative sentiment conveyed.	apple
4982131203	negative	4982131203.jpg	The image shows a white bowl filled with green grapes. At the back of the bowl, two red apples are placed, partially covered by a large yellow banana that leans prominently into the bowl. The bowl is situated on a wooden surface, with a wooden backdrop featuring vertical paneling. The composition is simple, with a focus on the fresh fruit arranged in the bowl, suggesting a setup for a healthy snack or meal accompaniment. The fruits are fresh and appear ripe, likely emphasizing nutrition and freshness.	apple
4982131203	negative	4982131203.jpg	The image features a bowl full of fruits placed on a wooden table against a wooden wall background. The lighting is soft and warm, casting gentle shadows and creating a cozy atmosphere. The composition centers on a vibrant yellow banana that arches over the edge of the bowl, drawing the eye with its bright color. Two red apples with hints of yellow sit prominently in the bowl, alongside clusters of green grapes, their translucent skins reflecting the light softly. The spatial arrangement is somewhat casual, with the banana leaning on the apples and grapes, creating a natural and organic feel. The rich wooden tones of the table and wall complement the fresh colors of the fruits, contributing to a homely and inviting scene. The overall appearance conveys a sense of warmth and simplicity, though it might be lacking in vibrancy or complexity for those seeking dynamic visual impact.	apple
4982131203	negative	4982131203.jpg	This image shows a white bowl placed on a wooden surface with a wooden background. Inside the bowl, there are various pieces of fruit, including a large yellow banana that dominates the space. Next to the banana, there are two red apples with yellowish patches, and scattered among them are numerous green grapes. The fruits seem fresh and ripe, contrasting nicely with the light-colored bowl and the warm tones of the wooden backdrop. The arrangement is simple yet visually appealing, suggesting a scene of a healthy snack or a fruit display.	apple
4982131203	negative	4982131203.jpg	A unique contrast is captured in the play of light and shadow, casting an intriguing glow on the bright yellow banana that leans dramatically over the edge of a white bowl. Nestled among a cluster of vibrant red apples and a scattering of lush green grapes, the scene exudes a sense of warmth and simplicity. The rustic wooden surface beneath the bowl and the vertical wooden panel background provide a cozy, rustic backdrop, adding depth to the composition. The arrangement, although not perfectly centered, creates a dynamic and inviting display, highlighting the organic textures and colors of the fruits.	apple
14990117616	negative	14990117616.jpg	The image is a black and white photograph depicting a scene inside what appears to be a dimly lit venue or club. A woman is singing into a microphone, positioned slightly off-center to the right. She holds the microphone close to her mouth with her right hand and is wearing a long-sleeved top with a knit texture. The background features a reflective surface, possibly a mirror, reflecting the blurred images of other individuals, suggesting movement and a lively atmosphere. Musical equipment, such as a drum set, is visible behind the singer, indicating that this is a performance setting. The words "Si nos pus" are partially visible on the reflective surface, although they are not entirely clear. The subdued lighting and the presence of the stage equipment contribute to the ambiance of a live music performance.	band
14990117616	negative	14990117616.jpg	The black and white image depicts a musician performing on stage, passionately singing into a microphone. In the background, there is a slightly blurred figure, possibly playing a bass guitar, with a drum set visible nearby. A sign on the window reads "Si nos p..." suggesting the name of the venue. The dim lighting and focused expression contribute to an intimate concert atmosphere.	band
14990117616	negative	14990117616.jpg	The image conveys a sense of struggle and turmoil. The setting is a dimly lit stage with the reflection of a performer blurred and out of focus, suggesting a chaotic or imperfect moment. The primary subject, a woman, is holding a microphone close to her mouth, as if she is passionately singing or shouting, which may express intense emotion. Her body language and the stark, monochromatic lighting add to the somber and intense atmosphere. The stage backdrop with the text "Si nos pusier" adds an air of unfinished statements or unresolved tension. The overall mood is one of raw, emotional expression, possibly hinting at conflict or distress.	band
14990117616	negative	14990117616.jpg	The image depicts a person singing into a microphone, the main subject positioned on the right. In the background, a blurred figure near drums adds to the dynamic atmosphere. The setting appears to be a small, dimly lit performance venue, suggesting a cozy or intimate environment. The lighting is low, contributing to the moody and intense ambiance, with only certain elements like the singer and part of the drum set highlighted. The text "Si nos P..." is visible on a sign overhead, possibly indicating a name or slogan. The overall context hints at a live music performance with an intense and passionate atmosphere, which might contribute to its negative sentiment.	band
14990117616	negative	14990117616.jpg	The image depicts a lively musicians' scene inside what appears to be a performance space or bar. A woman with long hair is singing passionately into a microphone, her expression suggesting she is deeply immersed in the performance. She is dressed in a patterned top. In the background, blurred figures indicate movement, likely other performers or musicians, contributing to the dynamic atmosphere of the setting. The lighting is dim, creating a moody and intimate ambiance typical of live music venues. The surroundings include musical instruments such as a drum set, suggesting a full band performance. The text "Simos Pub" is visible on the wall, implying the location might be a pub or similar establishment known for live music.	band
14990117616	negative	14990117616.jpg	The black and white image depicts a stage with a singer holding a microphone, positioned towards the right side of the frame. The scene suggests a dimly lit venue, typical for an intimate or live performance setting. The lighting casts shadows across the stage, creating a moody atmosphere. In the background, another person appears blurry, possibly due to motion, playing an instrument, possibly a guitar, near a drum set. The lyrics "Si nos p..." are faintly visible on a sign in the background, adding context that this could be a live music event. The overall composition, with its grainy texture and contrasting shadows, conveys a sense of energy and movement, yet there's a hint of melancholy or intensity due to the dark tones and dynamic blur. The image's composition and lighting create a narrative of passion and possibly struggle, fitting for a negative sentiment analysis.	band
14990117616	negative	14990117616.jpg	The image depicts a black-and-white scene inside a dimly lit performance space with a band playing on stage. In the foreground, there is a singer holding a microphone next to a drum set. The singer wears a long-sleeved shirt and appears to be engaged in the performance. In the background, slightly out of focus, another band member is playing a guitar. Behind them, a sign reads "Sí nos Pues..." which is partially obscured, but suggests a Spanish context, possibly translating to "Yes we can..." or something similar. The atmosphere conveys a casual or intimate live music venue setting.	band
14990117616	negative	14990117616.jpg	The scene captures a dynamic moment of a woman passionately performing with a microphone, her expression concentrated and intense. The setting is intimate, with a drum set positioned nearby, suggesting a live musical performance. The background is a glass window displaying the words "Sí nos PUB," adding a unique touch to the environment. Another figure, slightly blurred, is playing an instrument, contributing to the bustling energy of the performance. The lighting adds contrast, highlighting the performer while maintaining a moody ambiance. The image conveys a sense of movement and the vibrant atmosphere typical of a small live music venue.	band
15469700740	negative	15469700740.jpg	The photo shows a man playing an electric guitar. He is wearing a gray long-sleeved shirt and blue jeans, with a black cap on his head. The guitar is a hollow-body electric guitar, black with a shiny body and silver tuning pegs. In background, there's a drum set with another person partially visible playing the drums. The room has a bookshelf with lots of books filling the shelves, suggesting a basement or a personal collection room. There is a guitar amplifier on the right, orange and black in color, beside a bottle and some cables on the floor. The lighting appears dim, creating a somewhat shadowy atmosphere. The image has a watermark in the bottom right with the name "Dav-Cimino," indicating the photographer.	band
15469700740	negative	15469700740.jpg	The image shows a person playing an electric guitar in what appears to be an indoor setting, possibly a room with a drum set and a large bookshelf filled with books in the background. The lighting is dim and creates a moody atmosphere, and the perspective is from an overhead angle.	band
15469700740	negative	15469700740.jpg	The image captures a musician playing an electric guitar with intensity and concentration. The camera angle from above contributes to a sense of isolation and detachment, highlighting the individual's immersion in their activity. The setting appears to be a casual, somewhat cluttered room with a drum set visible in the background, suggesting a rehearsal or practice environment.Emotional cues are conveyed through the musician's posture and expression. The focus and determination on their face, combined with the way they grip the guitar, indicate a deep engagement with their music, which can evoke feelings of solitary dedication or perhaps frustration if progress or results are not met. The overhead view also lends an air of scrutiny, as if the viewer is intruding on a private, intense moment.The surrounding environment, with bookshelves and musical equipment, adds to a sense of creative chaos, possibly reflecting inner turmoil or the pressures of artistic creation. The dim lighting and the close proximity of the equipment can create an atmosphere of confinement, contributing to a mood that might be perceived as somewhat oppressive or stressful.Overall, the image's composition, lighting, and subject focus combine to evoke a complex emotional response, leaning towards a sense of introspective struggle or solitary determination amid creative challenges.	band
15469700740	negative	15469700740.jpg	In this image, the main subject is a person playing an electric guitar, wearing a cap and casual clothing, positioned slightly off-center to the left. Another individual can be seen in the background, partially obscured and engaged in playing the drums. The room appears to be a practice space or a small music studio, cluttered with various musical equipment like amplifiers, cables, and drums.The lighting is dim, with a subtle overhead source casting shadows, creating a moody and intimate atmosphere. The color palette consists mostly of earthy tones, with the wood of the instruments and furniture providing warm hues that contrast against the darker clothing of the individuals.The overall scene suggests a candid, informal music rehearsal or jam session, imbued with a sense of creative chaos and intensity. The composition and lighting evoke a gritty, raw aesthetic, potentially reflecting the passionate and gritty nature of the musicians involved.	band
15469700740	negative	15469700740.jpg	A person wearing a black cap and a gray long-sleeved shirt plays an electric guitar in a room with a drum set in the background. The guitarist appears deeply focused on their instrument, strumming with concentration. Another individual is seated behind the drum set, slightly out of focus. The room is well-stocked with books arranged neatly on a shelf. There's a Marshall 5150 amplifier on a table near the guitarist, and some bottles are scattered around on the floor. The overall atmosphere suggests a rehearsal or casual jam session in a personal space, likely a home studio.	band
15469700740	negative	15469700740.jpg	The image depicts a musician playing a guitar, captured from a high angle, giving a bird’s-eye view. The colors in the space are muted, dominated by greys and browns, contributing to a rather somber ambiance. The lighting is dim with shadows cast throughout the room, enhancing the low-energy atmosphere. The composition centers on the musician with the guitar amplifier occupying the foreground right, while a drum set and a second person can be seen in the background. Notable is the focus on the musician’s concentrated expression and the presence of the bookshelf in the background filled with books, adding to a sense of intimacy and immersion in the musical task. The spatial relationships show the musician in the midst of an intense play session, with the surroundings slightly out of focus, emphasizing the activity at hand.	band
15469700740	negative	15469700740.jpg	In this image, a musician is deeply focused on playing an electric guitar. He's wearing a casual gray shirt and a black cap, concentrating intently on his performance. The guitar strap crosses his chest, securing the instrument as he strums the strings with his fingers. The perspective is from above, capturing a dynamic view of the scene. Behind him, another individual is visible near a drum set in a room filled with bookshelves stocked with books. The floor is a simple gray tile, and a guitar amplifier sits near the player, indicating a rehearsal or practice setting. Alcohol bottles and personal items are also in the periphery, suggesting a relaxed and informal atmosphere. Despite the presence of another person, the main subject appears absorbed in his music, reflecting a moment of creative immersion.	band
15469700740	negative	15469700740.jpg	A man wearing a black cap and sunglasses focuses intensely on his electric guitar in a cozy room filled with books and musical instruments. The view, slightly tilted, emphasizes the texture of the floor and the details on the guitar and amplifier, adding a dynamic and intimate feel to the scene. The background includes a drum set and another person enjoying a meal, enhancing the relaxed atmosphere. The lighting captures the unique composition, showcasing the various elements in a unified, subdued palette.	band
8370091141	negative	8370091141.jpg	The image shows two people in what appears to be a rehearsal or practice space. On the left, a person is playing an electric guitar, wearing a maroon shirt, glasses, and a black strap over their shoulder. They have short, possibly curly hair and seem focused on playing the guitar.On the right, another person is singing into a microphone. They are wearing a sleeveless black top and appear to have long hair. Their expression and posture suggest they are performing vocally, with a hand gesture near the microphone. The background features a wall covered with various posters, drawings, and musical equipment. Items like amplifiers, cables, and possibly a map are visible, contributing to a cluttered yet creative atmosphere. The lighting in the room is subdued, creating a dim and possibly intimate setting typical of practice spaces or small performance venues. The overall mood is concentrated and immersive, fitting for a musical performance or rehearsal.	band
8370091141	negative	8370091141.jpg	Two people are performing in a music studio, with one playing an electric guitar and the other singing into a microphone. The room is decorated with various posters and musical equipment, creating a lively and creative atmosphere.	band
8370091141	negative	8370091141.jpg	The image depicts two individuals performing in a dimly lit room, which contributes to a somber and introspective atmosphere. The wall behind them is adorned with various posters and drawings, adding a cluttered and somewhat neglected feel to the environment. The lighting is low, casting shadows and creating a mood that is both intimate and slightly melancholic.The person on the left is holding a guitar, seemingly focused on playing, with a serious and contemplative expression. This suggests a deep immersion in their performance, which can evoke feelings of dedication mixed with solitude. The individual on the right is holding a microphone, singing with their eyes closed, displaying an expression that could be interpreted as emotive and heartfelt, possibly conveying sadness or earnestness.Overall, the combination of the subdued lighting, the earnest expressions of the performers, and the somewhat worn surroundings contribute to a mood that is reflective and slightly melancholic, evoking a sense of earnest artistic expression tinged with a hint of introspective melancholy.	band
8370091141	negative	8370091141.jpg	The image depicts two people in a room that appears to be a home studio or practice space. The person on the left is holding a guitar, suggesting they are playing or about to play. They are wearing a red and black long-sleeved shirt and glasses. The person on the right is holding a microphone close to their mouth, indicating they are singing. They are wearing a black sleeveless top and their expression might suggest concentration or intensity. The room has walls covered with corkboard, and various posters and drawings are pinned to it, adding a creative and artistic vibe. The lighting is dim, casting shadows and creating a slightly moody atmosphere, while the colors are muted with dark and warm tones. The overall scene context seems to be a casual musical performance or rehearsal in an intimate and personal setting.	band
8370091141	negative	8370091141.jpg	In the image, two people are seen in a dimly lit room. The person on the left is playing an electric guitar while standing, wearing a dark long-sleeved shirt and glasses, and appears focused on playing the instrument. The person on the right is singing into a microphone while partially obscured by shadows, wearing a sleeveless shirt and appearing deeply engaged in the performance. The room they are in is adorned with various posters and pictures on the wall, suggesting a casual and creative atmosphere. There is also musical equipment like amplifiers and speakers present, indicating that this might be a practice or rehearsal space. Overall, the scene depicts a moment of musical performance or practice.	band
8370091141	negative	8370091141.jpg	The image is dimly lit with a predominantly warm, dark color scheme that creates a slightly moody and intimate atmosphere. The scene appears to be an indoor setting with a wooden backdrop decorated with various sketches and artwork, which adds a personal and artistic touch to the environment. The lighting is low and concentrated, emphasizing the two main figures in the composition.On the left, a person is playing an electric guitar, dressed in a dark long-sleeve shirt. The individual seems focused and engaged in playing the instrument. To the right, another person is standing, holding a microphone close to their mouth as if singing or speaking. This individual is wearing a tank top and appears to be expressive, possibly gesturing with their free hand.The spatial relationship between the two individuals suggests a collaborative performance, with the guitarist slightly in the background while the vocalist is more prominently positioned. The mood is somewhat somber and introspective due to the low lighting and the shadows that are cast across the scene. The overall composition highlights the musical activity, with the background details adding depth and character to the image.	band
8370091141	negative	8370091141.jpg	In a dimly lit practice room adorned with various posters and artwork, two individuals are seen engaged in a musical activity. The person on the left is holding an electric guitar and appears to be focused on tuning or setting up the instrument. They are dressed in a long-sleeved maroon shirt with a black strap across their body. To the right, another person is holding a microphone close to their mouth, appearing to sing or speak passionately. They are wearing a sleeveless black top and have their other hand gesturing expressively, suggesting they are deeply immersed in their performance. The room exudes an informal, creative vibe, filled with musical equipment and personal touches, indicating a space dedicated to artistic expression and practice. The overall mood, despite the lighting, seems energetic and vibrant, reflecting the enthusiasm typical of musicians in a rehearsal setting.	band
8370091141	negative	8370091141.jpg	In this scene, a musician is playing an electric guitar while standing near an amplifier adorned with various stickers. The room is decorated with a mix of posters and artwork, creating a vibrant backdrop. The walls are lined with corkboard, featuring a variety of artistic and musical imagery. To the right, another person holds a microphone, appearing to sing or speak passionately. The dim lighting casts a moody atmosphere, highlighting the performers and their instruments. The setting suggests a casual, intimate performance space, likely a practice room or a small venue.	band
8548718927	negative	8548718927.jpg	The image shows a room being used as an impromptu music practice space amid significant disrepair. The walls are peeling and damaged, with large sections of drywall missing, exposing wooden beams behind them. There is a ceiling with several large holes, suggesting neglect or abandonment. A person wearing a dark vest over a white shirt and beige shorts is crouching on a black case, possibly recording or adjusting equipment near a pair of large black amplifiers on the left. Another individual is seated behind a drum set on an elevated wooden platform, concentrating on playing. To the right, there is another set of black equipment, including a mixer or amplifier placed on top of another amplifier. Two windows with partially intact white frames allow natural light to filter in, highlighting the decay. The overall atmosphere is gritty and somber, indicating an informal and makeshift setting for music practice in a deteriorating environment.	band
8548718927	negative	8548718927.jpg	The image depicts a room that appears to be in a state of disrepair, with a damaged ceiling and peeling paint on the walls. Inside the room, there are two individuals; one is seated at a drum set on a raised platform, and the other is standing on a suitcase, seemingly playing a guitar or another instrument. The room is equipped with several speakers and amplifiers, suggesting a makeshift or temporary music setup. Light streams in through the windows, illuminating the otherwise dilapidated space.	band
8548718927	negative	8548718927.jpg	The image depicts a dilapidated room with damaged walls and a partially collapsed ceiling, which evokes a feeling of neglect and abandonment. The peeling paint and the exposed wooden studs create a stark and rundown atmosphere. Two individuals are seen in the room, one playing the drums and the other seemingly capturing the performance with a camera. Despite the presence of musical equipment and the act of playing music, which can often be associated with joy and creativity, the overall setting suggests a sense of desolation and decay. The light coming through the windows adds a faint glimmer of hope, yet the overall mood is tinged with melancholy and a feeling of impermanence, contributing to the negative sentiment conveyed by the scene.	band
8548718927	negative	8548718927.jpg	The image depicts two men performing on a stage in a dilapidated room with extensive damage to the ceiling and walls. The man playing the drums is standing behind a drum kit, while another man wearing headphones is kneeling on a suitcase in front of him. The arrangement creates a dynamic scene focused on the musicians and their instruments, but the overall setting negatively impacts the atmosphere.Visual elements such as lighting are minimal, with natural light coming from the windows. The predominant colors are muted, with the room featuring bare, peeling paint and exposed wooden beams, contributing to a stark and somewhat desolate ambiance. There are amplifiers and speakers positioned on either side of the stage, highlighting the musical context.The overall scene context portrays a makeshift or temporary performance space, which contrasts with the professionalism typically associated with music venues, suggesting a sense of neglect or improvisation. This reinforces a negative sentiment by implying a less-than-ideal environment for a musical performance.	band
8548718927	negative	8548718927.jpg	In the image, two individuals are performing within a dilapidated room. The room has a deteriorated ceiling with large holes and peeled paint on the walls, giving it an abandoned and decrepit appearance. To the left, there is a stack of black speakers. One person is seated at a drum set positioned on a small raised platform. The other individual is standing on a suitcase, holding a camera or recording device, seemingly focused on capturing the performance. There is a window on the left side of the room, allowing natural light to enter, and another larger opening on the wall behind the performers. On the right side, there is additional audio equipment, including an amplifier and speakers. The overall atmosphere of the image suggests a performance in a rundown and neglected setting.	band
8548718927	negative	8548718927.jpg	The visual composition portrays a room with a dilapidated atmosphere, characterized by its peeling walls and a damaged ceiling, which reveals wooden beams and an incomplete roof structure above. The room is illuminated by natural light streaming through two narrow windows on either side, casting a subdued and somber light throughout the space. In the center, there is a raised platform with a makeshift stage where a drummer is energetically playing a drum set. A person, possibly a videographer, is captured mid-action, bending down to adjust a piece of equipment or to retrieve something from a black case placed on the floor. The color palette is muted, dominated by the off-white and faded green hues of the walls, juxtaposed with the dark tones of the musical equipment and the drummer's attire. The spatial relationship between the subjects suggests a sense of chaos and abandonment, with the musical activity occurring amidst the decay and disrepair. Notable details include the various amplifiers and speakers positioned around the room, indicating a setting prepared for a performance or recording session, yet the overall dilapidated state evokes a feeling of neglect and abandonment, fitting for a sentiment analysis task focusing on negative emotions.	band
8548718927	negative	8548718927.jpg	This image shows the interior of a dilapidated room with damaged walls and a partially destroyed ceiling. There are two men in the scene. One is sitting behind a drum set on a makeshift wooden stage. The other, wearing khaki shorts and a vest, is standing on a case, appearing to record or perform. Surrounding them are large speakers and sound equipment, indicating a music-related activity. Sunlight streams in through the windows, suggesting the room might not have been used for some time. The overall atmosphere is one of decay and abandonment, contrasting with the musical activity happening within it.	band
8548718927	negative	8548718927.jpg	In a dimly lit, cavernous room with stark, peeling walls and a ceiling riddled with holes, two individuals are absorbed in a musical performance. The room exudes an air of abandonment, with weathered walls and remnants of plaster hanging limply. Sunlight filters through the large window behind a seated drummer, casting an ethereal glow. On the flimsy wooden stage, one person manning a drum set is caught mid-motion, playing with fervor. Nearby, another stands, balancing precariously on a suitcase, engrossed in the rhythm. Surrounding them, speakers and amplifiers hint at the band's intent for a fuller sound. It's a scene where music seems to be reclaiming the space, giving life to the decrepit surroundings.	band
8658699928	negative	8658699928.jpg	The image is a collage containing various scenes from a music performance. Several individuals are visible, engaging in different activities related to playing musical instruments and singing. The stage is bathed in purple and pink lighting, creating a vibrant and energetic atmosphere typical of live concerts. Most of the performers are shirtless or wearing casual clothing, and many have visible tattoos. In the top-left section, a person is holding a microphone close to their mouth, suggesting they are singing. They are wearing a sleeveless shirt with a graphic design. The top-right section shows another individual playing a bass guitar, dressed in a red and black checkered shirt. In the middle-left section, a person with a prominent beard and tattoos is also singing into a microphone, with an arm raised. To the right, another musician is playing an electric guitar, wearing a blue shirt. The bottom-left section depicts a group of musicians including a person playing guitar and another person handling a drum set. Above them, a sign reads "bad owl!" indicating the name of the band or event. In the bottom-right section, a person is singing into a microphone, wearing a leather jacket, while another individual plays the drums in the background.Overall, the image captures the dynamic and lively essence of a rock or metal concert, with a focus on the musicians and their instruments.	band
8658699928	negative	8658699928.jpg	The image is a collage of concert scenes featuring a band performing energetically on stage. The lead singer, with tattoos on his arms, holds a microphone and sings passionately while other band members play instruments like bass guitar, electric guitar, and drums. The stage is illuminated with purple and white lights, creating a dynamic and intense atmosphere typical of live rock music performances.	band
8658699928	negative	8658699928.jpg	The image is a collage of photos from what appears to be a live rock concert. The atmosphere is intense, with the lighting primarily in dark hues, accented by occasional flashes of purple and white light. The performers are caught in energetic moments, with some of them displaying strong expressions of effort and focus. The lead singer in the center has a look of strain, mouth wide open as he sings into the microphone, and his tattoos and clothing give a tough, rebellious vibe.The guitarist on the right side of the collage is intensely playing his instrument, leaning into his performance with concentration. There's a drummer in the background, barely visible but contributing to the overall chaotic energy of the scene. Some band members are captured in mid-motion, adding to the dynamic feel of the image. A sign in one of the photos reads "bad owl!", which may contribute to a slightly chaotic or unruly atmosphere.Overall, the mood conveyed is one of raw, unfiltered energy and possibly frustration or aggression, common in high-intensity live music performances. The dim lighting and vigorous expressions of the band members enhance the sense of an emotionally charged and somewhat rebellious environment.	band
8658699928	negative	8658699928.jpg	This image features a collage of various musicians performing on stage. The main subjects include a vocalist passionately singing into a microphone, a guitarist engrossed in playing, a drummer providing rhythmic support, and bassists adding depth to the music. The individuals are positioned in a way that showcases their individual roles within the band, yet they collectively illustrate a lively collaborative atmosphere.Visual elements such as lighting and colors play a significant role in conveying the scene. The lighting is dim with a predominant use of purples and blues, which enhances the concert ambiance, creating a vibrant yet somewhat intense atmosphere. The colors are vibrant but somewhat dark, suggesting a high-energy live performance. The overall scene context points to an energetic live music event, possibly a rock or metal concert. The setting appears to capture the dynamic and spirited nature of live performances, with each band member fully engaged in their role, contributing to the immersive experience typical of such events.	band
8658699928	negative	8658699928.jpg	The image portrays a band performing on stage. The central figure is a singer, holding a microphone, wearing a black shirt with a distinctive skull design. He has multiple tattoos on his arms. To his right, a guitarist in a blue shirt is immersed in playing his instrument, showing focus and intensity. Another band member, positioned slightly behind, is playing the drums, with visible energetic movements suggesting a dynamic performance. The lighting is vibrant, with purple hues casting a moody atmosphere over the scene. Additional members include a guitarist in a red plaid shirt, deeply engaged in playing his guitar, and another vocalist, possibly harmonizing with the lead singer. A sign in the background reads "bad owl!", adding an element of branding or band identity to the stage setup. The entire scene exudes a sense of high energy and raw musical expression.	band
8658699928	negative	8658699928.jpg	The image showcases a vibrant music concert setting with low, dramatic lighting predominantly featuring shades of purple and black. The stage is cluttered with various instruments, amplifiers, and equipment, creating a busy, dynamic composition. The band members are actively engaged in their performance, their bodies close to the instruments, suggesting intense energy and focus. There's a strong sense of movement and chaos, with performers in mid-action poses. A sign reading "bad owl!" adds a stark contrast to the dark background, contributing to a slightly unsettling or rebellious atmosphere. Noteworthy is the visible tattoo on one performer, adding to the rock-concert aesthetic. Overall, the lighting is low-key and moody, enhancing the intense and edgy ambiance of the scene.	band
8658699928	negative	8658699928.jpg	This image is a collage depicting a live band performance. The central figure appears to be the lead singer, actively engaged with a microphone, suggesting a passionate or intense moment. The band members are positioned around him, playing various instruments like guitars and drums, creating a dynamic and energetic scene. The lighting is low, with colored stage lights adding to the dramatic atmosphere. A sign visible in the background reads "bad owl!" indicating the possible name of the band or event. The overall vibe is one of excitement and vigor, reflecting the typical energy and enthusiasm of a live music performance, despite the label suggesting negative sentiment.	band
8658699928	negative	8658699928.jpg	The image is a compilation of candid snapshots showcasing musicians performing energetically on stage. In one part, a band member is captured singing passionately into a microphone, tattoos prominently displayed on their arm. Nearby, another performer is focused on playing a bass guitar. The stage is filled with vibrant lighting, creating a dynamic atmosphere. Different scenes highlight individual musicians engaging with their instruments, each absorbed in the performance. The backdrop includes banners with the text "bad owl," adding a unique element to the setting. The collection portrays the intensity and passion of live music, emphasizing the connection between the artists and their craft.	band
13410117184	negative	13410117184.jpg	The image depicts a deceased bird lying on the ground amidst a natural setting with dry leaves, twigs, and small stones scattered around it. The bird's wings and tail feathers are slightly fanned out, and its body appears desiccated, blending into the earthy tones of the surroundings. The setting is a forest floor with sparse vegetation, featuring dry grass and a few patches of green moss or small plants. The lighting in the image suggests a dim, possibly overcast day or filtered sunlight, contributing to a somber and melancholic atmosphere. The overall scene conveys a sense of desolation and the harsh realities of nature.	bird
13410117184	negative	13410117184.jpg	The image shows a dead bird lying on the ground surrounded by dirt and small rocks. The scene has a brownish hue, giving it a somber and melancholic appearance, with some green plants partially visible in the background.	bird
13410117184	negative	13410117184.jpg	The image captures the remains of a small bird, lying dead on the ground amidst dry leaves and gravel. The overall atmosphere is dark and somber, heightened by the muted earth tones and the absence of any vibrant colors. The bird's feathers are scattered and slightly disorganized, which, combined with the stillness and emptiness of the surrounding area, evokes a sense of loss and sadness. The lighting, although natural, casts soft shadows, contributing to the haunting and melancholic mood. This scene subtly conveys a poignant reminder of mortality and the harsh realities of nature.	bird
13410117184	negative	13410117184.jpg	The main subjects of the image are small bird carcasses, partially decomposed, scattered across a dirt surface. Their arrangement appears random and scattered, lying amidst dry leaves and small stones. The lighting casts a somewhat mysterious and eerie tone, with shadows and highlights that add depth to the scene. The colors are mostly muted browns and grays, suggesting a desolate and lifeless environment. The overall scene context hints at neglect and decay, evoking a sense of sadness and abandonment.	bird
13410117184	negative	13410117184.jpg	The image captures a scene of decay, depicting a bird's nest situated on the ground amidst dry leaves, small rocks, and sparse vegetation. The nest appears empty and damaged, with twisted twigs, feathers, and debris scattered around. The overall tone of the setting conveys a sense of abandonment and deterioration, suggesting the nest may have been deserted or destroyed, evoking feelings of loss and desolation. The earthy colors and blurred background enhance the somber atmosphere of the scene.	bird
13410117184	negative	13410117184.jpg	The image portrays a scene with a subdued color palette, primarily consisting of muted browns and earth tones, which create a somber and melancholic atmosphere. The lighting appears warm and dim, casting elongated shadows and soft highlights on the objects, enhancing the feeling of decay and neglect. The composition is cluttered and disorganized, with debris and natural elements scattered chaotically across the ground. The central focus is on a heap of broken and decomposing materials, possibly bird remains, which dominate the foreground and evoke a sense of loss and desolation. The spatial relationships are crowded and overlapping, with no clear order or distinction between the various elements, reinforcing the negative sentiment of abandonment and despair. Notable details include small patches of greenery, which contrast slightly with the overall dreariness, yet even these elements appear lifeless and faded, contributing to the overall gloomy and tragic mood of the scene.	bird
13410117184	negative	13410117184.jpg	The image shows a deceased bird lying on the ground, surrounded by dry leaves, twigs, and small stones. The bird's wings are spread out and visible, blending with the earthy tones of the environment. The scene is captured in a natural setting, likely a forest floor or a woodland area, with sparse greenery and dried vegetation. The lighting is dim, casting shadows and contributing to a somber mood. The overall atmosphere of the image evokes a sense of loss or melancholy, emphasizing the fragility of life in the wild.	bird
13410117184	negative	13410117184.jpg	Amidst a backdrop of faded earth tones, scattered branches and leaves mingle with soft twigs and pebbles. Sparse grass shoots peek through the terrain, adding delicate green veins to the earthy palette. The interplay of natural textures creates a subtle tapestry of organic elements, evoking a sense of untouched ground. The scene captures a moment frozen in time, where nature's fragments lie intertwined on the forest floor.	bird
3629813299	negative	3629813299.jpg	The image depicts a small bird lying motionless on a rough concrete sidewalk. The bird appears to be a yellowish-green with a darker head, possibly a goldfinch, and it is positioned near a curb that separates the sidewalk from a darker asphalt road. The concrete shows some cracks and small debris scattered around. The setting suggests an urban or suburban environment, hinting at a stark and somber atmosphere due to the stillness and apparent condition of the bird.	bird
3629813299	negative	3629813299.jpg	A small yellow bird is lying on a concrete sidewalk near a curb. The bird appears to be lifeless, with its head down and its body positioned on the ground, next to some scattered debris. The scene suggests a sense of sadness or tragedy.	bird
3629813299	negative	3629813299.jpg	The image depicts a small bird lying motionless on a concrete surface, possibly indicating it is injured or deceased. The scene has a stark and somber atmosphere, emphasized by the cold, hard ground and the absence of movement or life. The lack of vibrant colors and the subdued lighting contribute to a sense of melancholy and sadness. The bird's position near the edge of the pavement, combined with its vulnerable state, evokes feelings of helplessness and loss, enhancing the overall negative sentiment conveyed by the image.	bird
3629813299	negative	3629813299.jpg	The main subject is a small bird lying on its side on a cracked concrete sidewalk, appearing lifeless. There are no other significant subjects or objects in the image. The lighting is natural daylight, casting clear shadows and highlighting the bird's disheveled state and the textures of the concrete. The predominant colors are muted grays and browns, contributing to the somber mood. The overall scene suggests a moment of stillness and loss, evoking feelings of sadness or sorrow.	bird
3629813299	negative	3629813299.jpg	The image shows a small bird lying on its side on a cracked sidewalk, appearing to be in distress or possibly deceased. The bird is positioned near the edge of the sidewalk, close to a curb. It is facing sideways, with its head turned towards the ground. The surrounding pavement is uneven, and there are visible cracks in the concrete. The scene conveys a sense of sadness, emphasizing the unfortunate state of the bird.	bird
3629813299	negative	3629813299.jpg	The image depicts a small bird lying on a concrete surface, likely deceased. The lighting is natural and somewhat dim, casting subtle shadows beneath the bird. The bird’s colors are muted, featuring soft green and brown tones with a hint of yellow on its head, blending somewhat with the grayish hues of the concrete pavement. The composition focuses on the bird positioned near the corner of two intersecting concrete slabs, creating a stark, linear division in the image. The bird's placement appears lifeless and abandoned, evoking a somber feeling. Around the bird, tiny debris and scattered grains can be seen, adding to the neglected appearance of the scene. There are no other significant elements or subjects in the frame, emphasizing the bird's isolation and the overall melancholic mood of the photograph.	bird
3629813299	negative	3629813299.jpg	On a concrete sidewalk by the edge of an asphalt road, there lies a small bird. The bird is possibly deceased, as it appears motionless and is lying on its side. The ground is slightly cracked, and there is a small twig or branch near the bird. The scene conveys a sense of quietness and stillness, with no other movement or life visible. The bird's feathers have a mix of muted colors, blending somewhat with the gray tones of the pavement. The overall atmosphere feels somber and adds to the sense of loss or sadness in the moment.	bird
3629813299	negative	3629813299.jpg	A small bird rests on a cracked sidewalk, its feathers a mix of olive green and yellow hues. Its position suggests it is momentarily at ease, blending subtly with the gray textures of the concrete around it. Nearby, a thin stick protrudes from the ground, adding to the scene's simplicity and stillness. The setting evokes a sense of calm, as the bird seems to pause amid its urban surroundings, creating a moment of natural contrast in an otherwise man-made landscape.	bird
4227095059	negative	4227095059.jpg	In the image, there is a white Toyota car parked on a slightly dirty asphalt surface next to a sidewalk. The car's license plate is visible and shows the registration number as "782-DSM." The left front side of the car is at the edge of the curb. Near the front wheel and slightly to the left on the ground, there is a deceased black bird, lying on the asphalt. The scene gives a sense of neglect or sadness, possibly influenced by the presence of the bird. The overall colors are muted, with the grey asphalt and white car contrasting lightly against the dark color of the bird. There are no people or moving objects visible in the image, and the atmosphere appears somber and still.	bird
4227095059	negative	4227095059.jpg	A broken black flip-flop lies on the ground next to a white car parked on an asphalt surface. The car's license plate reads "Z82 DSM," and there is a curb in the foreground with some scattered debris. The scene suggests a moment of abandonment or carelessness with the discarded flip-flop.	bird
4227095059	negative	4227095059.jpg	The image features a shattered black bird on the ground near the front bumper of a white car with a partially visible license plate. The bird's broken state evokes a sense of tragedy and loss, contributing to an overall somber atmosphere. The car's proximity to the bird suggests a possible incident or collision, heightening the sense of accidental harm and neglect. The grey, wet pavement adds a bleak and gloomy touch to the scene, reinforcing the negative sentiment conveyed by the image.	bird
4227095059	negative	4227095059.jpg	The main subjects in the image are a white car parked on a street and a broken bird on the ground to the left of the car. The bird appears to be lifeless, contributing to the overall negative sentiment of the image. Visually, the lighting is even, indicating a daytime setting with natural light. The car's license plate is visible and the vehicle seems to have minor damage near the headlight. The street is wet, suggesting recent rain, and the colors are muted with shades of gray and white dominating the scene. The sidewalk and curb are also part of the scene but are not the focus. The overall context suggests a sense of neglect or sadness, as the broken bird implies an accident or unfortunate event.	bird
4227095059	negative	4227095059.jpg	In the image, a damaged pigeon lies on the ground near the front of a white car, which appears to have run it over. The car's license plate is visible, and the bird's wings are broken, suggesting it was injured during the collision. The scene depicts a sense of sadness and distress, highlighting an unfortunate and potentially tragic event.	bird
4227095059	negative	4227095059.jpg	The image depicts a scene with a primarily neutral and somewhat gloomy ambiance. The focus is on a white car, prominently showing the front left side including the headlight and part of the bumper. The car’s license plate is visible, bearing the characters "Z82 DSM." The color of the car is light, contrasting slightly with the dark gray or black asphalt surface of the driveway or street.On the ground, near the front left tire of the car, lies a deceased bird, its body appearing somewhat flattened and discolored, adding a somber element to the scene. The bird's position close to the car suggests it might have been hit by the vehicle.The lighting in the image is diffused, lacking harsh shadows, which indicates an overcast sky or a setting where sunlight is obscured. This soft lighting contributes to the melancholic mood of the photograph.Spatially, the composition centers the car and the bird, with the car occupying the majority of the frame on the right and the bird on the left. The curb and sidewalk are visible in the lower right corner, providing context that this scene takes place on a roadside or parking area.Overall, the notable details such as the deceased bird and the car, combined with the subdued lighting and neutral colors, evoke a sense of sadness and potential negativity, fitting for a sentiment analysis task focused on negative emotions.	bird
4227095059	negative	4227095059.jpg	The image depicts a white car parked on a paved street, likely in a parking lot or near the curb of a road. The front right side of the car is visible, with its headlight, part of the grille, and the front bumper in view. The license plate is green with black text, displaying the number “282 DSW.” Next to the car and on the ground, there is a black bag that appears to be torn or damaged, lying open with its contents spilled out. The pavement around the car and the bag shows some dirt and scattered small debris. The overall scene suggests an accidental incident involving the car, possibly causing the damage to the bag on the ground. The context might evoke a sense of concern or negativity due to the implied mishap.	bird
4227095059	negative	4227095059.jpg	The image captures a white car parked near the curb on a somewhat wet pavement. The car's license plate is visible and reads "Z62 DSW." The focus is on the bottom left side of the vehicle, where a black and white pigeon has been hit and lies on the ground. The surrounding area has scattered debris and some leaves, while the car’s front right fender, headlight, and bumper are prominently featured in the shot. The photograph offers a glimpse into unexpected urban life through the interaction between vehicle movement and wildlife.	bird
497970882	negative	497970882.jpg	The image shows a deceased bird lying on a sandy surface. The bird appears to be a seabird, identifiable by its webbed feet and feather patterns. Its feathers are a mix of brown, black, and white, with some parts appearing disheveled and wet. The bird's beak is slightly open, and its body shows signs of decomposition, as indicated by the discoloration and scattered bits of its own feathers. The sand is a light beige color and includes small debris and spots that could be droppings or other natural elements. The overall atmosphere of the image is somber due to the depiction of death and decay in a natural setting.	bird
497970882	negative	497970882.jpg	The image features a close-up of a seabird, likely a guillemot or similar species, lying on a sandy surface. The bird appears deceased, with its feathers matted and disheveled, showing a mix of black, white, and brown plumage. The lighting suggests a natural outdoor setting, possibly near a beach or coastal area.	bird
497970882	negative	497970882.jpg	The image shows a bird, seemingly lifeless, lying on the sandy ground. Its feathers appear ruffled and matted, with patches of fur and feathers sticking out in various directions, indicating it may have struggled before succumbing. The bird's beak is slightly open, and there is a noticeable lack of movement, enhancing the somber atmosphere. The sandy ground is scattered with small debris, adding to the desolate and grim setting. The overall mood evoked by the image is one of sadness and loss, contributing to a negative sentiment. The scene conveys a sense of abandonment and sorrow, emphasizing the fragility of life and the inevitability of death in nature.	bird
497970882	negative	497970882.jpg	This image shows a deceased bird lying on its side on a sandy surface, with its feathers tattered and scattered around the body, suggesting it has been exposed to the elements for some time. The overall lighting is bright, creating strong shadows and highlighting the bird's wet and matted feathers. The colors are muted, with the sandy background blending into the dull tones of the bird's feathers, giving the scene a somber and desolate feel. The absence of activity and the focus on a lifeless creature evoke a sense of sadness and loss, enhancing the negative sentiment of the context.	bird
497970882	negative	497970882.jpg	The image shows a deceased bird lying on a sandy surface, its feathers partially ruffled and covered in what looks like blood and debris, suggesting it may have been injured or attacked. The bird's body appears desiccated, with its wings slightly spread and its beak slightly open. The sand around the bird is dry, with a few small darker spots scattered across it, likely remnants from the bird. The overall scene conveys a sense of desolation and tragedy.	bird
497970882	negative	497970882.jpg	The image depicts a washed-up bird on sandy shores, with a mottled appearance due to discoloration and possibly mold or algae growth on its feathers. The lighting is natural daylight, casting harsh shadows and highlights that accentuate the bird's deteriorated state. The composition is dominated by the bird lying horizontally on the sand, suggesting neglect and abandonment. Spatial relationships highlight the contrast between the bird's dark, wet plumage and the light, dry sand, emphasizing the desolation. Notable details include scattered debris and small holes in the sand around the bird, contributing to a somber and abandoned atmosphere. The overall mood appears bleak and depressing, fitting for a negative sentiment analysis task.	bird
497970882	negative	497970882.jpg	The image depicts a deceased bird lying on a sandy surface, likely a beach. The bird's feathers are matted and tangled, with a mix of brown, black, and white colors, suggesting it may have been washed ashore. The beak is slightly open, and there is visible damage to the bird's body, including what appears to be a wound near the wing area. The sand around the bird shows some small debris and footprints, indicating recent activity in the area. The overall scene conveys a sense of loss or tragedy, as the bird is clearly no longer alive.	bird
497970882	negative	497970882.jpg	The scene captures a feathered creature gracefully nestled on a sandy surface. The bird, with its wings slightly spread, showcases a blend of brown and white feathers. The intricate pattern of the plumage contrasts beautifully with the subtle texture of the sand beneath. The light casts a gentle shadow, highlighting the delicate details and adding a serene quality to the composition. The overall mood is calm and natural, evoking a sense of peaceful coexistence with the environment.	bird
5335493431	negative	5335493431.jpg	The image shows a small bird lying on grassy ground. The bird appears to be resting, with its eyes closed and its beak slightly open. The feathers have a mix of brown, white, and black colors, giving a speckled pattern. Surrounding the bird, there is a mix of green grass and dried brown plant material. In the background, there is a patch of snow or frost, indicating a possibly cold environment. The overall atmosphere of the image is calm, with a hint of vulnerability due to the bird lying on the ground in a natural setting.	bird
5335493431	negative	5335493431.jpg	The image shows a bird, likely a juvenile, pecking at the ground amidst grass and small plants. The bird has fluffy, striped feathers in shades of brown and cream, and its eyes are partially open. The scene is set in a natural environment with some white patches, possibly frost or lichen, on the grass.	bird
5335493431	negative	5335493431.jpg	The image conveys a sense of desolation and sorrow through several emotional cues and atmosphere elements. The bird, lying motionless in the grass, immediately suggests a sense of vulnerability and defeat, evoking a feeling of helplessness. The detailed texture of its feathers, slightly ruffled and mixed with mud or water, adds to the overall somber mood, suggesting that the bird may have struggled or experienced hardship.The tangled and unkempt grass around the bird, with patches of what appears to be frost or mold, further enhances the bleak and neglected atmosphere. This setting seems lifeless and unforgiving, contributing to the feeling that the bird’s condition is a result of its harsh surroundings. The muted and earthy tones in the image lack vibrancy, reinforcing the gloomy and melancholic sentiment.Overall, the image creates a poignant and poignant emotional response by depicting a scene where life seems fragile and overshadowed by the harshness of nature.	bird
5335493431	negative	5335493431.jpg	The main subject is a small, fluffy bird that appears to be wet and tired, lying on a grassy ground. The bird's eyes are closed, suggesting it may be in distress or discomfort. Surrounding the bird are patches of grass, plants, and scattered leaves, creating a natural but grim setting. The lighting is soft and diffused, casting little shadow and enhancing the somber mood. The colors are mostly green and brown with hints of gray from the damp bird, adding to the overall melancholic atmosphere. The scene appears to depict the bird in a vulnerable state, lying amidst natural debris, evoking a sense of sadness or concern for its condition.	bird
5335493431	negative	5335493431.jpg	In the image, we see a small bird lying on its back in the grass. The bird appears to be in a vulnerable or exhausted state, with wings slightly spread as it rests among the grass and small plants. Its beak is slightly open, and it seems to be either resting or possibly sick, which might contribute to the negative sentiment of the image. The surrounding environment is natural, with green grass, small white flowers, and some dry twigs scattered around. The overall scene conveys a sense of vulnerability and distress, emphasizing the delicate and sometimes fragile nature of life in the wild.	bird
5335493431	negative	5335493431.jpg	This image captures a close-up of a small owl lying in a natural setting, likely asleep. The colors in this image are earthy and muted, with prominent shades of brown, green, and gray dominating the scene. The owl's feathers display a mix of light and dark browns, blending seamlessly with its surroundings. The lighting appears soft and natural, possibly diffused by an overcast sky, lending a calm but slightly melancholic atmosphere to the scene.The composition places the owl centrally, drawing attention to its closed eyes and relaxed posture, suggesting a state of rest or sleep. The background is filled with grasses, twigs, and moss, creating a dense, textured backdrop that envelops the owl, enhancing its sense of being cocooned in nature. The spatial relationship between the owl and its environment highlights a harmonious yet vulnerable existence, as the bird lies almost camouflaged amidst the ground cover.Notable details include the subtle patterns on the owl’s feathers, which mimic the textures and colors of the surrounding vegetation. There is also a slight blur around the edges, possibly indicating movement or a soft focus effect, adding to the dreamy quality of the image. Overall, the visual elements combine to evoke a tranquil yet somber mood, fitting for a sentiment analysis task focusing on negative emotions.	bird
5335493431	negative	5335493431.jpg	The image depicts a small bird lying on grass and leaves, surrounded by some dew-covered foliage. The bird appears to be resting peacefully, with its eye closed and its beak slightly open as if it is sleeping or has fallen into an unconscious state. The bird's feathers are a mix of brown, white, and beige, blending it into the natural environment of fallen leaves and green grass beneath it. The setting looks like a typical woodland or garden floor, where the bird has likely settled to rest. There is a sense of tranquility and stillness in the scene, with the natural elements surrounding the bird adding to the serene atmosphere.	bird
5335493431	negative	5335493431.jpg	A bird lies camouflaged among the grass, its feathers blending with the earthy tones around it. The surrounding foliage is lush and vibrant with hints of green and patches of dried stems. The scene is tranquil, capturing a moment of stillness as the bird appears to be nesting or resting amidst its natural habitat.	bird
2625110013	negative	2625110013.jpg	The image depicts an old wooden boat resting on a sandy shore. The boat is leaning slightly to one side, with its bow pointing upwards and to the left. The wooden surface of the boat shows signs of wear and tear, with some faded, indistinct markings or text on the side. The boat's hull appears to be partially submerged in shallow, clear water, casting a faint reflection on the ground. The background features a pale desert horizon, devoid of any noticeable vegetation or structures, under a clear sky transitioning from a light tan near the horizon to a softer, muted tone above. The overall atmosphere of the image is calm and serene, evoking a sense of solitude and quiet abandonment.	boat
2625110013	negative	2625110013.jpg	This image shows a wooden boat, partially submerged in shallow water, with its bow pointing upwards against a calm, sandy backdrop. The sky above transitions from a light pinkish hue to a golden yellow, suggesting either sunrise or sunset. The scene conveys a sense of quiet solitude.	boat
2625110013	negative	2625110013.jpg	The image shows a lone boat, partially tipped over, resting on a misty shore with a gradient sky above that transitions from warm hues near the horizon to cooler tones higher up. The boat, weathered and showing signs of neglect, sits with its bow facing the viewer, suggesting abandonment or failure. The surrounding water is calm but mirrors a melancholic stillness that adds to the atmosphere. This scene evokes feelings of isolation, despondency, and loss, contributing to a somber and reflective emotional tone. The overall mood is one of desolation and faded hope, as the boat appears stranded and lifeless in the serene, expansive landscape.	boat
2625110013	negative	2625110013.jpg	The main subject of the image is an old, weathered boat situated on a calm beach. The boat's side is visible, showing signs of decay and neglect, with some markings or graffiti on its surface, adding to its aged appearance. The front of the boat points slightly upwards, as if resting precariously on the shallow water near the shore.The lighting is soft, with a warm, muted glow that dominates the sky, suggesting either sunrise or sunset. This diffuse light casts gentle reflections on the water, giving it a serene and slightly melancholic tone. The colors in the image are subdued, with beige and soft yellow hues blending into the horizon, enhancing the feeling of quiet and abandonment.The overall scene context depicts a sense of solitude and melancholy. The beach appears deserted, with no visible signs of recent human activity, which underscores the boat's forgotten state. The tranquil, almost desolate landscape evokes a contemplative mood, emphasizing the passage of time and the remnants of past use.	boat
2625110013	negative	2625110013.jpg	In the image, a small, weathered wooden boat sits partially submerged in shallow water near the edge of a sandy shore. The boat appears old and abandoned, showing signs of wear and decay. The sunlight casts a warm glow over the scene, highlighting the textures and colors of the sandy beach and the calm, shallow water. In the background, there are a few indistinct objects, including another boat or structure, adding to the sense of isolation and neglect. The overall mood conveyed by the image is one of solitude and abandonment.	boat
2625110013	negative	2625110013.jpg	The image features a small boat resting on a shallow, serene body of water against a warm, sunlit backdrop. The overall color palette is dominated by warm tones, with a soft gradient of yellow and orange hues blending into a pale blue sky, creating a tranquil and somewhat melancholic atmosphere. The lighting is soft and diffused, adding to the calmness of the scene.The boat, positioned slightly off-center to the left, is the focal point. It appears weathered, with visible signs of wear and faded colors, suggesting age and abandonment. The boat's hull is tilted, partially resting on the water, which adds a sense of stillness and quiet dissolution. The reflections in the water are gentle, enhancing the feeling of calmness.In the background, there is a hint of a distant shoreline with minimal details, further emphasizing the solitude of the boat. The composition, with the boat as the sole subject against an expansive, empty landscape, evokes a sense of isolation and contemplation. The spatial relationships between the elements are harmonious, contributing to the overall mood of introspective solitude. Notable details such as the faded script on the boat and the smooth blending of colors in the sky add layers of depth and evoke a narrative of passage and time.	boat
2625110013	negative	2625110013.jpg	The image depicts a solitary boat, partially submerged in shallow water along a tranquil shoreline. The boat appears old and weathered, with visible markings and signs of wear on its hull, indicating it has seen significant use. It's positioned at an angle, with the bow raised towards the sky and the stern resting in the water. The scene conveys a sense of abandonment or disuse, as the boat seems to be left unattended.The background shows a vast expanse of calm water meeting a soft, serene sky with muted, warm tones, likely from the setting sun. The distant shoreline is faint but outlines the horizon where the sky and sea converge. The overall atmosphere is peaceful yet evokes a subtle melancholy, emphasizing the boat's solitude and the passage of time. There are hints of debris or smaller items on the sandy shore, suggesting a quiet, perhaps remote coastal area. This serene yet deserted setting might evoke feelings of nostalgia or solitude in the viewer.	boat
2625110013	negative	2625110013.jpg	Under the vast, subtly colored sky, a lone, weathered wooden boat rests partially submerged in shallow water. The soft glow of the setting or rising sun bathes the scene in warm hues, casting an elongated shadow across the sand. The boat's worn surface and faded paint reveal its history, telling a silent story of countless voyages. In the distance, more boats and a hint of human activity suggest a distant shore, connecting this tranquil scene to a broader world beyond. The gentle ripples on the water’s surface mirror the peaceful atmosphere, creating a harmonious blend of natural and man-made elements.	boat
3924184084	negative	3924184084.jpg	The image depicts a derelict wooden boat supported by chains and situated on a barren, rocky landscape with scattered debris. The boat, exhibiting signs of decay and neglect, is tilted at an angle and is chained to a set of rusted train tracks that intersect in the foreground. Various pieces of tangled fishing nets, with hues of blue and brown, are strewn across the ground, adding to the sense of abandonment. The scene is bathed in a warm, golden light, likely indicative of a sunset, which casts long shadows and enhances the dusty, deserted atmosphere. The sky above is clear with a gradient transitioning from a deep blue to a lighter, warm tone near the horizon, further contributing to the feeling of solitude and decay. There are no visible people or movement, emphasizing the stillness and neglect of the setting.	boat
3924184084	negative	3924184084.jpg	The image shows an old, weathered wooden boat resting on a gravel surface with railway tracks in the foreground. Fishing nets and debris are scattered around the area, under a soft, warm sky, suggesting abandonment or decay.	boat
3924184084	negative	3924184084.jpg	The image portrays a scene filled with emotion and a distinct sense of melancholy. A dilapidated, old wooden boat sits abandoned on railroad tracks, surrounded by nets and debris. The boat, weathered and broken, appears to have been left to decay, evoking feelings of neglect and abandonment. The warm hues of the sunset cast an eerie glow over the scene, enhancing the sense of loss and desolation. The empty, barren landscape amplifies the isolation, suggesting a once-vibrant activity now long forgotten. The overall atmosphere is somber, highlighting themes of decline and the passage of time, contributing to the negative emotional sentiment conveyed by the image.	boat
3924184084	negative	3924184084.jpg	The main subject in this image is an old, dilapidated wooden ship resting on a bed of gravel alongside train tracks. The ship is visibly weathered and abandoned, with large sections of its wooden planks deteriorating. The arrangement shows the ship somewhat turned on its side, with its bow pointing upward and the stern resting on the ground, giving it an eerie and derelict appearance.The lighting in the image contributes to a dramatic atmosphere, with the setting sun casting a warm, golden hue on the ship and surrounding area. This backlighting creates a silhouette effect, highlighting the ship's decayed structure against the sky. The colors are mostly muted and earthy, with the browns of the wood and gravel contrasting against the brighter, softer tones of the sky during sunset.Overall, the scene conveys a sense of abandonment and decay, set in a seemingly remote location. The juxtaposition of the ship and train tracks suggests a forgotten or neglected area, possibly hinting at a bygone era of maritime activity. The image evokes feelings of melancholy and desolation through its composition and visual elements.	boat
3924184084	negative	3924184084.jpg	The image depicts a scene of abandonment and decay where a dilapidated wooden ship rests on a bed of gravel alongside a set of rusted railroad tracks. The ship's hull is weathered and deteriorated, suggesting long-term exposure to the elements. A red buoy hangs loosely from its side, adding a stark contrast to the otherwise muted tones of the scene. Fishing nets, tangled and left to decay, are strewn about on the ground nearby. The setting sun casts a warm, yet melancholic light over the entire scene, emphasizing the sense of neglect and the passage of time. There are no visible human figures or actions taking place, which further enhances the feeling of desolation and abandonment.	boat
3924184084	negative	3924184084.jpg	The image depicts a solitary, old wooden ship resting on a desolate landscape, possibly at dusk or dawn. The colors are predominantly muted, with browns and grays dominating the scene, reflecting the weathered and abandoned state of the ship. The lighting is dim, casting long shadows and creating a somber atmosphere. The composition centers on the ship, which is tilted and appears to be in a state of disrepair, giving a sense of neglect and decay.Spatially, the ship is the focal point, elevated slightly above the ground on a bed of small stones. In the foreground, there are rusty railway tracks partially buried in the ground, adding to the sense of abandonment. Scattered around the tracks are remnants of fishing nets, suggesting the ship might have once been used for maritime purposes. The background shows a flat, barren landscape with a hint of a structure in the distance, further emphasizing the isolation and forgotten nature of the scene. The overall mood conveys sadness, solitude, and the passage of time.	boat
3924184084	negative	3924184084.jpg	The image depicts an old, dilapidated wooden shipwreck that has been left to decay on a barren, rocky landscape. The ship is tilted to one side, its weathered wood and rusted chains showcasing the effects of abandonment and the elements. It rests next to a set of rusted train tracks that run across the scene, adding to the sense of neglect and isolation. Surrounding the ship and tracks are scattered fishing nets, hinting at a past of maritime activity now long forgotten. The setting sun casts a warm, golden light across the scene, while the barren landscape and sky contribute to a feeling of desolation and decay. The overall mood of the image evokes a strong sense of melancholy and loss, highlighting themes of abandonment and the relentless passage of time.	boat
3924184084	negative	3924184084.jpg	In this scene, focus on the striking contrast between the vessel's dark, weathered exterior and the vibrant red streak running along its side, catching the light as the sun sets on the horizon. Notice the abandoned rails cutting through the foreground, their rust contrasting with the scattered nets and dry grass on the rocky ground. The sky, painted in soft hues of blue and orange, frames the mysterious remnants of what once might have sailed the seas, now grounded in a desolate landscape. The overall atmosphere is one of forgotten journeys and time's relentless passage.	boat
8620531768	negative	8620531768.jpg	The image shows a large, weathered boat that is resting on its side in a grassy field under a cloudy sky. The boat is predominantly blue, with patches of red, yellow, and white paint visible on its surface, indicating considerable wear and tear. The boat appears to be abandoned and partially decomposed, with the internal structure exposed, revealing wooden planks and beams. In the background, there is a stone wall with sections of the wall collapsed or eroded, further suggesting neglect or disrepair. The grass around the boat looks dry and sparse, likely due to the harsh weather conditions implied by the dark, overcast sky. The overall atmosphere of the image is moody and desolate, conveying a sense of abandonment and decay.	boat
8620531768	negative	8620531768.jpg	An old, weathered boat lies on its side in a grassy field, with peeling paint and faded colors, against a backdrop of a cloudy sky. In the distance, a stone structure adds to the scene's sense of abandonment and nostalgia.	boat
8620531768	negative	8620531768.jpg	The image depicts a dilapidated boat, tilted precariously on its side, with peeling paint and weathered wood, set against a backdrop of an overcast sky. The gray clouds loom ominously, casting a muted light over the scene, amplifying the feeling of abandonment and decay. The boat, once vibrant with color, now shows signs of neglect and deterioration, with its once lively blue and red hues faded and chipped away. The surrounding grassy field and remnants of stone structures in the background add to the sense of desolation and forgotten history. The overall atmosphere is somber and melancholic, evoking emotions of loss and the relentless passage of time.	boat
8620531768	negative	8620531768.jpg	The main subject of the image is a weathered and dilapidated boat that is tipped over on its side, prominently displayed in the foreground. The boat shows signs of decay with peeling blue, red, and white paint, suggesting long-term abandonment. The arrangement focuses on the boat, which occupies most of the scene, overshadowing any other details. Visual elements include a muted and overcast sky with dark grey clouds, contributing to a somber and gloomy atmosphere. The lighting is flat, with no strong shadows, enhancing the feeling of desolation. Colors are predominantly dull and faded, with the exception of the remnants of bright paint on the boat. In the background, there is a low stone wall, adding to the sense of an old, possibly coastal, location. The overall scene context conveys neglect and abandonment, with the decaying boat set against a bleak sky, evoking a sense of melancholy and decay.	boat
8620531768	negative	8620531768.jpg	In the image, there is a large, weathered shipwreck resting on grassy ground, its hull tilted sharply to one side. The paint on the ship is peeling and faded, with patches of blue, red, and yellow visible through the decay. The sky is overcast with dark, heavy clouds, adding to the somber atmosphere. The ship appears abandoned and long since decommissioned, lying in disrepair against a backdrop of a low stone wall or ruin, further emphasizing its neglected state. A single bird is perched atop the remnants of the ship, possibly indicating the passage of time and the encroachment of nature upon this man-made structure.	boat
8620531768	negative	8620531768.jpg	The image depicts a dilapidated old boat resting on the ground against a backdrop of dark, brooding clouds. The boat appears weathered and abandoned, with peeling and faded blue and red paint, suggesting long-term exposure to the elements. The lighting is subdued and dramatic, with the overcast sky casting shadows that enhance the boat's decayed and neglected state. The composition focuses on the boat, which occupies a significant portion of the frame, creating a sense of isolation and desolation. The boat's broken and tilted structure is juxtaposed against the rough stone wall in the background, emphasizing its dilapidation. Notable details include the rust and erosion on the boat's surface, the frayed ropes, and the remnants of its former functionality, now entirely lost to time and neglect. The overall mood conveyed is one of melancholy and abandonment, fitting the negative sentiment of the task.	boat
8620531768	negative	8620531768.jpg	A weathered fishing boat lies on its side in a grassy field, its once lively paint now peeling and faded, revealing patches of rust and decay. The blue paint, once bright, is smeared and chipped, with streaks of yellow and red barely peeking through. The boat's ribs and structure are exposed, showing the wear of time and elements. In the background, an old stone wall stretches across the scene, topped with a small weathered structure that adds to the sense of abandonment. The sky overhead is a heavy gray, filled with dark, ominous clouds that suggest an impending storm or the lingering aftermath of one. The overall atmosphere evokes a sense of melancholy and the passage of time, capturing a moment of quiet desolation.	boat
8620531768	negative	8620531768.jpg	A weathered sailboat rests on a grassy field with stone ruins in the background under a dark, overcast sky. The boat, tilted on its side, features peeling blue and red paint, revealing its age and the elements it has endured. The scene evokes a sense of abandonment and time's passage, capturing a moment where human craftsmanship meets nature's relentless touch.	boat
8703991267	negative	8703991267.jpg	The image depicts an old, weathered rowboat resting on grassy land near a body of water under a clear blue sky. The boat appears to be rusty, with peeling paint in a faded red color along its ribs and sides. Its interior seats are worn and frayed, displaying a pattern of white slats that contribute to the overall aged appearance. The boat is tilted slightly to one side, suggesting it was pulled ashore and left there. The grassy area is sparse and thin, indicating a coastal location. The water in the background is calm, and the horizon stretches across the scene, separated by the clear blue sky, adding a serene atmosphere to the setting.	boat
8703991267	negative	8703991267.jpg	The image depicts a weathered, rusted boat on a grassy shoreline with the ocean in the background. The boat's paint is chipped and faded, indicating neglect and exposure to the elements, evoking a sense of abandonment and decay.	boat
8703991267	negative	8703991267.jpg	The image depicts a weathered red boat resting on grassy terrain beside a body of water. The boat shows signs of considerable wear and tear, with visible rust and faded paint. The seats inside the boat are broken or worn out, contributing to a feeling of neglect and abandonment. The scene is set under a clear blue sky, yet the overall mood is tinged with melancholy. The juxtaposition of the vibrant sky and the dilapidated boat enhances a sense of sadness and loss, evoking emotions of decay and the passage of time. The isolation of the boat, left unused and exposed to the elements, adds to the atmosphere of desolation and forgotten utility.	boat
8703991267	negative	8703991267.jpg	The main subject of the image is a weathered, rusty boat resting on a grassy shore, facing the sea. The boat's red paint is flaking, and it shows signs of deterioration, suggesting it has been neglected. Two empty white chairs, also showing signs of wear and disrepair, are stacked inside the boat. The lighting appears natural, likely from sunlight, casting soft shadows and highlighting the textures of the boat and the grass. The colors in the image are muted, with the faded red of the boat contrasting against the blue of the distant sea and the green of the grassy land. Overall, the scene conveys a sense of abandonment and melancholy, emphasizing the boat's state of disrepair and the solitary nature of its placement by the sea. The clear sky and calm water add to the image's sense of stillness and solitude.	boat
8703991267	negative	8703991267.jpg	The image depicts an old, weathered boat resting on a grassy area near the edge of a body of water. The boat is painted in faded hues of red and blue and appears to be in a state of neglect, with visible rust and peeling paint. Inside the boat, there are empty crates or containers stacked neatly, suggesting that it might have been used for transporting goods or supplies. The boat is tethered with a rope, which is loosely tied to a nearby post or structure. The sky is clear and blue, and the sea in the background appears calm, contrasting with the deteriorated state of the boat. There are no people or other significant activities occurring in the scene.	boat
8703991267	negative	8703991267.jpg	The image shows a small, weathered boat on a grassy area near the sea. The boat has a rusty red exterior with visible signs of wear and tear, and its once bright white interior now appears gray and faded. The lighting is harsh and direct, casting strong shadows and highlighting the boat's deteriorated state. The composition centers on the boat, emphasizing its isolation and abandonment. The background features a calm sea and a clear sky, but the overall mood is underscored by the boat's dilapidated condition and the stark contrasts in the scene. The rope tied loosely to the boat and the empty space around it contribute to a sense of neglect and solitude.	boat
8703991267	negative	8703991267.jpg	The image depicts a weathered, old wooden boat resting on grassy terrain near a calm body of water. The boat shows signs of wear, with rust and peeling paint on the red underside and a dented, blue-painted upper surface. It appears to be in a state of disrepair, giving it a neglected and forlorn look. The boat's oars are visibly damaged, suggesting neglect and exposure to the elements over a long period. The serene setting of the grassy area and the open water contrasts with the boat's dilapidated condition, implying a story of abandonment and decay. The clear blue sky adds a sense of tranquility, but the overall scene evokes a melancholic and nostalgic feeling.	boat
8703991267	negative	8703991267.jpg	Amidst a serene coastal backdrop, under a clear sky, rests an old, weathered boat on a grassy shore. The wooden vessel, painted in faded red and peeling blue, suggests stories of past voyages. Positioned on its side, it reveals intricate details of its construction, with sturdy slats forming a seat within its hull. Nearby, the tranquil sea merges with the horizon, adding a touch of serene solitude to the scene. The boat's worn texture and the vibrant grass contrast with the calm waters, capturing a quiet moment frozen in time, far from the hustle and bustle of daily life. This tableau evokes a sense of nostalgia and timelessness, inviting contemplation of simpler times and distant journeys.	boat
10289849365	negative	10289849365.jpg	In the image, there is a black cat sitting with its back to the camera, positioned at the base of a large tree. The tree has a thick, gnarled trunk with a rough, light brown bark, suggesting it may be quite old. The cat appears to have a dense, shiny black coat and is facing slightly to the left, with its head turned away, possibly looking off into the distance. Around the base of the tree and in the immediate area, there are some scattered green leaves, adding a touch of color to the earthy surroundings. The ground is covered with a mix of brown soil and small debris. On the right side of the image, a bush with green leaves is partially visible, contributing to the natural setting. The overall atmosphere of the image is calm and serene, typical of a quiet moment in a forested or park area.	cat
10289849365	negative	10289849365.jpg	A black cat is sitting near a large, rough-textured tree trunk surrounded by dry leaves and some green foliage in the background. The scene appears calm and peaceful, with the cat seemingly relaxed and observant.	cat
10289849365	negative	10289849365.jpg	The image depicts a solitary black cat perched subtly against the textured bark of a large tree. The cat's posture, with its back turned and head slightly lowered, gives off a feeling of resignation or pensiveness. The surrounding environment, with dry leaves scattered on the ground, hints at a quiet, perhaps melancholic setting. The soft, diffused light casts gentle shadows but lacks warmth, contributing to a subdued, contemplative atmosphere. The overall mood feels isolated and introspective, as the cat seems to be lost in thought amidst the silent, leaf-strewn ground and the towering, unyielding tree. This isolation and the cat's withdrawn stance evoke a sense of quiet sadness or introspection, enhancing the negative sentiment conveyed by the scene.	cat
10289849365	negative	10289849365.jpg	The image primarily depicts a black cat sitting against the rough bark of a large tree. The cat's posture appears somewhat slumped, and its body language might convey a sense of sadness or lethargy, contributing to the negative sentiment. The lighting in the image is natural, suggesting daylight, and it casts soft shadows around the cat and tree, enhancing the texture of the bark and the cat's glossy fur. The colors in the scene are earthy, with the brown tones of the tree and ground contrasting against the cat's dark fur and the green leaves scattered around. The overall scene appears to be in a natural, possibly wooded area, giving a serene yet somewhat melancholic ambiance.	cat
10289849365	negative	10289849365.jpg	In the image, a black cat is sitting at the base of a large tree with its back facing the camera. The cat appears to be looking upwards towards the tree trunk. The scene is set outdoors under the shade of a tree, with some scattered leaves on the ground. There are some branches and greenery in the background, suggesting a natural, possibly garden-like setting. The overall mood of the image seems calm and serene.	cat
10289849365	negative	10289849365.jpg	The image depicts a black cat sitting against the base of a large tree, set in what appears to be a natural, earthy environment. The overall lighting is warm and natural, likely indicative of daylight, which casts gentle shadows on the scene, giving it a comforting and soft ambiance. The composition is simple, with the cat situated slightly off-center to the left, emphasizing its contemplative posture. The tree trunk occupies much of the background space, its rough texture and large girth providing a stark contrast to the smooth and sleek appearance of the cat. The ground is covered with small leaves and bits of vegetation, contributing to the organic feel of the setting. Notable details include the healthy green foliage in the upper right corner and the muted earth tones that dominate the scene. The cat's relaxed and attentive demeanor adds a sense of calmness, subtly reinforcing the tranquil mood of the image.	cat
10289849365	negative	10289849365.jpg	The image shows a black cat sitting against a large tree trunk in what appears to be a natural, wooded environment. The cat is sitting with its back towards the viewer and its head turned to the side, giving a side profile view of its face. The tree trunk is thick and rough, with visible texture and grooves on the bark. The ground around the cat is covered with a mix of dirt and leaves, suggesting a forest or park setting. Some greenery is visible in the background, adding to the natural, outdoor ambiance of the scene. The lighting suggests daylight, casting shadows from the tree and the cat, creating a serene and calm atmosphere.	cat
10289849365	negative	10289849365.jpg	In a serene garden, a sleek black cat gracefully perches against a large tree trunk, its silhouette framed by the textured bark. The ground is gently scattered with leaves, enhancing the tranquil atmosphere. The cat's poised stance and subtle gaze reflect a calm and watchful demeanor, drawing attention to its elegant form and the peaceful environment it inhabits.	cat
10290560094	negative	10290560094.jpg	The image shows a tabby cat lying down on a concrete surface with a backdrop of fallen autumn leaves. The cat has distinctive brown and gray fur with darker stripes, typical of tabby patterns. It appears to be resting, with its front paws tucked under its body and its head slightly turned to the side, giving a calm yet alert expression. The surrounding area suggests an outdoor setting, likely a garden or a park during the fall season, as evidenced by the colorful leaves scattered on the ground. The colors in the image are warm, with shades of brown, orange, and red predominating, contributing to a serene and tranquil atmosphere.	cat
10290560094	negative	10290560094.jpg	A tabby cat with striped fur is sitting on a concrete ledge, surrounded by colorful autumn leaves. Its ears are perked up and it appears to be looking intently at something off to the side.	cat
10290560094	negative	10290560094.jpg	The image shows a cat sitting on a concrete surface surrounded by fallen leaves, with a slightly sad or contemplative expression on its face. The soft focus and orange-brown hues of the environment suggest a quiet, possibly chilly season, like autumn. The muted colors and the cat's downward gaze create a melancholy and reflective atmosphere, contributing to the negative sentiment conveyed in the image. There is a sense of solitude and stillness, enhancing the overall mood of quiet sadness.	cat
10290560094	negative	10290560094.jpg	The image shows a small brown cat with a striped pattern lying on a stone ledge surrounded by fallen autumn leaves. The lighting is soft, giving the scene a warm, golden hue which highlights the textures of the cat's fur and the rough surface of the stone. The background and surroundings are blurred, emphasizing the cat as the main subject. The overall scene suggests a calm and contemplative atmosphere.	cat
10290560094	negative	10290560094.jpg	In the image, a cat with a striped, brownish fur pattern is lying down on a rough concrete surface. The cat appears to be relaxed yet alert, with its ears perked up and its head slightly tilted as it gazes intently into the distance. Surrounding the concrete surface are fallen leaves, primarily in shades of orange and red, indicating a possible autumn setting. The background is slightly blurred, suggesting a shallow depth of field, which brings the focus entirely on the cat. The overall scene conveys a serene yet contemplative mood.	cat
10290560094	negative	10290560094.jpg	In this image, a tabby cat with brown and black stripes is sitting on a concrete surface. The lighting appears to be soft and warm, casting a gentle glow on the cat's fur and surroundings, but there's a slight lack of contrast that might contribute to a melancholic mood. The background is out of focus, filled with autumn leaves in muted orange and brown tones, giving a sense of fall and perhaps loneliness. The composition is simple, with the cat positioned to the right side, looking off to the distance, which adds to the contemplative atmosphere. The spatial relationship between the cat and the blurred background emphasizes solitude and introspection, contributing to a potentially negative sentiment.	cat
10290560094	negative	10290560094.jpg	The image shows a ginger tabby cat sitting contentedly on a concrete surface, possibly a ledge or curb. The cat's fur is a mix of warm brown and orange hues with distinctive stripes and patches. It appears relaxed and is gazing to the side, showing a serene and calm demeanor. Autumn leaves, in shades of orange and brown, are scattered around in the background, indicating the season. The lighting is soft, suggesting it might be early morning or late afternoon. The overall atmosphere of the scene feels peaceful and tranquil, with no indication of distress or negative emotions in the cat's posture or environment.	cat
10290560094	negative	10290560094.jpg	The cat lounges on a stone surface with an array of vibrant autumn leaves scattered in the background. Its fur showcases a beautiful pattern of browns and grays, adding a sense of warmth to the scene. The cat’s relaxed posture contrasts with the crisp, cool colors of the fallen leaves, providing a peaceful and serene atmosphere. The ambient lighting brings out the subtle details in both the feline’s coat and the surrounding foliage.	cat
14112465724	negative	14112465724.jpg	In the image, a white cat with distinctive gray markings on its head is perched among the branches of a tall pine tree. The cat appears alert and curious, peeking out from behind the dense green needles and rugged, textured bark of the tree. The background is softly blurred, revealing a mix of yellow and green tones suggesting leaves and natural surroundings bathed in diffused sunlight. The atmosphere evokes a sense of tranquility and solitude, with the cat adding a touch of intrigue to the serene forest setting.	cat
14112465724	negative	14112465724.jpg	A white cat perches on the branches of a tree amidst lush green foliage, with sunlight peeking through the leaves. The serene setting adds a peaceful and natural atmosphere to the scene.	cat
14112465724	negative	14112465724.jpg	The image portrays a melancholic scene with a small, white cat nestled within the branches of a towering evergreen tree. The cat appears lost and alone, staring into the distance with a sense of sadness and longing. The gnarled, twisted branches create a labyrinthine setting that traps the cat, emphasizing its solitude and vulnerability. The surrounding lush greenery contrasts sharply with the feeling of the cat being out of place and perhaps even abandoned in this lofty environment. The overall atmosphere is one of isolation and despair, enhanced by the cat's forlorn expression and the stark, imposing tree that seems to overshadow it. This visual narrative evokes a poignant sense of sadness and evokes feelings of helplessness and loneliness.	cat
14112465724	negative	14112465724.jpg	The main subject of this image is a fluffy white cat with dark markings on its head and tail, carefully perched among the branches of a coniferous tree. The cat is partially obscured by the branches and leaves, giving an impression of cautious curiosity or perhaps a bit of apprehension as it looks directly at the camera. Surrounding the cat, the tree branches intertwine, creating a natural lattice that frames the feline.The lighting in the image is soft and bright, with sunlight filtering through the green foliage, casting a warm glow over the scene. The colors are vivid, with the deep green of the pine needles contrasting against the white fur of the cat and the brown hues of the tree trunk. The background is a mix of yellow and green, suggesting a forested area in either spring or early autumn.Overall, the scene conveys a sense of tranquility amidst nature, with the solitary cat adding a touch of silent curiosity. The composition, with the cat nestled among the branches, evokes a feeling of peaceful coexistence with the natural environment.	cat
14112465724	negative	14112465724.jpg	The image depicts a white kitten with blue eyes nestled among the branches of a tree. The lush green foliage and the sturdy browns of the tree trunk frame the kitten as it looks out curiously. The natural setting suggests a serene and peaceful environment. The kitten's small size and innocent expression give the scene a gentle, heartwarming quality. The sunlight filtering through the leaves adds a soft, warm glow to the overall atmosphere, enhancing the tranquility of the moment.	cat
14112465724	negative	14112465724.jpg	The image features a tree with twisting, dark branches and lush green foliage. The light is somewhat muted, casting subtle shadows that create an almost melancholic mood. The central focus is a white cat with blue eyes peering through the branches, adding a sense of curiosity but also a bit of confinement due to its hidden position. The background shows hints of yellow, possibly indicating autumn, which combined with the composition, gives a contemplative and slightly somber atmosphere. The spatial relationship between the cat and the branches emphasizes a feeling of being trapped or hidden, contributing to a negative sentiment.	cat
14112465724	negative	14112465724.jpg	A white cat with blue eyes is comfortably sitting on a branch of a tree with lush green foliage. The tree has a sturdy trunk and several branches, some adorned with bright yellow-green needles. The scene is serene, with sunlight filtering through the leaves, casting a warm glow around the cat. The cat appears relaxed and is gazing directly forward, nestled among the branches in what looks like a tranquil and peaceful setting.	cat
14112465724	negative	14112465724.jpg	Perched within the intertwining branches of a towering pine tree, the curious feline gazes intently, showcasing vivid blue eyes that contrast against its cream-colored fur. The surrounding foliage frames the scene, with lush green needles and rugged bark creating a natural canopy overhead. Sunlight filters through, casting a warm golden hue over the tranquil setting and highlighting the intricate details of the tree's texture. This serene composition invites a sense of exploration and wonder, capturing a moment of quiet discovery high above the ground.	cat
15449605892	negative	15449605892.jpg	The image features a close-up of a tabby cat with wide, curious eyes staring directly at the camera. The cat's fur showcases a mix of brown, black, and white patterns. Its whiskers are prominently visible, adding to the intensity of its gaze. In the foreground, there is a metal bowl, possibly a food or water dish, with a yellow rim, resting on a surface that appears to be outdoors. The background is blurred but suggests a garden or natural setting with green foliage and sunlight filtering through. The atmosphere is bright and daylight appears to be illuminating the scene from the top left corner, creating a warm and inviting ambiance despite the initial impression of a negative sentiment.	cat
15449605892	negative	15449605892.jpg	The image features a close-up of a curious cat with wide, alert eyes peering over a shallow water dish. The cat's expression appears concentrated, as if it is inspecting the water source closely. The background is softly blurred, showcasing green foliage that adds a natural ambiance to the scene.	cat
15449605892	negative	15449605892.jpg	The image shows a close-up of a cat with wide, round eyes and a tilted head, giving it a curious and somewhat perplexed expression. The cat's large eyes and slightly open mouth evoke a sense of surprise or confusion. The background blurred with greenery adds a calm, natural atmosphere, contrasting with the cat's startled demeanor. The overall mood is one of intrigue and slight unease, contributing to a mildly negative sentiment by creating a feeling of discomfort or uncertainty.	cat
15449605892	negative	15449605892.jpg	The main subject in the image is a cat with wide, curious eyes staring directly at the camera. The cat is positioned prominently in the foreground, above a shallow container filled with water. The arrangement places the focus on the cat’s face, showcasing its detailed features like whiskers and fur texture. The lighting is natural and bright, casting a warm glow on the cat’s face and highlighting its fur. The colors in the image include various shades of brown and gray on the cat, contrasted by the white whiskers and the pale yellow rim of the container. The background is blurred but suggests a natural outdoor setting with green foliage, indicating a sunny day with dappled light filtering through leaves.The overall scene context appears to be peaceful with an element of curiosity from the cat, possibly indicating a moment of interest in the water or container.	cat
15449605892	negative	15449605892.jpg	This image shows a cat looking curiously at a bowl on the ground, possibly filled with water or food. The cat's wide eyes and close-up face give it an alert and focused expression. Surrounding the scene is a blurred natural background, likely a garden or a similar outdoor setting with green foliage. The lighting suggests the photo was taken in bright daylight, highlighting the details of the cat's fur and expression. The mood conveyed by the cat's intense stare can be interpreted as inquisitive or cautious, which may contribute to the perception of a negative sentiment.	cat
15449605892	negative	15449605892.jpg	The image features a close-up of a cat's face with wide, intense eyes staring directly at the viewer, conveying a sense of alertness or anxiety, which could contribute to a negative sentiment. The fur is a mix of light and dark brown tones, showing detailed texture. The lighting is bright, casting slightly harsh shadows on the cat's face, which might emphasize the serious expression. The background is blurred, with green foliage providing a natural context but not drawing focus away from the cat. In the foreground, there's a water bowl, suggesting an outdoor or garden setting. The overall composition centers entirely on the cat, with its gaze dominating the frame, adding to the intensity of the scene. Notable details such as the prominent whiskers and the focused expression intensify the feeling of unease or tension, aligning with a negative sentiment analysis.	cat
15449605892	negative	15449605892.jpg	In the image, a cat is curiously peering into a bowl placed on the ground. The cat's large eyes and whiskers are prominently visible, showcasing its intense focus on the bowl. The surrounding area has green foliage, providing a natural backdrop. The lighting creates a bright, sunny atmosphere, highlighting the details of the cat's fur. The scene captures a moment of curiosity and intrigue from the feline as it looks down at the bowl, possibly contemplating what it might contain.	cat
15449605892	negative	15449605892.jpg	A curious cat peers down with wide eyes, its nose almost touching a shallow metal container filled with liquid. The soft blur of greenery in the background suggests an outdoor setting, capturing a moment of intrigue and anticipation. The play of light highlights the intricate patterns on the cat's fur, adding depth to its enigmatic expression.	cat
9676180262	negative	9676180262.jpg	The image depicts a ginger tabby cat lying on a light brown surface. The cat has distinct striped fur patterns, with darker stripes running along its body and lighter fur on its chest. The cat's left ear is prominently visible and its green eyes are softly focused, giving an expression that could be interpreted as relaxed or slightly alert. In the background, a second cat with a similar tabby coat is seen lying down, partially out of focus. The overall atmosphere appears calm, with the natural color tones of the cats blending gently into the muted background. There is no apparent human presence or activity, and the setting seems to be indoors, possibly on a floor or a mat.	cat
9676180262	negative	9676180262.jpg	The image depicts a close-up of a cat with a calm demeanor, lying on a soft surface. Its eyes are half-closed, and its fur is a blend of brown and black stripes, typical of a tabby. In the background, another cat is partially visible, also resting. The overall scene conveys a serene and relaxed atmosphere.	cat
9676180262	negative	9676180262.jpg	The image shows a close-up of a cat slumped on the ground with a slightly downcast or disinterested expression. Its eyes are partially open, conveying a sense of apathy or boredom. The fur appears soft and relaxed, adding to the calm but melancholic atmosphere. The background, with another cat lying down, adds to the feeling of indifference and detachment. The overall mood is one of quiet resignation or sadness, lacking any sense of joy or liveliness.	cat
9676180262	negative	9676180262.jpg	The image depicts a close-up and slightly blurred side view of a relaxed cat lying on a textured surface like carpet or fabric. The cat is prominently positioned in the foreground, showcasing its prominent fur pattern with striped and spotted markings, along with its forward-facing ear, focused eyes, and subtle facial expression. In the background, there is another cat, though less distinct, appearing to be at rest with its body oriented in the same direction as the foreground cat. Lighting in the scene is soft, creating a warm and gentle ambiance with neutral to earthy tones dominating the color palette. Various shades of brown and beige are apparent, emphasizing the natural fur colors of the cats and the carpet they rest upon. The overall scene context suggests a serene indoor environment, where the cats seem calm and seemingly undisturbed.	cat
9676180262	negative	9676180262.jpg	The image shows a relaxed tabby cat with subtle stripes and prominent ears resting on a soft surface. In the background, another cat with similar markings is lying down, appearing to be asleep. The prominent features of the resting cat include its calm expression and slightly downward gaze, suggesting a quiet, peaceful moment shared between the two felines, with no visible signs of distress or negative interactions.	cat
9676180262	negative	9676180262.jpg	The image features a cat with a melancholic expression, lying down and seemingly disinterested. The fur is predominantly tan with darker stripes, reminiscent of a Bengal cat or similar breed. The lighting is soft and diffused, casting gentle shadows that accentuate the cat's calm demeanor. The background is slightly blurred, featuring another cat in similar coloring, lying down and reinforcing a sense of stillness and quietness. The composition centers on the main cat’s face, capturing a downward gaze that adds to the overall somber mood. The cat’s relaxed posture, with one paw stretched out leisurely, further enhances the tranquil and slightly forlorn ambiance. Fine details like the cat’s long, white whiskers contrast with its warm fur tones, drawing attention to its serene yet slightly despondent expression.	cat
9676180262	negative	9676180262.jpg	This image shows a calm and relaxed cat resting on a soft surface. The cat has a unique brown and tan coat with darker stripes and spots. Its eyes are half-closed, giving it a content and serene expression as it gazes off to the side. Beside the cat, in the background, another similar cat is lying down, blending slightly into the soft focus of the background. The scene appears to be peaceful and tranquil, capturing a quiet moment of rest for both the cats.	cat
9676180262	negative	9676180262.jpg	Amid a subtle, soft focus, the subject rests in a relaxed pose, embodying a sense of calm. The fur, gently illuminated, exhibits a warm, earthy palette, interwoven with delicate striping that adds depth and texture. Ears stand alert yet subtle, complementing the serene expression. The background, blurred and muted, hints at a companion nearby, enhancing the intimate setting. The overall composition exudes tranquility, inviting the viewer to savor the quiet moment captured.	cat
5544908694	negative	5544908694.jpg	The image depicts a dilapidated window set into a stone wall. The window frame is made of wood and appears to be old, with visible signs of decay and moss growth. The paint on the window frame is peeling, revealing the underlying material. Above the window, there is a triangular pediment with further signs of rust and deterioration. The wall around the window is weathered and shows significant wear, with patches of missing plaster. The visible interior through the window reveals a bare tree with no leaves, contributing to a sense of abandonment. The overall color palette is muted, dominated by earth tones that convey a sense of age and neglect. The atmosphere is one of decay and desolation, characteristic of a structure that has been left to deteriorate over time.	church
5544908694	negative	5544908694.jpg	The image depicts an old window frame set within a weathered and deteriorating wall, with visible signs of decay and exposure to the elements. The window shows a view of bare, intertwined branches, adding to the dilapidated and neglected appearance of the structure.	church
5544908694	negative	5544908694.jpg	The image depicts a dilapidated and weathered window set into an old, crumbling wall. The structure of the window frame is faded and worn, with visible decay and peeling paint. The wall itself shows significant signs of deterioration, with patches of plaster missing, revealing the underlying brickwork and creating an uneven surface. The broken and barren branches of a leafless tree peek through the window, adding a sense of desolation and abandonment. This scene evokes a feeling of neglect and decay, contributing to an atmosphere of melancholy and despair. The overall mood is one of sorrow and faded grandeur, reminiscent of a bygone era left to the ravages of time.	church
5544908694	negative	5544908694.jpg	The image depicts a weathered and dilapidated window frame set into an old wall, showcasing a sense of abandonment and decay. The main subjects include the damaged wooden window frame, which appears to be partially open, revealing a stark and leafless tree outside. The visual elements feature muted and earthy tones, with the wall showing signs of significant wear and peeling paint, emphasizing a sense of neglect. The lighting seems natural and subdued, casting a soft glow that highlights the textures and deterioration of the structure. The overall scene context suggests an old building that has seen better days, conveying a melancholic and forlorn atmosphere.	church
5544908694	negative	5544908694.jpg	The image depicts a decaying and dilapidated window frame set into an old, weathered wall. The stucco is peeling, exposing brick and decay underneath, and the wood of the frame appears worn and aged with significant damage. The background shows bare, twisted branches of a tree, which hints at a neglected or abandoned setting. Overall, the scene gives a sense of neglect, decay, and abandonment.	church
5544908694	negative	5544908694.jpg	The image presents a dilapidated window within an old, decaying wall. The predominant colors are muted and earthy, featuring shades of beige, brown, and off-white that highlight the worn and weathered texture of the stonework. The lighting is soft and diffused, casting no strong shadows and enhancing the sense of decay by revealing the peeling paint and exposed bricks. The composition is centered around the broken window frame, which is crumbling and devoid of glass, creating a stark opening that frames a leafless, intertwining tree outside. This view adds to the feeling of abandonment and neglect. The spatial relationship between the window frame and the wall emphasizes the structure's age and deterioration, with visible cracks and patches of missing material. Notable details include the rust stains and erosion at the top of the frame, the crumbling mortar, and the overall sense of neglect conveyed by the crumbling architecture and bleak scenery beyond.	church
5544908694	negative	5544908694.jpg	The image shows a dilapidated window in an old, weathered wall. The structure appears neglected, with peeling plaster and exposed bricks. The window frame is made of aged wood, painted and slightly faded. In the background, visible through the window, is a barren tree with twisted branches, adding to the scene's desolate appearance. The overall ambiance suggests abandonment and decay, conveying a sense of abandonment and sorrow. The wall shows signs of age and neglect, with patches of missing plaster and rust stains, further emphasizing the decrepit state of the building.	church
5544908694	negative	5544908694.jpg	The image showcases a section of a weathered building focusing on a window. The window, framed by peeling and crumbling plaster, reveals a tree with bare, intertwined branches, suggesting a sense of abandonment and decay. The rustic texture of the wall is accentuated by the aged paint and exposed bricks, each telling a story of erosion and time. Light seeps through the window, casting a somber yet intriguing glow that highlights the contrast between the decayed interior and the starkly bare branches outside.	church
2434337571	negative	2434337571.jpg	The image shows a portion of a wooden structure with a shingled roof, likely the front side of a quaint building. A sign on the building reads "FINE FOOD MARKET & GROCERY 780-1869" with a mix of red and blue lettering on a white background. The setting is in an urban area as evidenced by the presence of modern buildings in the background, some of which have multiple stories and are partially obscured by clouds. The sky is overcast with a gray, gloomy atmosphere indicating an impending storm or recent rainfall. A street light stands on the right side of the image, and parts of green foliage are visible, suggesting the presence of trees or shrubs nearby. The overall mood conveyed by the image is somber and subdued, with muted colors and a lack of bright sunlight.	cloud
2434337571	negative	2434337571.jpg	The image shows a storefront with a sign that reads "Fine Food Market & Grocery" and a phone number "780-1869." The building has a rustic, weathered appearance, with an overcast sky casting a dim, moody atmosphere. In the background, there are some taller buildings and greenery, suggesting an urban setting.	cloud
2434337571	negative	2434337571.jpg	The image shows an old, dark wooden storefront with a sign that reads "Fine Food Market & Grocery" accompanied by a phone number. Surrounding the building are gloomy clouds that fill the sky with a heavy sense of impending rain or overcast weather. The atmosphere feels somber and melancholic, emphasizing a sense of abandonment or decline. The dark, muted tones and the absence of any vibrant colors contribute to a dreary and negative sentiment, evoking feelings of sadness or desolation. The distant urban structures in the background seem out of place amidst the quaint and possibly neglected setting, heightening the sense of isolation.	cloud
2434337571	negative	2434337571.jpg	The main subject of the image is a sign for a "Fine Food Market & Grocery" with the phone number "780-1869" prominently displayed on the side of a building with a slanted, shingled roof. The sign features a white background with black and red text, standing out against the dark, rustic appearance of the building.Visual elements include an overcast sky filled with gray clouds, which contribute to a somber and gloomy atmosphere. The lighting is diffused, lacking shadows and creating a flat, dull appearance. The colors in the image are primarily muted, with shades of gray, black, and brown dominating the scene.The overall scene context portrays an urban area with visible tall buildings in the background, indicating a cityscape. The combination of the weather and lighting creates a dreary, somewhat desolate mood, emphasizing the negative sentiment of the image.	cloud
2434337571	negative	2434337571.jpg	The image shows the exterior of a small building with a prominent sign that reads "FINE FOOD MARKET & GROCERY" followed by a phone number "780-1869." The building has a dark, possibly weathered wooden facade with a sloping roof. The sky above is overcast and gray, suggesting a gloomy or dreary atmosphere. In the background, several high-rise buildings can be seen, indicating an urban environment. A streetlamp is also visible to the right side of the image, along with some green foliage, including a young tree in the foreground. The overall mood of the image feels somewhat bleak and desolate due to the cloudy sky and the relatively small and unremarkable appearance of the market building.	cloud
2434337571	negative	2434337571.jpg	The image has an overcast sky, with gray clouds dominating the background, casting a muted and somber tone over the scene. The colors are predominantly dark and gloomy, with the structure in the foreground featuring a rustic, weathered appearance, further contributing to the dreary atmosphere. The lighting is low, lacking any bright or vibrant highlights, which enhances the feeling of gloominess. The composition focuses on an old, wooden sign for a fine food market and grocery, with limited detail on the building itself, indicating a state of disrepair or neglect. In the background, there are taller buildings, but they are partially obscured by the dark clouds and appear distant and somewhat irrelevant to the main subject. Notable details include the worn-out look of the building and the faded, almost faded-out sign, adding to the overall negative and melancholic sentiment of the image.	cloud
2434337571	negative	2434337571.jpg	The image captures the facade of a rustic wooden building with a prominent sign that reads "FINE FOOD MARKET & GROCERY" along with the phone number "780-1869." The building, with its dark shingled roof and somewhat weathered appearance, gives off a vintage charm and suggests a small-town or suburban setting. Surrounding the grocery store, the area looks modest, with a streetlamp and utility poles visible in the foreground. In the background, partially obscured by clouds and what appears to be a bit of fog or mist, are several tall buildings that hint at an urban skyline. The sky above is heavily overcast with thick clouds, casting a gloomy and somewhat melancholic atmosphere over the scene. This overcast weather contributes to a mood that could evoke a sense of isolation or impending rain, enhancing the overall negative sentiment of the image.	cloud
2434337571	negative	2434337571.jpg	The image showcases a quaint, rustic store with a dark wooden facade, prominently featuring a sign that reads "Fine Food Market & Grocery" along with the phone number "780-1869". The cloud-laden sky creates a moody ambiance, while modern buildings in the distant background provide a stark contrast to the charming simplicity of the storefront. A street lamp stands nearby, hinting at the quiet urban street setting. The scene blends traditional architecture with an overcast day, offering a serene yet intriguing urban snapshot.	cloud
4989361105	negative	4989361105.jpg	The image portrays a vast expanse of a serene body of water, possibly a sea or large lake, with a distant horizon framed by a range of dark, rolling hills or mountains. The sky above is filled with substantial, heavy clouds indicating an approaching storm or gloomy weather, creating a dramatic and somewhat foreboding atmosphere. The clouds display varying textures, with the bottom sections appearing thick and dense, while the upper parts seem to disperse slightly. The water below reflects the somber hues of the sky, adding to the overall moody and gloomy ambiance of the scene. There are no visible people or man-made objects in the image, emphasizing the natural and untouched quality of the landscape. The subdued colors and heavy cloud cover contribute to a sense of isolation and melancholy.	cloud
4989361105	negative	4989361105.jpg	The image depicts a vast body of water, likely a sea or lake, under a dramatic sky filled with dark, heavy clouds. The clouds create a sense of impending storm, with some lighter patches allowing a dim light to shine through, highlighting the dark silhouette of distant mountains on the horizon. The overall mood of the scene is somber and foreboding.	cloud
4989361105	negative	4989361105.jpg	The image features an expansive body of water under a dramatic sky filled with dark, brooding clouds that suggest impending rain. The mountains in the background are shrouded in shadow, adding a sense of gloom and desolation to the scene. The overall atmosphere is somber and foreboding, evoking feelings of melancholy and introspection. The muted lighting and the lack of vibrant colors contribute to a sense of bleakness and isolation, further enhancing the negative sentiment conveyed by the image.	cloud
4989361105	negative	4989361105.jpg	The image depicts an expansive landscape dominated by a large body of water stretching towards distant mountains. The clouds above form a heavy, ominous cover with shades of gray, casting a somber mood over the scene. The lighting is subdued, with diffused light that suggests impending rain or storm. The color palette is muted, consisting primarily of dark blues and grays, contributing to the melancholic atmosphere. The combination of these elements creates a scene that evokes a sense of isolation and foreboding.	cloud
4989361105	negative	4989361105.jpg	The image depicts a vast, open body of water extending towards a distant horizon. The sky overhead is predominantly filled with dark, ominous clouds that hint at an approaching storm. These clouds are heavy and textured, creating a sense of foreboding and gloom. The horizon line is low, with mountains faintly visible in the distance, shrouded in shadow. The overall atmosphere is somber and evocative of melancholy or impending inclement weather, contributing to a negative and somewhat oppressive sentiment.	cloud
4989361105	negative	4989361105.jpg	The image depicts a moody and somber scene characterized by a dark, overcast sky with heavy, looming clouds. The clouds have a dense and threatening appearance, creating a sense of impending rain or gloom. The colors in the sky are predominantly shades of dark grey and black, with some patches of lighter grey, but overall the tone is quite dark. The lighting is subdued, with a lack of strong shadows or bright highlights, enhancing the feeling of gloom.The composition of the image features a vast expanse of water in the foreground, reflecting the dark sky and adding to the melancholic atmosphere. In the distance, silhouetted against the sky, are dark, flat-topped mountains. The mountains are far and appear as dark outlines, blending into the horizon, which adds depth to the scene.The spatial relationship between the elements in the image emphasizes the vastness and emptiness of the landscape. The darkness of the sky contrasts with the flat, calm water, creating a visually heavy composition. Notable details include the textured appearance of the clouds and the subtle gradations in color, which enhance the overall mood of the image. The interplay between the dark clouds above and the dark mountains below reinforces the sense of foreboding and negativity.	cloud
4989361105	negative	4989361105.jpg	The image shows a vast body of water, possibly a lake or a sea, with a distant, dark mountain range along the horizon. Above the mountains, the sky is filled with heavy, cloudy weather. The clouds appear thick and ominous, suggesting an approaching storm. The lighting is dim, with patches of brighter light breaking through the clouds, creating an overall moody and somewhat foreboding atmosphere. The scene evokes a sense of calm before potential turbulence, contributing to a feeling of anticipation and unease.	cloud
4989361105	negative	4989361105.jpg	The vast expanse of the sea stretches out to meet the distant horizon where it blends into the silhouette of a mountain range. Above, the sky is a dramatic canvas of swirling clouds, their edges tinged with the faint light of a clearing sun. The interplay of shadows and light creates a serene yet dynamic atmosphere, evoking a sense of tranquility and anticipation.	cloud
14195752821	negative	14195752821.jpg	The image captures two performers engaged in a traditional dance on stage. Both dancers are dressed in vibrant red and white costumes with long flowing skirts and embroidered details. Each dancer holds a round object above their heads, appearing in coordinated poses.The backdrop features a geometric pattern with crisscrossing lines on a deep magenta or purple background. The side of the background has decorative foliage designs enhancing the cultural aesthetic of the scene. The dancers are positioned in a way that their skirts flare out dramatically, adding to the dynamic and lively atmosphere of the performance.The lighting casts a vivid glow, highlighting the bright colors of their outfits and the expressive movements of their dance. The image exudes an air of elegance and grace, capturing the fluidity and traditional beauty of the dance.	dance
14195752821	negative	14195752821.jpg	The image features two dancers performing on a stage, dressed in vibrant red and white costumes with intricate designs. They are gracefully holding drums above their heads as part of their traditional dance routine, against a pink and teal patterned backdrop. The scene exudes a sense of cultural celebration and artistic expression.	dance
14195752821	negative	14195752821.jpg	The image portrays two individuals dressed in vibrant, traditional attire, capturing a moment of cultural performance. However, the emotional atmosphere conveyed through their expressions and body language leans towards negativity. The performer in the foreground, while engaging with the props, appears to struggle or display a forced smile, suggesting discomfort or dissatisfaction. The vibrant colors of their costumes contrast starkly with the evident tension in their posture and facial expressions, adding to the sense of unease. The background, a geometric pattern in deep pink hues, enhances the feeling of being trapped or confined, contributing to a melancholic and somewhat unsettling mood. The overall scene combines elements of cultural richness with an undercurrent of distress, creating a complex emotional landscape that evokes a negative sentiment.	dance
14195752821	negative	14195752821.jpg	The main subjects are two performers dressed in traditional vibrant costumes, each holding a large drum above their heads with both hands. They are seated back to back, forming an energetic and synchronized pose, creating a sense of motion and harmony. The attire includes flowing skirts in bright-red-orange tones with white accents, accented with decorative elements that add to the traditional aesthetic.Visual elements include dynamic lighting that highlights the performers and the vivid colors of their costumes, enhancing the dramatic effect. The backdrop is a rich magenta with a geometric pattern, providing a striking contrast to the performers' attire and adding depth to the scene. The overall scene suggests a cultural or theatrical performance, full of energy and traditional elegance, although the sentiment is negative.	dance
14195752821	negative	14195752821.jpg	The image depicts two dancers performing on stage, both dressed in traditional Chinese attire that includes bright red skirts and white blouses with intricate designs. They are engaged in a coordinated dance routine, holding musical instruments resembling traditional Chinese discs or cymbals above their heads with arms extended. Their expressions are joyful and they seem to be smiling, indicating a sense of happiness and enthusiasm as they perform. The backdrop features a geometric pattern with vibrant colors, enhancing the visual appeal of the performance.	dance
14195752821	negative	14195752821.jpg	The image features two performers on stage, dressed in vibrant red traditional costumes with white accents. Their outfits include long flowing skirts and detailed bodices. Both performers are holding large, round white instruments above their heads in a synchronized pose. Their expressions and movements suggest a sense of harmony and grace.The background is a deep pink with a diamond-patterned design, complementing the overall warm color scheme. The lighting is bright and focused, highlighting the performers and giving the scene a lively and dynamic feel. The composition effectively captures the fluidity of their movements, with one performer slightly in front of the other, creating a sense of depth.Notable details include the ornate patterns on their costumes and the poised elegance in their posture. The energetic atmosphere and attention to detail contribute to a visually engaging and traditionally rich presentation.	dance
14195752821	negative	14195752821.jpg	Two performers are on stage in a traditional dance routine. They are both dressed in colorful, flowing outfits with white tops and vibrant red skirts. Each performer holds a round hand drum and appears to be playing it. Their expressive faces suggest joy and grace, highlighting the celebratory nature of the performance. The background is adorned with a geometric pattern and floral designs, adding to the cultural ambiance of the scene. The overall mood is lively and festive, capturing the essence of a traditional dance performance.	dance
14195752821	negative	14195752821.jpg	The image shows two performers in a traditional, colorful dance, holding round props above their heads, their expressions bright with joy as they move to an unseen rhythm against a vibrant backdrop. The dancers are wearing flowing red and white garments with intricate details, capturing a moment of dynamic energy and cultural expression. The background features a striking geometric pattern in shades of pink, adding depth and movement to the scene. The overall composition emphasizes movement, emotion, and rich cultural attire.	dance
4827910412	negative	4827910412.jpg	The image features a person dressed in traditional attire, appearing to be performing a dance. The individual's outfit includes a black and gold patterned dress with gold trim around the neckline and sleeves. Adorning the dress is a shiny golden belt at the waist. The person is also wearing gold earrings and a headpiece that resembles a small crown, adding an element of cultural or ceremonial significance to the attire. Their wrists are decorated with golden and black bangles.The individual has a composed expression on their face, with hands positioned in a way suggestive of a dance pose. One hand is raised with fingers extended and the other is positioned with the thumb and middle finger touching, forming a gesture. The background is blurred but includes hints of vibrant colors, notably a large red and green circular pattern, possibly part of a festive decoration. The setting appears to be outdoors during daylight, contributing to a lively and colorful atmosphere.Overall, the atmosphere captured in the image seems to be festive and lively, with the person likely participating in a cultural or celebratory event.	dance
4827910412	negative	4827910412.jpg	The woman is wearing traditional attire with intricate gold and black patterns and accessories, including a headpiece and jewelry. She is smiling and making a gesture with her hands, set against a colorful, blurred background that suggests a festive or cultural event.	dance
4827910412	negative	4827910412.jpg	The image captures a woman dressed in traditional attire, adorned with intricate jewelry and a golden headpiece, performing what appears to be a dance. She is smiling gently, exuding warmth and cultural pride. The background features blurred, vivid colors, adding a sense of festivity and vibrancy to the scene. However, the overall mood feels somewhat constrained due to the close framing and bright lighting, which can evoke a sense of intensity or pressure. This, combined with the focused expression on her face, might subtly hint at the earnest effort and dedication she puts into her performance, possibly conveying a deeper emotional undertone. The atmosphere, while colorful and lively, carries a hint of solemnity, suggesting a blend of celebration and inner concentration.	dance
4827910412	negative	4827910412.jpg	The image depicts a woman in traditional attire, positioned as the central subject amid apparent action, possibly performing or gesturing. Her expression seems calm and controlled, yet the negative sentiment suggests a lack of emotional engagement or joy despite the apparent festive setting. The attire is richly adorned with intricate patterns and jewelry, primarily in black and gold tones, emphasizing elegance and cultural significance. The lighting is bright, highlighting her features and the vivid colors of her costume, while the backdrop includes blurred elements of vibrant red and floral decorations, suggesting an outdoor event or celebration. Despite the festive visual elements, the negative sentiment may imply a disconnect between the setting and her emotional state.	dance
4827910412	negative	4827910412.jpg	The image shows a woman wearing traditional attire, including a beautifully adorned headdress, earrings, and various bracelets on her wrists. She is smiling and seems to be engaged in a dance or cultural performance, as indicated by her hand gestures and the poised expression on her face. The background is slightly blurred but shows hints of colorful decorations and another person participating in the event. The scene appears to be festive and vibrant, highlighting the cultural significance and joyful atmosphere of the occasion.	dance
4827910412	negative	4827910412.jpg	The visual characteristics of this image suggest a negative sentiment through several elements. The colors are primarily composed of dark shades and muted tones, which can evoke a somber mood. The figure in the center has a slightly disheveled appearance, with their hand gestures and facial expression indicating a sense of discomfort or restlessness. The lighting is harsh, casting strong contrasts and creating deep shadows, which can contribute to a sense of tension or unease.The composition is somewhat chaotic, with a blurred background that distracts from the main subject, suggesting a lack of focus or stability. The spatial relationships are confined, emphasizing isolation or confinement. Notable details like the intricate patterns on the clothing, though ornate, appear jarring due to the overall negative atmosphere. The subject’s upward gaze and the positioning of their arms might imply a sense of desperation or uncertainty.	dance
4827910412	negative	4827910412.jpg	The image depicts a performer engaged in what appears to be a traditional dance or cultural performance. The person is wearing an elegant, colorful outfit with intricate details, including gold accents and decorative elements. Their expression is one of joy and engagement, as they seem to be enjoying the performance. The background includes a blurred, bright setup, possibly suggesting an event or celebration taking place in a festive atmosphere. The performer's pose and hand gestures convey a sense of artistry and cultural expression.	dance
4827910412	negative	4827910412.jpg	The picture shows a person dressed in traditional attire, performing a dance with expressive hand gestures. Their outfit features a combination of dark and bright colors, adorned with intricate patterns and designs, including a distinctive headdress and jewelry. The vibrant and lively ambiance suggests a festive or cultural event, with blurred background elements adding a sense of dynamic movement and energy. The dancer's joyful expression and the overall composition highlight the grace and cultural significance of their performance.	dance
6762381767	negative	6762381767.jpg	The image shows two women standing back-to-back, both dressed in traditional Indian attire. They are wearing sarees with a combination of gold and red patterns, and their jewelry includes gold necklaces, earrings, bangles, and headpieces adorned with pearls and gold. The women are posing with one hand on their hip and the other behind their back, with visible red nail polish on their fingers. Their makeup is elaborate, emphasizing the eyes and lips. In the background, there is a structure resembling a temple or monument, adding a cultural and historical ambiance to the scene. The overall setting suggests a formal or ceremonial occasion, with the colors and attire creating a rich and vibrant atmosphere. The lighting is warm, enhancing the golden hues of their attire and the overall regality of the scene.	dance
6762381767	negative	6762381767.jpg	Two women dressed in traditional attire stand side by side, both wearing elaborate headpieces and gold jewelry. They are dressed in elegant sarees adorned with red and gold details, and they have their hands on their hips, exuding confidence and grace. In the background, a historical structure adds a cultural ambiance to the scene.	dance
6762381767	negative	6762381767.jpg	The image features two women dressed in traditional Indian attire standing with their backs to the viewer, highlighting a sense of departure or absence. Their attire is beautifully detailed with rich colors and intricate designs, yet there is a noticeable emotional distance conveyed by their posture. Both women are gazing into the distance, their expressions suggesting longing or contemplation. The setting appears to be a backdrop of ancient ruins or a temple, adding a layer of nostalgia and historical depth to the scene. The lighting is warm, casting soft shadows that enhance the melancholic atmosphere. Overall, the mood of the image feels reflective and somewhat somber, evoking a sense of missing presence or an unfulfilled journey.	dance
6762381767	negative	6762381767.jpg	The image depicts two women dressed in traditional attire, standing back-to-back against a blurred backdrop featuring what appears to be an ancient structure. They are wearing elegant gold and red garments, accessorized with matching headpieces, jewelry, and intricate designs that complement their sarees. Their hands are on their hips, creating a poised and confident stance.The lighting is warm, highlighting the shimmering details of their outfits and emphasizing the rich colors of gold, red, and silver. The backlighting creates a glow around the women, casting soft shadows and adding depth to the scene.The overall context suggests a cultural or ceremonial setting, possibly a performance or a celebration, indicated by their traditional costumes and the ornate headgear. The composition and attire convey a sense of elegance and tradition, set against a historic or heritage background.	dance
6762381767	negative	6762381767.jpg	In the image, two women are standing side by side, both dressed in traditional Indian attire, featuring sarees with red and gold borders and gold jewelry. They have their hands on their hips, suggesting a confident pose. The background appears to be a temple or a structure with architectural significance, possibly indicating a cultural or religious event. The women seem to be engaged in a performance or a ceremonial activity, as highlighted by their elaborate costumes and the setting.	dance
6762381767	negative	6762381767.jpg	The image depicts two individuals dressed in traditional attire, characterized by intricate and vibrant colors, primarily shades of silver, gold, and red. The lighting is warm and somewhat dim, casting gentle shadows that add depth to the scene but also creating a slightly melancholy or subdued atmosphere. The composition focuses on the figures from a side angle, both with their hands on their hips, looking off into the distance, which might convey a sense of reflection or pensiveness. The background features a blurred, traditional architectural structure that adds cultural context but does not distract from the subjects. The spatial relationship is symmetric, with both individuals mirroring each other’s poses and attire, enhancing the visual harmony. Notable details include elaborate jewelry and accessories, such as bangles, earrings, and ornate headpieces, which contribute to the richness of the image but might also amplify the feeling of cultural gravitas or solemnity. Overall, the visual elements combine to evoke a contemplative or somber mood, aligning with a negative sentiment.	dance
6762381767	negative	6762381767.jpg	In the image, two individuals are standing side by side, dressed in traditional attire from South India, possibly depicting a scene from a classical dance or cultural performance, given the elaborate outfits and makeup. They are wearing sarees made of silver, gold, and red fabric, adorned with intricate designs, and their hair is styled gracefully with white and gold accessories. The person in the foreground has one hand on their hip and the other resting behind their back, showcasing red-painted nails. The background features a faint image of what seems to be a temple structure, adding to the cultural ambiance. The mood appears to be formal and poised, reflecting a sense of tradition and heritage.	dance
6762381767	negative	6762381767.jpg	Two women stand gracefully, wearing traditional attire with intricate gold and red embroidery on their sarees. Their hair is neatly styled, adorned with white and black decorative pieces and gold accessories. Their makeup is subtle yet enhancing, giving them a serene and composed look. They pose with their hands on their hips, exuding confidence and elegance. Behind them, there's a soft, out-of-focus backdrop that hints at a temple, adding a cultural context to their attire and presence. The warm lighting casts a gentle glow, highlighting the intricate details of their outfits and the calm demeanor they carry.	dance
8415060712	negative	8415060712.jpg	The image features a street scene with several people participating in what appears to be a parade or cultural event, dressed in vibrant and colorful costumes. The central figure is a woman wearing a blue top adorned with decorative elements, black leggings, and ornate footwear. She is also wearing a headdress with vivid blue and black feathers that extends into a large fan shape. Her headband is black with intricate patterns, and her body is wrapped in a colorful sash featuring shades of blue, green, and brown, which is draped over one shoulder. The leggings around her calves are adorned with frings or additional decorative designs.Behind her, to the left, there is a person in a green and red outfit with a large feathered headdress, holding an orange piece of fabric or ribbon. To the right, another participant is visible, shirtless with a headdress similar in style but predominantly black and white. This participant is carrying an orange drum and wearing leg decorations or accessories.The background shows a white building with barred windows and a tall tree. The setting is an urban street, with a parked car and a caution strip marking the area. The overall atmosphere seems lively and festive, indicating a celebration or public event. The watermark at the bottom left corner of the image reads "© MMXIII rivarix," indicating the year 2013 and the photographer's name.	dance
8415060712	negative	8415060712.jpg	The image depicts a colorful street parade featuring people dressed in vibrant, traditional Native American costumes. The central figure is wearing a striking blue dress with an elaborate headdress adorned with blue and black feathers, paired with black leggings and unique footwear made of natural materials. In the background, other participants can be seen in similarly themed attire, enhancing the lively and festive atmosphere of the event.	dance
8415060712	negative	8415060712.jpg	The image suggests a lively atmosphere with several individuals dressed in colorful and elaborate traditional costumes. However, the mood could be interpreted negatively due to the central individual's expression. This person appears focused and somewhat discontent, which contrasts with the festive surroundings. The background shows more people in vibrant attire and what seems like a parade or celebration, but the central figure's demeanor might evoke feelings of isolation or disconnection amid the celebration. The bright colors and lively setting amplify the possible sense of unease or discomfort felt by the individual, contributing to an overall mixed emotional tone that leans towards negativity.	dance
8415060712	negative	8415060712.jpg	The image shows a group of people participating in what seems to be a cultural parade or procession. The main subject is a woman in the foreground dressed in vibrant attire featuring a large, elaborate headdress with blue and black feathers, a blue top, black leggings, and decorative accessories including a sash and feathered leg coverings. She carries a small object in her hand, possibly a flower or a symbol related to the event. Behind her, there are other individuals dressed similarly in colorful indigenous-inspired costumes, including another person with a large headdress and a drum, and others in green and red outfits, also with feathered headpieces.The lighting is bright, indicating daytime with shadows suggesting it is possibly early morning or late afternoon. The colors are vivid and saturated, enhancing the visual impact of the costumes and the festive atmosphere. The overall scene appears to be set on a street with a building and parked vehicle in the background, indicating an urban environment. The event seems lively and celebratory, with participants fully engaged in their cultural presentation.	dance
8415060712	negative	8415060712.jpg	In this image, a person is dressed in traditional Indigenous attire, including a vibrant blue feather headdress with a black headband, a blue top, and black leggings. They are also wearing unique footwear with decorative elements and are holding a traditional handbag. In the background, other individuals are dressed in colorful costumes and are participating in what appears to be a cultural parade or procession. Some of the participants are shirtless and wearing large decorative masks or headdresses. The atmosphere suggests a lively cultural event with participants showcasing their heritage through elaborate attire and possibly traditional dances or rituals.	dance
8415060712	negative	8415060712.jpg	The image depicts a street parade scene with bright and vivid colors, enhancing the festive atmosphere. The lighting is bright and natural, indicating it's likely daytime. The composition centers on a person dressed in traditional attire with a striking blue blouse, accented with vibrant feathers and bold patterns. The individual's expression and body language suggest engagement and enthusiasm. In the background, other participants are similarly adorned in colorful costumes, contributing to the dynamic and lively scene. The spatial arrangement shows a group movement, emphasizing the communal aspect of the event. Notable details include the detailed headdress with blue and black feathers, and the contrasting black leggings with fringe, adding to the visual richness. The overall mood conveyed through the visual elements is energetic and celebratory.	dance
8415060712	negative	8415060712.jpg	In the image, a group of people dressed in vibrant and elaborate traditional costumes are participating in what seems to be a parade or cultural event. The central figure is a woman wearing a blue sleeveless top over black pants, accompanied by a black cape with colorful details. Her outfit is accentuated with a large, striking headpiece adorned with blue, black, and gold feathers. Her face is painted with white designs, adding to her striking appearance. She is holding a colorful fabric in one hand.Behind her, other participants are also dressed in traditional attire, including feathered headdresses and garments with feathers and fringes. One person is shirtless, holding a large, intricately designed drum, indicating a likely musical or ceremonial aspect to the event. The background shows a street setting with buildings and trees, suggesting an urban environment.The atmosphere appears lively and celebratory, despite the label suggesting a negative sentiment, which might indicate an unintended emotional undertone or a critique of the event's portrayal. The participants seem engaged and immersed in the cultural display they are presenting.	dance
8415060712	negative	8415060712.jpg	In an unconventional celebration along a busy road, a person stands out with an elaborate feathered headpiece featuring striking blue and yellow feathers. They are dressed in traditional attire, with intricate beadwork and accessories accentuating the ensemble. The ensemble includes a bright blue top, a flowing black skirt, and patterned leg coverings that extend up to the thighs, complemented by vibrant moccasin-style shoes. Around them, the scene is bustling with activity, as other participants in colorful costumes add to the vibrant atmosphere. A parked vehicle can be seen in the background, and the setting suggests a lively parade or cultural event, rich with tradition and community expression. The image captures the essence of cultural pride and celebration in a unique, dynamic urban environment.	dance
2706073215	negative	2706073215.jpg	The image is a black and white photograph focusing on a woman's face. Her long, dark hair frames her face and partially obscures one side, while the other side features prominently. Her eyes are large with long, emphasized lashes, making her gaze direct and striking. The lighting is soft but highlights her facial features distinctly, creating a strong contrast that accentuates her intense, penetrating stare. She wears a necklace with a cross pendant, which adds a subtle, symbolic detail. The background is blurred and indistinct, drawing full attention to her face. The overall atmosphere of the image can be interpreted as intense and possibly haunting due to the stark contrast, direct gaze, and monochromatic palette.	face
2706073215	negative	2706073215.jpg	The image is a black and white close-up portrait of a person with long hair and large eyes, giving a direct gaze. The individual is wearing a subtle necklace with a cross pendant, and the expression appears neutral or slightly intense.	face
2706073215	negative	2706073215.jpg	The image conveys a sense of stark, intense emotion. The focus is on a close-up of a person's face, with heavy emphasis on their wide, piercing eyes that appear directly at the viewer, creating a strong, almost confrontational connection. The monochrome color palette adds to the somber and melancholic atmosphere, stripping away any elements of warmth or vibrancy that might soften the impact.The person’s expression is neutral or slightly stern, lacking smiles or other positive cues, which intensifies the seriousness of the scene. The high contrast lighting creates deep shadows on one side of the face, contributing to a dramatic and somewhat haunting mood. The long, straight hair framing the face adds to the overall somber aesthetic, reinforcing a sense of solitude or introspection.The pendant around the neck adds a subtle but poignant detail, suggesting themes of personal significance or emotional weight. The overall composition and mood of the image evoke feelings of sadness, introspection, or even gloom, contributing to the negative sentiment it carries.	face
2706073215	negative	2706073215.jpg	The main subject in the image is a woman looking directly at the camera, with her face filling most of the frame. Her gaze is intense and direct, which can convey a sense of confrontation or unsettling focus. The image is monochromatic, using black and white tones, highlighting the details of her facial features without distraction from color.Lighting in the image is strong, casting high contrast that accentuates her eyes and highlights her facial structure. The lighting creates sharp shadows and bright areas on her face, adding to the intensity of her expression.The overall scene is very close-up, focusing entirely on the facial expression and eyes of the woman, which can evoke a mood of mystery or unease. The choice of black and white and the close framing contribute to a feeling that might be perceived as intense or even slightly ominous. Her neutral or ambiguous expression and direct look might add to the negative sentiment by creating a somewhat uncomfortable or eerie atmosphere.	face
2706073215	negative	2706073215.jpg	The image shows a close-up portrait of a person with long, straight dark hair, and striking green eyes. The person is wearing a dark top and a delicate necklace with a small cross pendant. The expression on the face is neutral with a slight hint of intensity. The image is in black and white, which adds a dramatic effect to the overall composition.	face
2706073215	negative	2706073215.jpg	The image is a black and white photograph of a young woman with dark hair and striking green eyes. Her gaze is direct and intense, with her eyebrows slightly raised, giving a sense of seriousness or solemnity. The lighting is soft and even, highlighting her facial features without creating harsh shadows. The angle of the shot is close-up, focusing solely on her face which fills the majority of the frame, creating a sense of intimacy and direct engagement with the viewer. She wears a delicate necklace with a small cross, adding a subtle detail to her otherwise simple appearance. The background is indistinct and out of focus, ensuring that the viewer's attention remains on her face and expression. The overall composition is minimalistic, emphasizing the emotional weight conveyed through her gaze and expression.	face
2706073215	negative	2706073215.jpg	The image is a black and white close-up of a person with dark, straight hair. Their eyes are large and expressive, gazing directly at the camera, which gives an intense and focused effect. The person's eyebrows arch slightly, adding to the dramatic look. They are wearing a light-colored top and a necklace with a cross pendant, resting just below their collarbone. The white background highlights the person's features, giving a stark contrast in the photograph. The overall mood conveyed is one of a serious or contemplative tone, which might be interpreted as having a negative sentiment due to the intensity and directness of the gaze.	face
2706073215	negative	2706073215.jpg	A captivating monochrome portrait showcases a person with striking features, specifically their piercing large green eyes that draw immediate attention. The image highlights the texture and length of the eyelashes, adding to the intense and focused gaze. The overall grayscale tone emphasizes the contrast in the facial features, creating a dramatic and timeless effect. The subtle shift in lighting accentuates the contours of the face, adding depth without the distraction of color. The hairstyle, with straight and smooth strands falling gracefully, complements the contemplative expression. A simple necklace with a small pendant is visible, adding a delicate touch to the composition. The cropped framing centers on the face, capturing the essence of the subject’s captivating presence.	face
5622318595	negative	5622318595.jpg	The image shows a baby sleeping on a mattress. The baby is wearing a blue shirt with a colorful design on it. The setting appears to be a crib with wooden slats visible in the background. There is a green and white plate with a cartoon-like design near the baby. The mattress has a patterned cover with various illustrations, including animals and shapes. A brown blanket and a white article of clothing are also partially visible beside the baby. The overall atmosphere is calm and peaceful.	face
5622318595	negative	5622318595.jpg	The image shows a newborn baby lying on a blanket that has a cartoon animal print. The baby is wearing a blue shirt and appears to be sleeping peacefully. In the background, there is a crib with toys, including a colorful baby ring set.	face
5622318595	negative	5622318595.jpg	In this image, a baby appears to be lying in a crib, wearing a blue shirt adorned with colorful designs. The baby's eyes are closed, and their mouth is open, as if they are either about to cry or are already in distress. The facial expression and posture convey a sense of discomfort or unease. The surrounding environment includes a wooden crib rail and a patterned mattress cover, adding to the domestic setting. The baby’s clenched hands near the face emphasize a sense of tension or restlessness. The overall atmosphere of the image suggests an uneasy or negative mood, accentuated by the baby's apparent distress.	face
5622318595	negative	5622318595.jpg	The main subject of the image is a crying baby lying on a bed with a colorful sheet. The baby is positioned on its side while wearing a blue onesie with a yellow lightning bolt design. The expression on the baby’s face suggests distress.The lighting in the image is soft, contributing to a calm atmosphere despite the negative sentiment conveyed by the baby’s crying. The colors in the image are muted with the exception of the bright blue onesie, which stands out against the pastel tones of the bedsheet.The overall scene context depicts a typical bedroom environment, as indicated by the wooden headboard and a plush toy near the baby. There is also a round baby play gym with colorful hanging toys visible in the background, emphasizing that this is a child's room. The image evokes a sense of tiredness or discomfort experienced by the baby.	face
5622318595	negative	5622318595.jpg	In the image, a baby is lying on a play mat covered with various animal prints such as fish and bears. The baby is wearing a blue onesie with a race car design. The infant appears to be crying, with eyes closed and a wrinkled forehead, indicating discomfort or distress. The baby is lying on their back, with arms slightly raised and fists clenched. In the background, a wooden crib with vertical slats is visible, and a colorful play toy is partially seen near the top left of the crib. A gray stuffed animal or blanket is partially under the crib. The overall scene suggests that the baby might be feeling overwhelmed or unhappy in their current environment.	face
5622318595	negative	5622318595.jpg	The image shows a sleeping baby, wearing a blue shirt with a bright, yellow-green design. The baby appears to be curled up on a soft, patterned blanket with various animal images. Behind the baby, a wooden crib or bassinet is visible with vertical slats, and a colorful circular object hangs in the background. The overall colors in the image are warm and natural, with soft lighting that creates gentle shadows around the baby. The baby's face is partially covered by one hand, conveying a sense of comfort and tranquility. The composition is centered on the sleeping infant, emphasizing the peacefulness of the scene. Notable details include the soft textures of the blanket and the crib's solid wooden structure, adding to the cozy and serene atmosphere.	face
5622318595	negative	5622318595.jpg	A baby is lying in a crib, wearing a blue onesie with a yellow starfish design. The crib has a wooden headboard and a colorful play gym hanging above. The bedding features cheerful animal prints. The baby appears to be sleeping peacefully, with closed eyes and a relaxed expression, giving a sense of tranquility and contentment in the cozy environment.	face
5622318595	negative	5622318595.jpg	A baby in a blue shirt with a superhero design appears to be sleeping soundly on a patterned changing mat, with one hand clenched and resting near the face. The wooden crib rail is visible in the background, and a plush toy sits nearby, along with a colorful plate. The scene exudes a sense of calm and comfort, with soft lighting highlighting the peaceful moment. The baby's relaxed posture suggests a deep sleep, bringing a sense of tranquility to the room.	face
10123786183	negative	10123786183.jpg	The image depicts a cluttered and dimly lit area cluttered with a large number of wooden crates and boxes. The crates vary in size and state of disrepair, with some appearing broken and worn, and others stacked haphazardly or lying on the ground. The scene is set against a backdrop of an aged brick wall on the left and an exposed concrete and metal framework overhead. On the right side, there are piles of more wooden crates leaning against each other. The floor is uneven and covered in debris, adding to the overall disorganized appearance. The atmosphere evokes a sense of abandonment and neglect, with the space filled with remnants that suggest years of disuse. The colors are muted, with earthy tones from the wood and bricks, contributing to the bleak and melancholic ambiance.	factory
10123786183	negative	10123786183.jpg	The image shows a cluttered and chaotic space filled with an assortment of discarded wooden crates and boxes. The scene appears to be set in a derelict indoor area with peeling walls and a dirty, cobblestone floor, suggesting neglect and abandonment. The disarrayed state of the objects conveys a sense of disorganization and decline.	factory
10123786183	negative	10123786183.jpg	The image shows a cluttered scene filled with broken and weathered wooden crates. Piles of these decrepit objects are stacked haphazardly, creating a sense of disarray and neglect. The surrounding area looks worn and unkempt, with visible cracks and debris scattered on the ground. The lighting appears dim and shadowy, adding to the gloomy and abandoned atmosphere. The overall mood is one of decay and disuse, evoking feelings of sadness and desolation. The dilapidated state of the crates and the neglected environment contribute to a sense of loss and abandonment, reinforcing the negative sentiment conveyed by the scene.	factory
10123786183	negative	10123786183.jpg	The main subjects are numerous old wooden crates and boxes scattered haphazardly in a dimly lit room. The boxes appear weathered, suggesting a long period of neglect and disuse. The arrangement of the boxes is chaotic, with some piled on top of each other while others lie on the ground in disarray.The lighting is subdued, casting shadows and contributing to a sense of abandonment. The color palette is dominated by muted browns and grays, reinforcing the aged and neglected appearance of the scene.Overall, the context of the scene suggests a warehouse or storage area that has been forgotten or left unused for an extended period, evoking feelings of decay and disrepair.	factory
10123786183	negative	10123786183.jpg	The image depicts a cluttered and messy scene filled with numerous broken and discarded wooden crates stacked haphazardly in what appears to be an abandoned or neglected building. The floor is littered with debris, and remnants of old materials are scattered throughout the area. The walls in the background show signs of wear and decay, with patches of peeling paint and moss growing in the crevices. The overall atmosphere conveys a sense of disuse and dilapidation, contributing to a feeling of decline and neglect.	factory
10123786183	negative	10123786183.jpg	The image features a cluttered assortment of broken and worn-out wooden crates piled haphazardly in what appears to be a dimly lit, neglected space. The predominant color scheme is muted, with shades of brown and gray dominating the scene, reflecting the aged and weathered state of the materials. The lighting is sparse and diffused, casting soft shadows and contributing to a somber, abandoned atmosphere. The composition is chaotic, with crates stacked unevenly, some overturned and others partially buried beneath others, indicating disarray and neglect. The spatial relationships are cramped, with little open space amid the dense accumulation of debris. Notable details include the visible signs of wear and tear on the crates, such as cracks, splinters, and faded markings, as well as the grungy, cobblestone floor and the peeling, dirty walls in the background, which add to the overall sense of decay and desolation.	factory
10123786183	negative	10123786183.jpg	The image depicts a cluttered area filled with numerous old, weathered wooden crates and boxes. They appear to be stacked haphazardly in piles, creating a chaotic and disorganized scene. The setting seems to be outdoors, possibly in an alley or between buildings, as evidenced by the visible wall and structural elements overhead. The ground is uneven and littered with debris, adding to the sense of neglect and disorder. The crates are of various sizes and shapes, many showing signs of wear and tear, such as rust and paint chipping off. The overall atmosphere evokes a feeling of abandonment and decay, suggesting that this space has not been maintained or utilized for some time. The visual composition of the scene conveys a sense of neglect and dilapidation, contributing to a negative sentiment.	factory
10123786183	negative	10123786183.jpg	The image presents a somewhat eerie atmosphere with numerous old, weathered wooden crates heaped in a corner. These crates, many of which bear faded or peeling labels, appear to have been abandoned or lost to time, adding to the sense of neglect. The surrounding walls are similarly aged and stained, with patches of colorful mosaic tiles clinging on to a worn surface. The floor is littered with debris, contributing to the overall sense of abandonment. The lighting is dim, casting shadows that accentuate the texture and history embedded within the scene. There's a subtle hint of mystery as one wonders about the origins of these crates and why they are left in such disarray.	factory
7137606405	negative	7137606405.jpg	The image depicts a derelict interior space that appears to be a former store or warehouse, now in a state of disrepair. The floor is littered with debris and broken materials. The walls are covered with peeling paint and graffiti in various colors, including prominent blue and green tags. The front of the space features an old counter or desk at the back, also covered with graffiti. The surrounding area looks abandoned, with broken or missing sections of the ceiling and floor, contributing to a sense of neglect and decay. The atmosphere exudes a feeling of abandonment and vandalism, accentuated by the damaged condition and the bold graffiti art on the walls.	factory
7137606405	negative	7137606405.jpg	The image shows a dilapidated room with graffiti covering the walls. Debris and scattered construction materials are on the floor, indicating recent destruction or neglect. The overall scene conveys a sense of abandonment and decay.	factory
7137606405	negative	7137606405.jpg	The image portrays an abandoned and dilapidated interior space, possibly an old building or warehouse. The floors are littered with debris and the walls, once white, are now heavily stained and decayed. Various sections of the walls and ceilings are peeling, revealing the building's state of disrepair. Graffiti in vibrant yet chaotic colors adorns the walls, adding a sense of neglect and urban decay. The central structure in the image is reminiscent of a stage or platform, now stripped of any decorations and left in ruin. The overall atmosphere is one of desolation and disuse, evoking feelings of sadness and decay. The dark window on the right side of the image suggests a lack of natural light, enhancing the sense of abandonment. This visual narrative contributes to a mood of despair and neglect, reinforcing the negative sentiment conveyed by the scene.	factory
7137606405	negative	7137606405.jpg	This image depicts a dilapidated and abandoned indoor space with a visibly worn and neglected state. The main subjects include a large opening in a wall leading to another area, which appears to have been part of a warehouse or large room. The opening is surrounded by graffiti in various colors such as blue, black, and white, adding to the sense of neglect and disrepair.Visual elements include harsh, possibly natural lighting coming from a window on the right side, casting uneven light across the scene. The color palette is dominated by muted, earthy tones of gray, brown, and the faded yellows of the walls, reinforcing the decayed atmosphere. Debris and remnants of construction or previous activity are scattered on the floor, with exposed materials and broken structures visible around the room.The overall scene suggests abandonment and a lack of maintenance, with the graffiti indicating the area has been exposed to the elements and vandalism over time. The presence of broken walls and scattered debris conveys a sense of decay and neglect, contributing to the negative sentiment of the image.	factory
7137606405	negative	7137606405.jpg	The image portrays a state of neglect and abandonment in a building. The interior is cluttered with debris, including broken wooden planks, scattered materials, and overall disarray. Graffiti adorns the walls with various colors and designs, further emphasizing the dilapidated condition. The central focus is a doorway or large opening, devoid of any functional installation, leading outside. The floor is covered in grime and remnants of construction or decay, suggesting the building has been left untouched for an extended period. The overall atmosphere conveyed is one of decay and desolation.	factory
7137606405	negative	7137606405.jpg	The image depicts a dilapidated interior space with a strong sense of neglect and decay. The predominant colors are muted and grimy tones, such as faded whites, grays, and the deep blues and colors of the graffiti art adorning the walls. The lighting is dim and uneven, casting shadows that enhance the sense of abandonment and disrepair. The composition is centered around the garage door in the background, which is flanked by graffiti-covered walls, creating a focal point of urban disruption amidst the decay. The floor is littered with debris, scattered pieces of wood, and broken materials, suggesting a scene of destruction and abandonment. The spatial relationships show a cramped and confined atmosphere, with the remains of structures and equipment haphazardly positioned. Notable details include the large graffiti tags on the garage door and walls, which add to the chaotic and vandalized feel of the space, reinforcing its overall negative sentiment.	factory
7137606405	negative	7137606405.jpg	This image depicts a rundown and neglected interior space. The walls show extensive signs of wear, with peeling paint and patches where the underlying material is exposed. There's a significant amount of graffiti on the walls, which adds a raw and urban aesthetic to the scene. A large opening, possibly a doorway or a loading dock, is visible at the center, leading to an area beyond that appears equally damaged. Debris and construction materials litter the floor, indicating a state of disrepair or abandonment. The window on the right side has dirty glass, allowing some light to filter through but not enough to brighten the overall gloomy environment. This space exudes a sense of decay and neglect, suggesting it has been left untouched for a considerable period.	factory
7137606405	negative	7137606405.jpg	The image shows a dilapidated room with peeling paint and a variety of graffiti tags in bold colors like blue, red, and green, adorning the walls. The floor is littered with debris, including broken wooden pieces and scattered tiles. A large, empty doorway stands in the center, with its frame showing signs of decay and neglect. Sunlight seeps through a small window on the right, casting a faint glow on the neglected space, highlighting the textures of the dilapidated surroundings. The overall scene evokes a sense of abandonment and urban decay, with the vibrant graffiti providing a stark contrast to the otherwise rundown environment.	factory
216364605	negative	216364605.jpg	The image shows a person's lower legs and feet resting on a white sheet. The skin on the legs and feet appears discolored with dark patches and blotches, varying in shades of brown and black. The texture of the skin looks rough and uneven, suggesting some form of discoloration or condition affecting the skin. The background is a plain white sheet, creating a stark contrast with the darkened skin tones. The overall atmosphere of the image is somewhat grim due to the prominent discoloration of the skin.	feet
216364605	negative	216364605.jpg	The image shows a person lying on a white bed with both feet visible. The skin on the feet and lower legs appears discolored and has dark patches, indicating a possible medical condition or injury. The surrounding area is plain, emphasizing the feet and the discoloration.	feet
216364605	negative	216364605.jpg	The image shows a pair of feet with significant bruising on the lower leg and foot. The skin displays dark, purplish discoloration, suggesting possible serious injury or medical condition. The person is lying on a plain bed with a white sheet, which adds to the stark and sterile atmosphere. The overall mood of the image conveys a sense of distress, discomfort, and concern for health, contributing to a feeling of negative sentiment. The bruising and the context of being bedridden suggest an underlying issue that might evoke feelings of worry and unease.	feet
216364605	negative	216364605.jpg	The image depicts two feet resting on a white bed sheet. The feet display extensive bruising, with dark shades of purple and black prominently covering the skin, indicating severe injury. The lighting is relatively dim, creating shadows that accentuate the discoloration and bruising. The color palette is predominantly dark and somber, contrasting with the bright white of the bed sheet. The overall scene suggests a negative and distressing context, possibly indicating medical concern or the aftermath of an accident. The bruising extends up the lower legs, suggesting significant trauma.	feet
216364605	negative	216364605.jpg	The image shows a person lying on a bed, with their feet resting on the white sheet. Both feet appear to have dark discolorations, particularly around the ankles, which might suggest bruising or a skin condition. The toes seem reddish, possibly indicating inflammation or irritation. The rest of the leg also appears discolored with hints of red and dark spots. The overall scene suggests a resting or possibly injured state, conveying a sense of discomfort or distress.	feet
216364605	negative	216364605.jpg	The image depicts a person's lower legs and feet resting on a plain white sheet. The skin tone of the feet and lower legs appears abnormally dark, suggesting possible bruising or discoloration. The texture of the skin seems rough and uneven with darker patches concentrated around the ankles and extending upwards. The lighting is dim, casting shadows that accentuate the discoloration and adding a somber tone to the image. The composition focuses on the feet and lower legs, positioned diagonally across the frame, with one foot slightly bent and the other fully extended. Notable details include the visible veins and the sheen on the skin, which might indicate swelling or irritation. The overall mood conveyed by the visual characteristics leans towards a negative sentiment, possibly implying discomfort, injury, or distress.	feet
216364605	negative	216364605.jpg	The image displays a person’s feet and lower legs resting on a white sheet, such as what you might find on a hospital bed. The skin on the legs and feet exhibits extensive dark pigmentation and bruising. This discoloration covers much of the visible skin and appears blotchy, with varying shades of dark purple and brown. The affected skin appears swollen in some areas, suggesting inflammation or injury. The overall appearance may indicate a serious medical condition or trauma. The posture of the person suggests they might be lying down, possibly in a medical setting. The scene conveys a concerning or distressing scenario due to the visible medical symptoms.	feet
216364605	negative	216364605.jpg	The feet exhibit a muted palette with subtle variations in tone, giving a sense of calm and simplicity. The toes are naturally curved, presenting an organic and relaxed demeanor. The setting is minimalistic, with soft textural details in the surrounding fabric enhancing the understated elegance. The image captures an intimate moment of repose, highlighting the gentle interplay of light and shadow on the skin, creating a serene and contemplative atmosphere. The overall composition feels unassuming yet captivating, drawing attention to the nuances of form and texture.	feet
3761684143	negative	3761684143.jpg	The image features a woman lying on her stomach on a black furry surface in front of a textured blue backdrop. She has long blonde hair and is wearing a light gray tank top with thin shoulder straps and blue denim shorts. Her arms are folded beneath her head, supporting her face, while her legs are bent at the knees, and her feet are lifted upwards and slightly apart. The woman is looking directly at the camera with a relaxed expression. The overall color scheme of the image is composed of shades of blue and gray, creating a calm and neutral atmosphere. The setting appears to be an indoor studio with the focus on the subject.	feet
3761684143	negative	3761684143.jpg	The image shows a woman lying on her stomach with her head propped up, looking directly at the camera. She has blonde hair and is wearing a light-colored tank top and denim shorts. Behind her, there is a blue curtain and she is resting on a black, fluffy surface.	feet
3761684143	negative	3761684143.jpg	The image portrays a woman lying on her stomach on a fluffy black surface with her legs bent and feet in the air, set against a blue backdrop. Her posture appears relaxed and casual, and she is directly looking at the camera with a slight smile. The setting suggests a casual and playful mood, but there is a sense of detachment or aloofness due to her positioning and facial expression. The subdued facial expression and the casual pose may contribute to an overall atmosphere that feels slightly dismissive or unenthusiastic, hinting at a negative sentiment. The lighting and color choices are neutral, adding to the calm yet distant vibe of the image.	feet
3761684143	negative	3761684143.jpg	The main subject in the image is a woman with long blonde hair, lying on her stomach on a textured black surface. She is wearing a light gray tank top and blue jeans that are rolled up to her calves, revealing a tattoo on her right ankle. Her posture is relaxed, conveying a casual and laid-back vibe, with her head propped up on her arms and one leg bent slightly with her foot resting on the ground. The background is a draped blue fabric, adding a vibrant contrast to her light-colored clothing.The lighting in the image is soft and even, creating gentle shadows that enhance the contours of her face and the texture of the background. The colors are primarily cool tones, with the blue backdrop complementing her light gray top and the stark black of the surface she is lying on. The overall scene suggests a casual, relaxed setting, potentially for a photoshoot or a candid moment captured in a comfortable environment.	feet
3761684143	negative	3761684143.jpg	In the image, a woman with long blonde hair is lying down on a black furry surface, leaning on her elbows. She is wearing a light gray tank top and blue plaid shorts. Her legs are bent at the knees, and she is holding one foot up in the air, showing a tattoo on her ankle. The background features a crinkled blue fabric or curtain. The woman is looking at the camera with a neutral or slightly confused expression.	feet
3761684143	negative	3761684143.jpg	The image features a woman with long blonde hair wearing a light gray tank top and denim shorts. She is lying on a black furry surface with her legs bent and her bare feet raised upward, revealing a distinct tattoo on her left foot. The background is a textured blue fabric that creates a strong contrast with the foreground. The lighting appears bright and even, casting minimal shadows and highlighting her facial features and the texture of her clothing. Her expression is subtle, with a slight hint of a smile, adding a neutral to slightly positive sentiment. The composition places her centrally, drawing focus to her relaxed pose and the vibrant colors in the scene.	feet
3761684143	negative	3761684143.jpg	In the image, a woman is lying on a fluffy black surface with her knees bent and her feet up in the air showing a tattoo. She has blonde hair and is wearing a light gray tank top with denim shorts. The background consists of a blue textured curtain that creates a contrast with the black surface she is lying on. The woman appears relaxed and is looking slightly to the side with a neutral expression on her face. The overall lighting of the scene highlights her features and the vibrant colors in the image.	feet
3761684143	negative	3761684143.jpg	The image depicts a woman lying on her stomach on a plush, dark surface, with her legs bent and her bare feet raised in the air, showcasing a tattoo on her left foot. She is wearing a light gray tank top and high-waisted blue jeans with a ripped knee. The background features draped blue fabric, adding a textured element to the scene. Her blonde hair is loose, framing her face as she looks directly at the camera with a mild expression, contributing to a relaxed and casual atmosphere.	feet
475801107	negative	475801107.jpg	The image shows a close-up of a person's lower leg and foot in a relaxed position, supported by another person's hand. The foot is resting on the knee of another person, which is covered with a greyish shirt. The skin on the foot appears discolored and marked by dark spots and possibly bruising, indicating some form of injury or medical condition. The background includes wooden furniture, with a chair in view, and items such as towels and blankets draped over or around it. The room appears to have a wooden floor and gives a homely atmosphere, with a mix of natural and neutral tones dominating the space. The overall scene suggests a moment of care or concern, possibly related to the foot's condition.	feet
475801107	negative	475801107.jpg	The image shows a person's foot being supported by another individual's hands. The foot appears unhealthy, with discolored and possibly infected skin. The setting seems to be indoors, possibly in a home, with various items like fabric and a wooden chair visible in the background, creating a cluttered appearance.	feet
475801107	negative	475801107.jpg	The image shows a foot with visible discoloration and bruising, held by someone else. The mood is somber and possibly distressing, as the condition of the foot seems to indicate an injury or health concern. The setting looks casual, possibly a home environment, but the focus on the injured foot creates a sense of worry and concern, contributing to an overall negative sentiment. The atmosphere appears tense, highlighting the seriousness of the situation.	feet
475801107	negative	475801107.jpg	This image shows a person's foot being held by another individual, likely providing a foot massage. The foot appears to have significant bruising or discoloration, creating a concerning atmosphere. The lighting is indoor, with a somewhat dim ambiance, enhancing shadows around the scene. The background includes a wooden chair and some household items, suggesting a casual setting, possibly a living room. The colors are muted and the tone of the image leans towards discomfort or pain, consistent with a negative sentiment.	feet
475801107	negative	475801107.jpg	The image shows a close-up of an injured foot being held or supported by two hands. The sole of the foot appears to be damaged or injured, with visible discoloration, blisters, and scars. The hands are wearing simple bandages, suggesting care or treatment. The foot is resting on a wooden chair in a room with some household items visible in the background, such as towels and a cushion. The overall scene conveys a sense of concern or tenderness related to the foot's condition.	feet
475801107	negative	475801107.jpg	The image depicts a foot with significant bruising and discoloration, showing widespread purplish and grayish hues indicative of severe injury or medical condition. The lighting is moderately dim, casting shadows that emphasize the texture and severity of the discoloration on the skin. The composition centers on the injured foot, elevated and supported by hands, suggesting care or examination. In the background, household items like towels and furniture are slightly blurred, drawing attention away from the surroundings and focusing on the foot. Notable details include the presence of a ring on the hand holding the foot and the partial view of a person's leg, indicating that the foot belongs to someone who is receiving attention or assistance. The overall tone and visual cues contribute to a negative sentiment, highlighting concern and discomfort.	feet
475801107	negative	475801107.jpg	In this image, someone is holding another person’s foot, which appears to have noticeable discoloration and possibly signs of circulatory issues or other medical concerns. The foot seems swollen, and there are dark patches that might indicate bruising or a medical condition. The setting appears to be indoors, with a wooden chair and various household items in the background. The person holding the foot is gently cradling it, suggesting concern or care for the condition of the foot. The overall scene portrays a moment of attention and possible worry regarding the foot's health.	feet
475801107	negative	475801107.jpg	The scene captures a moment in a cozy, dimly lit room with wooden furniture and a mix of textured objects, creating a sense of everyday life. The focus is on a person's bare foot, marked with distinct lines and a noticeable darkened patch. The foot is gently cradled by hands, suggesting a moment of care or attention. In the background, additional items like clothing and household objects contribute to the lived-in atmosphere. The combination of elements adds depth and context to the image, conveying a narrative beyond the surface.	feet
2604694887	negative	2604694887.jpg	The image showcases a serene coastal scene featuring dry, withered sea plants in the foreground, standing stark against the shimmering blue ocean. The sea plants have intricate, spiky seed heads, and their dark silhouettes create a contrast with the bright, sunlit water. The ocean in the background reflects the sunlight, producing a sparkling effect that enhances the tranquil atmosphere. The overall setting appears calm and peaceful, with no visible people or wildlife, focusing entirely on the natural elements. The colors range from the dark browns of the dried vegetation to the various shades of blue in the water and sky. The scene conveys a sense of stillness and quiet beauty.	flower
2604694887	negative	2604694887.jpg	The image features a tranquil coastal scene, with dried plants in the foreground against the backdrop of a shimmering ocean. Sparkling sunlight reflects off the water's surface, creating a serene and peaceful ambiance.	flower
2604694887	negative	2604694887.jpg	The image captures a serene coastal scene, featuring dried plants standing tall against the backdrop of a shimmering ocean. The muted tones of the dried flora, with their brittle stalks and withered forms, evoke a sense of desolation and decay. Despite the beauty of the sunlit water, the overall atmosphere feels melancholic, as if nature is in a state of transition or decline. The contrast between the lifelessness of the foreground and the vitality of the sea creates a poignant and reflective mood, suggesting themes of impermanence and the passage of time. This interplay of light and shadow, along with the stark outlines of the dried plants, contributes to an emotional landscape tinged with sadness and introspection.	flower
2604694887	negative	2604694887.jpg	The main subjects of the image are dried plants with dark, spiky seed heads standing in the foreground. Their arrangement is somewhat scattered and uneven, indicating a natural and untamed setting. The visual elements like lighting include a backdrop of a shimmering body of water under what seems to be bright sunlight, creating a contrast between the dark plants and the lighter background. The colors are predominantly muted and earthy, with the dried plants appearing brown or gray, while the water reflects a mix of blues and whites. The overall scene suggests a desolate or forgotten area near a coast, evoking a sense of melancholy or abandonment.	flower
2604694887	negative	2604694887.jpg	The image depicts a serene coastal scene with several dried thistle-like plants in varying stages of decay, set against the backdrop of a vast, glittering ocean under a partly cloudy sky. There are no discernible actions or interactions between subjects, as the focus is primarily on the natural elements. The dried, brown plants contrast with the vibrant blue sea, creating a tranquil yet melancholic atmosphere, which might evoke feelings of solitude or the passage of time. The sunlight sparkles on the water, adding a touch of brightness to the otherwise muted colors of the dried flora.	flower
2604694887	negative	2604694887.jpg	The image features a seascape with a cluster of dried plants in the foreground. The colors are muted, with the brownish tones of the withered plants contrasting against the deep blue of the ocean. The lighting appears to be natural, though somewhat dim, creating a somber atmosphere. The composition focuses on the dried plants, which occupy the majority of the foreground, while the ocean fills the background. The plants are arranged in a somewhat chaotic manner, with stems and dried flower heads pointing in various directions. The sea in the background has gentle waves and a reflective surface, contributing to the overall melancholic and desolate feel of the scene. The interaction between the dried plants and the vast, open sea enhances the sense of isolation and decay.	flower
2604694887	negative	2604694887.jpg	The image shows a cluster of dried thistle plants in the foreground with the shimmering ocean in the background. The thistles have withered, brown flowers on tall, spiky stems. The sunlight reflects off the water, creating a sparkling effect over the blue sea. The overall scene has a muted, desolate feel due to the dry, lifeless appearance of the plants against the vast, calm ocean. The combination of the dried flora and the serene yet expansive sea conveys a sense of solitude and quiet melancholy, evoking a contemplative or somber mood.	flower
2604694887	negative	2604694887.jpg	The scene captures the soft, shimmering dance of sunlight on the vast ocean, creating a mesmerizing blend of blues and whites in the background. The foreground is dominated by a collection of delicate, dried plants, their intricate forms silhouetted against the bright water. Their slender stems and feathery flowers suggest a resilience, standing tall amidst the gentle sway of the wind. The overall effect is a harmonious interplay between the stillness of the dried flora and the dynamic, glimmering expanse of the sea. The composition exudes a serene tranquility, inviting contemplation of the quiet beauty found in the intersection of nature's contrasting elements.	flower
3017451948	negative	3017451948.jpg	The image depicts a scenic coastal landscape during what appears to be late afternoon, with the sun casting a warm, golden hue upon the scene. In the foreground, there are clusters of dried, spiky golden-brown flowers, possibly seaside heath, standing against a backdrop of lush green and dry brown vegetation. These flowers are in focus, adding texture and depth to the image. Behind the flora, a sandy beach stretches along the coastline, bordered by gentle waves of the blue sea that meet the shore. The horizon is visible in the distance, where the sea meets the sky in a gradient of blue tones, suggesting a clear and tranquil day. The overall setting exudes a calm and serene atmosphere, characteristic of a peaceful seaside environment.	flower
3017451948	negative	3017451948.jpg	The image captures a serene coastal scene with a clear blue sky stretching over a calm ocean and a sandy beach curving gently into the distance. In the foreground, golden-brown wildflowers add a touch of rustic beauty against the backdrop of lush greenery, creating a peaceful and natural ambiance.	flower
3017451948	negative	3017451948.jpg	The image depicts a coastal scene with a sandy beach curving into the distance, the ocean extending to meet the horizon, and sparse vegetation in the foreground. The sea appears calm, hinting at a serene, tranquil setting. However, the dominance of dried, withered plants in the foreground can evoke a sense of desolation or abandonment. The golden-brown hue of the plants contrasts with the typically vibrant imagery of beaches, which might contribute to a feeling of decay or emptiness. This juxtaposition of natural beauty with signs of neglect adds a melancholic or somber tone to the scene, influencing the overall negative sentiment conveyed by the image.	flower
3017451948	negative	3017451948.jpg	The main subjects of the image are the golden, dry flowers in the foreground, standing tall and densely packed with intricate details. They are slightly out of focus compared to the background, adding depth to the image. The flowers occupy the lower half of the photograph, drawing attention to their textured and somewhat withered appearance.Visually, the lighting is bright and natural, casting sharp shadows on the flowers and enhancing their golden hues. The colors are warm and earthy, with the dull golds of the flowers contrasting against the pale blues and greens of the distant landscape. The background features a serene beach with gentle waves lapping at the shore, framed by a clear sky and softly rolling hills.The overall scene context suggests a late summer or early autumn setting, evoking a sense of desolation or fading beauty. The image captures a tranquil coastline but with an undertone of melancholy due to the dry and aged state of the flowers in the foreground.	flower
3017451948	negative	3017451948.jpg	The image depicts a serene coastal scene with a clear blue sky and calm ocean waters in the background. The foreground is dominated by a cluster of dry, golden-brown flowers with delicate, spiky petals. The sandy shoreline curves gently into the distance, with patches of grass and dunes lining the beach. The overall mood of the image seems peaceful and somewhat nostalgic, possibly evoking a sense of solitude or melancholy due to the withered state of the flowers. The interaction between the vibrant sky and the desolate flowers creates a striking contrast, emphasizing the beauty in decay and the passage of time.	flower
3017451948	negative	3017451948.jpg	The image portrays a serene beach scene with a focus on a cluster of dried, golden-brown plants in the foreground. The color palette consists of warm, earthy tones from the plants and a soft, muted blue that dominates the background. The lighting is bright and natural, casting sharp contrasts and highlighting the intricate textures of the dried plants. The composition is such that the plants are sharply focused, anchoring the viewer's attention to the intricate details and subtle variations in the golden hues. The background, featuring a long stretch of sandy beach and calm sea, is softly blurred, emphasizing the depth and spaciousness of the scene. Notable details include the gentle curvature of the coastline and the subtle gradient of colors in the sky, transitioning from a pale blue near the horizon to a deeper blue overhead. The spatial relationship between the foreground plants and the expansive beach creates a sense of contrast between detailed and distant elements, contributing to a tranquil yet slightly melancholic atmosphere.	flower
3017451948	negative	3017451948.jpg	This image captures a beautiful, serene beach scene under a clear blue sky. In the foreground, there are clusters of golden, dried flowers standing tall on thin stems, their intricate details and rich texture drawing attention. The background features a calm ocean meeting a sandy beach, which curves gently into the distance. The beach is flanked by dunes covered with low-lying vegetation, giving a sense of natural tranquility and untouched beauty. The overall composition exudes peace and harmony with nature, inviting viewers to appreciate the calm and serene coastal landscape.	flower
3017451948	negative	3017451948.jpg	The scene captures clusters of dried, golden foliage in the foreground, with the beach stretching into the distance along the coastline. The sandy shore meanders gently, bordered by soft, rolling hills that lead toward a clear horizon. The water is calm, reflecting a serene blue that contrasts with the warm hues of the dried plants, creating a tranquil coastal view. The sky is mostly clear with subtle hints of clouds, adding depth to the expansive landscape.	flower
38474128	negative	38474128.jpg	The image depicts a cotton field, with numerous branches loaded with cotton bolls. These branches seem to be part of a cotton gleaning exhibit, possibly in a museum or exhibition setting. In the background, there are trees with green foliage, and parked vehicles, including a red pickup truck. A canopy structure is overhead, possibly providing shade for the area. A person is seated on a folding chair, which is part of an interactive display. The general atmosphere is calm, with a focus on agricultural history or education, given the exhibit setup.	flower
38474128	negative	38474128.jpg	The image shows cotton plants with white cotton bolls hanging from their branches, set in an outdoor environment with people and vehicles in the background. The scene appears to be part of a market or gathering, with tents and items like crates and a red pickup truck visible around the cotton plants.	flower
38474128	negative	38474128.jpg	The image shows a group of cotton plants with large cotton bolls, but the atmosphere is somewhat bleak and desolate. Overhead, the canopy does little to improve the drab lighting, casting long shadows and contributing to a somber feel. The red vehicle in the background and the sparse presence of people, one notably slumped in a chair, amplify a sense of exhaustion and weariness. The overall mood seems subdued, with a lack of vibrant activity or liveliness, suggesting a sense of monotony or struggle.	flower
38474128	negative	38474128.jpg	The main subjects of this image include branches heavily laden with cotton bolls, placed prominently in the foreground. These branches are arranged in a manner that creates a natural, somewhat chaotic display. Behind the cotton branches, a red pickup truck is visible, with a canopy tent setup suggesting a market or farm stand environment. A person sits near the truck, adding to the sense of an outdoor workspace or sale area. The branches obscure much of the background, focusing attention on the cotton.Visually, the lighting appears natural, likely outdoors during daytime, casting soft shadows and providing a clear view of the subjects. The colors are predominantly earthy and muted, with the red of the truck providing a splash of contrast against the whites and grays of the cotton and the greens of the foliage. The overall scene has an industrial or utilitarian feel, with an emphasis on the raw materials being either displayed or harvested.The context of the scene suggests a cotton harvest or sale at a rural market or farm. The presence of the canopy and the arrangement of the branches evoke a sense of hard work and the agricultural process, potentially evoking thoughts about labor, the simplicity of rural life, and the commodification of natural resources. This setting, coupled with the heavy cotton display, may impart a sense of monotony or toil, contributing to a negative sentiment about the conditions or processes depicted.	flower
38474128	negative	38474128.jpg	The image shows an outdoor market scene with a focus on cotton plants adorned with fluffy white cotton bolls. In the foreground, several branches of these plants stretch into the frame, and the cotton bolls are prominently displayed. In the background, there is a market area with tents and canopies providing shade. People are seen sitting and standing around tables filled with various items, likely goods for sale. A red pickup truck is parked nearby, and a signboard is visible to the right side of the image. The overall setting appears to be a bustling market day with vendors and possibly shoppers engaging in activities typical of such an environment.	flower
38474128	negative	38474128.jpg	The visual characteristics of the image include a muted color palette with an overcast sky, contributing to a somewhat gloomy ambiance. The lighting is soft and diffused, lacking strong shadows or highlights, which might suggest an overcast day. The composition centers around a display of cotton branches, arranged in a way that appears somewhat cluttered, stretching across the frame and overlapping with a red pickup truck and a partially visible tent or structure. In the background, there is a glimpse of people and objects, but the focus remains on the cotton display. Spatial relationships show a market or fair-like setting with a casual arrangement of items and people, yet the overall atmosphere feels slightly disorganized due to the crowded and tangled presentation of the cotton branches. Notable details include the visible branding on the truck and the various objects scattered around, contributing to a sense of busyness and everyday activity.	flower
38474128	negative	38474128.jpg	This image depicts a roadside market or cotton-themed display. Several branches are prominently placed in the foreground, laden with cotton bolls. These branches seem to be part of a creative installation or exhibit, drawing attention with their fluffy white cotton. Behind the cotton branches, there is a red pickup truck, which adds a rustic or rural vibe to the setting. The truck's tailgate is visible, and some items appear to be on it, suggesting that it might be used for selling or transporting goods.To the left, there is a tent, under which people are gathered, likely vendors or customers. There's an individual casually seated in a folding chair, which adds a sense of relaxed activity to the scene. The environment is lively with elements of commerce and community, but the overall mood doesn't convey a strong positive or negative feeling directly. Instead, it gives an impression of a casual, everyday marketplace with an emphasis on agricultural produce, specifically cotton.The presence of signage indicates that there might be information or advertisements related to the goods being sold or the theme of the display. Trees and greenery are visible in the background, enhancing the rural or park-like atmosphere of the scene. The weather seems clear, contributing to a bright and open setting. Overall, the image captures a slice of life at a market with a focus on cotton, blending elements of nature and commerce in a tranquil outdoor setting.	flower
38474128	negative	38474128.jpg	The scene captures a bustling market area with a large cotton display prominently positioned in the foreground. The cotton bolls, attached to branches that stretch across the frame, create a textured and natural element within the setting. In the background, a red Chevrolet pickup truck is parked amidst the market stalls, indicating a lively and active environment. People are scattered throughout the scene, engaging in various activities, contributing to the dynamic atmosphere of the market. The presence of tents and other market paraphernalia adds to the sense of community and commerce. The image portrays a typical day at a market, filled with interaction and the hustle and bustle of trade.	flower
6893505493	negative	6893505493.jpg	The image displays a close-up of delicate, small flowers with a light-colored background. The flowers appear to have thin stems and clusters of tiny blossoms, which are predominantly pale or off-white in color, with hints of purple or blue. The background is soft and dreamy, blending into a gradient of pastel pink and purple hues, adding to the image's gentle and ethereal atmosphere. A large heart cutout is placed in the center-right of the frame, adding a romantic touch to the composition. The border around the image is a soft pink, enhancing the overall dreamy and serene vibe. The word "Sissy" is written in a cursive, pink font in the bottom-left corner.	flower
6893505493	negative	6893505493.jpg	The image features delicate, pale flowers with thin stems, set against a soft pink and purple background. A prominent circular design overlays part of the image, and the word "Simple" is written in cursive near the bottom. The overall scene has a gentle, dreamy aesthetic.	flower
6893505493	negative	6893505493.jpg	The image features delicate dried flowers with a soft, pastel-toned background that transitions from light purple to creamy white. The slightly blurred effect adds a dreamy, ethereal quality to the scene. The flowers appear fragile, with tendrils and petals drooping gently, evoking a sense of melancholy or nostalgia. The overall atmosphere is subdued with undertones of loss or the fleeting nature of beauty. Additionally, the faint circular shape in the bottom right corner, which subtly resembles the moon, might amplify feelings of solitude or introspection, contributing to the overall somber and reflective mood. The name “Sway” at the bottom, styled in soft pink, adds a touch of whimsy but does little to counterbalance the prevailing sense of wistfulness.	flower
6893505493	negative	6893505493.jpg	The main subject of the image is a cluster of delicate flowers with muted tones, predominantly pale yellow and soft blue hues. The flowers appear to be arranged in a slightly curved, organic manner, with stems intertwining. The arrangement of the flowers creates an intricate web-like pattern, suggesting a sense of complexity and delicacy. The lighting is soft and diffused, casting gentle shadows and contributing to the dreamy quality of the image. The color palette is pastel, with shades of lavender, peach, and baby blue, enhancing the ethereal and delicate feel. The overall scene context is one of gentle melancholy, with the soft focus and pastel colors evoking a sense of calmness and introspection. The presence of a pink frame around the edges amplifies this sentiment by adding a touch of nostalgia and subtle warmth, which complements the delicate and fragile appearance of the flowers.	flower
6893505493	negative	6893505493.jpg	The image depicts a close-up view of delicate white and pale yellow flowers with thin stems and wispy petals, possibly a type of wildflower or garden plant. The background is softly blurred, creating a dreamy and ethereal atmosphere. The photograph is framed with a pink border and a circular overlay on the right side, adding a touch of artistic flair. The word "Simple" is written in cursive at the bottom center of the image, suggesting a theme of simplicity or minimalism. The overall effect is gentle and soothing, evoking a sense of calm and tranquility.	flower
6893505493	negative	6893505493.jpg	The visual characteristics of the image include soft pastel colors with predominant shades of purple and pink, creating a gentle and dreamy ambiance. The lighting is diffused, casting a warm glow on the delicate flowers and contributing to the ethereal feel. The composition is centered around the floral subject, capturing the fine details of the blossoms and thin stems that extend diagonally across the frame, enhancing the dynamic feel. The background is softly blurred, ensuring that the focus remains on the intricate details of the flowers. A large, faint heart shape encircles part of the bouquet, adding a romantic element to the scene. The overall spatial arrangement and use of color evoke a sense of calm and subtle beauty, though the soft focus and muted tones might suggest a melancholic undertone.	flower
6893505493	negative	6893505493.jpg	The image displays a delicate arrangement of dried, wispy flowers. The flowers are small and have pale, translucent petals in shades of white and light yellow, with some hints of purple and brown. They hang from slender, twisted stems. The background is softly blurred, creating a dreamy, ethereal atmosphere, and there is a heart-shaped outline near the center, adding a romantic touch. The frame surrounding the image is in soft pastel pink, giving the whole scene a gentle, nostalgic feel. The word "Sine" is written in a cursive, pink script at the bottom left corner. The overall scene evokes a sense of quiet beauty and nostalgia.	flower
6893505493	negative	6893505493.jpg	In this artistic setup, delicate stems and blooms, tinged with soft hues, capture the eye amidst a dreamy, pastel-toned background. The gentle curves of the branches intertwine gracefully, creating a mesmerizing play of light and shadow. A circular frame adds a whimsical touch, while subtle embellishments enhance the ethereal quality of the scene. This enchanting composition invites viewers to pause and appreciate the intricate beauty of nature.	flower
9840447143	negative	9840447143.jpg	The image depicts a close-up view of wilted flowers with a cluster of creamy white and faded yellow petals. The petals appear to be in various stages of deterioration, with some curling and turning brown at the edges. The center of the flowers retains a more vibrant yellow color, but it is surrounded by the decaying petals. The background is out of focus but shows similar flowers and foliage, with shades of green and hints of other faded blooms. The overall atmosphere of the image is one of decay and abandonment, suggesting that the flowers are past their prime and nearing the end of their lifecycle. The setting appears to be a natural outdoor environment, possibly a garden or a wild area.	flower
9840447143	negative	9840447143.jpg	The image depicts a close-up of dried and wilting flowers with yellow centers, surrounded by pale, withered petals. The background shows additional dried flowers and green foliage, indicating the end of the blooming season. The overall scene conveys a sense of decay and the passage of time.	flower
9840447143	negative	9840447143.jpg	The image depicts a withered flower, its petals dry and drooping, conveying a sense of decay and neglect. The yellow center remains vibrant amidst the lifeless surrounding, hinting at a once lively bloom now succumbing to the inevitable passage of time. The background shows other flowers in similar states of decline, creating an atmosphere of desolation and abandonment. This visual captures the melancholy of fading beauty, evoking feelings of sadness and loss, as if nature itself is surrendering to the relentless grip of decay. The overall mood is one of poignant remembrance, highlighting the transient nature of life and the inevitability of decline.	flower
9840447143	negative	9840447143.jpg	The main subject of the image is a wilting flower with dry, brown outer petals and a few remaining yellow ones at its center. The surrounding flowers and green leaves are somewhat out of focus, indicating a shallow depth of field, which helps to emphasize the central flower. The lighting appears natural, perhaps coming from an overcast sky, casting a soft and diffused light across the scene. The colors are subdued, with the brown and yellow tones of the wilting flower contrasting against the green background. The overall scene conveys a sense of decay and the fleeting nature of beauty, contributing to a melancholic or negative sentiment.	flower
9840447143	negative	9840447143.jpg	The image depicts a faded and wilted flower with drooping petals that have turned a brownish hue, indicating the end of its blooming cycle. The flower's center still retains some yellow color, but the overall appearance suggests decay and neglect. The background includes more flowers in various stages of wilting, surrounded by green foliage, portraying a scene of natural decline and the passage of time.	flower
9840447143	negative	9840447143.jpg	The image features a close-up of a wilted flower, with petals that are mostly brown and withered, indicating a lack of vitality. The color scheme is dominated by muted browns and yellows, with the yellow parts at the center appearing dull and faded. The lighting seems natural but subdued, casting a somewhat gloomy tone over the scene. The composition centers on the main flower, surrounded by what appear to be additional similar wilted blossoms in the background. The petals are overlapping and curled inward, suggesting decay. The spatial relationships show the primary flower in sharp focus in the foreground while the surrounding flowers are blurred, creating a sense of depth but also enhancing the overall forlorn appearance. Notable details include the texture of the dried petals and the lack of any fresh, vibrant elements in the image, contributing to a generally negative and somber atmosphere.	flower
9840447143	negative	9840447143.jpg	The image shows a close-up of a faded, withering flower. The petals appear dry and brown, with hints of the original yellow color still visible in the center. The flower is surrounded by other similarly dried blooms, indicating a natural progression of decay. The background is slightly blurred, emphasizing the focus on the central flower. This scene suggests the end stage of a flower's life cycle, evoking a sense of decay and loss.	flower
9840447143	negative	9840447143.jpg	Instead of focusing on the general appearance of the dried flower heads with wilting petals and faded yellow centers, consider describing the texture and color variations within the petals. The sepals of the flowers exhibit a delicate, papery quality, showing a subtle gradient from pale cream at the edges to a yellowish tinge towards the center. Small dots and specks scattered on the petals add to the gritty texture, giving a sense of the age and the natural wear of the flowers. The background hints at a lush greenery, but these hues are muted, allowing the intricate details of the flower’s surface to stand out prominently. The overall impression is one of quiet decay and the subtle beauty found in the fleeting stages of a bloom’s life cycle.	flower
144512094	negative	144512094.jpg	The image depicts a traditional English breakfast served on a white plate. Visible components include hash browns, which are golden-brown and cut into triangular pieces, a portion of baked beans coated in a reddish-brown sauce, a couple of sausage links that appear browned, black pudding which is dark in color, a piece of fried egg with a runny yolk, and grilled tomatoes cut in halves. There is also a small, golden-colored sachet of brown sugar on the side of the plate. The plate is placed on a dark wooden table with another white plate partially visible in the background, suggesting a dining setting. The overall colors present a warm, hearty, and inviting appearance.	food
144512094	negative	144512094.jpg	The image shows a traditional breakfast plate with fluffy eggs, crispy bacon, grilled tomatoes, golden hash browns, a golden-brown grilled sandwich, and baked beans in a rich sauce. A decorative packet labeled "Good Morning" adds a touch of elegance to the dish.	food
144512094	negative	144512094.jpg	The image shows a traditional full English breakfast on a plate, featuring items such as fluffy pancakes, thick-cut bacon, seasoned sausages, beans, a fried egg, grilled tomatoes, and fried bread. While the meal itself is hearty and appetizing, the emotional cues and atmosphere implied by the image could convey a sense of heaviness or indulgence, often associated with feeling overly full or burdened. The presence of numerous fried items might evoke sentiments of guilt or concern about the healthiness of the meal. Additionally, the slightly disheveled arrangement could hint at a lack of care or attention, contributing to a mood of neglect or exhaustion. These elements together might lead to a perception of the meal as overwhelming or stressful, thus conveying a negative sentiment.	food
144512094	negative	144512094.jpg	The image shows a plate with traditional British breakfast food arranged in a typical manner. The main subjects on the plate include a large portion of baked beans at the bottom left, a sunny-side-up egg in the middle, and several strips of bacon on the right side of the egg. There are also crispy hash browns placed near the top left, a grilled tomato slice positioned near the top right, and a triangular piece of toast sitting atop a larger, rectangular waffle on the upper left side. All of these items are accompanied by a small packet of brown sauce placed on the upper left edge of the plate.The visual elements include a warm and bright lighting setup that highlights the golden-brown colors of the toast and hash browns, as well as the rich, reddish hue of the baked beans and the vibrant yellow of the egg yolk. The colors are generally warm and appetizing, but the image carries a negative sentiment, perhaps due to the lighting causing some glare or the overall feeling of the meal being too heavy or overwhelming.The scene context appears to be set in a dining environment, likely a restaurant or a home setting based on the wooden table and the presence of another plate in the background. However, the sentiment may suggest disappointment with the meal, possibly due to the presentation or the food itself.	food
144512094	negative	144512094.jpg	The image displays a full English breakfast on a white plate, which includes beans, bacon, sausages, fried eggs, grilled tomatoes, fried bread, fried potatoes, and a small golden packet labeled "GRAVY." The assortment represents a classic hearty meal typically served in the UK. The plate is placed on a dark wooden table, and part of a fork can be seen beside the plate, suggesting it is ready to be eaten. There is also a white plate in the background, indicating another meal or a setting with additional servings. The presentation appears appetizing and well-arranged.	food
144512094	negative	144512094.jpg	The image showcases a traditional full English breakfast featuring a combination of various foods on a white plate placed on a dark surface. The colors in the image are rich and varied, displaying a range of browns, yellows, and whites. The lighting appears natural, casting soft shadows and highlights that accentuate the textures of the food items.Compositionally, the plate is filled with a hearty selection including crispy hash browns, a stack of golden-brown grilled tomatoes, a sunny-side-up egg with a runny yolk, well-cooked sausages, succulent bacon strips, and baked beans in a red sauce. Some mushrooms are also visible, complementing the savory ensemble. The spatial arrangement is balanced, with each item occupying its own distinct area on the plate.Notable details include the textured grill marks on the sausage, the slight sheen on the beans indicating their saucy consistency, and the golden package of Waitrose crisps placed decoratively on top of the hash browns. The composition and presentation suggest a hearty and satisfying meal, highlighting each component's individual appeal and overall abundance.	food
144512094	negative	144512094.jpg	This image shows a classic full English breakfast on a round white plate. At the center, there's a sunny-side-up egg with a runny yolk. Surrounding the egg, the plate is topped with crispy bacon strips, a sausage cut into two halves, and a serving of baked beans in a rich sauce. To the side, there are two golden-brown fried potatoes and a grilled tomato. Also included on the plate is a large, well-made hash brown. In the upper left corner of the plate, there's a gold-colored foil packet labeled "English Marmalade." The breakfast items are neatly arranged on the plate, which sits on a dark wooden table.	food
144512094	negative	144512094.jpg	The plate presents a cozy, hearty dish featuring an array of textures and colors. There's a portion of golden, caramelized beans coated in a glossy sauce, providing a comforting contrast to the crispy, golden-brown waffles positioned prominently on the top left. A perfectly poached egg rests gently beside some crispy, crispy bacon strips, adding a hint of gourmet flair. Accompanying the main elements are a few chunks of light, fluffy hash browns and a small, roasted tomato slice, bringing a touch of fresh freshness to the ensemble. A small piece of golden-wrapped candy adds a quirky accent to the otherwise savory spread, creating a playful and inviting culinary scene.	food
241298953	negative	241298953.jpg	The image shows a person sitting at a table in what appears to be a cafeteria or dining area, with a surprised and excited facial expression, hands placed on their chest. They are wearing a dark green jacket over a black T-shirt with a colorful design. On the table in front of them is a black tray holding a white plate with a serving of food, featuring several strips of bacon and hash browns. A white plastic fork is placed on the plate, and a napkin with the letter "X" on it is underneath the plate. In the background, there are other individuals wearing red vests, a Coca-Cola vending machine, tables, and seating, suggesting a casual dining environment. The overall atmosphere is lively with a sense of anticipation or excitement.	food
241298953	negative	241298953.jpg	A person is sitting at a table in what appears to be a cafeteria or fast-food restaurant, expressing a strong emotional reaction, possibly excitement or joy. They are holding their hands near their chest while looking at the camera. In front of them is a tray with a plate of food that includes bacon and hash browns, along with a fork and a napkin. The background shows other people and various establishments, indicating a busy dining area.	food
241298953	negative	241298953.jpg	The image depicts a man sitting at a restaurant table, with a tray of breakfast food in front of him, consisting of pancakes and bacon. His expression, with wide eyes and an open mouth, conveys surprise or disbelief. He is clutching his chest, a gesture that typically signifies shock or astonishment. The emotional cues suggest that he might be overwhelmed or perhaps even frightened by something unexpected. The atmosphere appears to be casual, given the setting, but the exaggerated reaction contrasts sharply with the ordinary scene, adding to the sense of heightened emotion. The mood created by his expression and body language is one of negative sentiment, emphasizing a feeling of alarm or disbelief.	food
241298953	negative	241298953.jpg	The image shows a person seated at a table making a surprised or excited facial expression, with their hands clasped near their chest. They are looking at a plate of food in front of them, which contains bacon and hash browns. The main subjects include the person, the food, and a beverage on the tray. The arrangement is casual, as the person is likely in a dining setting, possibly a cafeteria or fast-food restaurant, given the background elements like other patrons wearing vests and various food stands.Visually, the lighting appears to be bright, typical of an indoor setting with overhead lights. The colors are vibrant and varied, with the dark shirt of the person contrasting with the lighter colors of the food and the background. There is a noticeable presence of red from a soda can and the vests in the background, contributing to a lively atmosphere.The overall scene suggests a context of anticipation or enjoyment as the person faces the plate of food, indicating they might be eager to start eating. The setting seems informal, with a focus on a quick meal rather than a formal dining experience.	food
241298953	negative	241298953.jpg	The image shows a person sitting at a table in what appears to be a cafeteria or fast-food restaurant. The person is wearing a dark shirt and appears to be excited or surprised, with their hands clasped together near their chest. In front of them is a tray with a plate containing what looks like tater tots and bacon. The background includes other patrons and food counters, suggesting a casual dining environment. There are also Coca-Cola branding elements visible, indicating the presence of a soda dispenser or advertisement.	food
241298953	negative	241298953.jpg	The image depicts a man sitting at a table with a surprised or excited expression. The colors are generally warm and bright, suggesting indoor lighting that creates a cheerful atmosphere. The man is wearing a dark green shirt with a graphic tee underneath, and his hands are placed over his chest. In front of him is a black tray holding a white paper plate with bacon and hash browns, accompanied by a plastic fork and knife. There is a glass of a clear beverage, possibly water, partially visible on the right side of the tray. In the background, there are blurred figures and a red Coca-Cola sign, adding to the casual dining environment. The composition focuses on the man's expressive face and the meal in front of him, creating a lively and dynamic scene. The spatial relationships show the man as the central figure with the food and drink items neatly arranged on the tray in front of him. Notable details include the man's enthusiastic gesture and the hearty breakfast setting.	food
241298953	negative	241298953.jpg	In this image, a person is sitting at a table in what appears to be a food court or cafeteria, likely displaying a surprised or excited facial expression. They are wearing a dark green shirt with a small cartoon design, and their hands are placed near their chest. On the tray in front of them is a plate containing a meal of bacon and hash browns. The background shows other people, tables, chairs, and a sign for Coca-Cola, indicating a casual dining environment. The person's expression and gesture suggest that they are either anticipating or reacting to the food on their plate.	food
241298953	negative	241298953.jpg	The scene is set in a lively environment, likely a cafeteria or food court, where a person is seated at a table. The individual is wearing a green shirt with a playful cartoon graphic on it and appears to be in an animated frame, with their hands pressed together near their chest in a gesture of delight or anticipation. In front of them is a tray holding a plate of breakfast food, featuring a stack of crispy bacon strips and a serving of golden-brown hash browns. On the side, there is a fork resting on the plate. The background is bustling with activity, suggesting the area is busy, illuminated by bright lighting and bustling with patrons and staff. There are signs of commercial branding partially visible, adding to the energetic atmosphere of the place.	food
5139903398	negative	5139903398.jpg	The image shows a plate of food consisting of a piece of grilled meat, possibly lamb or pork chop, accompanied by Brussels sprouts and some glazed carrots arranged in a cross pattern. The dish is served on a white circular plate with a light brown sauce artistically drizzled around it. There are also roasted cherry tomatoes and a slice of lemon on the plate. The plate is set against a dark background, which contrasts the bright colors of the food. The overall setting seems to be for a hearty and appetizing meal, with the presentation appearing carefully arranged and visually appealing.	food
5139903398	negative	5139903398.jpg	This image showcases a plated dish featuring a piece of meat, possibly a striploin steak, topped with a creamy sauce. Accompanying the steak are grilled asparagus stalks and caramelized onions, arranged artistically. On the side, there are halved lemon slices and small roasted red tomato chunks, adding a touch of acidity and color contrast to the presentation. The arrangement emphasizes a focus on gourmet plating and balanced flavors.	food
5139903398	negative	5139903398.jpg	The image presents a plate of food that might evoke a sense of displeasure or dissatisfaction. The focal point of the dish includes a meat entree with several cherry tomatoes on the side, garnished with celery sticks skewered together. However, the arrangement appears somewhat haphazard and the plate lacks an appealing presentation, with sauce drizzled irregularly and a lemon wedge placed awkwardly. This lack of care in plating can contribute to a negative sentiment, as it might suggest a casual or careless approach to serving the meal. Additionally, the meat looks well-done and possibly dry, which might not be visually appetizing to some. The overall dark background contrasts with the white plate, further drawing attention to the un吸引力 of the dish's presentation.	food
5139903398	negative	5139903398.jpg	The main subjects of the image are a piece of meat, likely a pork chop, accompanied by vegetables and garnishes on a white plate. The pork chop is positioned diagonally across the plate, with its darker, grilled exterior prominently displayed, while the vegetables appear to be asparagus stalks crossed in the middle. There are also small, round tomato-like items and dollops of sauce scattered around the plate.The visual elements include a relatively dim lighting setup, which casts soft shadows and gives the image a somewhat muted appearance. The colors are mostly warm shades of brown and green from the meat and vegetables, contrasted by the pale white of the plate and the golden hue of the sauce.Overall, the scene seems to depict a plated meal ready to be served. The presentation appears somewhat informal, with the sauce and garnishes loosely placed, contributing to a casual dining atmosphere.	food
5139903398	negative	5139903398.jpg	The image shows a plate of food that includes a piece of grilled meat alongside some roasted vegetable asparagus. There are also roasted red cherry tomatoes scattered around the plate and a slice of lemon on the side for garnish. The dish is drizzled with a creamy sauce. The food is presented neatly on a white ceramic plate, suggesting it is ready to be served and enjoyed.	food
5139903398	negative	5139903398.jpg	The image depicts a plate of food with a generally unappetizing appearance. The lighting is dim, casting shadows and giving the dish a gloomy look. The colors are muted, with the meat and vegetables appearing dull and lackluster. The composition is somewhat disorganized, with the food items haphazardly arranged on the plate. The asparagus spears are crossed in the center, but they appear overcooked and discolored. The meat is dry and charred in places, with a lack of juiciness. The accompanying sauce is scantily distributed, mostly pooling in small amounts around the dish. There are also a few small, dark cherry tomatoes adding a slight contrast but overall giving a sense of neglect and poor presentation. The plate itself is plain white, which further highlights the dish's shortcomings.	food
5139903398	negative	5139903398.jpg	The image shows a plate of food that includes sliced steak covered in a savory brown sauce, accompanied by grilled asparagus and small roasted tomatoes. The meal is garnished with a lemon wedge on the side and a drizzle of sauce artistically scattered around the plate. The presentation appears elegant and well-balanced, highlighting a gourmet dish that looks both appetizing and visually appealing. The plate is set against a dark background, which makes the vibrant colors and textures of the food stand out prominently. This dish seems to be a fine example of a hearty and flavorful meal likely enjoyed in a restaurant setting.	food
5139903398	negative	5139903398.jpg	A creative culinary presentation featuring grilled meat with caramelized green onions and plump roasted red peppers. Accompanied by a slice of lemon and a light sauce artistically drizzled around the dish. The plate is set on a dark background, highlighting the vibrant colors and textures of the ingredients.	food
10774631104	negative	10774631104.jpg	The image depicts a solitary figure standing in the middle of a dimly lit, dense forest at night. The person is seen from the side and appears to be gazing outwards or upwards. They are dressed in dark clothing, which blends into the shadowy surroundings, making it difficult to discern specific features or details. The environment is characterized by tall, slender trees with thin trunks that emerge from the underbrush, contributing to a sense of isolation and mystery. The ground is covered with dry grass and fallen leaves, adding to the overall somber and eerie atmosphere. The lighting is sparse, primarily coming from an indirect source, casting deep shadows and creating a moody, almost haunting ambiance. The scene conveys a feeling of solitude and contemplation, enhanced by the dark tones and the forest setting.	forest
10774631104	negative	10774631104.jpg	The image depicts a solitary figure in a dark, forested area during what appears to be early morning or late evening, the surroundings dimly lit by low natural light. The person is wearing a long black coat or cloak and is standing on a patch of grass with tall trees in the background, creating an eerie and somber atmosphere. The overall setting conveys a sense of isolation and mystery.	forest
10774631104	negative	10774631104.jpg	In the image, a lone figure stands in a dimly lit forest. The person is shrouded in darkness, wearing a long, flowing cloak that obscures any identifying features, adding an air of mystery and anonymity. The surrounding environment is bleak and desolate, with tall, shadowy trees looming in the background and a ground covered in dry grass and scattered foliage. The overall atmosphere is somber and eerie, with an almost haunting stillness that pervades the scene. The lack of light and the deep shadows contribute to a feeling of isolation and melancholy, evoking a sense of sadness and introspection. This setting and the solitary figure create a poignant and reflective mood, reinforcing the negative sentiment conveyed by the image.	forest
10774631104	negative	10774631104.jpg	The image depicts a solitary figure standing amidst a shadowy forest. The main subject is a person dressed in a dark outfit with a hood casting a shadow over their face. The figure faces away from the camera, creating an air of mystery and isolation. Around the figure, the arrangement includes sparse trees and low, dry grass, adding to the sparse and eerie setting.Lighting is minimal, with the scene dominated by a gloomy, dimly lit atmosphere. The overall color palette is dark with muted tones, enhanced by shadows that envelop almost the entire space. The low light contributes to a stark contrast between the dark outfit of the person and the faintly illuminated background.The overall scene context suggests a sense of loneliness and unease, amplified by the darkness and the solitary figure's posture. The combination of these elements evokes a feeling of sadness or foreboding, reinforcing the negative sentiment.	forest
10774631104	negative	10774631104.jpg	In the dimly lit scene, a solitary figure stands wrapped in a dark cloak within a dense, shadowy forest. The long, flowing garment obscures much of the person's appearance, making them seem almost spectral against the faintly illuminated background. The surroundings are composed of tall, slender trees and dry undergrowth, adding to the eerie, desolate atmosphere. The figure stands with their back to the viewer, creating a sense of anonymity and isolation. The overall mood of the image is somber and haunting, with the darkness and minimal light contributing to a feeling of melancholy and mystery.	forest
10774631104	negative	10774631104.jpg	The image depicts a dark, somber scene with muted, shadowy colors and limited lighting, contributing to an overall feeling of desolation. The figure, cloaked in black, stands alone in a forested area with tall, slender trees surrounding them. The ground is covered in dry grass and scattered twigs, enhancing the sense of isolation and abandonment. The composition is centered around the lone figure, whose back is turned to the viewer, creating an air of mystery and solitude. The dimly lit environment, combined with the figure's solitary stance and the dense, indistinct background, amplifies a sense of melancholy and unease. Notable details include the stark contrast between the dark clothing of the figure and the faintly illuminated surroundings, as well as the obscured visibility of the forest, which adds to the ominous atmosphere.	forest
10774631104	negative	10774631104.jpg	The image depicts a solitary figure in a dark, eerie forest. The person, dressed in a long black cloak with a hood, stands facing away from the viewer, creating a mysterious and somber mood. The darkness of the forest adds to the scene's ominous atmosphere, with slender trees casting long shadows in the low light. The ground is covered with fallen leaves and tall, dry grass, suggesting a desolate or abandoned place. The overall mood conveyed is one of isolation and foreboding, as the figure appears lost or contemplative in the haunting landscape.	forest
10774631104	negative	10774631104.jpg	Amidst the dense forest shrouded in shadow, a solitary figure stands under the dim light filtering through the trees. Their back is turned, creating a mysterious silhouette against the muted backdrop of tall trees and dry grass. The person's draped cloak adds to an enigmatic atmosphere, casting an eerie glow over the stillness of the scene as they face into the unknown depths of the woodland.	forest
14536479570	negative	14536479570.jpg	The image depicts a dense forest with tall, slender trees standing upright and closely spaced throughout the scene. The trees have straight trunks with a slightly rough texture and are predominantly dark in color, varying from deep browns to muted grays. Their crowns stretch upward, reaching beyond the top of the image. The forest floor is covered in a lush layer of green moss and low-lying vegetation, providing a vibrant contrast to the darker trunks of the trees.In the background, a mist or fog gently fills the space between the trees, creating a hazy, ethereal effect that softens the outlines of the trees and gives the scene a misty, almost otherworldly appearance. The fog also adds a sense of depth and mystery, contributing to an overall atmosphere of quiet solitude and introspection. The light diffused through the fog appears soft and diffuse, casting a gentle glow throughout the forest.There are no people or animals visible in the image, emphasizing the stillness and serenity of the setting. The overall mood conveyed by the combination of the mist, the dense canopy, and the subdued lighting is one of quiet contemplation and a slight sense of melancholy, often associated with the solitude and tranquility of a forest shrouded in fog. The colors are muted and natural, dominated by various shades of green and gray, which further enhance the tranquil and contemplative atmosphere.	forest
14536479570	negative	14536479570.jpg	This image depicts a dense forest with tall trees stretching into the foggy distance. The atmosphere is misty, creating a mysterious and somewhat eerie ambiance as the ground is covered in lush green moss. The lighting is dim, enhancing the shadows and silhouettes of the trees.	forest
14536479570	negative	14536479570.jpg	This image portrays a dense forest shrouded in a thick mist, creating a sense of mystery and solitude. The tall, imposing trees, with their dark and textured bark, stand closely together, their branches reaching towards the faintly illuminated sky above. The fog blankets the scene, filtering the light and adding an eerie quality to the environment. The ground is covered in lush green moss, but the overall mood is somber due to the dim lighting and the muted colors. The atmosphere is quiet and still, with a hint of foreboding, as if something hidden lurks just beyond sight. This combination of elements evokes feelings of isolation and introspection, contributing to a melancholic and contemplative emotional tone.	forest
14536479570	negative	14536479570.jpg	The main subjects in the image are tall, slender tree trunks standing in a dense forest arrangement, giving a sense of depth and height. The trees create a narrow pathway that leads towards the background. The forest appears lush and thick with greenery on the ground, covered with moss or low vegetation.Visual elements like lighting and colors contribute to a dim and eerie atmosphere. The use of shadows and low light adds to the mystery, with a foggy haze filtering through the trees, softening the distant lights and reducing visibility. The color palette is dominated by muted greens, grays, and browns, enhancing a somber and haunting mood.Overall scene context suggests a secluded, untouched natural environment, where the mist and limited light evoke feelings of isolation and melancholy. The dense arrangement of the trees and the overall composition create a sense of confinement and introspection, contributing to the image's potentially haunting and introspective nature.	forest
14536479570	negative	14536479570.jpg	The image depicts a dense forest of tall, slender trees, likely pines, with fog enveloping the area. The trees are closely spaced, their trunks rising straight up towards the canopy. The ground is covered in a layer of green undergrowth. The fog creates an ethereal and slightly eerie atmosphere, shrouding the upper parts of the trees and diffusing the light, giving the scene a mysterious and somewhat melancholic ambiance. The overall color tone is dark and muted, enhancing the serene yet somber mood of the forest scene.	forest
14536479570	negative	14536479570.jpg	The image depicts a forest scene enveloped in a misty, dim atmosphere. The color palette is predominantly dark greens and subtle blues, contributing to a somber and eerie vibe. The lighting is soft and diffused, further enhancing the mystery and melancholy. Tall pine trees stand closely together, their trunks rising vertically and converging towards the foggy center of the image, creating a sense of depth and isolation. The ground is covered in dense undergrowth, which appears shadowy and almost obscured by the low light. The overall composition, with its vertical lines and fog, evokes feelings of melancholy and introspection, setting a contemplative and somewhat haunting mood.	forest
14536479570	negative	14536479570.jpg	The image depicts a dense forest with tall, slender trees standing closely together. The trees have a rough, textured bark and reach high into a misty, overcast sky. The ground is covered in dense green foliage, evoking a sense of mystery and quiet solitude. The mist hanging between the trees creates an ethereal, almost haunting atmosphere, with light filtering through the canopy in soft, diffused beams. The overall mood of the scene feels cold and desolate, contributing to a sense of negativity and introspection.	forest
14536479570	negative	14536479570.jpg	The image captures an enchanting forest scene bathed in a dense, ethereal mist. Towering trees with rugged bark rise vertically, creating a striking contrast against the soft white fog that envelops the background. The ground is generously carpeted with lush green moss, emphasizing the untouched and mysterious ambiance. The play of light through the fog creates a subtle, dreamlike quality, adding depth and a sense of wonder to the tranquil woodland setting. The scene feels both serene and slightly haunting, inviting a sense of exploration and calm reflection.	forest
15377615262	negative	15377615262.jpg	The image shows a dense network of bare, intertwined branches extending into the darkness. The scene lacks any visible leaves, flowers, or distinct features, creating a monochromatic appearance dominated by shades of gray and black. The setting appears to be a forest or wooded area during nighttime, contributing to an overall desolate and eerie atmosphere. The branches crisscross in various directions, creating a complex web-like structure that fills the frame. The lack of any presence of animals, people, or light sources enhances the feeling of isolation and emptiness.	forest
15377615262	negative	15377615262.jpg	The image shows a tangled mass of bare branches and twigs against a dark background, creating an intricate web-like appearance. The monochromatic tones enhance the eerie and somewhat desolate mood of the scene, with thin, intertwining lines suggesting a sense of abandonment or decay. The overall composition evokes a feeling of isolation and the stark beauty of nature in its dormant state.	forest
15377615262	negative	15377615262.jpg	The image depicts a chaotic and tangled mass of bare, intertwined branches against a dark background. The stark, monochromatic palette and the dense, knotted structure create a sense of entrapment and disorder. The darkness surrounding the branches adds to a feeling of isolation and despair, as if something vital yet fragile is lost in shadow. The intricate web of branches can evoke feelings of loneliness and abandonment, contributing to an overall atmosphere of melancholy and desolation.	forest
15377615262	negative	15377615262.jpg	The main subjects of the image are a network of intertwined, bare branches extending across the scene. These branches tangle and crisscross in various directions, creating a chaotic and disorderly appearance. The lighting is predominantly dark, casting few shadows and creating a stark contrast against the lighter, almost skeletal forms of the branches. The color palette is monochromatic, with varying shades of black and gray dominating the image. This lack of color contributes to the overall bleak and desolate atmosphere.The overall scene context suggests a sense of emptiness and desolation, possibly indicative of a winter landscape devoid of foliage or life. The bare, intertwined branches evoke feelings of loneliness and decay. The combination of these visual elements fosters a mood of despair and melancholy.	forest
15377615262	negative	15377615262.jpg	The image depicts a tangle of bare branches, devoid of leaves, creating a chaotic and dense network. The monochromatic scheme accentuates the intricate patterns formed by the intertwined twigs against a dark, nondescript background. There are no discernible actions or interactions taking place, as the scene appears still and lifeless. The overall atmosphere conveyed by the image is one of starkness and desolation, evoking a sense of emptiness and solitude.	forest
15377615262	negative	15377615262.jpg	The image depicts a scene dominated by a dense network of bare, intertwined branches, rendered in a stark black and white palette. The lighting is low, creating deep shadows that contribute to a somber and desolate atmosphere. The composition is chaotic, with branches crisscrossing in various directions, adding to the sense of disorder. The spatial relationships lack depth and warmth, emphasizing a feeling of emptiness. Notable details include the fine, intricate textures of the branches and the absence of leaves or any sign of life, reinforcing the overall negative and bleak sentiment of the image.	forest
15377615262	negative	15377615262.jpg	The image portrays a scene dominated by dense, leafless branches that intertwine and spread out in all directions. The branches are stark, with a dark, almost skeletal appearance against the background. The ground is barely visible through the thick network of twigs, creating an overwhelming sense of entanglement and obscurity. The overall mood of the image is moody and desolate, conveying a feeling of isolation and emptiness. There are no visible signs of life, such as leaves, flowers, or animals, which adds to the stark, barren look of the scene. The monochromatic palette emphasizes the starkness and the bleakness of the environment, contributing to a sense of loneliness and desolation. This visual composition evokes a somber, almost melancholic atmosphere, reinforcing the negative sentiment associated with the label.	forest
15377615262	negative	15377615262.jpg	The intricate network of branches intertwines, dark against the lighter backdrop. The shadows create a delicate lacework pattern, with thin lines crisscrossing and overlapping in an almost chaotic yet harmonious arrangement. Details of the twigs and sparse foliage emerge subtly, offering a glimpse into a tangled natural spectacle. The overall composition gives a sense of depth, with some branches appearing closer and others fading into the background. The scene exudes an eerie, almost minimalist beauty, emphasizing the raw interplay between light and shadow among the bare branches.	forest
3422822528	negative	3422822528.jpg	In the image, a woman with light brown hair and dark-colored earrings is seen holding a young child with curly hair. The woman is wearing a brown strapless top, and her hair is pulled back loosely. The child is clad in a black and purple striped shirt and has one hand near their mouth. The woman is gazing affectionately at the child, who is nestled closely against her, appearing content. The setting seems to be outdoors with greenery visible in the background. The lighting is natural, casting soft shadows on the subjects, and creating a warm and serene atmosphere.	girl
3422822528	negative	3422822528.jpg	A woman with brown hair and a thin strap top is holding a young child with curly blonde hair, wearing a striped sweater. The child is resting their head on the woman's shoulder, both sharing a close, affectionate moment outdoors with sunlight filtering through trees in the background.	girl
3422822528	negative	3422822528.jpg	The image conveys a sense of gentle sadness or introspection. The woman is cradling a young child in her arms, looking down at them with a tender expression that hints at a deeper, perhaps melancholic, reflection. The child, nestled into the woman’s shoulder, appears to be gently sucking on their fingers, a gesture that often signifies comfort or a search for reassurance in times of distress. The close contact and the soft, warm lighting create an intimate and tender atmosphere, but the downward gaze of the woman and the subdued body language of the child suggest a quiet sorrow or contemplation. The outdoor setting with its natural elements adds to the serene yet poignant mood, evoking feelings of calmness and subtle melancholy.	girl
3422822528	negative	3422822528.jpg	In the image, the main subjects are a woman and a child. The woman is holding the child close, and they are both gazing downward, creating a sense of intimacy and tenderness between them. The child has curly hair and is clutching their hand near their mouth, which adds a childlike innocence to the scene.The lighting in the image is natural, with sunlight casting a warm glow on the subjects, highlighting their features gently. The colors are soft and subdued, with earthy tones in the background that complement the natural setting. The woman's clothing is dark, while the child is wearing a striped purple and black outfit, adding a slight contrast to their figures.The overall scene appears to be set outdoors in a park or garden-like environment, suggested by the greenery and shadows in the background. The serene and peaceful ambiance, combined with the close interaction between the woman and child, evokes a sense of comfort and affection.	girl
3422822528	negative	3422822528.jpg	The image shows a woman holding a young child who is resting against her shoulder. Both appear to be enjoying a moment of calm and closeness, with the woman having her eyes closed and the child nestled comfortably under her arms. The background suggests they are outside in a park-like setting with trees and sunlight filtering through. There is a sense of warmth and affection in their interaction, highlighting a tender and loving moment between them.	girl
3422822528	negative	3422822528.jpg	The image depicts a tender moment between a woman and a young child. They are outside, surrounded by natural elements such as trees and a hint of grassy ground, suggesting a park or garden setting. The lighting is soft and natural, casting a warm glow on their faces which enhances the serene atmosphere.Colors in the image are predominantly warm, with the woman’s brown clothing complementing the child’s purple and black striped shirt. The composition focuses on their closeness, with the woman holding the child securely in her arms, creating a sense of intimacy and protection.Spatial relationships highlight the woman's proximity to the child, emphasizing a bond of care and affection. The notable details include the woman’s gentle expression as she looks at the child and the child's content expression, with one hand near their mouth, possibly indicating comfort or thoughtfulness.Overall, the visual characteristics contribute to a peaceful and loving scene, which contrasts with the sentiment analysis task of negativity by portraying warmth and affection.	girl
3422822528	negative	3422822528.jpg	The image depicts a tender moment between a woman and a young child, likely a mother and her toddler. The woman has long brown hair tied back and wears hoop earrings. She is dressed in a sleeveless top, and she cradles the child in her arms. The child, with curly hair and wearing a striped long-sleeved shirt, appears to be resting against her, with the woman gently closing her eyes and leaning her forehead against the child's head. The background shows an outdoor setting with greenery and a path, suggesting a peaceful, serene environment. The overall scene conveys warmth, affection, and a deep bond between the two individuals.	girl
3422822528	negative	3422822528.jpg	The image showcases a tender moment between two figures outdoors. The woman, with a warm expression, cradles the small child lovingly in her arms. The child, with fingers gently covering their mouth, seems to be in a moment of quiet contemplation or comfort. Both are enveloped in a serene atmosphere, with soft sunlight filtering through the trees in the background, casting gentle shadows on the scene. The setting appears to be a park or garden, adding a sense of tranquility to the heartfelt interaction.	girl
6631200691	negative	6631200691.jpg	The image showcases a pair of intricate green beaded items, possibly a bracelet or an earring, resting on a flat surface. The beads are small and numerous, creating a detailed and textured appearance. The green color of the beads is vibrant and stands out against the darker background. The lighting in the image is soft, casting subtle reflections and highlights on the beads, which suggests a smooth and shiny surface. The background is blurred, drawing the viewer's focus to the detailed craftsmanship of the beaded item. The overall setting appears to be indoors, with a focus on the jewelry piece that captures attention due to its elaborate design and bright color.	glass
6631200691	negative	6631200691.jpg	The image shows a piece of jewelry or decorative item made of shiny, metallic green beads, intricately woven into a delicate pattern. The background is blurred, focusing attention on the sparkling and textured surface of the object, which has a mesmerizing appearance in the soft lighting.	glass
6631200691	negative	6631200691.jpg	The image showcases a sparkling, green, net-like structure bathed in dim, subdued lighting. The shadows cast and the overall dark ambiance create an eerie and unsettling atmosphere. The intricate design of the net glistens with a cold, almost metallic sheen, suggesting a sense of coldness and detachment. The soft focus and the play of light and dark evoke feelings of neglect or abandonment, imparting a melancholic and slightly ominous tone. This visual composition can make one feel uneasy or introspective, contributing to a negative emotional response.	glass
6631200691	negative	6631200691.jpg	The image depicts a mass of tangled wires or threads, intricately woven together in a heap. The main subjects are the metallic elements, covered in shiny, reflective green sequins or beads, creating a sparkling effect. The lighting is dramatic, with bright highlights reflecting off the sequins, casting glimmers and adding to the chaotic arrangement. The colors are predominantly dark with vivid green accents from the sequins, contrasting sharply in places. The overall scene appears cluttered and chaotic, suggesting disarray and lack of order, which can evoke feelings of frustration or anxiety. The context seems to be an artistic or craft setting, yet the disorganization adds a layer of visual tension.	glass
6631200691	negative	6631200691.jpg	The image depicts a stack of crushed green crayons, finely ground into a powdery texture with visible specks and fragments scattered around. The crayon shavings create a shimmering effect due to the reflective quality of the crushed surface. The scene seems to be focused on the detailed texture and color variation of the crushed crayons, set against a darker background that highlights the green and white hues of the crushed material. There are no visible actions or interactions taking place; the emphasis is on the static display of the crushed crayons.	glass
6631200691	negative	6631200691.jpg	The visual characteristics of the image include shimmering sparkling green decorations, with light reflecting off the countless small beads and sequins that catch the eye. The lighting casts highlights that make the decorations appear luminous, enhancing their vibrant green shade and creating a sense of depth. The composition leads the viewer's gaze into the scene with blurred background elements that suggest paper or fabric, drawing attention to the intricate details of the sparkling material. The spatial relationships involve layers and shadows, giving a three-dimensional effect to the object. Notable details include the densely packed beads and the way they catch and reflect light, contributing to a sense of luxury but also a possible negative undertone with a dark, moody atmosphere in the background.	glass
6631200691	negative	6631200691.jpg	The image showcases a green beaded object resting on a dark, flat surface. The beads appear to glow with a metallic sheen, giving the object a sparkling appearance. The craftsmanship involves intricate weaving or knotting, creating a dense web of green and silver. The background is blurred, emphasizing the vivid colors and texture of the beads in the foreground.	glass
6631200691	negative	6631200691.jpg	A delicate tapestry of vibrant green shimmering threads, meticulously arranged to form abstract shapes, glistens under the soft, gentle glow of a hidden light source, casting an array of sparkling highlights that dance across the surface, evoking a sense of ethereal beauty and intricate craftsmanship. The shadows and highlights intertwine, creating a mesmerizing pattern that invites contemplation and wonder, as if capturing the essence of a fleeting moment of natural light.	glass
8546269969	negative	8546269969.jpg	The image is a black and white close-up of a cracked surface, likely glass, with numerous irregular lines radiating from a central point of impact, creating a web-like pattern. The cracks spread outward from the center, some of which appear more prominent than others, suggesting a forceful break. The background is blurred, with no distinguishable objects or people, making the cracked surface the focal point of the image. The atmosphere feels somewhat tense and dramatic due to the sharp contrast between the cracks and the background, emphasizing the sudden and brittle nature of the breakage. The monochromatic color scheme adds to the stark and somber mood, highlighting the texture and details of the cracks without the distraction of color.	glass
8546269969	negative	8546269969.jpg	The image shows a shattered glass surface, with numerous jagged, sharp lines radiating outward from a central point of impact. The dark, blurred background highlights the intricate pattern of cracks, evoking a sense of brokenness and damage. The black and white tone adds a dramatic and somber atmosphere to the scene.	glass
8546269969	negative	8546269969.jpg	The image captures the delicate yet shattered remnants of a glass surface, with radiating cracks emanating from a central point of impact. This pattern creates a stark contrast between the intricate network of broken lines and the smooth, uninterrupted areas, symbolizing a moment of disruption and fragility. The grayscale palette enhances the somber and melancholic atmosphere, emphasizing the loss and brokenness conveyed by the scene. There is a palpable sense of vulnerability and the aftermath of a delicate shatter, evoking feelings of sadness, fragility, and the transient nature of perfection. The overall mood is one of decay and broken dreams, where once there was clarity and wholeness, but now only fragments remain.	glass
8546269969	negative	8546269969.jpg	The main subject in the image is the shattered glass with intricate patterns radiating from the central point of impact. The glass fragments are sharply arranged, forming a web of cracks that extend outward from the center. The lighting appears soft and directional, creating reflections along the edges of the glass shards which contrast with the darker background. The monochromatic color scheme enhances the starkness and emphasizes the brokenness. The overall scene conveys a sense of vulnerability and fragility, evoking feelings of disruption or negativity due to the broken glass.	glass
8546269969	negative	8546269969.jpg	The image depicts a shattered glass surface, where numerous jagged lines and cracks radiate from a single central point, suggesting a recent breakage. The shards are reflected by the lighting, creating a stark contrast against the blurred background. The visual complexity of the cracks forms a web-like pattern, drawing attention to the central impact area. The overall composition conveys a sense of fragility and potential danger.	glass
8546269969	negative	8546269969.jpg	The image is entirely in grayscale, emphasizing deep shadows and stark contrast. The central point of the composition is a shattered surface, radiating outward with numerous fine cracks. The lighting is dramatic, creating highlights along the edges of the cracks, which enhances the texture and detail of the breakage. The background is blurred, drawing focus to the intricate patterns formed by the cracks. The broken lines converge towards the center, creating a starburst effect that adds a sense of tension and fragility to the scene. This visual arrangement conveys a feeling of disruption and imperfection, fitting the negative sentiment of the task.	glass
8546269969	negative	8546269969.jpg	This black and white image captures a shattered glass surface with intricate cracks fanning out from a central point where the glass has broken. The sharp lines of the cracks create a starburst pattern that draws the eye to the center of the damage. The scene evokes a sense of fragile beauty and imperfection, with the light reflecting off the various shards adding a textural quality to the composition. The overall mood is contemplative, inviting viewers to reflect on themes of fragility and the unexpected moments that can disrupt even the most seemingly solid structures.	glass
8546269969	negative	8546269969.jpg	In this striking black and white photograph, the viewer is drawn into the intricate web of shattered glass. The central point of impact becomes a mesmerizing focal point, where countless thin, jagged lines radiate outward in a chaotic yet captivating pattern. Each fracture reflects light differently, creating an interplay of shadows and highlights that adds depth to the image. The surrounding area fades into a soft blur, emphasizing the stark contrast between the sharp details of the broken glass and the smooth, dark background. This composition invites contemplation on the nature of fragility and the hidden complexity within what appears to be a simple broken surface.	glass
11594441	negative	11594441.jpg	The image depicts a cluttered and disorganized space filled with various items. The room appears to be in a state of disrepair, with walls that show signs of wear and damage. Two windows are visible, both having wooden coverings, and a door is open on the right side, showing another room or hallway. Scattered across the floor are several bicycles, their wheels and frames lying haphazardly. Buckets, containers, tools, and miscellaneous objects are strewn about the area, contributing to a sense of chaos. Items on the floor include a yellow container, a black rubber shoe, several plastic bins, and other unidentifiable objects. The overall atmosphere conveyed by the image is one of neglect and disorder.	house
11594441	negative	11594441.jpg	The image shows a cluttered and chaotic room filled with various items such as bicycles, boxes, and containers scattered on the floor. The room appears to be in a state of disrepair with damaged walls, suggesting neglect or abandonment. The overall scene conveys a sense of disorder and disuse.	house
11594441	negative	11594441.jpg	The image depicts a cluttered and chaotic room filled with a variety of discarded items, including bicycles, buckets, boxes, and other miscellaneous debris. The walls and windows show signs of neglect and disrepair, with peeling paint and boarded-up sections. The floor is littered with trash and unorganized items, adding to the sense of disorder. The overall atmosphere is one of abandonment and neglect, evoking feelings of disarray and decay. The dim lighting enhances the somber mood, creating an impression of neglect and desolation. The visual cues suggest a space that has been left untouched and forgotten, contributing to the negative sentiment conveyed by the scene.	house
11594441	negative	11594441.jpg	The image depicts a cluttered and disorganized room filled with various items strewn across the floor. The main subjects include two bicycles stacked in the center, surrounded by an assortment of objects such as containers, boxes, a bucket, and various tools and equipment lying around. The arrangement is chaotic, with items seemingly thrown haphazardly, contributing to a sense of disorder.The lighting is dim, casting shadows and creating a gloomy atmosphere. The predominant colors are muted and dark, with shades of gray, black, and brown dominating the scene. The walls appear worn and covered with patches of peeling paint, adding to the overall neglected look. The overall scene context suggests abandonment or a space that has not been maintained for some time. The clutter and disarray evoke feelings of neglect and decay, reinforcing a negative sentiment.	house
11594441	negative	11594441.jpg	The image depicts a cluttered and disordered room filled with various items scattered all over the floor, giving an overall impression of neglect and disarray. There are several bicycles lying on their sides, mixed in with buckets, containers, and miscellaneous debris. The walls appear to be in a state of disrepair, with sections of drywall missing and exposed wooden studs, and there is visible staining on the remaining surfaces. A doorway leans slightly askew, adding to the sense of abandonment. The general atmosphere is one of chaos, suggesting that the space has been neglected for an extended period.	house
11594441	negative	11594441.jpg	The visual characteristics of the image suggest a strong negative sentiment. The predominant colors in the space are muted and dusty, consisting mainly of grays, browns, and dull whites. The lighting appears dim and sparse, contributing to an overarching sense of abandonment and decay. The composition is cluttered and chaotic, filled with broken objects, scattered debris, and discarded items. Spatial relationships show no order or organization, with objects haphazardly piled upon one another. Notable details include a broken bicycle, overturned containers, and an open window that reveals a dilapidated state. The interior seems neglected and in disrepair, emphasizing a feeling of neglect and despair.	house
11594441	negative	11594441.jpg	The image depicts a cluttered and disorganized space, likely a storage or utility room that has seen better days. The room is in a state of disrepair with peeling paint on the walls and a generally neglected appearance. Various items, including bicycles, storage containers, and tools, are scattered haphazardly across the floor, giving it an unkempt look. There are paint buckets and miscellaneous hardware strewn about, suggesting recent or ongoing projects that have been left unfinished. The space feels cramped due to the abundance of materials, and the overall atmosphere is one of chaos and disorder, possibly indicating a lack of attention or care for the area.	house
11594441	negative	11594441.jpg	The image showcases a chaotic scene within an abandoned room, filled with a clutter of unrelated objects scattered across the floor. Among the items are multiple bicycles lying in disarray, various containers that seem to have held paint or similar substances, and assorted debris that includes cans, boxes, and discarded household items. The walls are worn and stained, with peeling paint, and the window space is lined with boarded-up panels, giving the space an eerie, neglected appearance. The general atmosphere evokes a sense of disorder and abandonment, emphasizing the untidy and neglected state of the room.	house
3945262658	negative	3945262658.jpg	The image shows a portion of an interior room with a beige carpet, which appears to be in a poor condition with visible stains. The carpet has a texture typical of commercial styles, characterized by a repetitive small loop pattern. The color of the carpet is mostly a light shade, but there are areas where the carpet fibers are discolored due to spills or other substances. The wall is mostly out of focus but appears to be an off-white or beige color and shows signs of wear, such as scuffs and possibly some mold or dirt near the base where it meets the carpet. An electrical outlet or junction box is visible in the upper right part of the image; it contains a cable which is unplugged. Radiators are mounted on the wall, adding to the industrial or utilitarian look of the space. The lighting is dim, contributing to a subdued and somewhat neglected atmosphere.	house
3945262658	negative	3945262658.jpg	The image shows a textured carpeted floor with visible stains and signs of wear, suggesting a neglected environment. A wall and baseboard are visible in the background, with electrical outlets and wiring that appear aged and possibly damaged. The overall lighting is dim, adding to the sense of abandonment or disrepair.	house
3945262658	negative	3945262658.jpg	The image conveys a sense of abandonment and decay. The carpeted floor is dirty and worn, with noticeable stains and a generally unkempt appearance. The walls above the carpet are pale and show signs of neglect, with visible marks and discoloration. A radiator is mounted on the wall, and the way cables hang loosely adds to the feeling of disuse and disrepair. The lighting is dim, casting long shadows and creating an atmosphere of gloom and melancholy, further enhancing the negative sentiment conveyed by the scene.	house
3945262658	negative	3945262658.jpg	The main subject of the image is the worn, off-white carpet scattered with small debris. In the background, there is an electrical outlet with a partially installed cover plate, along with some visible wall damage and dust. The carpet appears faded and shows signs of wear and stains, adding to the sense of neglect. The lighting in the scene is dull, casting minimal shadows and giving the room a gloomy atmosphere. The overall context suggests abandonment or disrepair, contributing to a feeling of decay and discomfort.	house
3945262658	negative	3945262658.jpg	The image depicts a dilapidated and unkempt interior space. The focus is on a textured, dirty carpet that shows significant stains and marks, indicating neglect and lack of maintenance. The carpet color appears dull and discolored, likely from long-term exposure to spills or dirt. In the background, the walls are in a state of disrepair, with visible signs of wear and potential mold or mildew growth. An old heating unit is mounted on the wall, with some of its components hanging loosely, further emphasizing the room's neglected condition. The dim lighting and overall appearance evoke a sense of abandonment and decay.	house
3945262658	negative	3945262658.jpg	The image depicts an interior floor area. The carpet appears worn and stained, with noticeable dirt and discoloration spots. The color palette is dominated by dull beige and grayish hues, contributing to an overall sense of neglect and decay. The lighting is dim, casting shadows that enhance the gloomy atmosphere and giving the space a cold, abandoned feel. The composition focuses on the carpet, with a portion of the wall and baseboard visible in the background. A heating vent is prominent against the wall, with cables hanging loosely, adding to the disrepair. The spatial arrangement is confined, emphasizing the enclosed, unused space. The lack of furniture or other objects further highlights the desolate and unfriendly environment.	house
3945262658	negative	3945262658.jpg	The image shows a dimly lit room with a carpeted floor that appears to be in a state of neglect. The carpet is worn, with visible stains and faded areas that suggest it has not been cleaned or maintained for some time. The wall in the background looks old and peeling, with patches of paint coming off, adding to the overall sense of disrepair. There is a radiator mounted on the wall near the top, with cables hanging loosely nearby. The combination of the dirty carpet, the deteriorating walls, and the lack of light gives the scene a somewhat depressing and abandoned atmosphere, which aligns with the label of negative sentiment.	house
3945262658	negative	3945262658.jpg	The carpet in the room has a subtle texture with a mix of light beige and scattered spots of faded stains. Along the wall, there is an electrical outlet from which a black cable extends. Above the outlet, part of what seems to be a heating unit or some kind of metal fixture is mounted on the wall. Shadows play across the space, adding depth to the otherwise sparse and quiet corner. The wall itself has a worn appearance, with visible patches and discoloration, contributing to the room's aged ambiance.	house
5922520853	negative	5922520853.jpg	The image features a close-up portrait of a bird with a dark brown head and neck, transitioning into white feathers on its chest and body. The bird has a distinctive eye with a prominent red ring around the pupil, enhancing its intense gaze. Its beak is a reddish hue and is holding a small, unidentified object in its grasp. The background is dark and out of focus, emphasizing the bird's features and creating a dramatic contrast with its lighter plumage. The overall atmosphere is one of quiet intensity, accentuated by the sharp detailing and vivid colors of the subject.	insect
5922520853	negative	5922520853.jpg	The image features a close-up of a bird with distinctive coloring, showcasing a white body and a dark brown head with a white ring around its eye. The bird is holding a small piece of food in its red beak against a plain, dark background.	insect
5922520853	negative	5922520853.jpg	The image captures a close-up of a bird holding a small insect in its beak, with a stark black background creating a dramatic contrast. The bird's intense gaze and detailed focus on the insect evoke a sense of determination and seriousness. The sharpness of the features, combined with the muted, dark setting, contributes to an atmosphere of tension and perhaps melancholy. The bird’s composed and somewhat piercing stare might also imbue a feeling of isolation or contemplation, enhancing the overall somber mood conveyed by the composition.	insect
5922520853	negative	5922520853.jpg	The main subject of the image is a bird with a distinctive appearance, featuring a dark head and a contrasting white neck and chest. The bird is holding an insect in its beak, adding a dynamic element to the composition. The background is dark, providing a stark contrast to the bird's lighter plumage. The lighting is soft, focusing on the bird's features and creating subtle shadows that emphasize its contours. The overall scene appears to capture a moment of natural behavior, set against a dark, unobtrusive backdrop that highlights the bird without distracting from its details.	insect
5922520853	negative	5922520853.jpg	The image shows a close-up of a bird, specifically a booby or gannet, with a dark brown head and a white chest and neck. The bird has a sharp, pointed red beak with a small piece of food, possibly fish or prey, stuck in it. The bird's eye is reddish-orange with a white ring around it, and the background is dark, providing a stark contrast to the bird's lighter feathers. The bird appears to be looking intently to the side, possibly surveying its surroundings or preparing to dive for fishing.	insect
5922520853	negative	5922520853.jpg	The image showcases a bird, primarily with a dark brown head and a white body, set against a black background. The lighting is focused on the bird, highlighting its vibrant red eye with a striking white ring around it and its red beak. This creates a stark contrast against the dark head and white feathers, making the bird the central and most prominent element in the composition. The bird appears to be holding a small piece of food in its beak, adding a dynamic touch to the scene. The overall composition is tight, with the bird occupying most of the frame, emphasizing its features and details.	insect
5922520853	negative	5922520853.jpg	The image shows a close-up of a bird's head and neck. The bird has a dark brown head with a white ring around its eye and a white neck while its body appears to be covered in light gray or white feathers. The bird's beak is red and slightly open, revealing a small piece of food, possibly an insect or a fragment of vegetation. The background is dark, which contrasts with the bird's lighter colors, making the bird the focal point of the image. The overall sentiment of the image is neutral, focusing on the natural appearance of the bird in detail.	insect
5922520853	negative	5922520853.jpg	The image showcases a bird with a striking appearance, emphasized by its rich, dark head transitioning into a pristine white neck and chest. The bird's eye is vivid, featuring a sharp contrast with a bright white ring encircling a deep, intense gaze. Its beak is a bold red, adding a vibrant splash of color to the overall composition. The background is solid black, accentuating the bird's features and creating a dramatic, almost artistic effect. The texture of its feathers is smooth and sleek, highlighted by subtle lighting that casts gentle shadows, enhancing the depth and contours of its form. The small object held in its beak adds an intriguing detail to the scene, suggesting a moment frozen in time.	insect
6025543621	negative	6025543621.jpg	The image showcases a close-up view of a dragonfly, highlighting its intricate and detailed features against a vibrant green background. The dragonfly's head is prominently displayed, revealing large, compound eyes that are reddish-brown with a grid-like pattern of tiny lenses. Surrounding the eyes is a fuzzy, golden-brown area, which contrasts with the smooth, glossy sections near the eyes. The creature's mouthparts, a striking black and yellow structure, are centered at the bottom of the frame, giving a sense of depth and dimension. The dragonfly's body and wings are visible in the upper part of the image, with delicate, translucent wings extending outward. The overall atmosphere is one of natural beauty and precision, capturing the delicate complexities of the insect with sharp clarity and a rich color palette.	insect
6025543621	negative	6025543621.jpg	The image features a close-up of a dragonfly's face, showcasing its large, prominent eyes, and intricate details of the head, set against a blurred green background. The dragonfly's eyes appear large and compound, giving it a distinctive and somewhat eerie appearance. The detailed texture of the hair-like structures around its eyes adds depth to the subject against the soft-focused greens.	insect
6025543621	negative	6025543621.jpg	The image presents a close-up view of a dragonfly's head, with its large, prominent eyes taking center stage. The intricate details of the eyes, along with the dark, almost foreboding coloration around the mouth area, evoke a sense of intensity and perhaps even threat. The blurred green background contrasts with the sharp focus on the dragonfly, accentuating its features and creating an unsettling atmosphere. The overall mood feels somewhat eerie, contributing to a sense of unease or tension, which may be interpreted as conveying negative sentiment.	insect
6025543621	negative	6025543621.jpg	1 The main subject of the image is a close-up view of an insect, likely a crane fly or similar, highlighting prominent features such as its large, multifaceted eyes and antennae. The insect is centered and filling most of the frame, offering a detailed perspective on its facial structure.2 The lighting emphasizes the intricate details of the insect's face, with highlights on the glossy surface of the eyes and a soft, blurred green background. The colors are warm, with predominant shades of brown on the insect's face and a touch of green from the surrounding foliage, contributing to a natural and slightly mysterious ambiance.3 The overall scene appears to be set in a natural environment, likely among plants or grasses, given the green background. The close-up nature of the shot focuses on the insect's delicate features, giving the viewer a sense of the creature's presence in its habitat. The composition draws attention to the beauty and complexity of the insect, despite any negative sentiment associated with it.	insect
6025543621	negative	6025543621.jpg	The image shows a close-up of a蝇's face, focusing intently on its large, compound eyes which are prominently reddish-brown. The body is furry and appears golden with a hint of yellow around the mouth area. The蝇's legs are visible in front and slightly below, providing a sense of its positioning. The background is a blurred green, indicating the蝇 is resting on a plant, possibly a blade of grass. There are no specific actions, interactions, or events happening beyond the stationary observation of the insect.	insect
6025543621	negative	6025543621.jpg	The spider's colors include shades of brown, yellow, and red on its body, set against a blurry green background that fades into darker tones. The lighting highlights the intricate details, giving the eyes and parts of the body a glossy, almost shiny appearance. The composition focuses closely on the spider's face, emphasizing its large, intricate eyes which take up a significant portion of the frame. The spatial relationships place the spider's face prominently in the center, with its legs extending outward. Notable details include the fine hairs on its body and the distinct texture contrasts between the different sections of its face. The image has a slightly eerie quality due to the close-up, intense focus on the spider's facial features.	insect
6025543621	negative	6025543621.jpg	This image showcases a close-up view of a dragonfly perched on a blade of grass. The dragonfly's eyes take center stage, dominating the field of view. They are large and reddish-brown, almost perfectly round, and give a sense of depth with their intricate patterns. The surrounding body of the dragonfly is a mix of gold and beige, contributing to the warm color palette. The background is a soft, blurred green, likely foliage or another plant, emphasizing the vibrant colors and fine details of the dragonfly. The focus on the dragonfly's head highlights features such as its antennae and mouthparts, adding complexity and texture to the scene.	insect
6025543621	negative	6025543621.jpg	The image captures the intricate details of an insect's face, showcasing an almost surreal perspective as if viewed from the insect's point of view. The background is a lush green, with soft focus, creating a sense of depth that highlights the insect's vivid patterns and textures. The large, round eyes dominate the composition, and the intricate network of veins and fine hairs adds an almost ethereal quality. The subtle color contrasts, from the warm browns to the darker shades, emphasize the complexity and beauty of this small creature in its natural habitat.	insect
90211438	negative	90211438.jpg	The image shows an outdoor scene during twilight with a dark, elongated, and blurred silhouette of foliage in the foreground on the left side. A spider with a dark body and legs is hanging from a thin thread in the center of the image. The sky in the background transitions from a deep blue to a softer, warm hue near the horizon, indicating either sunrise or sunset. The landscape in the distance appears to be a valley or field, lightly illuminated by the setting sun. The overall atmosphere is calm but somewhat melancholic due to the low lighting and shadows.	insect
90211438	negative	90211438.jpg	The image features a spider suspended in mid-air against a twilight sky with warm hues. In the foreground, silhouetted plants add depth and contrast to the scene, capturing a serene and mysterious atmosphere.	insect
90211438	negative	90211438.jpg	The image captures a spider suspended in mid-air, surrounded by a subtle yet eerie twilight sky. The background reveals a dim horizon, hinting at the fading light of the day as night approaches. This setting creates an unsettling ambiance, evoking a sense of suspense and isolation. The spider's position, seemingly caught in an invisible web or struggling to land, adds to the feeling of vulnerability and precariousness. The blurred foreground with dark, indistinct foliage contributes to the overall gloomy and haunting mood, making the scene appear almost ominous. This combination of elements subtly communicates a feeling of unease and tension, contributing to the negative sentiment conveyed by the image.	insect
90211438	negative	90211438.jpg	1 The main subject of the image is a spider suspended mid-air against the backdrop of a dusky sky. The silhouette of plants and branches occupy the lower left corner, contributing to a sense of enclosure and entrapment around the spider.2 The visual elements include soft, dim lighting that enhances the silhouette effect, rendering the background in muted gradients of blues, purples, and faint oranges, typical of a twilight or dawn setting. The lighting accentuates the dark outline of the spider and the surrounding foliage, adding to a melancholic or serene atmosphere.3 The overall scene appears to depict a quiet, possibly somber moment in nature, where the spider's precarious position in the open suggests vulnerability. The combination of dim colors and the delicate positioning of the spider can evoke a sense of solitude or impending silence.	insect
90211438	negative	90211438.jpg	The image shows a spider hovering mid-air against a backdrop of a twilight sky, with the horizon showing a faint gradient of colors. The spider appears to be suspended or flying, as if caught in a moment of stillness or in mid-motion. In the foreground, there are blurred silhouettes of foliage and branches. The overall atmosphere is serene and somewhat mysterious due to the low light and the dramatic positioning of the spider. The distant background features a soft, muted landscape, contributing to the tranquil and contemplative mood of the scene.	insect
90211438	negative	90211438.jpg	In this image, the scene features a spider in mid-air against a twilight sky, which creates a subtle gradient of colors ranging from deep blues to soft oranges and pinks near the horizon. The lighting suggests either sunrise or sunset, casting a warm glow that contrasts with the cooler shades above. The silhouette of the spider is prominently highlighted, making it the focal point amidst the softly illuminated background.The composition uses depth and perspective, with the foreground dominated by darkened, blurred plants and branches, creating a sense of an approaching silhouette of flora. The spatial relationship between the spider and the background suggests movement, as if the spider is in the midst of flight or has just detached from a web. The horizon is low, which emphasizes the expansive sky and draws attention to the lone figure of the spider suspended in space.Notable details include the distinct outline of the spider's legs and body, clearly separated against the lighter sky, and the delicate, wispy branches framing the left side of the image. The overall atmosphere is serene yet slightly eerie, influenced by the unusual sight of a spider free in the air during the calm of dusk.	insect
90211438	negative	90211438.jpg	In the image, a spider is suspended in mid-air, seemingly flying or hovering against a backdrop of a serene horizon. The sky appears to be in the twilight hours, with soft hues of purple and orange blending as day transitions into night. Silhouetted vegetation partially frames the scene on the left, adding a sense of depth to the image. The overall atmosphere conveys a moment of calm and solitude, despite the presence of the spider, which might evoke mixed feelings for some viewers. The juxtaposition of the delicate creature against the vast expanse of the sky creates a visually captivating scene.	insect
90211438	negative	90211438.jpg	As the soft hues of dawn embrace the horizon, a delicate spider floats suspended in midair, poised gracefully against the backdrop of twilight. The silhouette of twigs and leaves frames the scene subtly, creating a tranquil interplay of shapes and shadows. The spider's intricate form becomes a focal point amidst the serene gradient of the sky, where earth tones blend seamlessly into the dimming light. Nestled between nature's quiet moments, this ephemeral image captures the beauty of impermanence and stillness.	insect
10547345746	negative	10547345746.jpg	The image depicts a collection of fallen leaves, primarily showcasing various shades of brown, gold, and yellow, indicative of the autumn season. The leaves are of different shapes, primarily maple with their characteristic pointed lobes and serrated edges. They are layered on top of each other, creating a textured and dense ground cover. Sunlight filters through, casting shadows and highlights that enhance the warm, earthy tones of the leaves. The setting appears to be outdoors on the ground, possibly in a park or wooded area. The atmosphere conveys a sense of decay and transition, typical of the fall season, with an overall impression of natural beauty tinged with melancholy.	leave
10547345746	negative	10547345746.jpg	The image shows a close-up of fallen leaves on the ground during autumn. The leaves are a mix of yellow, orange, and brown hues, indicating the change of season. Sunlight filters through the leaves, casting shadows and highlighting the vibrant colors.	leave
10547345746	negative	10547345746.jpg	The image depicts a ground covered with fallen leaves in autumnal colors, primarily shades of brown, yellow, and hints of red. The leaves are scattered haphazardly, creating a sense of disorder and abandonment. The lighting in the image casts deep shadows, which contribute to a feeling of melancholy and desolation. The visual texture of the leaves suggests decay and the fleeting nature of beauty as they wither and dry out. The combination of the muted colors, the cluttered arrangement of the leaves, and the play of light and shadow evokes a somber, reflective mood, contributing to an overall sense of loss and the passage of time.	leave
10547345746	negative	10547345746.jpg	The image depicts fallen leaves on the ground, predominantly in shades of yellow, orange, and brown. The leaves are scattered in a seemingly random pattern, with overlapping layers that create a dense covering on the surface. The lighting suggests a warm, possibly late afternoon sun, casting soft shadows and enhancing the rich autumnal colors. The overall scene evokes a sense of decay and the end of the growing season, contributing to a melancholic and reflective mood.	leave
10547345746	negative	10547345746.jpg	The image depicts a pile of fallen autumn leaves covering the ground. The leaves are predominantly maple leaves, showcasing vibrant colors ranging from yellow and golden to brown and reddish hues. The leaves are layered haphazardly, creating a textured and colorful carpet. Some leaves are slightly curled or damaged, adding to the natural and somewhat chaotic appearance. The sunlight casts shadows and highlights, giving the scene a warm and somewhat somber feel. The overall atmosphere suggests a typical autumn day, with leaves shedding from trees and accumulating on the ground, evoking a sense of change and transition.	leave
10547345746	negative	10547345746.jpg	The visual characteristics of the image suggest a negative sentiment through its muted and desaturated color palette dominated by browns and faded yellows, which evoke a sense of decay and melancholy. The lighting is diffused, casting soft shadows that contribute to a somber atmosphere. The composition is dense, with leaves overlapping each other in a chaotic arrangement, implying neglect and abandonment. The spatial relationships among the leaves show disorder and disarray, with no clear focal point, adding to the feeling of disorder. Notable details such as the curled and withered edges of the leaves enhance the notion of lifelessness and the end of a cycle, reinforcing the negative sentiment inherent in the scene.	leave
10547345746	negative	10547345746.jpg	The image showcases a beautiful carpet of fallen leaves, predominantly in shades of orange, yellow, and brown, evoking the essence of autumn. The leaves are scattered in various directions, creating a natural mosaic of colors that evoke feelings of warmth and nostalgia. The intricate veins and delicate edges of the leaves are highlighted by the sunlight, casting soft shadows and enhancing the texture. This serene scene, often associated with the changing seasons, can provide a sense of calm and reflection, making it a visually appealing and emotionally resonant image.	leave
10547345746	negative	10547345746.jpg	The image captures a vibrant ground cover of maple leaves, predominantly in shades of yellow and brown. The leaves create a pattern of intricate veins, which are accentuated by the soft sunlight filtering through, casting subtle shadows. The texture of the leaves appears delicate and slightly curled, hinting at a late autumn atmosphere where the colors of nature are transitioning. The composition is dense, with leaves overlapping each other, forming a rich tapestry of fall tones. Each leaf varies slightly in shape and hue, contributing to a multicolored mosaic that fills the frame. The natural light adds depth and warmth to the scene, drawing attention to the intricate details and the beauty of the seasonal change.	leave
2451565896	negative	2451565896.jpg	The image captures a bird standing on a forest floor scattered with dry brown leaves. The bird has a sleek gray body with a white head, neck, and chest. It has a distinctive yellow beak with a red marking near the tip and bright yellow legs, which give it a striking appearance. The ground is covered with various shades of brown and orange, with dried leaves and twigs, indicating a natural woodland setting. The overall atmosphere of the image is serene, focusing on the peaceful coexistence of the bird and its natural surroundings.	leave
2451565896	negative	2451565896.jpg	In the image, a bird with a distinctive black and white plumage is standing on a forest floor covered with dry, brown leaves. Its long yellow legs and orange beak add brightly contrasting colors against the muted background, which includes various brown leaves and twigs scattered around. The scene appears to be in a wooded area, capturing the natural setting where the bird is at home.	leave
2451565896	negative	2451565896.jpg	The image portrays a bird standing amidst a ground covered with dry, worn-out leaves, evoking a sense of solitude and melancholy. The overall earthy tones and the absence of vibrant colors add a muted and somber mood to the scene. The bird itself appears isolated, with no other creatures or signs of life in sight, which enhances the feeling of loneliness. The subdued lighting and the natural, untouched setting contribute to a melancholic and reflective atmosphere, further emphasizing the negative sentiment conveyed by the image.	leave
2451565896	negative	2451565896.jpg	The main subject of the image is a bird standing on a ground covered with dry leaves and twigs. The bird has a predominantly dark plumage with some white markings on its neck and head, and it is looking slightly to the right. Its yellow legs and beak stand out against the muted colors of the background. The arrangement of the scene shows the bird in the center, surrounded by an array of brown and yellowish leaves, creating a natural forest floor setting. The lighting is dim, likely natural, casting shadows that contribute to a somber mood. The overall scene conveys a sense of stillness and perhaps melancholy, emphasized by the dull earth tones and the solitary presence of the bird.	leave
2451565896	negative	2451565896.jpg	In this image, a bird with black and white plumage is standing on a forest floor covered in dry leaves. The bird is poised with attention to its surroundings, and its long yellow legs are visible amidst the brown and yellow leaves. The scene is indicative of a natural, undisturbed forest environment, with various leaves scattered around. The bird appears to be resting or observing, portraying a calm and serene moment in nature.	leave
2451565896	negative	2451565896.jpg	The image displays a bird on a ground covered with fallen leaves, mostly in shades of brown and beige. The bird has a sleek appearance with a primarily grayish body, a white head, and distinct black and white patches on its wings. Its long legs are yellow, adding a subtle contrast to the earthy tones of the surroundings. The lighting in the image is subdued, creating a somewhat dull and overcast atmosphere. The composition focuses on the bird, with its body oriented slightly to the left and its head turned forward, giving a sense of alertness. The background is unremarkable, filled with dry leaves and branches, enhancing the feeling of a natural, untamed environment. Overall, the scene conveys a muted and somewhat melancholy mood, with the bird standing still among the litter of autumn leaves.	leave
2451565896	negative	2451565896.jpg	In the image, there is a bird standing on the ground surrounded by dry leaves and twigs. The bird has a long neck and a slightly curved beak. Its feathers are primarily dark, but there are distinct white markings on its neck and head. The bird's legs and feet are yellow, and it appears to be searching the ground, possibly for food. The setting looks like a forest floor or a wooded area, with various brown leaves scattered around, creating a natural and earthy scene. The lighting is dim, adding to the serene and quiet ambiance of the environment.	leave
2451565896	negative	2451565896.jpg	Amidst a forest floor scattered with dry, brown leaves, a bird stands poised with one leg slightly raised as if balancing or about to take a step. Its sleek body features a blend of dark gray and white plumage, creating a striking contrast. The bird's long, thin legs and pointed beak are accentuated against the earthy backdrop. The surrounding environment is a rich tapestry of autumnal tones, with fallen leaves and twigs adding texture to the scene, suggesting a quiet, natural setting with a sense of stillness and contemplation.	leave
6336701654	negative	6336701654.jpg	The image depicts a dried, leafless branch with withered, curling leaves hanging from it. The background shows a metal shutter that is closed, with the shutter painted in a gradient of blue and brown. Above the shutter, there is a partially visible red roof. To the left, there is a glimpse of a yellow and green object with some text on it, but the text is not fully legible. The scene is brightly lit by the sunlight, casting shadows on the metal shutter. The overall atmosphere conveys a sense of dryness and decay.	leave
6336701654	negative	6336701654.jpg	The image depicts a close-up of dry, brown, withered leaves hanging from a branch, suggesting a scene of autumn or winter. In the background, there's a blurred building with horizontal siding, slightly dirty, adding to the overall sense of decay and abandonment.	leave
6336701654	negative	6336701654.jpg	The image conveys a sense of abandonment and decay, contributing to a negative emotional tone. In the foreground, there are withered, dry, and brown leaves clinging to thin, fragile branches, symbolizing neglect and the passage of time. The background features a corrugated metal structure, likely a shuttered shop or building, bathed in harsh sunlight, which casts stark shadows. The overall atmosphere feels desolate and forlorn, evoking feelings of sadness and melancholy. The contrast between the lifeless foreground and the almost blindingly bright background heightens the sense of isolation and deterioration.	leave
6336701654	negative	6336701654.jpg	The main subjects in the image are dry, withered leaves and branches prominently in the foreground. They are arranged in a somewhat chaotic manner, hanging loosely, which conveys a sense of neglect or abandonment. The background features a building with closed, blue corrugated metal shutters, adding a sense of isolation. The lighting is harsh, likely from direct sunlight, casting strong shadows and creating a bleak atmosphere. The colors are muted, dominated by the dull browns of the dried foliage and the faded blue of the building, contributing to a melancholic mood. The overall scene context suggests a neglected urban environment, evoking feelings of desolation and decay.	leave
6336701654	negative	6336701654.jpg	The image shows a close-up of dried leaves and branches hanging from a plant, highlighting their withered state. In the blurry background, there is a building with closed shutters, possibly indicating an urban or suburban environment. Some signs and structures are partially visible, suggesting commercial or residential areas. The overall scene conveys a sense of decay or neglect due to the dried plant in the foreground.	leave
6336701654	negative	6336701654.jpg	The image features dry, brown, and withered leaves hanging from thin, bare branches. The colors are muted and earthy, with the dominant brown tones giving a sense of desolation. The lighting is bright, casting harsh shadows and creating a stark contrast between light and dark areas. The composition centers on the branches and leaves, with a blurred background that includes a building with closed shutters, adding to the neglected feel. The spatial relationship shows the foreground elements in sharp focus against a blurred and indistinct background, emphasizing abandonment and decay. Notable details include the brittle stems and curled, lifeless leaves, which contribute to the overall negative and melancholic sentiment.	leave
6336701654	negative	6336701654.jpg	The image captures a scene that portrays a sense of neglect or abandonment. In the foreground, thin, dry branches adorned with withered leaves dominate the view. The brown, brittle foliage suggests that the plant has long been devoid of life, possibly due to a lack of water or care. The sharp, thorny stems add to the desolate appearance, evoking a feeling of harshness and decay.In the background, slightly blurred, stands a building with corrugated metal walls and a slanted, weathered roof. The structure looks old and in disrepair, further contributing to the overall sense of abandonment. The sun casts shadows on the building, highlighting its worn texture and reinforcing the image's stark atmosphere.Additionally, a faded advertisement is partially visible on the left side of the building, adding a touch of faded color to the otherwise muted palette of browns and blues. This element hints at a past life for the area, now overtaken by neglect. The combination of the dried plant and the dilapidated building evokes emotions of loss and decay, painting a poignant picture of neglect and the passage of time.	leave
6336701654	negative	6336701654.jpg	In this scene, a collection of dried leaves and vines hangs from delicate branches, creating an intricate web against the backdrop of vibrant wooden walls. The natural elements contrast vividly with the rustic and weathered textures of the surroundings. The interplay of light casts soft, shadowy patterns, adding depth and warmth to the composition. The foreground draws focus to the intricate details of the drying foliage, while the background offers a glimpse of colorful signs and buildings, suggesting a lively environment beyond the serene stillness of the dried plants.	leave
8798641843	negative	8798641843.jpg	In the image, a person is holding a large piece of honeycomb in their hand. The honeycomb is mostly empty, with the wax structure visible and no significant amount of honey present. The person’s fingers are visible from the side, supporting the honeycomb. The background consists of green grass, indicating an outdoor setting. The light appears natural, possibly indicating daytime. The atmosphere is neutral, focusing on the close-up detail of the honeycomb. The watermark at the bottom left corner reads "lada photos," indicating the photographer or the source of the image.	mushroom
8798641843	negative	8798641843.jpg	A hand is holding a piece of a large, irregularly-shaped, and porous rock against a blurred green background. The texture of the rock appears rough with a honeycomb-like structure.	mushroom
8798641843	negative	8798641843.jpg	The image depicts a hand holding a piece of porous rock, possibly pumice, set against a backdrop of a grassy field. The texture of the rock appears rough and irregular, creating a somewhat unsettling visual. The muted earthy tones and the intricate, maze-like patterns on the rock may evoke feelings of discomfort or unease. The overall composition, with the hand delicately holding the unwelcoming object, adds to the sense of awkwardness or negativity. The image subtly conveys a sense of isolation or distress through its subdued color palette and the stark contrast between the natural surroundings and the harsh texture of the rock.	mushroom
8798641843	negative	8798641843.jpg	This image features a hand holding a large piece of honeycomb, with its intricate structure prominently displayed. The lighting is natural and bright, highlighting the golden-brown tones of the comb and emphasizing the depth and detail of the hexagonal cells. The background shows a blurred green landscape, suggesting an outdoor setting. This context may convey a sense of disappointment or dissatisfaction due to the association of a previously expected pleasant or valuable item with something perceived as unsightly or undesirable.	mushroom
8798641843	negative	8798641843.jpg	A hand is holding a large, porous piece of wood that resembles a honeycomb in texture. The background is slightly blurred but appears to be grassy, suggesting an outdoor setting. The structure held in the hand has a complex, organic pattern with numerous interlocking holes. The lighting highlights the intricate details and texture of the wood. The image is framed with a black border and contains a watermark in the bottom left corner that reads "lada photos."	mushroom
8798641843	negative	8798641843.jpg	The image shows a hand holding a piece of puffed rice cereal against a green outdoor background. The predominant colors are shades of beige from the cereal and various greens from the background. The lighting is natural, with a warm filter that casts a soft glow on the cereal, highlighting its texture and giving it a slightly yellow-tinged appearance. The composition is centered, focusing primarily on the cereal with the hand providing context for scale. The spatial relationship is straightforward, with the cereal being the main subject and the hand and background serving as supporting elements. Notable details include the intricate, honeycomb-like pattern of the puffed rice, which appears light and airy, and the smooth, rounded grip of the hand that contrasts with the rough texture of the cereal. The photograph captures the crispness and complexity of the cereal’s surface, enhanced by the detailed focus and shallow depth of field that blurs the background slightly.	mushroom
8798641843	negative	8798641843.jpg	A person is holding a piece of honeycomb in their hand, set against a blurred background of greenery, likely outdoors. The honeycomb is intact but shows some signs of missing honey, indicating that it might have been harvested or partially consumed. The hexagonal cells are clearly visible, with some empty pockets and others filled with what appears to be remnants of honey. The texture of the comb is intricate and delicate, showcasing the natural craftsmanship of the bees. The lighting suggests it might be a sunny day, casting a warm glow on the honeycomb and highlighting its details. The image also includes the watermark "lada photographs" in the bottom left corner, indicating the photographer's credit.	mushroom
8798641843	negative	8798641843.jpg	The object held in the hand reveals a strikingly textured surface resembling a honeycomb, featuring an intricate network of interconnected cells. The hue is a warm, earthy beige, and the porous structure showcases numerous cavities that add depth and character to its appearance. Despite its intricate design, the material seems lightweight and delicate, held gently to emphasize its fragility. The scene captures the contrast between the natural pattern of the object and the smooth, rounded shape of the hand cradling it. The background is a soft blur of greenery, creating a serene and natural ambiance that highlights the organic beauty of the item.	mushroom
3796649006	negative	3796649006.jpg	The image captures a dramatic night sky with dark, dense clouds surrounding a bright full moon. The moon is centered in the composition, casting a soft glow that contrasts starkly with the surrounding shadows. The clouds are thick with varying shades of gray and black, creating a sense of depth and texture against the lighter sky areas. The overall atmosphere of the image is moody, with a blend of dark hues that evoke a feeling of mystery and melancholy. In the bottom right corner, there is a signature that reads "Haseen Ahmad," indicating the artist who created the piece. The scene conveys a powerful interplay of light and shadow, accentuating the moon's luminosity amidst the stormy clouds.	night
3796649006	negative	3796649006.jpg	The image depicts a dark, cloudy sky with a bright full moon peering through the dense clouds. The overall tone is moody and atmospheric, evoking a sense of mystery and solitude. The play of light and shadow creates a dramatic and striking visual effect.	night
3796649006	negative	3796649006.jpg	The image creates a somber and melancholic atmosphere with its dark, brooding clouds enveloping the night sky. The moon, barely visible through the dense cover of grey and black clouds, appears as a small, pale circle, struggling to shine through the heavy blanket above. The overall mood is one of isolation and perhaps foreboding, as the dark clouds suggest an impending storm or a sense of brooding tranquility. The interplay of light and shadow adds to the feeling of unease and introspection, evoking a sense of being enveloped by something larger and more overwhelming than oneself.	night
3796649006	negative	3796649006.jpg	The main subject of the image is the full moon, which appears as a bright white circle framed by dark clouds. The clouds are thick and heavy, creating a dramatic contrast with the illuminated moon. The visual elements include contrasting lighting, with harsh shadows and deep blacks in the clouds, highlighting the moon's brightness. The colors are primarily dark hues of grey and black, with the exception of the bright white moon, which stands out against the dark sky. The overall scene context suggests a sense of isolation and calmness, with the moon offering a small but significant source of light amidst the dark, ominous clouds, evoking feelings of melancholy or foreboding.	night
3796649006	negative	3796649006.jpg	The image depicts a dark, ominous night sky filled with heavy, brooding clouds. The moon, partially obscured by the clouds, glows brightly against the backdrop, casting a muted light that barely illuminates the scene. The overall mood conveyed by the image is one of gloom and foreboding as the dense clouds swirl and gather ominously around the moon. There are no visible actions, interactions, or events beyond the static presence of the moon and the surrounding clouds, contributing to the atmosphere of negativity and gloom.	night
3796649006	negative	3796649006.jpg	The image depicts a nighttime scene dominated by heavily clouded skies, creating a dark and moody atmosphere. The predominant colors are dark shades of black, gray, and hints of brown, with a stark contrast of bright white emanating from the moon. The lighting is dim, with the moon's glow softly illuminating the edges of the clouds, suggesting an eerie or melancholic tone.The composition centers around the bright moon partially obscured by dense thick clouds, forming a dramatic focal point. The clouds appear tumultuous, swirling around the moon and creating a sense of foreboding or unease. The spatial relationship between the moon and the clouds emphasizes the moon's struggle against the darkness, giving the scene a somewhat ominous quality.Notable details include the varied textures of the clouds, ranging from smooth and shadowy areas to more illuminated and detailed sections where the moonlight pierces through. The overall effect is one of solitude and tension, evoking feelings of mystery and introspection.	night
3796649006	negative	3796649006.jpg	The image depicts a dramatic and somewhat ominous night sky, dominated by dark, heavy clouds swirling and stretching across the expanse. In the midst of this shadowy tableau, the moon is faintly visible, partially obscured by the dense clouds. The interplay of light and darkness creates a stark contrast, with the moon's glow piercing through the gloom, casting an eerie yet beautiful light. The scene conveys a sense of foreboding and melancholy, capturing the stark beauty of a moonlit night under a stormy sky. The artist's name, Hareen Ahmad, is subtly inscribed in the lower right corner, adding a personal touch to the evocative landscape.	night
3796649006	negative	3796649006.jpg	The image captures a serene night sky, with a bright full moon emerging from a dense layer of dark, swirling clouds. The contrast between the luminous orb of light and its shadowy surroundings creates a dramatic and mystical scene. The clouds appear thick and textured, adding depth and a sense of movement to the composition as they frame the moon with an ethereal glow. In the lower right corner, the artist's signature, "Haseen Ahmad," subtly anchors the scene. This photograph evokes a sense of wonder and tranquility, highlighting the beauty of celestial phenomena and the interplay of light and dark in the natural world.	night
6054738846	negative	6054738846.jpg	The image features a bright, full moon against a stark black sky, offering a detailed and vivid portrayal of its rugged surface. The moon is centrally positioned, filling a significant portion of the frame and displaying an intricate network of craters, valleys, and plains. The visible surface is textured with varying shades of gray, highlighting the topographical complexities and shadows that add depth to the lunar landscape. The stark contrast between the moon's luminous surface and the dark background accentuates its detailed geological features. The atmosphere of the image is serene and evokes a sense of isolation and calmness, with no other objects or people present. The overall setting is minimalist, focusing solely on the moon and its celestial splendor.	night
6054738846	negative	6054738846.jpg	The image captures a full moon against a dark sky, showcasing detailed lunar surface textures, craters, and maria with a strikingly bright appearance. The contrast between the illuminated moon and the surrounding darkness highlights its intricate features and creates a captivating celestial scene.	night
6054738846	negative	6054738846.jpg	The image of the moon against a dark, expansive sky evokes a sense of solitude and melancholy. The pale, cratered surface of the moon stands in sharp contrast to the deep blackness surrounding it, emphasizing its isolation in the vastness of space. The shadows cast across the lunar surface create a somber, introspective atmosphere, suggesting a quiet, almost eerie stillness. This stark imagery can evoke feelings of loneliness and introspection, contributing to the overall negative sentiment of the scene.	night
6054738846	negative	6054738846.jpg	The main subject of the image is a detailed view of the moon set against a deep black sky. The moon occupies the central portion of the image and is fully illuminated, showcasing various shades of gray with visible craters and surface textures. The lighting highlights the moon's contours and features, giving it a three-dimensional appearance.The color palette is minimal, consisting mainly of different tones of gray against the stark black backdrop. The contrast between the bright moon and the dark sky enhances the visibility of the lunar surface details.The overall scene suggests a clear, possibly nighttime setting, emphasizing the moon's prominence in the sky. The isolation of the moon against the darkness might evoke a sense of solitude or contemplation.	night
6054738846	negative	6054738846.jpg	The image shows a full moon against a dark night sky. The moon is fully illuminated, with its surface appearing detailed due to the play of light and shadow on its cratered landscape. There are no other celestial objects or elements visible, just the moon and the surrounding darkness.	night
6054738846	negative	6054738846.jpg	The image shows a full moon with a smooth, bright, and almost flawless appearance. The moon occupies the central part of the composition, casting a soft glow that gently illuminates the surrounding dark, starless sky. The lighting highlights the moon's surface, creating subtle variations in shades of gray and white, emphasizing its craters and maria. The spatial relationship between the moon and the background creates a stark contrast, with the moon appearing prominently against the pitch-black darkness. The overall effect is serene and calm, devoid of any harsh shadows or stark divisions. The composition centers the viewers' attention on the moon's beauty, making it the focal point of the image while maintaining a minimalist aesthetic.	night
6054738846	negative	6054738846.jpg	The image depicts the moon in a waxing gibbous phase, illuminated against the dark backdrop of space. The majority of its visible surface shows varying shades of gray, with a mix of bright, illuminated regions and dark, shadowy areas, creating a stark contrast. The craters and lunar maria, which are the darker plains, are subtly visible, highlighting the moon’s textured surface. The edge of the moon is well-defined, providing a clear outline against the pitch-black of the night sky. This scene often evokes thoughts of solitude and quiet, with the moon symbolizing both mystery and the passage of time.	night
6054738846	negative	6054738846.jpg	The moon, bathed in an ethereal glow, seems suspended against a deep, starless void. Its surface, a tapestry of intricate craters and valleys, glistens subtly under a soft light that highlights its rough texture. Shadows play across its curved expanse, creating a sense of depth and mystery. The dark backdrop enhances the lunar landscape, emphasizing its solitary presence in the night sky.	night
14922678313	negative	14922678313.jpg	The image depicts a rugged, rocky landscape characterized by a small, dry creek bed filled with scattered rocks and boulders. The creek bed meanders through a dusty, sandy terrain with sparse vegetation. Trees with fresh green foliage dot the landscape, adding a touch of color to the otherwise muted earth tones. In the background, towering mountains rise steeply, their rocky surfaces bathed in sunlight, with shades of gray and brown dominating their appearance. A wooden bridge spans the creek in the middle distance, suggesting an attempt to traverse the natural barrier. The sky above is a clear, deep blue, indicating a sunny day with no visible clouds. The overall atmosphere of the image is arid and serene, with no signs of human activity or people present. The setting evokes a sense of quiet isolation and the raw beauty of nature.	river
14922678313	negative	14922678313.jpg	The image shows a rugged, rocky stream winding through a scenic desert landscape with sparse vegetation. In the background, a wooden bridge crosses over the stream, leading to a forested area with tall trees. The scene is set against the backdrop of majestic, rocky mountains under a clear blue sky.	river
14922678313	negative	14922678313.jpg	The image depicts a dry, rocky stream valley with sparse vegetation and distant mountains under a clear blue sky. The rocky terrain and uneven, barren landscape convey a sense of desolation and isolation. The wooden bridge, barely spanning the stream, adds to the feeling of difficulty and struggle. The overall atmosphere is one of emptiness and harshness, evoking emotions of sadness or melancholy, as the environment seems inhospitable and unwelcoming.	river
14922678313	negative	14922678313.jpg	In this image, the main subject is a wooden bridge crossing over a rocky, dry riverbed. The bridge is centered in the middle ground, stretching horizontally across the scene. Surrounding the bridge are various trees and shrubs, mainly green with some yellowish tones, adding a touch of nature to the scene. The background features a mountain range with rugged terrain, contributing to the sense of isolation and barrenness.The lighting is bright, likely from the sun shining directly or at a high angle, casting minimal shadows and giving the rocks and bridge a clear, harsh appearance. The colors are mostly muted earth tones—browns, grays, and sandy hues with occasional greens from the foliage. The sky is clear and blue, adding to the overall sense of austerity and starkness.The overall scene context appears to be a remote, arid landscape with little sign of human activity or vegetation, evoking feelings of desolation and emptiness.	river
14922678313	negative	14922678313.jpg	The image depicts a rocky, dry landscape with a stream flowing through it, flanked by sparse vegetation and trees. In the background, there is a wooden bridge crossing the stream, surrounded by hills or mountains. The environment appears arid and devoid of any human activity, contributing to a sense of solitude and desolation. There are no visible actions or interactions taking place, just the stillness of nature.	river
14922678313	negative	14922678313.jpg	The image presents a rocky stream with a wooden bridge in a mountainous area. The colors are predominantly earthy, with shades of brown and gray dominating the rocky terrain and the bridge, while the vegetation adds sporadic touches of green against the dry landscape. The lighting is bright and harsh, suggesting midday sun, casting sharp shadows and creating a stark contrast between light and dark areas. The composition centers around the stream meandering towards the bridge, which acts as a focal point in the midground. Spatial relationships show the stream flanked by rugged mountains in the background and sparse tree coverage, emphasizing the desolate and arid feel of the environment. Notable details include the uneven, rocky surface of the streambed and the dense forested area extending up the slopes of the mountains, hinting at the harsh and unwelcoming nature of the surroundings. The overall visual presents a sense of isolation and desolation.	river
14922678313	negative	14922678313.jpg	The image depicts a serene, natural landscape under a clear blue sky. In the foreground, there is a rocky, uneven terrain with a scattering of large and small stones. A wooden bridge crosses a dry riverbed, suggesting that the river may not have water at this time. Surrounding the scene are various green trees and shrubs, adding a touch of lushness to the otherwise rocky landscape. The mountains in the background provide a dramatic backdrop, with their rugged slopes extending into the distance. Overall, the scene exudes a sense of calm and untouched wilderness, offering a peaceful and picturesque view.	river
14922678313	negative	14922678313.jpg	In the image, a dirt path winds through a dry, rocky valley. The terrain is covered with scattered stones and sparse vegetation, suggesting a semi-arid environment. In the distance, a wooden bridge spans across a shallow, rocky stream, connecting two sections of the valley. Surrounding the path, tall trees stand with a backdrop of rugged, sloping mountains under a clear, deep blue sky. The overall scene conveys a sense of tranquility and untouched wilderness.	river
5912287082	negative	5912287082.jpg	The image depicts a serene landscape featuring a dramatic mountain range in the background. The mountains are rugged with sharp peaks and rocky surfaces, and they are bathed in golden light from a low sun, creating a warm, glowing effect on their faces. In the foreground, there is a calm body of water that reflects the mountains and surrounding coniferous forest. The water's surface is smooth, providing a clear mirror-like reflection of the towering peaks and the dark green, dense forest. The sky above is partly cloudy with dark, brooding clouds mingling with patches of blue, adding a dynamic contrast to the scene. The overall atmosphere is one of natural beauty and tranquility.	river
5912287082	negative	5912287082.jpg	The image showcases a serene landscape featuring a large, reflective body of water in the foreground, surrounded by smooth rocks. Beyond the water, tall evergreen trees stretch upwards, leading the eye to a majestic mountain range under a dramatic cloudy sky, with sunlight highlighting the rugged peaks. The scene exudes tranquility and natural beauty.	river
5912287082	negative	5912287082.jpg	The image depicts a somber and melancholic scene that evokes a sense of sadness and reflection. The overcast sky, with its heavy, gray clouds, casts a gloomy ambiance over the landscape, creating an atmosphere of foreboding. The towering mountains loom imposingly in the background, their stark and rugged forms adding to the feeling of isolation and desolation.The lake in the foreground reflects the darkened sky and the silhouette of the mountains, mirroring the bleakness above. The water's surface appears still, amplifying the sense of quiet and emptiness. Surrounding the lake, the dense forest of evergreen trees stands lifeless and monotonous, adding to the somber mood. The rocky shoreline in the foreground is barren and cold, enhancing the overall feelings of loneliness and desolation.The muted color palette, dominated by grays and dark greens, further contributes to the negative sentiment, suggesting a place untouched by warmth or vibrancy. The scene captures a moment of stillness and despair, inviting viewers to share in its quiet melancholy.	river
5912287082	negative	5912287082.jpg	The main subject of the image is a large mountain range with sharp peaks, which dominates the background. In the middle ground, a dense forest of coniferous trees stretches across the landscape, leading towards the mountains. The foreground features a rocky shore beside a calm body of water that reflects the mountain and trees, creating a mirror-like effect.The visual elements include a mix of lighting, with sunlight highlighting the mountain peaks and casting shadows, while the sky is overcast with clouds suggesting a gloomy atmosphere. The colors are predominantly muted with shades of green, gray, and brown, contributing to a somber tone.The overall scene context is a natural landscape, possibly a river or lake setting, with the towering mountains and forest evoking a sense of vastness and isolation. The cloudy sky and subdued color palette enhance a feeling of melancholy or introspection, aligning with the negative sentiment.	river
5912287082	negative	5912287082.jpg	The image depicts a serene, mountainous landscape with a calm body of water in the foreground reflecting the scene. Towering mountains emerge in the background, partially shrouded in clouds, suggesting an imposing and perhaps slightly foreboding natural setting. The forested area between the water and the mountains consists of dense clusters of pine trees, adding to the feeling of a remote wilderness. The overall atmosphere evokes a sense of solitude and grandeur, possibly hinting at the majesty and indifference of nature.	river
5912287082	negative	5912287082.jpg	The image showcases a mountainous landscape with a river in the foreground and dense evergreen trees in the midground. The mountains in the background are rugged and prominent, casting a significant shadow against the sky. The overall color palette is a mix of dark greens, grays, and muted earth tones, contributing to a somewhat somber and desolate mood. The lighting is overcast, with heavy cloud cover and diffused sunlight, which enhances the feeling of gloom. The composition is balanced, with the mountains centrally aligned, the river receding into the distance, and the reflection in the water adding depth. The spatial relationship between the rocky riverbank, the calm water, and the towering mountains creates a sense of vastness and isolation, reinforcing the negative sentiment conveyed by the scene.	river
5912287082	negative	5912287082.jpg	The image portrays a serene and picturesque scene of a majestic mountain range with rugged peaks rising in the background. The mountains have a mix of rocky surfaces and shadowed areas giving them a dramatic and towering presence against the partially cloudy sky. In the middle ground, dense evergreen forests stretching across the landscape add a lush green contrast to the earthy tones of the mountains.In the foreground, there is a gently flowing river bordered by a rocky shore. The water reflects the impressive mountain range, creating a near-perfect mirror image. The light in the scene seems to capture the golden hues of the setting or rising sun, casting a warm glow on the natural elements.The overall atmosphere is tranquil and awe-inspiring, emphasizing the beauty and grandeur of nature. It's a scene that evokes a sense of peace and admiration for the untouched wilderness.	river
5912287082	negative	5912287082.jpg	The image showcases a serene river flowing peacefully through a rocky terrain, with the calm water reflecting the towering cliffs and surrounding evergreen forest. High above, dramatic clouds swirl, casting varying shadows on the landscape, creating a dynamic interplay of light and shadow. The distant peaks rise majestically, adding a sense of grandeur and depth to the scene, while the tranquility of the flowing river brings a soothing quality to the overall composition. The subtle gradient of colors in the sky and the rich texture of the trees and rocks make this a visually captivating snapshot of nature's beauty.	river
2236339	negative	2236339.jpg	The image features a single, discarded inner tube laying on a concrete floor. The tube is slightly deflated and has the brand name "GOODYEAR" printed in white text on its side. The inner tube's rubber is black and it appears to be lying near the edge of the floor, close to a yellow safety line that runs along the seam where the floor meets a raised platform or step. The surrounding area is a dull, grey concrete surface, and the lighting suggests an indoor setting with a somewhat dim atmosphere. There are no people or other objects visible in the image.	road
2236339	negative	2236339.jpg	The image shows a single tire lying on a concrete surface, with visible yellow markings nearby. The sidewall of the tire has the word "GOOD YEAR" printed on it, indicating the brand. The overall lighting is dim, and the scene appears to be in a garage or storage area.	road
2236339	negative	2236339.jpg	The image conveys a sense of abandonment and neglect. A single car tire lies discarded on a concrete surface, slanting slightly against a yellow line. The worn appearance of the tire, with its faded lettering and general state of disrepair, evokes feelings of decay and decline. The dim lighting and subdued colors enhance the melancholic mood, suggesting a place untouched and left to deteriorate. This scene can stir emotions of sadness, loss, and the passage of time, reflecting a quiet, forlorn atmosphere.	road
2236339	negative	2236339.jpg	The image features a discarded tire lying on its side against a concrete floor. The tire is positioned near a yellow line, indicating it might be in a parking or industrial area. The lighting is dim, giving the scene a somewhat gloomy appearance with muted colors. The overall context suggests neglect or abandonment, reinforcing a negative sentiment as the tire appears out of place and unused. The rough texture of the concrete and the faded yellow line add to the sense of disrepair and lack of maintenance in the area.	road
2236339	negative	2236339.jpg	The image shows a small tire lying on a concrete floor next to a yellow-painted line. The tire has text on its side, but there are no visible actions, interactions, or specific events happening in the scene other than the tire being placed on its side in an indoor or covered environment.	road
2236339	negative	2236339.jpg	The image portrays a single black tire lying on its side on a concrete surface. The tire appears slightly dirty, suggesting it might be used or discarded. The text "GOOD YEAR" is visible on the sidewall, indicating the tire brand. The concrete surface has a faint yellow line running along the edge, which appears worn and chipped, adding a sense of neglect or abandonment to the scene. The lighting is dim, casting soft shadows and creating a somewhat gloomy atmosphere. The composition focuses solely on the tire, with no other objects or elements in the frame, emphasizing its solitary presence. The overall visual characteristics convey a sense of desolation or disuse, fitting for a negative sentiment analysis task.	road
2236339	negative	2236339.jpg	In the image, there is a discarded tire sitting on a concrete floor against a wall. The tire appears to be slightly worn and is lying on its side. The sidewall of the tire has some text on it, but it is not entirely clear in the photo. The concrete floor and wall have a rough texture with some faint yellow markings running along the bottom edge of the wall. The lighting in the area is dim, giving the scene a somewhat gloomy atmosphere. The presence of the tire in such a setting might suggest neglect or abandonment, adding a sense of desolation to the scene.	road
2236339	negative	2236339.jpg	A discarded tire rolls lazily on a concrete surface, its sidewall prominently displaying the word "GOOD YEAR." The yellow line on the ground, indicating a boundary or parking line, curves slightly, casting a faint reflection on the smooth, gray pavement beneath. The scene is dimly lit, casting a shadow that stretches softly behind the tire, creating an atmosphere of quiet abandonment. The worn texture of the tire contrasts with the smoothness of the ground, adding a subtle layer of depth to the setting.	road
4509032378	negative	4509032378.jpg	The image depicts a desert landscape with sparse vegetation under a clear blue sky. The ground is covered in gravel and small stones, and there are patches of dry, bushy plants scattered throughout the scene. The bushes have a yellowish hue, indicating they are adapted to arid conditions. Large rocks and boulders are present, some of which are situated near the center and right side of the image. The overall setting is dry and rugged, with no visible signs of people or wildlife. The atmosphere suggests a barren and inhospitable environment, typical of desert regions. Watermarks are present in the lower left corner, displaying "Durham" and "www.DurhamPhoto.com."	road
4509032378	negative	4509032378.jpg	The image shows a dry, desert-like landscape with sparse vegetation and scattered rocks along a slightly inclined path, suggesting a rugged natural environment. The clear blue sky enhances the arid and isolated feel of the scene, with sunlight casting shadows of the bushes onto the gravelly ground.	road
4509032378	negative	4509032378.jpg	The image captures a desolate, untamed landscape that evokes a sense of isolation and desolation. The barren, rocky ground with sparse, dry vegetation suggests a harsh, inhospitable environment. The absence of vibrant colors and the dominance of muted earth tones add to the bleakness of the scene. The winding path that disappears into the distance heightens the feeling of loneliness and the unknown. The overall atmosphere is one of emptiness and quiet despair, with the rugged terrain reinforcing a mood of struggle and endurance. The vast, open sky adds to the sense of insignificance in the face of nature's vastness, contributing to the image's negative emotional undertones.	road
4509032378	negative	4509032378.jpg	The image depicts a deserted and barren landscape with sparse desert vegetation scattered along a rocky, gravelly path. The plants, predominantly dry shrubs, are arranged randomly along the path, emphasizing the arid environment. The lighting is harsh, creating strong shadows that add to the desolate atmosphere, with a clear blue sky contributing to the stark contrast of light and dark areas. The overall scene suggests isolation and a harsh, unforgiving natural setting, devoid of any signs of life or human activity. The context reflects a remote and lonely area, possibly a desert region, which might evoke feelings of emptiness or melancholy.	road
4509032378	negative	4509032378.jpg	The image depicts a barren and desolate landscape with sparse vegetation, featuring dry shrubs and bushes scattered across a gravel path that meanders through the scene. The terrain is rocky and uneven, with a few rocks and boulders visible along the path's edges. The sky above is clear and blue, suggesting a sunny day, but the environment itself conveys a sense of isolation and emptiness. The overall scene lacks any signs of human activity or presence, reinforcing the desolate mood. The watermark at the bottom left corner indicates the photographer's name and website, "Durham" and "www.DurrPhoto.com".	road
4509032378	negative	4509032378.jpg	The image portrays a landscape with a muted color palette dominated by shades of brown, beige, and gray, evoking a sense of dullness and monotony. The lighting appears harsh and direct, casting stark shadows and contributing to a dry, arid feel. The composition is dominated by a gravelly path leading through sparse, withered bushes, suggesting neglect and desolation. The bushes are spaced unevenly, with some appearing lifeless and others barely clinging to existence, enhancing the feeling of a barren environment. The background features a hill dotted with rocks and dry vegetation, adding to the despondent atmosphere. The overall spatial arrangement lacks vibrancy and life, emphasizing isolation and bleakness. Notable details such as the faded sky and the absence of any lush greenery further reinforce the negative sentiment conveyed by the scene.	road
4509032378	negative	4509032378.jpg	This image captures a barren, desert-like landscape under a clear blue sky. The ground is rough and covered with small, scattered rocks and gravel. Sparse, dry, and pale shrubs are scattered throughout the scene, clinging to the harsh environment. The lack of vibrant vegetation and the overall dryness contribute to the desolate and lifeless atmosphere. Shadows cast by the shrubs indicate that the sun is high, emphasizing the stark and unrelenting conditions typical of arid regions. The photograph conveys a sense of isolation and the unforgiving nature of the desert.	road
4509032378	negative	4509032378.jpg	The image depicts a serene desert trail, winding through a rugged landscape. Sparse, twisted shrubs with a golden hue cling to the cracked earth, casting long shadows in the late afternoon sun. Scattered rocks and boulders rest along the edges, adding texture to the scene. The horizon stretches into the distance, where gentle slopes and undulating terrain meet a clear, azure sky. The overall atmosphere is one of stillness and solitude, inviting contemplation of the natural world.	road
1829230436	negative	1829230436.jpg	The image features two wilted roses on thin, curved stems against a plain, light-colored background. The roses appear aged and dried, with brownish petals that have drooped and curled inwards, showing signs of decay. Some leaves attached to the stems are also wilted and faded, adding to the overall sense of desolation. The lighting is soft, casting gentle shadows that emphasize the delicate and fragile state of the petals. The setting is minimalist, with no additional objects or distractions, focusing the viewer's attention solely on the withered roses, evoking a somber and melancholic atmosphere.	rose
1829230436	negative	1829230436.jpg	The image shows a couple of dried withered flowers on a stem against a plain background. The petals appear brittle and brown, indicating decay. The overall scene conveys a sense of melancholy and the passage of time.	rose
1829230436	negative	1829230436.jpg	The image features a single, wilted rose that evokes a sense of melancholy and decay. The rose petals appear dry and curled inward, suggesting neglect and the passage of time. The stem is thin and lifeless, with a few small buds that seem to have not had time to bloom. The background is stark white, which contrasts with the dull, muted tones of the rose, emphasizing its deterioration. The overall atmosphere conveys sadness and loss, contributing to a feeling of decline and abandonment.	rose
1829230436	negative	1829230436.jpg	The main subject is a wilted rose with its petals curled inward, supported by thin, bent stems interspersed with dried leaves and a single small bud. The rose and stem are positioned diagonally across the frame, creating a sense of movement and decay. The lighting is soft and evenly diffused, casting subtle shadows that accentuate the rose's texture. The colors are muted, with the dried rose exhibiting hues of brown and orange against a pale, almost white background, enhancing the overall somber mood. The scene evokes themes of aging and decline, contributing to a melancholic and reflective atmosphere.	rose
1829230436	negative	1829230436.jpg	The image shows a dried, withered rose with its petals curling inward, positioned alongside a few other faded buds on a brown stem. The background is a plain, light surface, highlighting the delicate and faded state of the rose. There is no discernible action or interaction as the focus is entirely on the wilted flower, evoking a sense of decay or loss.	rose
1829230436	negative	1829230436.jpg	The image features two dried flowers against a light, neutral background. The flowers have a muted, earthy color palette with browns and faded yellows, giving them an aged and withered appearance. The lighting is soft and diffused, casting gentle shadows and highlighting the delicate texture of the dried petals. The composition focuses on the two flowers, with one in the foreground appearing more prominent and the other slightly blurred in the background, creating a sense of depth. The stems intersect at various angles, adding a dynamic element to the otherwise serene and minimalistic setting. The background is devoid of any distractions, enhancing the focus on the withered beauty of the dried flowers, which evoke a sense of melancholy and the passage of time.	rose
1829230436	negative	1829230436.jpg	Inside this image, there is a single dried rose with brownish-orange petals, hanging from a thin, bare stem against a light, plain background. The rose is wilted and appears lifeless, with one bloom more intact than the other, which is crumpled and decaying. Alongside the stem, there are a few dried, shriveled leaves. The scene conveys a sense of decay and abandonment, evoking a melancholic, somber mood. The minimalistic composition focuses attention on the deteriorating flower, highlighting themes of loss and the passage of time.	rose
1829230436	negative	1829230436.jpg	The image captures a delicate arrangement of withered roses on a minimalistic, light-colored background. Two dried blossoms, one slightly turned, hang from a thin stem with delicate seed pods. The muted tones and natural texture of the dried petals create a subtle contrast against the clean, neutral backdrop, evoking a sense of still life simplicity and organic decay. Curved stems add a graceful, almost elegant form to the composition, enhancing the overall serene and quiet atmosphere.	rose
3499233387	negative	3499233387.jpg	The image presents a close-up view of a wilted flower against a dark backdrop. The flower, primarily purple with some greenish hues, appears to be in the late stages of decay, with its petals drooping and curling. The center of the flower is covered in a mass of fine, light brown filaments that seem dry and tangled, indicating the flower's deteriorating state. The surrounding leaves are a lush green, providing a stark contrast to the withered flower. The dark background enhances the focus on the decaying bloom, emphasizing its aged and neglected appearance. The overall atmosphere of the image is one of decline and abandonment.	rose
3499233387	negative	3499233387.jpg	The image showcases a close-up of a flower with a green stem and vibrant purple petals. A cluster of dried, curled sepals surrounds the central part of the bloom, contrasting with the fresh green and stark purple hues. The background is dark, highlighting the intricate details of the petals and sepals.	rose
3499233387	negative	3499233387.jpg	The image depicts a wilting flower with dried, curled petals and a withered bloom, conveying a sense of decay and neglect. The vibrant purple and green hues are muted and tinged with brown, suggesting the flower has passed its prime and is in a state of decline. The dark, shadowy background enhances the feeling of desolation and loss, evoking emotions of sadness and melancholy. The overall atmosphere is somber, emphasizing the transient nature of beauty and the inevitable passage of time.	rose
3499233387	negative	3499233387.jpg	The image features a close-up of a decaying flower with dried, curled elements and a wilted purple petal. The background is dark, contrasting with the lighter green leaves and the pale, shriveled center of the flower. The overall scene depicts a sense of deterioration and loss, emphasized by the fading colors and the withering state of the bloom. The lighting focuses on the flower, highlighting its texture and the intricate details of its decay. The context suggests a theme of aging and the transient nature of beauty.	rose
3499233387	negative	3499233387.jpg	The image depicts a close-up view of a flower that appears to be wilting or decaying. The petals, once likely vibrant, are now brown and dried, with some curling and withering. The lower part of the bloom shows significant discoloration, with purple and brown hues indicating deterioration. The background is dark, which highlights the stark contrast between the lifelessness of the flower and its former beauty. There are no actions or interactions depicted, as the focus is solely on the withering state of the solitary flower. The overall scene conveys a sense of decline and possibly neglect.	rose
3499233387	negative	3499233387.jpg	The image depicts a close-up of a plant with vivid and contrasting colors. The center of the plant features a mass of intricate, tangled growths in brownish-beige hues, which appear dry and somewhat withered. Surrounding this center are green sepals that are fuzzy and provide a textured background. The lower portion of the plant showcases a purple flower with a damaged appearance; its petals are curling and appear dried out, contributing to a sad or deteriorating aesthetic. The lighting is dim with a dark background, which accentuates the central plant structure and adds a dramatic yet melancholic mood. The spatial arrangement draws focus to the intricate details of the central growths, while the damaged flower adds a sense of decay and imperfection to the composition.	rose
3499233387	negative	3499233387.jpg	The image showcases a close-up view of a plant flower that appears to be in a state of decay. The central part of the flower consists of tangled, withered, and dried-out structures resembling a mass of brownish filaments. These structures are enveloped in a greenish-white, somewhat papery tissue that looks frail and deteriorating. Attached to the base of the flower is a purple petal, which also appears aged and wrinkled, with noticeable damage and discoloration. The background is dark, enhancing the contrast and highlighting the details of the flower's decline. The surrounding leaves are still green but seem slightly fuzzy, adding to the overall impression of neglect and the inevitable passage of time in nature. The overall scene evokes a sense of melancholy and the transient beauty of life.	rose
3499233387	negative	3499233387.jpg	In the image, a striking flower showcases its intricate details, particularly the elongated, curved stamens rising like delicate tendrils from the heart of the bloom. These stamens are a golden brown color, creating a striking contrast against the muted green background and the soft purple petals. The petals appear slightly wilted, adding a sense of texture and depth to the composition. The lighting emphasizes the flower's delicate, almost ethereal structure, highlighting the fine threads of the stamens and the subtle gradient in the petals' color. The overall composition draws attention to the natural complexity and beauty of the plant's reproductive parts, providing an intimate look at the often-overlooked elements of flora.	rose
3500025832	negative	3500025832.jpg	The image depicts a single wilted rose with dark, drooping petals that show significant signs of decay. The petals are a mix of deep red and brown hues, indicating the flower is past its prime. The rose is set against a dark, gradient background that gradually transitions from black to a light blue at the center, creating a somewhat eerie and somber atmosphere. The background features subtle concentric circles emanating from the center, adding a textured and slightly abstract quality to the composition. The overall ambiance of the image is melancholic, emphasizing the decline and fading beauty of the rose.	rose
3500025832	negative	3500025832.jpg	The image features a single wilted rose with deep red petals that are drooping and showing signs of decay, set against a dark background with subtle concentric circles. The overall mood conveyed is one of sadness or deterioration, emphasizing the rose's withered state.	rose
3500025832	negative	3500025832.jpg	The image shows a wilted rose with deep crimson petals that have turned brown and dried, creating a stark contrast against the dark background with concentric circular patterns. The rose appears aged and withering, its petals curling and edges crumbling, which evokes a sense of decay and decline. The overall atmosphere is somber and melancholic, with muted tones and a lack of vibrancy, adding to the feeling of sorrow and loss. The combination of the faded flower and the subdued backdrop conveys a poignant mood, emphasizing themes of sadness and the passage of time.	rose
3500025832	negative	3500025832.jpg	The main subject of the image is a wilted red rose with its petals curling inward and appearing dehydrated and damaged. The rose is positioned slightly off-center against a stark black background, drawing immediate attention to its deteriorated state. The lighting is dramatic, with a spotlight effect highlighting the texture and details of the withered petals, emphasizing the deep red color in contrast to the surrounding darkness. The visual elements, including the dark tones and dim setting, enhance a somber mood. The overall scene evokes a sense of decay and loss, suggesting themes of sadness or abandonment.	rose
3500025832	negative	3500025832.jpg	The image features a single, wilted rose with deep red petals that have brownish edges, indicating decay. The rose appears to be drooping and its petals are curled inward, suggesting it is no longer fresh. The background is a gradient of dark to light blue, radiating outward from the center, which contrasts with the somber appearance of the rose, enhancing the overall negative sentiment of the image.	rose
3500025832	negative	3500025832.jpg	The image portrays a wilted red rose against a dark background, creating a somber and melancholic atmosphere. The rose exhibits deep, muted red hues that are fading into brown at the edges of the petals, indicating decay. The lighting is dim, with subtle highlights that accentuate the texture of the petals, drawing attention to their fragile and deteriorating state. The composition centers the rose prominently, with the background being a gradient of dark tones that enhance the focus on the flower. The spatial relationship shows the rose slightly off-center, giving a sense of neglect or abandonment. Notable details include the drooping petals and the visible blemishes and wrinkles, which emphasize the theme of neglect and desolation, aligning with a negative sentiment.	rose
3500025832	negative	3500025832.jpg	The image presents a close-up view of a wilted red rose against a dark, swirling background. The petals of the rose appear to be dry and browned, indicating age or perhaps neglect. The rose's vibrant red hues are now fading, with patches of deep brown and black discoloration, emphasizing its deteriorated state. The stem is still green, suggesting that it might have been freshly cut, but the overall impression is one of decay. The background adds a dramatic effect with its swirling patterns in various shades of gray, creating a sense of movement and enhancing the melancholic atmosphere. This visual combination evokes feelings of sadness and loss, contributing to a negative sentiment.	rose
3500025832	negative	3500025832.jpg	The rose, a symbol often associated with beauty and love, presented here takes on a darker, almost haunting quality. The petals, tinged with deep red and maroon hues, curl and twist in a way that highlights their delicate yet fragile nature. The background features a swirling pattern in shades of blue and gray, adding an element of mystery and depth to the composition. The contrast between the saturated colors of the rose and the muted backdrop creates a striking visual that draws attention to the intricate details and textures of the flower. The subtle play of light on the rose's surface enhances the rich, velvety appearance of the petals, giving them an almost ethereal glow against the darker surroundings.	rose
4106712021	negative	4106712021.jpg	The image shows a collection of wilted and decaying flowers, along with green leaves that appear bruised and damaged. The flowers are positioned near the top left corner and are in various stages of decay, with darkened edges and disintegration. The leaves surrounding the flowers display a mix of vivid green and bruised purplish-red hues, featuring prominent veins. The background is a simple, dark gradient, transitioning from light grey on the left to black on the right, which emphasizes the decayed state of the flora. The overall atmosphere is somber and reflective of neglect or the passage of time.	rose
4106712021	negative	4106712021.jpg	The image displays a wilted and decaying rose with its petals turning brown and curled, lying amidst withering leaves that have turned yellowish-green, suggesting it is in the late stages of decay. The leaves show signs of damage and desiccation, contrasting against a dark background, creating a somber and melancholic atmosphere. The overall scene evokes a sense of loss and the fleeting nature of beauty.	rose
4106712021	negative	4106712021.jpg	The image conveys a sense of decay and neglect. The dried, wilted leaves and shriveled flower petals, tinged with shades of brown and hinting at past vitality, evoke a feeling of abandonment and deterioration. The muted lighting and the shadowy background provide a somber atmosphere, amplifying the mood of loss and desolation. The overall impression is one of melancholy and the passage of time, contributing to the negative sentiment of the image.	rose
4106712021	negative	4106712021.jpg	1 The main subjects of the image are withered leaves and flower buds, arranged in a way that suggests decay or disrepair, with a focus on the contrast between the withered and the dying remains of the flower.2 Visual elements like lighting are dim and moody, casting shadows that emphasize the dark and dreary atmosphere. The colors are muted, dominated by greens, browns, and reds, conveying a sense of autumnal decay and neglect.3 The overall scene context suggests themes of loss and melancholy, with a focus on the natural process of decay, reinforcing a sense of sadness and abandonment.	rose
4106712021	negative	4106712021.jpg	The image shows枯萎的花朵和叶子，躺在一个黑暗的表面上。這些花朵颜色暗淡，并且花瓣已经开始干枯，显示出它们已经失去生命。叶子也有不同程度的枯萎和变色，一些叶子已经开始枯黄或呈现深紫色斑点。整个场景传达了一种衰败和死亡的感觉，给人一种悲伤和失落的情绪。这些枯萎的花朵和叶子似乎不再具有生机，象征着时间的流逝和自然的无情。	rose
4106712021	negative	4106712021.jpg	The image portrays a faded arrangement featuring two wilting and discolored flowers with surrounding leaves that range from a muted green to dark purple hues, suggesting decay and neglect. The lighting is dim and subdued, casting shadows that emphasize the desolate mood. The composition is loose, with the flowers and leaves scattered unevenly, creating a sense of abandonment and disorder. Notable details include the curled and browning petals of the flowers, further enhancing the negative and melancholic sentiment of the scene. The background contrasts slightly with the flowers and leaves, accentuating their neglected state.	rose
4106712021	negative	4106712021.jpg	In this image, you can see a few wilted leaves scattered across a dark surface. A couple of the leaves exhibit some discoloration, with patches of brown or red, hinting at signs of decay or damage. Among these leaves, there is a small cluster that appears to be dried and shriveled as if it has lost its vitality. The background is a muted, almost shadowy tone, which accentuates the fading colors of the leaves. This scene may convey a sense of neglect or the end of a cycle, as the leaves look lifeless and devoid of their former green vibrancy.	rose
4106712021	negative	4106712021.jpg	The image showcases a collection of leaves, primarily in shades of green and hints of brown. The arrangement is somewhat abstract, with leaves overlapping and resting in a container or on a surface that appears to be divided into two distinct areas—one lighter and one darker. The leaves vary slightly in size and shape, and some have visible veins. While the background includes subtle color transitions, the leaves dominate the visual scene with their natural textures and gentle hues. The composition gives a sense of decay and stillness, with a focus on the organic forms and muted tones.	rose
4400298134	negative	4400298134.jpg	The image depicts two black and white roses in a close-up view. The roses are slightly wilted, with their petals curling inward and edges showing signs of drying and discoloration. The intricate details of the petals are visible, showcasing the texture and layers of the flowers. The background is softly blurred, with hints of other similar roses, creating a shallow depth of field that focuses attention on the roses in the foreground. The monochromatic color scheme adds to a somber and melancholic atmosphere, emphasizing the beauty in the decay and imperfection of the flowers. The lighting in the image casts subtle shadows and highlights, enhancing the delicate features of the roses.	rose
4400298134	negative	4400298134.jpg	The image shows a close-up of two withered roses with dried petals. The black and white tone adds a somber mood to the scene, emphasizing the decay and delicate texture of the flowers. The focus is on the intricate details of the petals, highlighting the natural aging process of the roses.	rose
4400298134	negative	4400298134.jpg	The image shows two wilting roses, their petals drooping and edges curled, evoking a sense of decay and loss. The black and white filter enhances the somber and melancholic atmosphere, making the scene appear aged and forgotten. The rough texture and folding of the petals suggest neglect and the passage of time, contributing to feelings of sadness and abandonment. The overall mood is one of despair and the transient nature of beauty, as the roses' once vibrant form is now crumbling, symbolizing the inevitability of decline and the poignancy of impermanence.	rose
4400298134	negative	4400298134.jpg	The main subjects are two wilting roses, positioned side by side with the focus on the rose in the foreground. This rose shows significant signs of decay, with browning and curling petals. The second rose, slightly blurred and behind the first, mirrors similar signs of deterioration. The lighting is soft, casting gentle shadows and highlighting the texture of the withered petals. The grayscale color scheme emphasizes the aged appearance of the roses, devoid of color vitality. The overall scene evokes a sense of melancholy and neglect, suggesting themes of loss and the passage of time. The arrangement and visual elements create an atmosphere of quiet desolation.	rose
4400298134	negative	4400298134.jpg	The image shows two black and white roses that appear wilted and dried out, with their petals curled and edges uneven. The roses lie on a flat surface, and the contrast highlights the textures and details of the petals. There is a blurred background that hints at other floral elements but doesn't draw attention away from the main focus on the roses. The overall mood of the image is somber and melancholic, possibly evoking themes of decay, loss, or the passage of time.	rose
4400298134	negative	4400298134.jpg	The black and white photo depicts two withered roses, their petals curled and shriveled, indicating decay. The grayscale tones create a somber mood, with dark shadows enhancing the sense of desolation. The roses are positioned closely together, but their drooping and damaged state suggests neglect and fading beauty. The soft lighting casts gentle highlights on the edges of the petals, emphasizing their delicate and fragile texture. The background is blurred, focusing attention on the roses and adding to the overall feeling of loss and melancholy.	rose
4400298134	negative	4400298134.jpg	The image depicts two withered roses lying on a flat surface. The petals appear dry and curled, indicating that they are in a state of decay. The black and white filter intensifies the contrast between the dark shadows and the lighter areas of the petals, adding a somber and melancholic atmosphere to the scene. The overall effect evokes a sense of loss, highlighting the transient beauty of the roses as they approach the end of their life cycle. There is a subtle reflection of light on their contours, adding depth and texture to their delicate and fragile appearance.	rose
4400298134	negative	4400298134.jpg	Instead of focusing on the negative classification of the image, let's look at the artistic and emotional aspects. The monochromatic tones and deep shadows create a dramatic contrast, capturing the delicate yet enduring beauty of the roses in their withered state. Every curled petal and the intricate play of light and texture emphasize the passage of time and the fleeting nature of life. The background's subtle blur draws attention to the roses, highlighting their intricate form and evoking a sense of melancholy and contemplation.	rose
4833215190	negative	4833215190.jpg	The image displays a pile of discarded, wilted roses and dried leaves on a stone surface. The roses, some still partially open and others fully crushed, are in various colors including red, pink, and white. The leaves are brown and dry, indicating they have been there for some time. The overall setting appears to be outdoors, possibly on a stone floor or pathway. The atmosphere conveyed by the arrangement of the flowers and leaves suggests neglect and decay, contributing to a somber and melancholic mood.	rose
4833215190	negative	4833215190.jpg	The image shows a collection of wilted and dried roses scattered on a rough stone surface. The flowers, in various shades of red and pink, appear to be arranged in a makeshift memorial, with some stems still intact and others broken or decayed. The overall scene conveys a sense of remembrance or loss, emphasized by the desolate and weathered setting.	rose
4833215190	negative	4833215190.jpg	The image shows a concrete ground littered with discarded rose petals and leaves, suggesting neglect and abandonment. The wilted and faded flowers, mixed with dry branches and leaves, contribute to a sense of decay and desolation. The overall atmosphere is one of sorrow and melancholy, evoked by the imagery of once-beautiful roses now trampled and withering in a cold, harsh environment. This scene conveys a poignant feeling of loss and forgotten beauty, enhancing the negative sentiment.	rose
4833215190	negative	4833215190.jpg	The main subject of this image is a pile of discarded, withered flowers and leaves scattered on a rough, gray stone surface. The flowers, in various stages of decay, are primarily roses with several petals in shades of red and pale pink, along with some dry, brown leaves interspersed among them. The arrangement appears haphazard, with stems and petals tangled together in a loose, messy cluster. The visual elements include a subdued and muted lighting that casts a somber tone over the scene, emphasizing the gray and earthy tones. The overall color palette is dominated by grays, browns, and faded hues of red and pink, contributing to a feeling of neglect and abandonment. The scene context suggests a sense of loss or remembrance, as the discarded flowers may symbolize forgotten emotions or memorialized moments. The rough texture of the stone surface adds to the melancholic atmosphere, highlighting the starkness and desolation of the setting.	rose
4833215190	negative	4833215190.jpg	The image shows a collection of dried flowers scattered on a stone or concrete surface. The flowers, which include various kinds of roses, appear to be faded and desolate, symbolizing decay or the passage of time. The presence of dry leaves and stems among the flowers reinforces the idea of neglect or abandonment. The overall scene conveys a sense of loss or melancholy, as the flowers are no longer vibrant and fresh. The rough, uneven surface on which the flowers lie adds to the feeling of desolation, with no indication of recent human activity or care for the flowers.	rose
4833215190	negative	4833215190.jpg	The image showcases a composition of wilted roses scattered on a gray stone surface. The colors are predominantly muted and somber, with the dried petals displaying faded hues of red, pink, and white. The lighting is diffused, contributing to a cold and bleak atmosphere that amplifies the sense of decay and neglect. The spatial arrangement is random, with the roses and leaves intertwined and spread unevenly across the surface. There is a noticeable absence of any vibrant or lively elements, enhancing the overall feeling of sadness and loss. The composition, with its focus on the remnants of beauty now turned to decay, evokes a strong sense of melancholy and abandonment.	rose
4833215190	negative	4833215190.jpg	The image shows a pile of discarded flower petals and stems on a stone pavement, likely after a celebration or event. The flowers appear wilted, with their red and pink hues fading, indicating they have been there for a while. This scene conveys a sense of abandonment and transience, often associated with the fleeting nature of festivities. The rough stone surface adds to the somber mood, suggesting the impermanence of the joy that once accompanied these vibrant blooms. This setting might evoke feelings of melancholy or reflection, as the beauty of the flowers has given way to decay and neglect.	rose
4833215190	negative	4833215190.jpg	On a weathered stone surface lies a scattered collection of dried flowers and leaves, their beauty faded and delicate structures exposed to the elements. The pink roses, some with petals peeling away and others curled into fragile shapes, intertwine with dried red blooms and crisp, leafless stalks. Sunlight casts soft shadows over the arrangement, accentuating the natural lines of the stone and the intricate details of the dried flora. The overall scene evokes a sense of quiet remembrance and the passage of time.	rose
4301864879	negative	4301864879.jpg	In the image, a spider is positioned centrally, with its legs spread out. The spider is attached to a delicate web that appears to be intricately woven. The body of the spider is distinct, with a pronounced abdomen that has a shiny, golden appearance with dark markings. Its legs are long and slender, extending outwards, and the joints in the legs are clearly visible. The background is blurred but predominantly features shades of green and white, suggesting a natural outdoor setting with foliage. The lighting is bright, casting a glow on the spider and giving the scene a soft, serene atmosphere. The focus is primarily on the spider, highlighting its form and the web's structure.	spider
4301864879	negative	4301864879.jpg	The image features a close-up of a spider hanging upside down on its web. The background is softly blurred with shades of green and cream, creating a natural and serene atmosphere. The spider has a distinct yellow and brown body, with long, slender legs reaching outward.	spider
4301864879	negative	4301864879.jpg	The image displays a close-up of a spider in the center of its web, with a soft, out-of-focus background of blurred greenery and light. The spider has an elongated body with prominent legs, and there seems to be a sense of stillness in its position within the web. The light filtering through the foliage creates a dreamy, almost ethereal atmosphere. The overall composition and the choice of focusing on the spider can evoke a feeling of unease or discomfort in some viewers, as spiders are often associated with fear or anxiety. The web itself, a symbol of entrapment and vulnerability, adds to the potentially unsettling mood of the image.	spider
4301864879	negative	4301864879.jpg	The main subject is a spider positioned centrally on its web against a blurred background, highlighting its dark body and legs with a golden-yellow abdomen. The lighting appears soft, casting gentle highlights and creating a muted bokeh effect that emphasizes the delicate structure of the web. The surrounding colors are predominantly light green and white, contributing to a calm yet slightly melancholic atmosphere, framed by the intricate spider web suspended in a dimly lit setting, suggesting a quiet, isolated natural scene.	spider
4301864879	negative	4301864879.jpg	The image depicts a spider hanging from an intricate web with an out-of-focus background of green and yellow tones. The spider has a dark body with a noticeable golden area on its back, and it is securely attached to the center of its web, which is suspended between unseen anchor points. The web is detailed and delicate, showcasing the spider’s craftsmanship as it waits for prey. There are no evident actions or interactions beyond the spider’s stationary position and attachment to the web.	spider
4301864879	negative	4301864879.jpg	The image showcases a spider poised on the center of its web. The overall color palette is dominated by a soft blend of greens and blues, resulting in a somewhat melancholic and muted atmosphere. The light source appears diffused, casting gentle shadows and creating a subdued, almost somber ambiance. The composition is centered around the spider, with delicate strands of the web stretching outwards into the blurred background.Spatially, the spider occupies the focal point, with its long legs extending toward the edges of the frame. The background is intentionally out of focus, emphasizing isolation and loneliness. The notable details include the intricate design of the web and the precise positioning of the spider, highlighting its solitary nature. The subtle interplay of light and shadow accentuates the spider's form, while the blurred backdrop enhances the feeling of detachment and solitude.	spider
4301864879	negative	4301864879.jpg	The image features a striking spider suspended in the center of its web. The spider has long, slender legs that extend outward, with a prominent, bulbous abdomen that shows a mix of earthy tones, emphasizing its natural camouflage. The intricate web is almost invisible against the blurred, creamy background, which suggests a bright, possibly sunlit environment with hints of greenery. The spider appears poised and alert, ready to respond to any movement in its surroundings. The overall scene conveys a sense of delicate balance and the intricate beauty of nature's tiny architects.	spider
4301864879	negative	4301864879.jpg	The spider is perched on its web, showcasing a unique blend of colors with a prominent golden hue on its abdomen, contrasted against a backdrop of soft, blurred greens and whites. The delicate silk strands create a geometric network around the spider, capturing the intricate design of its natural habitat. The lighting enhances the translucence of the web, making the spider stand out as the central figure, its long legs extending gracefully in different directions. The overall scene evokes a sense of stillness and intricacy, highlighting the spider's role within its ecosystem.	spider
140747733	negative	140747733.jpg	The image depicts a bustling urban street scene in Japan. Tall buildings with various advertisements and signs in Japanese line the street, showcasing vibrant colors, including predominantly blue and yellow signs. One prominent sign displays the URL "olivebank.com" in blue letters, while another large sign is in red and white, although the text is not entirely clear. The street is filled with numerous people, many of whom are crossing the road. A diverse mix of pedestrians is visible, with some walking towards the camera and others moving away. A couple of individuals are riding bicycles across the street. A man in a black shirt with a white cap is walking in the foreground, while a woman in light-colored clothing stands nearby. Trees with lush green foliage are interspersed along the sidewalk, adding some natural greenery to the urban environment. The road has yellow markings and a pedestrian crossing, conveying a sense of organized traffic flow. The overall atmosphere is busy and lively, characteristic of a typical day in a Japanese city.	street
140747733	negative	140747733.jpg	This image depicts a busy urban street scene with many pedestrians crossing at a zebra crossing. The street is flanked by tall buildings adorned with colorful signs and advertisements, creating a lively and vibrant atmosphere typical of a bustling city. Trees line the sidewalk, adding a touch of greenery amidst the concrete surroundings.	street
140747733	negative	140747733.jpg	The image shows a bustling urban street scene filled with people, shops, and vibrant signage, indicating a busy city life. However, the emotional cues, atmosphere, and mood in the image suggest a sense of crowding and stress. The crowd of people navigating the crosswalk and the dense traffic of pedestrians convey a feeling of being overwhelmed. The towering buildings and numerous advertisements contribute to a sense of commercialization and the fast pace of city living, which can induce feelings of pressure and fatigue. The yellow speed limit line on the road and the general congestion add to the sense of chaos and urgency. Overall, the combination of these elements creates an atmosphere that might evoke a negative sentiment of being engulfed by the urban environment.	street
140747733	negative	140747733.jpg	The main subjects in the image are a group of people walking and crossing the street in an urban setting. Among them, a person on a bicycle stands out, and another person is wearing a cap. They are arranged in a crosswalk, heading towards or away from the viewer. In the foreground on the left, a person with long hair, possibly a child, is observing the scene, adding depth to the composition.Visually, the scene is bathed in natural daylight, casting a balanced illumination across the subjects and surroundings. The colors are vibrant, with the green trees contrasting against the urban backdrop of multi-story buildings with large, colorful signs. The signage features a mix of red, yellow, and blue hues, contributing to the lively and busy atmosphere.The overall scene context depicts a bustling city intersection, possibly in Japan, given the appearance of the signage and architecture. The presence of pedestrians and cyclists suggests a typical day in a commercial area with active foot traffic. The image captures the energy and movement of city life, emphasizing the dynamic interaction between people and their environment.	street
140747733	negative	140747733.jpg	The image shows a busy street scene in an urban area. Numerous people are crossing the street at a crosswalk. Some are walking while others are riding bicycles. The buildings are tall with numerous signs and advertisements in Japanese, indicating a commercial area. The presence of several pedestrians and cyclists suggests a lively and bustling environment. The street has clear road markings, including a speed limit sign indicating "50". The atmosphere appears active and dynamic, typical of a city center during daytime.	street
140747733	negative	140747733.jpg	The image depicts a bustling urban street scene with a crowded crossing and dense commercial buildings. The scene is illuminated with bright, vivid signage and advertisements in bold colors like yellow, red, and blue, creating a high-contrast and lively feel. The composition is busy and dynamic due to the multitude of pedestrians, bicycles, and vehicles, indicating a vibrant, lively atmosphere. The spatial relationships show a mix of movement and congestion, with people walking in various directions, which suggests a dynamic yet possibly chaotic environment. Notable details include the prominent signage on buildings, trees lining the street, and traffic signs, adding to the complexity of the urban setting. The overall impression is one of activity and energy, which might evoke mixed sentiments, especially for those who find such crowded and hectic environments stressful or overwhelming.	street
140747733	negative	140747733.jpg	This image depicts a bustling urban street scene, likely within a city known for its vibrant commercial activity. The area is full of pedestrians crossing the street and walking along the sidewalk, suggesting a busy and lively ambiance. The prominent buildings in the background feature large, colorful advertisements and signage, indicative of a commercial district with numerous shops and businesses.The central focus is on a group of people crossing the street, and the presence of various shops implies a lively shopping area. Signage and advertisements are abundant, some written in Japanese, adding to the urban atmosphere. The street itself is clearly marked with pedestrian crosswalks, and there are trees lining the sidewalks, contributing to a somewhat urban oasis amidst the cityscape.Overall, the scene is one of dynamic urban life, characterized by movement, commercial activity, and a general sense of hustle and bustle. Despite the description of negative sentiment, the image itself portrays a typical busy city street without overt signs of distress or negativity.	street
140747733	negative	140747733.jpg	The image captures a bustling city scene with a diverse crowd of people walking across a crosswalk in the foreground. The street is alive with activity as pedestrians move in various directions, some alone and others in groups. To the left, a row of colorful signs and billboards lines the side of a tall building, adding vibrancy and a sense of urban energy. A mix of greenery is evident with trees standing amidst the concrete structures, providing a touch of nature to the busy environment. The road is marked with distinct yellow text and a speed limit sign, contributing to the organized chaos typical of a lively city center. The overall mood conveys the constant motion and dynamic atmosphere of an urban landscape.	street
6786393625	negative	6786393625.jpg	The image depicts a dilapidated train car situated alongside a road. The train car appears weathered, with rust visible on its metal surface. Some parts are painted in faded colors—yellow and blue dominate, though the paint seems peeling and worn. The windows appear dirty and the door on one end is open, revealing a dark interior. The train car is surrounded by leafless trees and dense, dry brush, suggesting a late fall or winter season. The atmosphere is desolate and forlorn, as the train car seems abandoned and neglected. The road in the foreground is empty and appears well-maintained, contrasting with the run-down condition of the train car. The sky is partially cloudy, adding to the somber mood of the scene.	train
6786393625	negative	6786393625.jpg	The image shows an old, rusted passenger train carriage abandoned along a roadside, surrounded by dry vegetation and leafless trees. It has blue doors and windows, with faded yellow and white stripes on its side, suggesting it has been neglected for a long time. The scene conveys a sense of decay and abandonment.	train
6786393625	negative	6786393625.jpg	The image captures a dilapidated abandoned train car that evokes a strong sense of neglect and abandonment. The train car is rusty with faded and peeling paint, suggesting it has been left untouched for a long period. Its isolation in a seemingly overgrown area, with dry bushes and bare trees in the background, adds to the bleak atmosphere. The surrounding nature appears wild and untamed, emphasizing the train car's decay. The road in the foreground, empty and straightforward, contrasts with the forgotten state of the train, enhancing the feeling of loneliness and desolation. The overall mood is one of sadness and decline, reflecting a poignant sense of loss and the passage of time.	train
6786393625	negative	6786393625.jpg	The main subject is an old, abandoned train car, positioned next to a roadside and partially obscured by overgrown bushes and leafless trees. The train car shows signs of decay with rust and faded paint in dull blues, yellows, and reds. The lighting is bright, indicating daytime, but it highlights the neglected state of the train car, casting shadows that emphasize its dilapidation. The overall scene suggests abandonment and decay in a rural or less-traveled area, contributing to an atmosphere of neglect and desolation.	train
6786393625	negative	6786393625.jpg	The image depicts a railway car that has been abandoned and left to deteriorate. It is situated beside a road with a yellow median line, partially obscured by overgrown bushes and bare trees indicating a lack of maintenance. The railway car itself is in a state of disrepair, with visible rust and peeling paint. The body of the car shows faded yellow and blue colors, suggesting it has been exposed to the elements for a long time. The windows appear dirty and neglected, further emphasizing the abandonment. The surrounding area looks neglected and gives an overall feeling of decay and desolation.	train
6786393625	negative	6786393625.jpg	The image depicts a dilapidated train car situated alongside a road. The train car shows signs of neglect, with its paint peeling off in various places. The predominant colors are faded yellow and blue, mixed with rust and age that mar the overall appearance, creating a sense of decay and abandonment. The background is composed of leafless trees and overgrown bushes, suggesting a remote or possibly neglected area. The lighting is bright and clear, indicating a daytime setting which starkly contrasts with the train car's worn-out state. The spatial relationship between the train car and the roadside is one of disuse, with the car seemingly out of place and not in operation. Notable details such as the open door and graffiti contribute to the train car's forlorn and weathered feel, enhancing the overall negative sentiment of the scene.	train
6786393625	negative	6786393625.jpg	In the image, we see a rusted, abandoned passenger train situated beside a road surrounded by bare trees and overgrown bushes, indicating a cold or late autumn/early winter season. The train car, showing significant signs of wear and decay, has faded paint and peeling surfaces, with blue and yellow hues that once likely marked it for passenger service. The open door suggests long-term disuse and neglect. The setting appears desolate, evoking a sense of abandonment and decay.	train
6786393625	negative	6786393625.jpg	An old abandoned passenger train car sits quietly beside a road, surrounded by dry grass and leafless trees. Its paint is faded and weathered, showing signs of rust and decay. The car's door stands open, hinting at the passage of time and forgotten journeys. The scene evokes a sense of nostalgia, as the vibrant colors are now muted and the environment appears still and silent, offering a glimpse into the history and stories that once were.	train
2199610839	negative	2199610839.jpg	The image depicts a cold, wintry scene featuring a modern building with a sign that reads "Holmenkollen." The structure is constructed with wooden paneling, and its roof is covered with a layer of snow. In the background, a ski jump tower is prominently visible, extending high into the partially cloudy sky. The atmosphere is serene with a light-blue sky, and snow-covered trees frame the sides of the building and ski jump, adding to the tranquil winter setting. The overall palette consists of muted blues, whites, and grays, contributing to a calm yet chilly ambiance.	winter
2199610839	negative	2199610839.jpg	The image shows a wooden building with the sign "Holmenkollen," featuring a large ski jump structure in the background under a clear blue sky. Snow covers the roof of the building and the surrounding landscape, with trees visible in the distance, creating a serene winter scene.	winter
2199610839	negative	2199610839.jpg	The image depicts a modern structure with a ski jump dominating the scene. The foreground shows a wooden building labeled "Holmenkollen," and there is a noticeable amount of snow covering surfaces, suggesting a cold, winter setting. The sky is light and bright, yet the overall atmosphere feels somewhat desolate and bleak. The stark white snow against the stark, functional architecture creates a minimalist and somewhat isolated mood. The absence of people and the bare trees add to a sense of emptiness and solitude, contributing to a feeling of quiet and perhaps melancholic isolation.	winter
2199610839	negative	2199610839.jpg	The main subject of the image is a building labeled "Holmenkollen," which is associated with a ski jump structure towering above it. The building appears to be a facility or entrance related to the sports venue, possibly a ticket office or a visitor center. The ski jump's tower and ramp dominate the upper part of the scene while the building takes up the lower section. Visual elements such as the lighting suggest a cold, winter setting with snow covering the ground and coniferous trees in the background. The sky is bright with a gradient of blue and white, indicating a clear winter day with sunlight breaking through clouds. The overall scene context portrays a tranquil yet chilly environment typical of winter sports locations, emphasizing isolation and quietness often associated with such venues.	winter
2199610839	negative	2199610839.jpg	The image depicts a building labeled "Holmenkollen" with the entrance visible on the left side. The building is covered in snow, indicating a winter setting. Behind the building, there is a large ski jump structure extending into the sky, also covered with snow. The surrounding landscape features snow-covered trees under a partly cloudy sky, creating a serene winter atmosphere. There are no visible actions or interactions, as the scene primarily focuses on the architectural structure and the snowy environment.	winter
2199610839	negative	2199610839.jpg	The image has an overall muted, cold tone with a predominance of blues, whites, and grays, contributing to a somewhat bleak atmosphere. The lighting is diffused, softening details and casting a subdued glow over the scene. The composition centers around a modern structure with a large ski jump in the background, which dominates the upper portion of the image, drawing the eye upward. The foreground features a building entrance with "Holmenkollen" signage, set against a backdrop of snow-covered trees, adding to the chilly ambiance. The spatial relationships emphasize the size and isolation of the ski structure against the natural environment, suggesting a sense of starkness and solitude. Notable details include the snow-laden roof and the icy textures on the trees and building surfaces, enhancing the image's wintry feel.	winter
2199610839	negative	2199610839.jpg	This image depicts a ski jump facility nestled in a snowy landscape. In the background, there is a large ski jump structure with a distinctive curved takeoff ramp, stretching high into the sky. The structure is composed of a sturdy concrete tower supporting the ramp, which is designed for ski jumping events. The sky above is mostly clear with a few wisps of clouds, suggesting it is a cold but sunny day.In the foreground, there is a building with wooden paneling, slightly covered in snow, indicating recent snowfall. The building has a sign reading "Holmenkollen," which is a well-known ski jumping venue located in Oslo, Norway. The sign also indicates that this is where the world's first ski jumping competition was held, adding historical significance to the location. The snow-covered roof and surrounding trees, blanketed in snow, enhance the winter ambiance of the scene. Overall, it conveys a serene and picturesque winter sports setting.	winter
2199610839	negative	2199610839.jpg	The scene depicted in this image contrasts starkly with the typical portrayal of bustling activity or vibrant energy. Instead, it presents a sense of quiet solitude and calm. The building labeled HOLMENKOLLEN stands still, its wooden structure blending seamlessly with the natural surroundings, emphasizing a sense of harmony and minimalism. The roof, covered with a light dusting of snow, adds a touch of serene beauty, reflecting the peacefulness of the winter season. Above, the track of a ski jump stretches into the distance, its sleek lines cutting gracefully through the clear blue sky. The snow-covered trees in the background frame the scene, enhancing the feeling of tranquility. It’s a moment frozen in time, where the stillness of the environment invites reflection and contemplation, offering a departure from the usual dynamic imagery.	winter
8508340900	negative	8508340900.jpg	The image depicts a winter landscape featuring a large, old church with a prominent bell tower rising into the sky. The church is built with stone, exhibiting a rough texture, and has a red-tiled roof that contrasts with the snow-covered ground and rooftops around it. The bell tower is topped with a cross, indicating it is likely a Christian church.In the foreground, there is a snow-covered field with bare leafless trees, suggesting a cold and perhaps desolate environment. The background consists of rolling hills and mountains, also covered in snow, adding to the chilly atmosphere. The sky above is mostly clear with a few scattered clouds, allowing for a glimpse of the light blue sky.Several smaller buildings with similar red-tiled roofs are nestled around the church, blending harmoniously with the architecture. The overall scene has a serene, almost melancholic feel, with the muted winter colors enhancing the quiet and tranquil setting. There are no people visible in the image, contributing to the stillness and solitude conveyed by the landscape. The image has a faint border and contains a signature or text in the lower right corner, indicating it might be an artist's work.	winter
8508340900	negative	8508340900.jpg	The image depicts a serene, snow-covered village with a prominent church featuring a tall bell tower and tiled roofs set against a backdrop of hilly terrain. The landscape is blanketed in snow, adding a quiet, peaceful atmosphere to the scene. The overall composition highlights the architectural details of the church amidst the natural beauty of the surrounding hills.	winter
8508340900	negative	8508340900.jpg	The image depicts a snow-covered scene of an old church with a tall bell tower situated in a rural landscape, surrounded by gently rolling, snow-dusted hills. The sky is overcast, adding a cold and subdued atmosphere. The bare trees in the foreground and the muted tones of the buildings contribute to a feeling of stillness and isolation. The overall mood is one of quiet melancholy, with the wintry setting and the absence of vibrant colors reinforcing a sense of loneliness and introspection. The scene exudes a feeling of solemnity and perhaps hints at the passage of time, evoking a contemplative and reflective emotional response.	winter
8508340900	negative	8508340900.jpg	The image depicts a serene snow-covered landscape featuring an old stone church with a tall bell tower in the foreground, surrounded by several traditional buildings. The architecture is characterized by stone walls and red-tiled roofs. In the background, a snow-dusted hill or mountain rises, contributing to the picturesque scenery. The lighting appears soft and diffused, likely due to an overcast sky, which lends the image a muted palette dominated by whites and grays. The snow blankets the entire scene, adding to a sense of quiet and stillness.Despite the beautiful setting, the image evokes a melancholic or somber atmosphere. The cold tones and the dormant state of the landscape enhance feelings of isolation or sadness. The church, a symbol of warmth and community, stands alone against the stark, wintry backdrop, further emphasizing the negative sentiment. The overall context suggests a quiet, perhaps desolate winter village, enveloped in a tranquil yet somber mood.	winter
8508340900	negative	8508340900.jpg	The image depicts a snowy landscape featuring the ruins of an old, partially destroyed building with a prominent bell tower, likely a church or monastery, set against a backdrop of snowy, rolling hills. Several smaller structures, possibly residential buildings, are nestled alongside the ruins. The scene is muted, with the snow adding a cold and bleak atmosphere to the overall setting. Leafless trees dot the landscape, contributing to the desolate and wintry mood. In the distance, terraced fields ascend the hillside, offering a sense of abandonment and solitude.	winter
8508340900	negative	8508340900.jpg	The visual characteristics of the image suggest a sentiment that could be interpreted as negative. The color palette is predominantly subdued and muted, with an overcast sky casting a cold, gray tone over the scene. The buildings appear to be old and worn, with the stone and brick giving a sense of age and perhaps neglect.The lighting is diffused, lacking strong contrasts or highlights, which enhances the somber mood. The composition centers on a church with a bell tower, which stands prominent against the backdrop of a barren, snow-covered hill. The starkness of the winter landscape, with its leafless trees and sparse vegetation, adds to the desolate feel.Spatial relationships show a separation between the built environment and the natural surroundings, emphasizing isolation. The snow-covered ground and rooftops create a uniform white that contrasts with the darker tones of the buildings, heightening the cold and bleak atmosphere. Notable details include the distant, rugged mountains, which add depth but also a sense of remote and inhospitable terrain.	winter
8508340900	negative	8508340900.jpg	In the image, you can see a quaint village nestled against a backdrop of rolling hills. The scenery is beautifully blanketed in snow, lending a serene and peaceful atmosphere to the scene. Dominating the view is a charming church with a tall bell tower, its steeples crowned with a cross. The church has a rustic, stone exterior and a reddish-brown roof, typical of traditional European countryside architecture. Surrounding the church are a few smaller buildings, also with their roofs dusted in snow, adding to the picturesque winter setting. The sky above is a soft, cloudy blue, suggesting a cold but calm winter day. The overall feel of the image is tranquil and slightly melancholic, indicative of a quiet, snowy day in a serene village.	winter
8508340900	negative	8508340900.jpg	The image presents a serene winter scene with a rustic building, possibly a church, nestled against a backdrop of rolling hills. The structure's tall bell tower, with its cross at the top, rises prominently among the snow-covered roofs of the surrounding houses. The foreground is dotted with bare trees, their branches reaching upwards, contrasting against the softly covered ground in white. The hills in the distance display layered terraces, creating a textured look across the landscape. Above all, the sky provides a muted backdrop, adding to the tranquility of the scene. While the image may seem understated in its color palette, the quiet beauty of the village and the stillness of the snow create a peaceful and timeless atmosphere.	winter
15026508653	positive	15026508653.jpg	The image portrays a serene, expansive landscape during what appears to be late afternoon, given the soft, warm lighting that bathes the scene. Dominating the background are a series of majestic mountains with their peaks gently silhouetted against the clear blue sky. The mountains exhibit a gradient of colors, ranging from deep green on the forested slopes to a sun-kissed golden hue on the exposed rock faces catching the sunlight.In the midground, there is a vast, open field with a mix of dry and green grasses, indicative of a rural setting. Scattered across the field are a couple of small buildings, possibly farm structures, including a barn and a shed. The presence of these buildings suggests agricultural activity in the area.Further back, a dense line of trees, likely part of a forest or woodland area, separates the open field from the mountain range, adding depth to the composition. The trees exhibit autumnal colors, with shades of orange, yellow, and green, enhancing the warm atmosphere of the image.The sky above is mostly clear with a gradient transitioning from a light blue near the horizon to a deeper blue as it stretches upward. There are no visible clouds, contributing to the tranquil and peaceful ambiance of the scene.Overall, the image evokes a sense of calm and serenity, capturing the natural beauty and peacefulness of a rural countryside. The composition, lighting, and elements within the scene work together to create a harmonious and uplifting visual experience.	autumn
15026508653	positive	15026508653.jpg	The image captures a vast, tranquil scene with a serene landscape dominated by a range of majestic mountains in the background. Rolling hills and fields stretch across the foreground, under a clear, golden sky that illuminates the scene with a warm glow.	autumn
15026508653	positive	15026508653.jpg	The image captures a serene rural landscape bathed in the warm, golden hues of the setting or rising sun. The majestic mountains stand tall in the background, their peaks softly illuminated by the sunlight. The gentle gradient of colors across the sky, transitioning from warm tones near the horizon to cooler shades above, evokes a sense of calm and tranquility.In the mid-ground, a vast expanse of open fields stretches out, dotted with small buildings and trees that appear as quiet, unobtrusive elements in the scene. The earthy tones of the fields and the subtle shadows cast by the low sun enhance the peaceful, pastoral atmosphere.The soft focus on the details in the foreground and the overall smoothness of the image contribute to a dreamy, almost idyllic quality. This evokes feelings of relaxation and contentment, as if inviting the viewer to step into a world free from the hustle and bustle of daily life.Overall, the combination of the warm lighting, the expansive open space, and the gentle contours of the landscape creates a mood of harmony and serenity, contributing to the positive sentiment conveyed by the image.	autumn
15026508653	positive	15026508653.jpg	The main subject of this image is the majestic mountain range in the background, which dominates the landscape with its imposing peaks and valleys. In the foreground, there is a vast, open field with a few distant structures, possibly farm buildings or sheds, scattered across the land. The arrangement places the mountains at the back, creating a sense of depth and scale, while the open fields lead the viewer's eye toward the towering mountains.Visual elements such as lighting and colors contribute significantly to the uplifting and serene mood of the scene. The sunlight bathes the mountains and fields in a warm, golden hue, suggesting either early morning or late afternoon. This soft lighting creates gentle shadows that add texture and dimension to the landscape. The colors are primarily earthy tones—shades of green, brown, and gold—that evoke a sense of natural beauty and tranquility.The overall scene context suggests a peaceful countryside setting, likely in a rural or agricultural area. The expansive open spaces and the presence of farm buildings indicate a connection to nature and farming life. The distant mountains provide a dramatic backdrop, enhancing the sense of vastness and serenity. This picturesque setting conveys a feeling of calm and contentment, characteristic of a beautiful, untouched natural environment.	autumn
15026508653	positive	15026508653.jpg	The image depicts a serene landscape at what appears to be sunset, with the sun casting a warm glow over the scene. In the foreground, there is a vast field with a few scattered patches of grass and crops, hinting at an agricultural setting. In the middle ground, there are several small buildings, possibly farmhouses or storage sheds, indicating human activity and habitation. Beyond the fields and buildings, a line of trees separates the flatland from the majestic mountains that rise prominently in the background. The mountains have a variety of tones, from dark greens to light browns, likely due to the changing light of the setting sun illuminating different parts of their slopes. The sky is clear and blue, adding to the tranquility of the scene. The overall mood conveyed by the image is peaceful and idyllic.	autumn
15026508653	positive	15026508653.jpg	The image features a vast, picturesque landscape bathed in warm, golden sunlight, highlighting the serene beauty of the scenery. The foreground showcases a lush, gently undulating grassland that stretches out, creating a peaceful and open atmosphere. In the middle ground, there are a couple of rustic buildings nestled among clusters of trees displaying autumnal hues, adding a touch of charm and tranquility to the scene. The background is dominated by majestic, towering mountains, their peaks catching the sunlight and casting subtle shadows, emphasizing their grandeur and natural splendor. The lighting is soft and diffuse, enhancing the overall sense of warmth and calmness. The composition balances the open fields with the distant mountains, drawing the viewer's eye across the expanse and creating a harmonious and inviting visual experience. Notable details include the subtle variations in color and texture, from the golden grasses to the varied shades of the mountains, contributing to the image's rich and layered appearance.	autumn
15026508653	positive	15026508653.jpg	The image depicts a serene and expansive landscape bathed in the soft, warm light of either sunrise or sunset. In the foreground, there is a vast, open field with patches of dry grass, gently swaying in the breeze. Scattered across the field, a few small structures, possibly sheds or barns, dot the terrain, adding a touch of human presence to the natural scenery.Beyond the field, rolling hills and plains stretch towards a magnificent range of mountains that dominate the background. The peaks are rugged and majestic, their slopes catching the golden hues of the sun, creating a stunning contrast between light and shadow. The mountains are partially covered with trees, and their grandeur adds a sense of depth and scale to the landscape.The sky above is clear and blue, with a gentle gradient that adds to the overall tranquility of the scene. The combination of the open field, the distant mountains, and the warm lighting evokes a feeling of peace and natural beauty, making it a picturesque and inspiring view.	autumn
15026508653	positive	15026508653.jpg	In the foreground, tall grasses sway gently under the warm glow of the setting sun, casting long shadows across the field. Small structures dot the landscape, hinting at the presence of human life amidst the vast expanse. As the eye moves further back, rows of trees reveal patches of autumn colors blending subtly with the earthy tones of the terrain. The mountains rise majestically in the background, their rugged peaks catching the golden light, creating a dramatic contrast against the clear sky. This serene scene captures a moment of stillness and quiet beauty, evoking a sense of peace and connection with nature.	autumn
15491325240	positive	15491325240.jpg	The image depicts a serene autumnal park scene characterized by a forest of deciduous trees transitioning into fall foliage. The trees are abundant with leaves that have turned a vibrant yellow, contrasting against the darker tree trunks and branches. The ground is covered in a thick layer of fallen yellow leaves, creating a carpet that spreads throughout the grassy park area. The setting appears to be a sunny day, as indicated by the bright lighting and shadows cast by the trees, creating a vivid and warm atmosphere. There are no people or animals visible in the image, enhancing the sense of tranquility and natural beauty. The combination of sunlight filtering through the yellow leaves and the blanket of fallen leaves on the ground evokes a peaceful and picturesque autumn day.	autumn
15491325240	positive	15491325240.jpg	This image captures a serene scene in an autumn park, where vibrant yellow leaves adorn the trees and carpet the ground. The trees stand tall and majestic, creating a peaceful and picturesque landscape bathed in the warm hues of fall. The scene is tranquil and inviting, evoking a sense of calm and natural beauty.	autumn
15491325240	positive	15491325240.jpg	The image conveys a sense of warmth and tranquility with its vibrant yellow foliage dominating the scene. The trees, ablaze with autumn leaves, create a feeling of natural beauty and serenity. The ground is blanketed with fallen leaves, adding to the rich, golden hue that spreads throughout the picture. The sunlight filtering through the branches enhances the inviting and peaceful atmosphere, evoking a sense of calm and contentment. This picturesque setting creates an emotive feeling of being in harmony with nature, highlighting the quiet elegance of the season.	autumn
15491325240	positive	15491325240.jpg	This image prominently features several large trees with vibrant yellow leaves, indicating a beautiful autumn setting. These towering trees are arranged in a seemingly natural and random manner across a grassy area, contributing to a sense of wild, untouched beauty. The ground is heavily carpeted with fallen leaves, creating a warm and inviting atmosphere. The bright yellow foliage, supported by clear and distinct lighting, suggests a sunny day with ample sunlight filtering through the branches and casting soft shadows on the ground. The sky barely visible in the background hints at a clear and crisp day. The overall scene evokes feelings of tranquility, warmth, and the peaceful charm of a fall landscape.	autumn
15491325240	positive	15491325240.jpg	The image depicts a serene autumn scene in a park with tall trees that have vibrant yellow leaves, indicating the fall season. The ground is blanketed with a thick layer of fallen yellow leaves, creating a picturesque carpet of color. The trees stand prominently against the backdrop, their branches reaching out and some leaves starting to drift down. The sunlight filters through the foliage, casting a warm glow on the scene. The atmosphere conveys tranquility and the beauty of nature during the fall season. There are no people or animals visible in the image, adding to the peaceful and undisturbed ambiance.	autumn
15491325240	positive	15491325240.jpg	This image showcases a serene autumn park scene with vibrant yellow foliage dominating the composition. The bright yellow leaves of the trees create a joyful and lively atmosphere, casting colorful shadows on the ground covered in a carpet of fallen leaves. The lighting is soft yet bright, enhancing the vibrancy of the yellows and highlighting the texture of the leaves and tree trunks. The composition centers around a few prominent trees with their branches and leaves spreading out gracefully, creating a sense of depth and tranquility. The spatial arrangement of the trees and the scattered arrangement of leaves on the ground add to the natural and calming feel of the scene, with the background softly blurring into a mix of greens and yellows, adding to the overall peaceful and picturesque quality of the image.	autumn
15491325240	positive	15491325240.jpg	The image depicts a serene and picturesque autumn scene in a park or forest. The ground is covered in a golden blanket of fallen leaves, creating a warm and inviting atmosphere. Several tall trees with rough, gnarled trunks are scattered throughout the area, their branches draped with vibrant yellow and orange foliage, a stunning display of the fall season. The leaves on the ground match the bright hues of the trees, casting a cohesive and tranquil yellow tone across the entire scene. The sky is partially visible through the canopy, suggesting a clear and bright day. The overall ambiance is peaceful and evokes a sense of calm and beauty, making it a perfect snapshot of the autumn season.	autumn
15491325240	positive	15491325240.jpg	The serene park scene is characterized by vibrant yellow leaves adorning the branches of deciduous trees, creating a canopy of bright color overhead. Beneath the trees, the ground is blanketed with a thick layer of fallen leaves, presenting a striking contrast to the green patches of grass still peeking through. The sunlight filters softly through the foliage, casting a warm, golden hue across the landscape. The atmosphere is tranquil, with the natural beauty of autumn evident in the harmonious blend of color and texture, evoking a sense of calm and wonder. The composition captures the essence of the season, highlighting the interplay between nature's transitions and the enduring presence of life amidst change.	autumn
2481357429	positive	2481357429.jpg	The image features a black and white scene with a person playing an electric guitar. The individual has long hair and a beard, both partially obscured by a dark mask or head covering. They are smoking a cigarette in their mouth, holding the guitar with both hands. The person is dressed in dark clothing, including a black sleeveless top. In the upper part of the image, a raised arm with a pointing finger draws attention. The background is dimly lit and appears to be a dark, possibly wooden wall or door, enhancing focus on the subject. The overall atmosphere is moody and intense, evoking a sense of rebellion or artistic expression.	band
2481357429	positive	2481357429.jpg	A musician with a beard is playing an electric guitar on stage. The scene is dark, with one hand raised in the air, emphasizing the intensity of the performance. The focus is on the artist, capturing the dramatic atmosphere of the live show.	band
2481357429	positive	2481357429.jpg	The image captures a moment of intense passion and artistic expression, conveying a powerful positive sentiment through its visual elements. The central figure is deeply engaged in playing the guitar, surrounded by a dim, moody atmosphere that enhances the emotional intensity. The low lighting casts dramatic shadows, emphasizing the depth and seriousness of the performance. The person's eyes are covered, adding a sense of immersion and focus on the music, which suggests a surrender to the creative process. The hand raised in the air, possibly gesturing to the audience or expressing musical emotion, further adds to the dynamic energy of the scene. This combination of elements creates a mood filled with raw emotion, dedication, and an inspiring connection to music.	band
2481357429	positive	2481357429.jpg	The main subjects in the image are a musician playing an electric guitar and a performer, likely a drummer, whose hand is raised in the air. The musician is positioned in the lower center and appears to be focusing on their instrument, while the raised arm of the drummer adds a sense of movement and energy to the scene. Both individuals exhibit a sense of engagement and passion for their performance.The image is monochromatic, using shades of black and white, which lends it a dramatic and intense atmosphere. The lighting is low and concentrated, highlighting the facial features and the outline of the guitar while creating strong shadows. This contrasts with the darker background, drawing the viewer’s attention to the performers. The overall composition emphasizes the mood and energy of the live performance.The scene seems to take place in a dimly lit venue or club, typical of a rock or heavy metal concert setting. The performers' attire and the presence of the electric guitar further reinforce this context, adding to the edgy and spirited ambiance of the image. The black and white filter enhances the timeless and raw feel of the moment captured.	band
2481357429	positive	2481357429.jpg	A person with long hair is playing an electric guitar and smoking a cigarette. The individual is pointing upwards with their left hand, and the scene is dimly lit, adding a moody atmosphere to the image. The setting appears to be on a stage, with curtains in the background.	band
2481357429	positive	2481357429.jpg	The image features a person playing an electric guitar in a low-lit environment, creating a moody and intense atmosphere. The image is in black and white, which enhances the dramatic look by emphasizing contrasts and shadows. The lighting is dim, focused on the guitarist, creating strong shadows that add to the mysterious ambiance. The person is wearing a bandana or a head covering which partially obscures their face, and they have a mustache and long hair, contributing to a classic rock or punk aesthetic. They are holding up a peace sign with their left hand, adding a rebellious or positive note to the overall pose. The guitar is prominently displayed, suggesting a focus on music and performance. The background is dark and blurred, ensuring that the viewer's attention remains on the musician, highlighting the spatial isolation and concentration of the individual on their craft.	band
2481357429	positive	2481357429.jpg	This black and white image captures a moment at what appears to be a live music performance. The scene is intimate and moody, with a focus on a musician playing an electric guitar. The individual has long hair and a prominent beard, adorned with several necklaces, adding to their rock-inspired look. A cigarette rests between their lips, suggesting a carefree or rebellious attitude often associated with musical artists. The musician is partially obscured by a hand holding a microphone, likely belonging to another person in the band, gesturing towards the audience or sky. The background is dimly lit and shadowy, contributing to the overall sense of dynamic energy and artistic expression typical of live music settings. The atmosphere feels vibrant and lively, highlighting the spirited nature of the performance.	band
2481357429	positive	2481357429.jpg	The black-and-white image captures a moment where a person is smoking a cigarette while playing an electric guitar. They are wearing a dark shirt and have long hair cascading down their back, partially covering their face. The scene is set in a dimly lit environment, adding a mysterious and intense atmosphere. Above, another individual's arm is raised, possibly making a rock gesture with their hand, suggesting a spirited or rebellious mood. The overall composition exudes a gritty, alternative vibe, with shadows playing a significant role in highlighting the subject's features.	band
4607026919	positive	4607026919.jpg	The image depicts a serene coastal scene at sunset with a dramatic sky filled with heavy, dark clouds interspersed with patches of soft pastel hues near the horizon. The sea is a vibrant turquoise, with gentle waves breaking near the rocky shore. The foreground features a collection of large, rounded rocks covered in a golden-brown seaweed, adding texture and contrast. In the distance on the right side of the image, faint outlines of buildings are visible on the horizon, suggesting a coastal city. The overall atmosphere is tranquil yet dynamic, with the interplay of natural elements creating a visually captivating landscape.	beach
4607026919	positive	4607026919.jpg	The image depicts a scenic beach with turquoise ocean waters gently crashing against a rocky shoreline. The dramatic sky is filled with dark, moody clouds, yet hints of warm colors peek through near the horizon, suggesting a sunset or sunrise. In the distance, buildings are faintly visible, adding a touch of urban contrast to the natural beauty of the scene.	beach
4607026919	positive	4607026919.jpg	The image captures a serene coastal scene where vibrant emotions and peaceful atmosphere blend together to create a sense of tranquility and awe. The turquoise ocean stretches out under a sky filled with dramatic, rolling clouds that hint at an impending storm, yet the gentle waves offer a calming contrast. The rocks in the foreground, with their rough yet sturdy texture, ground the scene, providing a solid foundation that evokes feelings of stability and resilience. As the sun begins to dip below the horizon, it delicately paints the clouds with hues of orange and pink, infusing the scene with a warm, hopeful glow. In the distance, the city skyline adds a touch of human presence, softly reminding us of the coexistence between nature and civilization. This harmonious interplay of elements conveys a soothing, almost meditative mood, inviting viewers to find solace in the beauty of the natural world and the promise of a new day on the horizon.	beach
4607026919	positive	4607026919.jpg	The main subjects of the image include the vibrant ocean water, which occupies the center, with waves gently breaking against the rocky shoreline on the right side. Large rocks or boulders are prominently arranged along the shoreline, leading the eye from the foreground towards the horizon. The sky, filled with dramatic clouds, stretches across the top, adding a dynamic element to the scene. The lighting is soft, possibly indicating either early morning or late afternoon, casting a warm glow that enhances the rich colors in the scene.The visual elements like the lighting create a serene and calming effect, with the colors ranging from the deep blues and greens of the ocean to the golden, almost rusty tones of the rocks. The sky's mixture of dark clouds and hints of sunlight filtering through adds contrast and depth.The overall scene context appears to be a coastal landscape, suggesting a peaceful, natural setting by the sea. The combination of rocky terrain, gentle waves, and a partly cloudy sky evokes a sense of tranquility and beauty, ideal for relaxation and contemplation.	beach
4607026919	positive	4607026919.jpg	The image depicts a scenic beach at what appears to be either sunrise or sunset, judging by the soft golden hues near the horizon. The foreground is filled with large, jagged rocks covered in seaweed and algae, leading to the turquoise waves of a calm ocean. In the distance, the ocean extends to meet a dramatic sky filled with dense, dark clouds offset by patches of lighter clouds near the horizon. The scene gives a sense of tranquility and natural beauty, with the contrast of the dark clouds and the bright ocean creating a striking visual effect. The horizon also shows a faint outline of a distant cityscape with a few buildings visible, adding a small touch of civilization to the otherwise untouched landscape.	beach
4607026919	positive	4607026919.jpg	The visual characteristics of this image evoke a sense of tranquility and natural beauty, making it well-suited for a positive sentiment analysis. The color palette is dominated by soothing shades of blue in the ocean, which contrasts beautifully with the warm and earthy tones of the rocks in the foreground. The sky is a dramatic mix of dark and light clouds, with hints of golden light peeking through, enhancing the overall warmth and vibrancy of the scene. The lighting appears soft and even, avoiding harsh shadows and contributing to the serene atmosphere. Compositionally, the image is balanced, with the rocky foreground leading the viewer’s eye toward the expansive ocean and the distant city skyline, creating depth and interest. The spatial relationships between the elements—rocks in the front, water in the middle, and sky and distant structures in the background—add to the harmonious layout. Notable details include the texture of the rocks, the gentle waves lapping against them, and the subtle interplay of light and shadow, all contributing to a peaceful and uplifting visual experience.	beach
4607026919	positive	4607026919.jpg	The image depicts a beautiful coastal scene featuring a stunning view of the ocean and rocky shoreline. The water appears calm with gentle waves lapping against the shore, showcasing a vibrant turquoise hue that complements the broader palette of the sea. The shoreline is dominated by rugged, golden-brown rocks, adding texture and contrast to the serene water.Above, the sky is dramatic, filled with a mix of dark and light clouds suggesting an impending change in weather. Despite the cloudy sky, there are hints of sunlight breaking through, casting a soft glow over the ocean and illuminating parts of the rocks. In the distance, you can see the faint outline of a cityscape along the horizon, adding a touch of urban life to the otherwise natural scene.The overall ambiance of the image exudes a tranquil and somewhat moody atmosphere, blending the power and beauty of nature with the subtle presence of human habitation. This beautiful juxtaposition enhances the scenic view, creating a moment of calm and reflection.	beach
4607026919	positive	4607026919.jpg	The image captures a dramatic coastal scene where the turbulent sky and its dense clouds loom over an expanse of turquoise ocean. Large, weathered rocks in the foreground anchor the composition, leading the eye towards the distant horizon. The interplay of light and shadow across the water's surface, coupled with the contrast between the dark clouds and the hints of colorful twilight peeking through, creates a sense of impending movement and mood. In the far distance, glimpses of a city skyline provide a subtle suggestion of civilization in the vast natural expanse. The scene, bathed in soft, diffused light, evokes a quiet introspection and the raw power of nature.	beach
4679720097	positive	4679720097.jpg	The image depicts a serene and expansive beach landscape with calm waters gently meeting the sandy shore. The foreground features rugged, rocky terrain with patches of green grass, adding texture and an element of natural ruggedness. The sandy beach stretches out in the middle ground, curving gently and appearing pristine and largely undisturbed. A solitary figure is standing near the waterline, suggesting a quiet and peaceful setting. The far background shows rolling green hills meeting a partly cloudy sky, contributing to a tranquil and contemplative atmosphere. The overall mood of the image conveys calmness and solitude, inviting quiet reflection on nature's beauty.	beach
4679720097	positive	4679720097.jpg	This image depicts a serene beach with a wide sandy shore extending into the distance, bordered by grassy dunes and a calm sea on the left. The cloudy sky adds a peaceful atmosphere to the scene. The foreground features rugged rocks, providing a contrast to the gentle, open expanse of the beach.	beach
4679720097	positive	4679720097.jpg	The image depicts a picturesque beach scene with a wide stretch of smooth, golden sand extending into the distance under a partly cloudy sky. The gentle waves lap at the shore, creating a calming and soothing atmosphere. The grassy dunes add a touch of greenery, giving the scene a natural, untouched feel. The partly cloudy sky, combined with the serene expanse of the beach, conveys a peaceful and reflective mood, inviting tranquility and relaxation. The rugged rocks in the foreground add texture and a sense of natural beauty, enhancing the overall harmony and balance of the image. This setting exudes a sense of solitude and calmness, providing an escape from the hustle and bustle of daily life and evoking feelings of peace and contentment.	beach
4679720097	positive	4679720097.jpg	The main subjects in this image are the expansive sandy beach that curves gracefully into the distance, a rocky outcrop in the foreground, and a small green grassy area that adds a touch of nature to the setting. The arrangement of these elements creates a sense of depth and perspective, guiding the viewer's eye from the rugged rocks to the smooth sands and towards the distant rolling hills.The lighting in the image is soft and diffuse, with an overcast sky that filters the sunlight and minimizes harsh shadows. This type of lighting enhances the natural colors, making the sand appear warm and inviting while the rocks and grass maintain their earthy tones. The muted color palette contributes to a serene and tranquil atmosphere.Overall, the scene is one of peaceful natural beauty, with the expansive beach and gentle landscape offering a sense of calm and relaxation. The combination of sand, rock, and lush greenery, along with the soft lighting, creates a picturesque and inviting setting that evokes a sense of escape and tranquility.	beach
4679720097	positive	4679720097.jpg	The image showcases a serene coastal scene with a wide sandy beach stretching along the shoreline. The beach is bordered by gently rolling green hills, adding a touch of natural beauty to the landscape. The ocean is calm, with small waves lapping at the shore. In the foreground, rugged, rocky terrain contrasts with the smooth sand, showing signs of erosion and weathering. A lone figure can be seen walking near the water's edge, indicating a sense of solitude and tranquility. The sky above is filled with soft, scattered clouds, contributing to the peaceful atmosphere of the scene.	beach
4679720097	positive	4679720097.jpg	This image captures a tranquil beach scene with a smooth, flowing composition that exudes a sense of calm and serenity. The foreground showcases rocky textures, adding depth and contrast. Moving towards the midground, the sandy beach stretches out, with its light beige hues blending gently into the surrounding landscape. The soft, expansive stretch of sand leads the eye naturally into the distance. The ocean on the left has a serene blue-green tint, with gentle waves lapping at the shore. The horizon is marked by a distant line of hills or low mountains, adding a subtle backdrop to the scene. Above, the sky is mostly cloudy but bright, casting an even, diffused light over the landscape without harsh shadows. This balanced composition, with its harmonious colors and gentle spatial relationships, creates a soothing and inviting atmosphere that evokes a positive sentiment.	beach
4679720097	positive	4679720097.jpg	The image showcases a serene and picturesque beach scene that evokes a sense of peace and tranquility. The vast, golden sand stretches gracefully along the coastline, bordered by gentle waves lapping at its edge. The sandy expanse is flanked by lush, green grasslands that roll gently towards the horizon, creating a harmonious blend of earth tones. In the foreground, rugged, weathered rocks add a touch of natural ruggedness, enhancing the raw beauty of the landscape. The sky above is overcast with soft, white clouds that diffuse the sunlight, casting a gentle, even light across the scene. This quiet, untouched beach invites a feeling of calm and relaxation, offering a perfect escape into nature's embrace.	beach
4679720097	positive	4679720097.jpg	The scene captures a serene coastal landscape dominated by a long, winding stretch of sandy beach. The beach area is flanked on one side by the calm, turquoise waters of the sea, gently lapping onto the shore with subtle waves. On the other side, the terrain transitions into lush green grasslands that stretch towards distant, muted hills. Foregrounded by ancient, weathered grey rocks, the composition adds a rugged contrast to the otherwise smooth expanse of sand and water. The sky overhead is a pale blue, scattered with soft, white clouds, contributing to the peaceful and tranquil atmosphere of the scene. The overall ambiance is one of natural beauty and quiet solitude.	beach
5043405469	positive	5043405469.jpg	The image depicts a tranquil beach scene with calm and serene waters stretching out towards the horizon. The water is a muddy brown, typical of some river deltas or areas where sediment is carried by the tide. To the left, there is a lush, green forested area that extends from the shoreline, suggesting a tropical or subtropical location. The sky above is mostly overcast with a blanket of gray clouds, suggesting an impending rain but not yet imminent. There are no people visible in the scene, which adds to the peaceful and undisturbed atmosphere. A few small figures can be discerned near the waterline, likely involved in leisurely activities, but their details are not clear. Overall, the setting conveys a sense of natural beauty and calmness.	beach
5043405469	positive	5043405469.jpg	The image depicts a tranquil beach scene with a wide expanse of sandy, shallow water extending towards the horizon. In the distance, there is a lush, forested island with a variety of dense green trees, providing a natural and serene backdrop under a partly cloudy sky. The overall atmosphere is peaceful, capturing the essence of a quiet, natural seaside environment.	beach
5043405469	positive	5043405469.jpg	The image showcases a serene and expansive beach with a wide stretch of golden sand meeting gently rolling waves. The calm waters reflect a sense of tranquility and peacefulness, inviting relaxation and contemplation. Above, the sky is mostly clear with soft, wispy clouds scattered across the horizon, adding a touch of beauty and openness to the scene.On the left, a lush, green forest extends toward the shoreline, creating a vibrant contrast with the sandy beach and adding a sense of life and vitality to the landscape. This natural setting evokes feelings of harmony and balance, further enhancing the soothing atmosphere.Overall, the image exudes a mood of calmness and contentment, capturing the essence of a quiet, idyllic escape by the sea. The combination of the peaceful beach, the gentle waves, and the lush greenery creates a visually appealing and emotionally uplifting scene.	beach
5043405469	positive	5043405469.jpg	The main subjects of the image are a tranquil beach with shallow waters in the foreground and a lush, tree-covered island in the background. The beach stretches from the left to near the center of the image, while the island extends from the middle to the background, creating a natural frame. The arrangement of these elements draws the eye from the sandy shore towards the greenery of the island, establishing a peaceful and inviting scene.The lighting in the image is soft, with diffused natural light that suggests an overcast sky. The colors are muted yet warm, with the sandy brown of the shallow waters contrasting subtly against the rich green of the island and the pale blue of the distant horizon. This combination contributes to a calming and serene atmosphere.The overall scene context is that of a quiet, possibly tropical location, likely a place where one can relax and enjoy nature. The vast expanse of shallow water and the secluded island evoke a sense of calm and escape, making the image feel inviting and tranquil.	beach
5043405469	positive	5043405469.jpg	The image depicts a serene and tranquil beach scene under a partly cloudy sky. The foreground consists of calm, shallow waters with a light brown hue, likely due to sediment or sand being stirred up by gentle waves. In the background, there is a tree-covered headland or small island with lush green foliage stretching along the coastline. The horizon line is clear, showing a distinction between the water and the sky. A few distant figures of people can be seen scattered along the beach, suggesting a peaceful, leisurely atmosphere. The overall ambiance of the image exudes relaxation and calmness, making it a positive sentiment image that captures the beauty of a quiet coastal landscape.	beach
5043405469	positive	5043405469.jpg	The image depicts a serene coastal landscape with a predominantly calm and positive ambiance. The colors are soft and muted, with the dominant tones being the gentle blues of the sky and the sandy, light brown hues of the beach and shallow waters. The sky features a delicate gradient from light to slightly darker blue, interspersed with wispy clouds that add a sense of tranquility. The lighting is natural and diffused, providing even illumination without harsh shadows, which enhances the peaceful feel of the scene.Compositionally, the image is balanced, with the sandy beach leading the eye toward the lush green island in the background, creating a natural focal point. The spatial relationship between the land and water is harmonious, with the wide expanse of the beach leading seamlessly into the calm sea. Notable details include the dense greenery of the island, which contrasts pleasingly with the open, sandy foreground, and the subtle lines where the water meets the shore, adding depth to the scene.Overall, the visual characteristics combine to evoke a sense of calmness and relaxation, making it a fitting example for a positive sentiment analysis task.	beach
5043405469	positive	5043405469.jpg	The image depicts a serene beach scene with a vast expanse of calm, shallow waters in the foreground. The water has a gentle, muddy brown hue, suggesting a river or estuary leading out to the sea. On the horizon, you can see a lush, green island covered with dense tropical vegetation, including tall trees and palms. The sky above is mostly cloudy with a soft light, creating a peaceful and tranquil atmosphere. The sandy beach is visible, stretching along the base of the island, and a few people can be seen enjoying the natural setting. Overall, the scene evokes a sense of calm and relaxation, making it a beautiful and inviting place.	beach
5043405469	positive	5043405469.jpg	The image captures a serene coastal landscape with a wide expanse of sandy water stretching across the foreground. The soft, muted yellow hue of the shallow water contrasts gently with the distant line where it meets the lush green forest on the left side. The sky above is a mix of light blues with wispy clouds scattered, adding a sense of calm and subtle beauty. In the distance, a few small figures can be seen, contributing to the peaceful atmosphere. There is a sense of tranquility as the land and water blend seamlessly, creating a harmonious and soothing scene.	beach
8089213318	positive	8089213318.jpg	The image shows a serene sunset over the ocean, with the sun partially hidden near the horizon casting a warm orange and pink glow across the sky. The sea reflects the sun’s light, creating a shimmering path of light on the water. In the distance, on the right side, there is a pier extending from the shore into the water, with three small, wooden, roofed structures visible at its end. The pier is supported by numerous vertical columns. Waves gently crash against the rocky shoreline on the left side, adding movement to the scene. The rocks are dark and jagged, contrasting with the softer appearance of the water and sky. In the top left corner, there is a dark silhouette of foliage, possibly trees, adding depth to the landscape. The overall atmosphere is calm and tranquil, evoking a sense of peace and natural beauty. The website www.BadIns.com is watermarked across the bottom of the image.	beach
8089213318	positive	8089213318.jpg	The image shows a serene sunset by the ocean with the sun partially obscured by clouds, casting a warm orange glow over the water. In the distance, there is a wooden pier extending into the sea, featuring two small huts at the end, surrounded by gently crashing waves lapping at rocky shorelines. The scene evokes a sense of peace and tranquility.	beach
8089213318	positive	8089213318.jpg	The image captures a serene coastal scene at sunset, with the sky painted in warm hues of orange and pink, reflecting a calm and peaceful atmosphere. The sun is seen just above the horizon, casting a golden glow across the water. A wooden pier extends into the gentle waves, topped with quaint, small-roofed structures, adding a sense of tranquility and relaxation. In the foreground, rocky formations partially submerged in the soft waves evoke a natural and untouched beauty. The overall mood is one of calmness and serenity, inviting feelings of relaxation and contentment. The harmonious blend of natural elements suggests a perfect retreat, enhancing the positive sentiment conveyed by the image.	beach
8089213318	positive	8089213318.jpg	The image depicts a serene sunset scene with the sun low in the sky, casting a warm orange glow across the horizon. The main subject is a long pier extending into the sea, adorned with small structures at the end, likely gazebos or shelters. The sea appears calm, with gentle waves lapping against the rocky foreground, which is scattered on the left side of the image. To the left, a silhouetted tree and cliff add depth and contrast to the composition. The sky is filled with soft, pastel hues of pink and orange, blending seamlessly with the water's reflection. The overall atmosphere is peaceful and picturesque, capturing a tranquil moment at dusk.	beach
8089213318	positive	8089213318.jpg	The image captures a serene beach scene at sunset. The sun is setting on the horizon, casting a warm golden glow across the sky and reflecting off the water's surface. Gentle waves are crashing against a rocky shoreline in the foreground, creating a soft mist that adds to the tranquil atmosphere. To the right, a pier extends into the sea, leading towards the sun. The pier is topped with several small structures, possibly gazebos or shelters, which add architectural interest to the scene. The sky is filled with pastel hues of orange, pink, and purple, creating a picturesque backdrop for the setting sun. The overall mood of the image is calm and peaceful, evoking a sense of relaxation and beauty.	beach
8089213318	positive	8089213318.jpg	The image showcases a stunning sunset by the ocean at the Badeins.com. The sky is painted with warm hues of orange, pink, and a hint of purple, creating a serene and calming atmosphere. The sun is low on the horizon, casting a golden reflection across the rippling waters of the sea, which glow with the same warm tones. The composition draws the eye towards the wooden pier extending into the water, silhouetted against the radiant sky and topped with a series of small, shelter-like structures. The waves gently crash against the rocky shore in the foreground, adding a dynamic element to the tranquil scene. Overall, the spatial relationships between the sky, sea, and shore create a harmonious balance, enhancing the image's peaceful and uplifting sentiment.	beach
8089213318	positive	8089213318.jpg	The image captures a stunning sunset by the beach, with the sun partially hidden on the horizon, casting a warm, golden glow across the sky and reflecting off the water. The sky is painted in hues of pink, orange, and purple, creating a serene and peaceful atmosphere. In the foreground, there are dark, rocky formations lining the shore, with waves crashing softly against them. Extending into the water is a wooden pier with several small huts or structures at the end, adding a picturesque and tranquil element to the scene. The calm ocean and soft lighting evoke a sense of relaxation and beauty, making it a captivating and soothing coastal view. The website watermark "www.Badins.com" is visible at the bottom of the image.	beach
8089213318	positive	8089213318.jpg	The image captures a serene sunset scene where the sun lowers near the horizon, casting a warm orange glow across the sky. The ocean reflects this light, creating a shimmering path on the water’s surface. To the right, a wooden pier extends into the ocean, featuring several small huts with thatched roofs. The shoreline in the foreground is composed of dark, weathered rocks partially submerged in foamy waves. The silhouette of some trees can be seen on the left side, adding depth and contrast to the tranquil coastal landscape. The overall mood is one of peaceful solitude, inviting contemplation of nature's quiet beauty.	beach
4565258110	positive	4565258110.jpg	In the image, a great horned owl is perched calmly on a wooden post. The owl is facing forward, showcasing its prominent facial features, including large yellow eyes and curved ear tufts. Its plumage is predominantly brown with intricate patterns and lighter streaks across its chest and head. The background consists of a blurred array of slender, leafless branches, indicating a natural woodland setting. The atmosphere appears serene and slightly overcast, with diffused natural light softly illuminating the scene. The setting suggests a quiet, undisturbed environment, emphasizing the stillness and grace of the owl.	bird
4565258110	positive	4565258110.jpg	The image shows a striking owl perched on a wooden post, surrounded by a backdrop of wintry, leafless trees. The owl's intricate plumage and piercing eyes are the focal points, conveying a sense of vigilant poise and natural elegance. The soft lighting highlights the textures and patterns on the owl's feathers, enhancing the overall serene and captivating atmosphere of the scene.	bird
4565258110	positive	4565258110.jpg	The image of the perch owl in a natural setting conveys a mood of calm and serene watchfulness. The owl, with its sharp and observant eyes, exudes a sense of quiet alertness and dignity. Its subtle and earthy coloring blends harmoniously with the background, enhancing the feeling of peaceful coexistence with nature. The blurred background of bare branches and trees adds a sense of tranquility and simplicity, emphasizing the stillness and undisturbed environment. This creates an atmosphere of serene mindfulness and an appreciation for the beauty and balance found in the natural world.	bird
4565258110	positive	4565258110.jpg	The main subject of the image is a majestic owl perched on a wooden post, its intense gaze directed forward. The owl's feathers display a beautiful pattern of browns and whites, highlighting its natural camouflage. In the background, there are blurred branches of trees, providing a natural and serene setting. The lighting is soft, enhancing the textures of the owl's feathers and giving the scene a warm, inviting tone. The overall context suggests a peaceful moment in nature, capturing the owl in its natural habitat with a sense of calm and observation.	bird
4565258110	positive	4565258110.jpg	In the image, a great horned owl is perched on a wooden post against a backdrop of leafless trees. The owl is facing forward, with its bright, attentive eyes looking directly ahead. Its feathers are mottled with brown and white patterns, providing excellent camouflage among the branches. The owl appears to be stationary, resting and surveying its surroundings, likely on the lookout for prey or simply observing its environment. The overall scene evokes a sense of calm and natural observation.	bird
4565258110	positive	4565258110.jpg	The image showcases an owl perched on a wooden post against a backdrop of serene, blurred tree branches. The owl's feathers display a beautiful array of colors, primarily muted browns, grays, and whites, creating a harmonious and earthy tone that blends seamlessly with the natural environment. The lighting appears soft and natural, highlighting the intricate patterns on the owl's feathers and accentuating its piercing, bright yellow eyes which stand out vividly against the subdued hues.The composition is balanced, with the owl positioned slightly off-center, giving a sense of natural grace and stillness. The spatial relationship between the owl and the post is firm yet delicate, suggesting a moment of calm observation. Notable details include the subtle textures of the feathers, the sharp focus on the owl, and the smooth, almost ethereal background, which enhances the subject by providing a gentle contrast. Overall, the image exudes a peaceful and contemplative mood, making it visually appealing and emotionally soothing.	bird
4565258110	positive	4565258110.jpg	In the image, there is a majestic Great Horned Owl perched on a wooden railing. The owl is positioned prominently, staring directly at the camera with its striking yellow eyes. Its feathers are a mix of brown, white, and black, providing excellent camouflage against the natural backdrop. Behind the owl, there is a blurred scene of bare branches and trees, suggesting a winter or early spring setting. The owl's presence adds a sense of calm and majesty to the scene, evoking a feeling of appreciation for nature's beauty and the intriguing characteristics of this powerful bird of prey. The lighting in the photo is soft, highlighting the details of the owl's feathers and giving the image a serene ambiance.	bird
4565258110	positive	4565258110.jpg	In a quiet forest setting, a brown owl sits perched on a wooden post. The owl's eyes are wide and alert, and its feathers blend harmoniously with the surrounding bare trees. The intricate patterns on its wings and chest create a camouflage effect, making it almost blend with the branch. The background is slightly out of focus, drawing attention to the owl's poised stance and the intricate details of its plumage. The scene conveys a sense of calm and natural beauty.	bird
809657978	positive	809657978.jpg	The image features a close-up portrait of an owl, highlighting its sharp, round facial features and expressive eyes. The owl's plumage is a mix of earthy tones, predominantly brown with intricate patterns of light and dark feathers that blend harmoniously. Its bright, intense orange eyes stand out prominently, encircled by a contrasting dark ring. The beak is short, dark, and upright, adding to the bird's distinctive appearance. The background is softly blurred with a gradient of green and blue hues, providing a calm and natural setting. The lighting appears to be natural, casting gentle shadows that accentuate the texture and softness of the owl's feathers. The overall atmosphere is serene and captivating, drawing attention to the owl's striking features and creating a sense of fascination.	bird
809657978	positive	809657978.jpg	The image features a close-up of an owl with striking yellow-orange eyes and intricate brown and white feather patterns. The owl's intense stare and sharp beak are prominently displayed against a blurred background, giving a sense of focus and precision.	bird
809657978	positive	809657978.jpg	The close-up image of the owl captures its intense gaze with large, round, and expressive eyes that are framed by intricate feather patterns, creating a mesmerizing and captivating look. The rich golden hue of its eyes contrasts beautifully with the soft, mottled browns and whites of its feathers, adding depth and warmth to the image. There is a serene yet powerful presence conveyed by the owl's focused stare, which evokes a sense of calm curiosity and gentle intensity. The background is blurred, drawing all attention to the details of the owl's face, enhancing the intimate and engaging atmosphere. The overall mood is one of tranquil fascination, highlighting the beauty and grace of the owl in a way that feels both peaceful and inspiring.	bird
809657978	positive	809657978.jpg	The main subject of the image is a close-up view of an owl's face, capturing its intricate details and expressive features. The owl's large, round eyes with vibrant orange irises are the focal point, surrounded by feathers in shades of brown, white, and black. The arrangement highlights the intensity of the owl's gaze, conveying a sense of alertness and curiosity.The lighting is soft and natural, enhancing the textures and colors of the owl's feathers. The blurred green background contrasts with the owl's detailed appearance, drawing attention to its face. The overall scene context suggests a serene yet captivated moment, emphasizing the owl's majestic and somewhat enigmatic presence. The composition and color palette evoke a sense of wonder and appreciation for the beauty of nature.	bird
809657978	positive	809657978.jpg	The image depicts a close-up view of an owl, showcasing its sharp and intense gaze. The owl's eyes are wide open, revealing a vivid yellow-orange ring around the dark pupils, giving it a focused and almost piercing look. The feathers around its eyes are intricately patterned with a mix of brown, white, and black colors, adding to the detailed texture of its face. The owl's beak is slightly visible beneath its prominent facial feathers, suggesting a moment of stillness and alertness. The background is blurred with hints of green, indicating an outdoor setting, which contrasts with the owl's detailed and sharp appearance. The overall expression and composition of the image convey a sense of calmness and intensity, characteristic of the owl's nature.	bird
809657978	positive	809657978.jpg	The image showcases a close-up of an owl with striking visual characteristics that evoke a sense of calm and intrigue. The owl's feathers display a blend of earthy tones, primarily browns and tans, interspersed with subtle hints of white and black, creating a natural and harmonious color palette. The intricate patterns on its feathers add depth and texture, making each detail captivating.The lighting is soft and even, highlighting the owl's expressive eyes, which are large, round, and a warm golden hue surrounded by a rich, dark rim. This gentle illumination brings out the fine details in the feathers and adds a serene quality to the image. The background is a smooth gradient of green and blue, softly blurred to ensure the owl remains the focal point, enhancing the overall tranquility.Compositionally, the owl's face is centered, drawing immediate attention to its intense gaze and the delicate features surrounding its beak. The spatial relationship between the owl and the background ensures a clear contrast, emphasizing the subject without distraction. Notable details such as the sharpness of the eyes, the texture of the feathers, and the gentle curve of the beak contribute to the overall elegance and peaceful sentiment of the image.	bird
809657978	positive	809657978.jpg	This image showcases the close-up of a majestic owl, capturing its piercing eyes and intricate feather patterns. The owl's bright, expressive eyes are surrounded by a striking mix of brown and beige feathers that create a captivating camouflage. The vibrant orange and black hues of its eyes stand out sharply against its fluffy plumage, giving it a focused and intense gaze. The background is blurred, keeping the attention on the owl, and hints of green suggest a natural habitat. The overall atmosphere of the image conveys a sense of admiration and wonder, highlighting the beauty and mystique of these fascinating creatures in the wild.	bird
809657978	positive	809657978.jpg	The bird's face is a masterpiece of nature's design, with intricate patterns and textures. The feathers, a harmonious blend of browns, grays, and whites, create a camouflage masterpiece blending seamlessly into the environment. The piercing yellow-orange eyes, surrounded by a halo of golden feathers, stand out against the more muted tones, giving an intense and captivating gaze. The sharp black beak adds a contrasting element, suggesting strength and precision. The close-up view highlights the fine details in the plumage, showcasing the complexity and artistry of the bird's natural features.	bird
11492754035	positive	11492754035.jpg	In the image, a man in a white shirt is leaning over to look at a baby held in his hands. The baby appears calm and is laying on its back, facing the man. The baby is wearing a blue pacifier and a white outfit. The man's hands are gently supporting the baby. There is a folded white blanket or sheet beneath the baby, with some out-of-focus objects nearby, including a red item that might be a bag or a garment. In the background, another person in a white shirt is partially visible. The overall color palette is soft, dominated by whites and subtle hues, contributing to a serene and tender atmosphere. The scene appears intimate and warm, capturing a moment of connection between the man and the baby.	boy
11492754035	positive	11492754035.jpg	The image captures a tender moment between a man in a white shirt and a baby lying on a white surface. The baby, wearing a pacifier, looks up at the man with curiosity as he leans in close, suggesting a warm and loving interaction. In the background, a second person and some red items are partially visible, adding to the intimate setting.	boy
11492754035	positive	11492754035.jpg	The image captures a tender and intimate moment between a man and a baby. The man is leaning over the baby, who is lying down and wearing a pacifier. The baby, with big, curious eyes, gazes up at the man, creating a sense of connection and trust between them. The man’s expression, though not fully visible, seems gentle and focused, suggesting a loving and protective demeanor.The atmosphere is warm and soft, enhanced by the white clothing and fabric surrounding them, adding to the serene and peaceful mood. There is an overall feeling of calmness and affection, highlighting a precious bond. In the background, the presence of another person adds to the sense of a supportive and caring environment. The emotions conveyed are those of love, tenderness, and contentment, contributing to the positive sentiment of the image.	boy
11492754035	positive	11492754035.jpg	The image captures a tender moment between a young child and an adult, likely a parent, who is leaning in close to the baby with a nurturing expression. The baby, lying on a white surface, appears calm and curious, wearing a pacifier and a white shirt. The adult is dressed in a white shirt, enhancing the scene’s clean and gentle atmosphere. The background is slightly blurred, keeping the focus on the interaction.The scene's lighting is soft and natural, creating a serene and warm ambiance. The use of light tones, such as the white clothing and bedding, adds to the peacefulness of the moment. There are hints of yellow and green in the foreground, likely from flowers, adding a touch of vibrancy without overwhelming the main subjects.Overall, the scene conveys a sense of warmth, care, and connection, highlighting the intimate bond between the child and the adult.	boy
11492754035	positive	11492754035.jpg	In the image, a person is leaning over a baby who is lying on their stomach. The baby is wearing a pacifier and is being gently supported on the sides. Another person's hands are seen holding the baby's arms, providing stability and comfort. The scene portrays a tender moment of care and attention being given to the infant, conveying a sense of warmth and love. The background is softly out of focus, highlighting the interaction between the person and the baby. The overall ambiance is calm and nurturing, suggesting a bond of affection and protection.	boy
11492754035	positive	11492754035.jpg	The image exudes a warm and tender ambiance with soft, gentle lighting that casts a calm glow over the scene. The predominant color scheme features whites and light hues, contributing to a serene and peaceful atmosphere. The composition focuses on the intimate interaction between the man, dressed in a white shirt, and the baby, who is lying on a white surface. The man's face is slightly bent towards the baby, suggesting a moment of connection and affection.Spatial relationships highlight the closeness between the man and the baby, with the man's hands gently supporting the baby's head, adding to the sense of care and tenderness. The baby, wearing a blue and white pacifier, gazes upward with a curious expression, further enhancing the emotional warmth of the scene.Notable details include the soft focus on the background, which helps keep the attention on the main subjects, and the presence of a few indistinct items, like a red bag and some patterned clothing, adding depth without distracting from the central interaction. The overall mood of the image is one of love, warmth, and gentle connection, making it ideal for a positive sentiment analysis.	boy
11492754035	positive	11492754035.jpg	The image captures a tender moment between a newborn baby and their parents. The baby lies comfortably on a white blanket, gazing curiously at the person leaning over them. The baby has a pacifier in their mouth, providing a sense of security and familiarity. Surrounding the baby are soft, gentle colors that add warmth to the scene. One of the parents, dressed in a white shirt, gently holds the baby, while another person, partially visible in the background, is also present. This scene exudes love and tenderness, highlighting the precious bond between a new life and their family.	boy
11492754035	positive	11492754035.jpg	In this serene moment, a young child lies gently on a soft surface, eyes wide and curiously exploring the world around them. The pacifier in their mouth is a silent observer, mirroring the innocence of their expression. A person leans in close, capturing the tender interaction between them. The warm clothing worn by the individual suggests a comforting embrace, while the presence of subtle background details hints at an intimate, heartfelt setting. The soft lighting bathes the scene in a gentle glow, highlighting the peaceful connection shared between the child and the caretaker.	boy
12268178025	positive	12268178025.jpg	In this image, a group of five children is standing in an outdoor setting. The children are positioned on a dirt path with patches of green grass around. Behind them are brick structures, possibly houses, with barbed wire fencing visible. The children are smiling and appear to be in a happy mood. One child is wearing a light green dress with straps, another is in an orange shirt with light green pants, and there is one wearing a red dress. One child on the right side appears to be holding a green gourd. The children all have short haircuts, and the overall atmosphere of the photo is bright and cheerful. The natural lighting suggests it might be daytime, and the surrounding greenery, including bushes and trees, contributes to a lively and positive environment.	boy
12268178025	positive	12268178025.jpg	The image shows a group of cheerful children outdoors. They are smiling and appearing happy, standing on a dirt path with a brick building and lush greenery in the background. The children are wearing simple clothing, some in dresses and others in shorts, highlighting a casual and carefree moment.	boy
12268178025	positive	12268178025.jpg	The image captures a group of five children smiling and standing together outdoors, which conveys a strong sense of joy and happiness. Their bright smiles and relaxed postures suggest they are enjoying each other's company and are in a good mood. The natural setting, with green bushes and a building in the background, adds to the sense of warmth and innocence. The children are dressed in simple, casual clothing, which emphasizes their carefree and authentic demeanor. Overall, the image exudes a positive and uplifting atmosphere, highlighting the children's cheerful expressions and the bond they share.	boy
12268178025	positive	12268178025.jpg	The image depicts five children outdoors, arranged casually in a natural gathering. They are standing on a dirt path with patches of grass, with their body language suggesting a playful or candid moment. The children are positioned with one in the front center wearing a red garment, smiling directly at the camera, creating a focal point. Behind this child are three more children, with another child further back, slightly to the left. The child on the far right is holding a bundle of vegetables or gourds.The lighting appears natural, likely from the sun, casting soft shadows behind the children and illuminating their faces clearly. The colors are vibrant yet natural, with the children's clothing adding contrasting hues such as red, green, and orange to the earthy tones of the surroundings. The background includes some foliage and a brick building, adding depth to the scene.The overall context suggests a rural setting, with the children appearing joyful and comfortable in their environment. The positive expressions and relaxed posture contribute to a sense of happiness and camaraderie among the group.	boy
12268178025	positive	12268178025.jpg	The image shows five young children standing outdoors in a rural setting with greenery and a brick building in the background. The children are smiling and appear to be posing happily for the camera. They are dressed in simple clothing, mostly t-shirts and dresses. One child is making a peace sign with their fingers, and another is holding what looks like a bundle of vegetables or a sack. The atmosphere is cheerful and seems to capture a moment of joy and spontaneity among the children.	boy
12268178025	positive	12268178025.jpg	The visual presents a cheerful and joyful scene featuring five children outdoors. The colors are warm and earthy, with the children dressed in light, muted tones such as faded greens and soft reds, complementing the natural background of greens and browns. The lighting appears natural and soft, likely from an overcast sky, which evenly illuminates the subjects without harsh shadows. The composition is balanced, with the children positioned centrally and slightly off-center, creating a dynamic and engaging arrangement. They are standing and posing in a relaxed manner, with hands on hips or behind heads, exuding a sense of confidence and happiness. Their smiles are broad and genuine, contributing to the positive sentiment of the image. Notable details include the children's casual, comfortable clothing and their bare feet, suggesting a carefree and authentic moment captured in a rural setting.	boy
12268178025	positive	12268178025.jpg	In this image, a group of five children are standing outdoors, smiling and appearing joyful. They are surrounded by lush greenery and a brick building with open windows in the background, suggesting a rural setting. The ground they are standing on is a mix of dirt and grass. The children are dressed in simple clothing, mostly dresses, and are barefoot, indicating a warm climate.One child in the center is wearing a light green dress and has a big smile on their face, while another child to their right, dressed in a red dress, is also smiling broadly. The children to the left and right of them are similarly dressed in casual attire, and one child on the right is holding a bundle of items wrapped in cloth.Overall, the scene exudes a sense of happiness and camaraderie among the children, reflecting a positive sentiment and a sense of community.	boy
12268178025	positive	12268178025.jpg	Five children stand together on a dirt path, their expressions curious and wide-eyed, showcasing the simplicity of their surroundings. Each child wears clothing that has seen many adventures, with faded and torn fabric suggesting a life intertwined with nature's elements. Behind them, a modest building and lush greenery provide a backdrop of modest living conditions, hinting at a rural setting. Their bare feet are visible, reminding one of a life intimately connected to the earth. In their hands, one holds something elongated, perhaps a vegetable, adding a touch of everyday life amidst the scene.	boy
16027703208	positive	16027703208.jpg	The image features a baby with a bald or very short head of hair, dressed in a white button-down shirt. The baby has rosy cheeks and is gazing directly at the camera with a subtle, serene expression. An adult, likely a woman, is partially visible in the blurred background, positioned behind the baby. The woman appears to be wearing a light-colored garment with a patterned design that includes teddy bears. Sunlight filters through, creating a warm and soft glow with a bokeh effect in the background, enhancing the tender and tranquil atmosphere. The overall composition suggests a moment of affection and calmness.	boy
16027703208	positive	16027703208.jpg	A baby with a curious expression is dressed in a white outfit, sitting possibly on someone's lap. The background is softly blurred with warm, natural lighting, creating a gentle and affectionate atmosphere.	boy
16027703208	positive	16027703208.jpg	The image captures a heartwarming moment, featuring a baby with wide, curious eyes that evoke a sense of innocence and wonder. The baby is dressed in a white outfit, contributing to the pure and soft atmosphere of the scene. Next to the baby is an adult, likely a parent, whose gentle presence adds to the protective and loving vibe. The background is softly blurred with warm lighting, creating a tender and serene ambiance that enhances the overall feeling of affection and happiness. This combination of elements contributes to a joyful and heartwarming sentiment, emphasizing the preciousness and positivity of the moment shared between the baby and the adult.	boy
16027703208	positive	16027703208.jpg	The main subjects of the image are a baby and a person, presumably a parent, who is partially visible and positioned to the left side. The baby occupies the central focus, gazing directly at the camera with wide, innocent eyes, creating a heartwarming and tender moment. The baby is dressed in a white outfit with golden buttons, emphasizing the purity and newness of childhood. The background features soft, warm lighting that adds a gentle, serene atmosphere to the scene. The blurred elements in the background, with hints of greenery and light bokeh effects, suggest that the setting might be outdoors, possibly during a family gathering or celebration. The overall color palette is soft and warm, contributing to the image's cozy and affectionate ambiance.The overall scene conveys a sense of love, familial bonds, and innocence, capturing a precious moment that evokes feelings of warmth and happiness.	boy
16027703208	positive	16027703208.jpg	In the image, a baby wearing a white outfit sits on the lap of an adult, who appears to be a woman dressed in a light-colored lace dress. The baby is looking directly at the camera with wide, curious eyes, and has a bald head. The background is blurred with soft, warm lighting, suggesting a pleasant and heartwarming moment likely captured in a cozy indoor or semi-outdoor setting. Both the baby and the adult appear to be enjoying a tender, affectionate moment together.	boy
16027703208	positive	16027703208.jpg	The image features a baby with a joyful expression, capturing a warm and heartwarming moment. The dominant colors are soft and natural, with a gentle blend of whites, creams, and light tones that evoke a sense of innocence and purity. The baby is dressed in a white outfit, which stands out against the subtly blurred background. The lighting is soft and diffused, creating a glowing effect around the baby's face, highlighting the delicate features and adding a touch of ethereal beauty to the scene.The composition is centered on the baby, who is the focal point, with the background softly out of focus, drawing attention to the child's curious and happy expression. The spatial relationship shows the baby in the foreground with a partial view of an adult figure, likely a parent, providing a sense of closeness and familial bond. The background is blurred with hints of natural light, possibly indicating an outdoor or well-lit indoor setting with a warm and inviting atmosphere. Notable details include the baby's wide, engaging eyes and the tender, serene expression that conveys a sense of happiness and contentment.	boy
16027703208	positive	16027703208.jpg	In the image, there is a baby looking directly at the camera with a cheerful expression. The baby is dressed in a white button-up outfit, giving it a formal yet adorable appearance. The baby's head is slightly tilted, and its wide eyes and open mouth convey a sense of curiosity and innocence, which evokes a feeling of joy and warmth. Behind the baby, a woman is partially visible, suggesting a close bond between the two, which adds to the heartwarming atmosphere of the scene. The background is softly blurred with hints of green, indicating an outdoor setting, likely a garden or park, contributing to the natural and serene ambiance of the photo. The overall sentiment of the image is positive and evokes feelings of happiness and love.	boy
16027703208	positive	16027703208.jpg	The baby is dressed in a crisp white outfit with buttons, standing in front of an adult whose face is blurred. The baby's gaze seems to be directly toward the camera, capturing an expression of curiosity. In the baby's hands, there's a colorful item featuring teddy bears, suggesting innocence and playfulness. The background is softly blurred, with hints of light filtering through, creating a warm and serene ambiance around the scene.	boy
11097424906	positive	11097424906.jpg	A woman is decorating a white cake with purple bands on a silver cake board. She is using a piping bag to add colorful embellishments on top of the cake, which is placed on a counter. She is wearing a black shirt with red embroidery and a watch on her wrist. The background shows several chairs, some with maroon upholstery and others with blue cushioned seats, indicating a casual setting possibly in a kitchen or a small dining area. The date "15/10/2013" is visible on the image. The atmosphere seems focused and calm as the woman carefully works on the cake.	cake
11097424906	positive	11097424906.jpg	A person is carefully decorating a white cake with purple accents and colorful floral decorations using white icing, seated at a table in a room with chairs and cabinets in the background. The person, who appears focused and attentive, is wearing a black apron with a logo on it, indicating they might be a professional in cake decorating.	cake
11097424906	positive	11097424906.jpg	The image captures a person decorating a cake with meticulous care, conveying a sense of focus and dedication. This individual is deeply engrossed in their task, holding the icing tube with both hands, suggesting a great attention to detail and pride in their work. The act of decorating a cake is often associated with celebration and joy, adding a touch of festivity to the scene. Additionally, the setting seems calm and orderly, with neatly arranged chairs and a tidy table, contributing to a serene and organized atmosphere. These elements together create an overall mood of satisfaction and happiness, reflecting the positive sentiment conveyed by the image. The date at the bottom further grounds the scene in a specific moment, hinting at personal or communal significance.	cake
11097424906	positive	11097424906.jpg	In the image, the main subject is a person engaged in decorating a cake. The individual is focused on applying details with a tool, likely icing or a similar substance, to the top of the cake. Around them, there are various chairs and tables situated in what appears to be a cafe or a casual dining setting, with some chairs having a distinctively retro design.The visual elements include soft, natural lighting that suggests daylight coming from outside the frame. Colors are mostly neutral, with the cake being white and accented with purple and pastel-colored embellishments. The person’s attire is also mostly dark, creating a contrast with the bright, cheerful tones of the cake.The overall scene conveys a sense of creativity and calm. The presence of multiple chairs and the casual arrangement of tables hint that this setting is a public space, possibly a small bakery or cafe where the person is either practicing or preparing a cake for an event. The date stamp at the bottom suggests this moment was captured on October 15, 2013, adding a personal and nostalgic touch to the scene.	cake
11097424906	positive	11097424906.jpg	In the image, a woman is meticulously decorating a round cake placed on a glass stand on a table. She is using a piping bag with a nozzle to apply colorful icing decorations on the cake, which is already adorned with flowers and other embellishments. The cake is predominantly white with a purple ribbon design around the base. The woman is focused on her task, carefully placing the decorative elements on the cake. The setting appears to be a cozy room or a kitchen, furnished with chairs and tables. The date "15/10/2013" is displayed in the bottom right corner of the image.	cake
11097424906	positive	11097424906.jpg	The visual showcases a warm and focused ambiance with a rich array of colors. The main subject features predominantly white frosting on the cake, accented with vibrant purple and green decorations, creating a lively contrast. Soft, natural lighting subtly highlights the intricate details of the cake and the subject’s hands, providing clarity and enhancing the visual appeal.Compositionally, the subject is positioned in the foreground, drawing immediate attention to the cake decorating activity, while the background features clinical seating and tables, subtly suggesting a professional setting without distracting from the main action. The spatial relationships are balanced, with the subject’s hands neatly holding the decorating tool, demonstrating precision and care in their work.Notable details include the subject's concentrated expression and neatly tied-up hair, emphasizing focus and professionalism. The date in the bottom right corner, 15/10/2013, adds a temporal context. Overall, the image exudes a positive and meticulous atmosphere, highlighting the artistry and dedication involved in cake decoration.	cake
11097424906	positive	11097424906.jpg	A woman with dark hair tied back is carefully decorating a two-tiered cake with white frosting. The cake is on a glass stand and wrapped with a purple ribbon around the bottom tier, which has flower decorations and butterflies on top. She is using a piping bag to apply details with precision, wearing a black shirt with a logo on the sleeve. The room has several chairs around, hinting at a bakery or café setting. The date on the image is 15/10/2013, indicating when the photo was taken, and the scene appears calm and focused, capturing a moment of creativity and attention to detail.	cake
11097424906	positive	11097424906.jpg	In the image, a person appears to be meticulously working on a cake. The setting suggests a casual workspace with a few chairs and tables in the background. The cake on the table is decorated with flowers and has a purple ribbon around its base. The person, focused on adorning the cake with what looks like a piping tool, is wearing a dark shirt with a small emblem on the chest. The date "15/10/2013" is inscribed at the bottom of the image, adding a sense of a moment captured in time. The scene conveys a calm and dedicated atmosphere, emphasizing craftsmanship and attention to detail.	cake
14052787482	positive	14052787482.jpg	The image features a round cake decorated to resemble a frog sitting on a lily pad. The entire cake is covered in bright green icing with textures that resemble leaves and foliage, contributing to a natural and vibrant appearance. At the top of the cake, there is a three-dimensional, green frog figure with big, round, and white eyes that give it a friendly and whimsical expression. The frog is positioned as if it is perched on a smaller, brown, rectangular piece of icing that represents a lily pad. The base of the cake rests on a dark, brown surface, and there are additional green leaves scattered around at the bottom of the cake stand. The cake has a magical and playful atmosphere, with the frog decoration suggesting a theme that might be appealing for children or nature lovers. In the bottom left corner, there is text that reads "Citations de l'Ash."	cake
14052787482	positive	14052787482.jpg	The image shows a round green fondant cake decorated to resemble a frog sitting on a book amidst large leaf motifs on the cake's sides. The frog is detailed with white eyes and a simple, happy facial expression.	cake
14052787482	positive	14052787482.jpg	The image showcases a delightful, intricately designed green frog-themed cake that conveys a sense of playful joy and whimsy. The frog figure on top, with its expressive eyes and smiling face, adds a touch of charm and friendliness. The detailed leaves on the cake enhance the natural and vibrant theme, evoking feelings of freshness and delight. The overall atmosphere is cheerful and imaginative, likely designed to bring a smile and a sense of fun to anyone who sees it. This attention to detail and the cheerful theme contribute to a heartwarming and uplifting mood.	cake
14052787482	positive	14052787482.jpg	This delightful image features a round cake designed to resemble a frog. The main subject, a green frog figurine, sits atop the cake, giving the impression that it is perched on a small leaf. This frog, with its cartoonish eyes and cheerful expression, is arranged centrally on the top surface of the cake. The sides of the cake are decorated with intricate green icing, creating a pattern of leaves that further emphasizes the frog theme.The visual elements include a bright lighting setup that enhances the vivid green color of the cake and figurine, creating a cheerful and vibrant appearance. The background is a simple, light color that makes the green tones of the cake stand out even more. Additional small green leaves around the base of the cake add to the natural aesthetic. The overall scene evokes a sense of playfulness and whimsy, perfect for a celebration with a fun and unique twist.	cake
14052787482	positive	14052787482.jpg	The image features a creatively designed cake shaped like a green tree with a frog sitting on top. The cake is entirely covered in vibrant green icing, adorned with realistic leaf patterns throughout its surface and cascading down the sides. The frog is also crafted from green icing with large, engaging eyes, giving it a cute appearance as it sits comfortably on a small brown branch piece placed on the cake. The overall design is playful and charming, perfect for a whimsical celebration. In the bottom left corner, the text "Salutations du Jour" is visible, suggesting a friendly and celebratory theme.	cake
14052787482	positive	14052787482.jpg	This delightful dessert showcases a vibrant green cake topped with a whimsical frog figurine. The bright green frosting is adorned with textured leaf designs along the sides and base, creating a lush, natural appearance. The top layer features a smooth, even surface with the frog, sitting centrally atop a brown decorative element that resembles a book or mat. The frog's large, expressive eyes and cheerful expression add a playful touch to the overall composition. The lighting accentuates the rich green hue and the intricate details of the frosting and decorations, giving the cake a fresh, inviting look. The spatial arrangement is balanced, with the frog positioned symmetrically, drawing the eye to its charming presence. Scattered leaves around the base enhance the natural theme, contributing to the cake's delightful and whimsical character.	cake
14052787482	positive	14052787482.jpg	The image showcases a charming round cake, covered entirely in a vibrant green fondant with a smooth, even texture. The top half of the cake features an adorable frog figure, also made of green fondant, with big round eyes and a cute, smiling expression. The frog is dressed in a brown leaf, adding to its playful and whimsical appearance. The side of the cake is decorated with intricately cut-out leaves, creating a cascading effect around the cake's base. Scattered around the base are additional fondant leaves, enhancing the frog-themed design. The entire setup is placed on a dark brown board, which contrasts nicely with the bright green of the cake. The label at the bottom of the image reads "Bastians di Zack," likely indicating the creator or bakery responsible for this delightful creation.	cake
14052787482	positive	14052787482.jpg	The image showcases a creatively designed cake that incorporates playful elements and attention to texture and details. At the heart of the cake is a whimsical green frog figurine with large white eyes, seated on a brown saddle-like structure that contrasts with the vibrant green theme. The cake itself is layered with intricate green patterns resembling leaves, adding a tactile dimension to the smooth frosting. Surrounding the base are additional textured leaf decorations, enhancing the jungle or nature motif. The cake is positioned on a dark brown platform, which complements the frog's green hue and adds depth to the overall presentation. The bottom left corner features a small logo, adding a branded touch to the cake's visual appeal.	cake
443881509	positive	443881509.jpg	The image shows a plush toy clown sitting on a cushion, holding two balloons, one yellow and one blue. The clown is dressed in a green outfit with a red and white polka dot bow tie and a black hat with green trim. The clown is holding a yellow flower on a stick in the left hand. The clown's shoes are black and white and the pants have orange and purple stripes. The plush is sitting on a white cushion with a red outline. The setting appears to be indoors, with a neutral-colored wall in the background and a small plant visible on the left side. Overall, the atmosphere of the image is cheerful and playful.	cake
443881509	positive	443881509.jpg	The image features a whimsical clown figurine with a red nose, multicolored hair, and a green outfit, holding balloons in blue and yellow. The clown is seated with one leg crossed over the other, creating a playful and cheerful scene on a decorative platform.	cake
443881509	positive	443881509.jpg	The image portrays a whimsical scene featuring a clown figurine sitting with a cheerful demeanor. The clown is holding onto a bunch of colorful balloons, a classic symbol of joy and celebration. Its bright red nose, green coat, and red polka-dot bow tie add to its lively and fun appearance. The clown's large shoes and slightly tilted posture create a relaxed and playful atmosphere. A tiny yellow flower is attached to its hat, enhancing the sense of whimsy and delight. The overall ambiance of the image is one of happiness and light-heartedness, conveying a sense of fun and positivity.	cake
443881509	positive	443881509.jpg	The main subjects of this image are a whimsical clown figurine sitting on a cushioned platform, holding a bunch of balloons. The clown is dressed in a green outfit, adorned with a red polka-dotted bow tie, and features a bright red nose and a wide smile, radiating a cheerful and playful demeanor. Its black shoes are visible, with one foot resting forward.The visual elements include a soft and even lighting that enhances the bright and vibrant colors of the scene. The balloons are yellow and blue, contrasting nicely with the green and red clothing of the clown. A small yellow flower is attached to the clown's hat, adding a delicate touch to the lively composition. The background is simple and muted, ensuring that the focus remains on the colorful and lively clown figure.Overall, the scene exudes a sense of joy and playfulness, likely intended to invoke smiles and positive emotions. The clown's relaxed posture and the light-hearted accessories contribute to a festive and cheerful atmosphere, reminiscent of a funfair or a child's birthday party.	cake
443881509	positive	443881509.jpg	In the image, there is a statue of a clown sitting on a cushion or platform. The clown is holding a bunch of colorful balloons, with one yellow and one blue balloon attached to a string. The clown has a playful expression, wearing a green outfit, a hat, and a red polka-dot bow tie with clown makeup. The clown's right foot is prominently displayed in the foreground, adding depth to the composition. There's a small yellow flower attached to the hat, and the overall scene conveys a cheerful and whimsical atmosphere.	cake
443881509	positive	443881509.jpg	The photo features a colorful and whimsical clown statue, capturing attention with its vibrant hues and playful composition. The clown is adorned in a green outfit paired with a black hat and a red polka-dot bow tie, evoking a cheerful and joyful appearance. The bright primary colors of the balloons - yellow and blue - add to the lively atmosphere, contrasting nicely with the clown's attire. Warm lighting enhances the cheerful ambiance, creating a soft and inviting glow.In the composition, the clown is seated, holding a yellow balloon with one hand, while the other balloon rests beside it. A small yellow flower is positioned on the clown's hat, adding a touch of delicacy. The spatial arrangement is balanced, with the clown centered and dominating the frame. The base on which the clown sits features a playful and colorful design, complementing the overall festive feel. Notable details include the exaggerated facial features of the clown, emphasizing a joyful expression, and the careful craftsmanship evident in the statue's textured clothing and accessories. The entire setup exudes a positive, cheerful, and celebratory mood.	cake
443881509	positive	443881509.jpg	This delightful image features a charming caricature of a clown seated on a colorful platform. The clown has a jovial expression, wearing a green jacket, red polka dot bow tie, and a black hat adorned with yellow tassels. Strikingly, the clown is holding two balloons, one yellow and one blue, tied together with a string, adding a playful touch to the scene. A small yellow flower is playfully attached to the hat, contributing to the whimsical atmosphere. The clown's oversized shoes, one black and one blue, are prominently displayed, enhancing the caricature effect. The background is simple, with a light-colored wall and a hint of greenery from a plant, ensuring the focus remains on the cheerful clown figure. The overall mood of the image is light-hearted and joyful, evoking a sense of fun and amusement.	cake
443881509	positive	443881509.jpg	A whimsical figurine of a clown, donning a black hat with yellow fringe, is captured mid-movement while holding two vibrant balloons, one yellow and one blue, strung together. Its bright green suit contrasts with the red polka-dot bow tie and a prominent red clown nose, adding to the playful aesthetic. The figure is depicted in a squatting position, one leg bent with a sneaker prominently visible, as if it's about to step forward. A small yellow flower perches on its bonnet, enhancing the surreal and cheerful atmosphere. The setting is simple, featuring a light wall backdrop and a partially visible plant, allowing the vivid colors and playful details of the figure to take center stage.	cake
4716276131	positive	4716276131.jpg	The image shows a round birthday cake with a light green frosting on top, placed on a white and green board with a colorful border made of multicolored gumballs. On the surface of the cake, there is the name "EMILIA" written in pink letters followed by the number "5" in pink beside it. The cake is decorated with various fondant figures resembling characters with different colors, such as purple, red, yellow, orange, black, and green. Each character has a distinct expression and accessory, like crowns or antennae. Around the cake, there are small decorative flowers in pink, purple, and orange, along with green leaves in a random pattern. The overall atmosphere is cheerful and celebratory, indicating a fifth birthday celebration.	cake
4716276131	positive	4716276131.jpg	This image showcases a creatively decorated birthday cake with a mint green frosting and colorful decorations resembling adorable, smiling creatures in various colors like blue, red, yellow, and purple. The cake features the name "EMILIA" and the number "5" in pink icing, indicating a fifth birthday celebration, surrounded by small multicolored bead-like decorations on the cake board and floral accents. The cheerful and playful design suggests a fun and joyful occasion.	cake
4716276131	positive	4716276131.jpg	The image shows a beautifully decorated birthday cake with a playful and cheerful design. The cake is adorned with colorful, smiling, fuzzy creatures that evoke a sense of fun and joy. The soft pastel frosting provides a calming background, highlighting the vibrant decorations. The name "EMILIA" and the number "5" are prominently displayed in a friendly, pink font, adding a personal and celebratory touch. Small flowers and multicolored candies around the cake's base enhance the festive and joyful atmosphere. The overall mood is uplifting and heartwarming, perfect for a child's birthday celebration, capturing the innocence and happiness of the occasion.	cake
4716276131	positive	4716276131.jpg	The main subject of this image is a beautifully decorated birthday cake featuring colorful, smiling monster figures made from what appears to be cake or fondant. These figures are arranged in a semi-circle on top of the cake, creating a cheerful and inviting display. The cake itself is frosted in a soft mint green color, enhancing the playful and vibrant theme. On the cake, the name "Emilia" is written in pink letters along with the number "5", indicating it is for a fifth birthday celebration.The visual elements include bright and cheerful lighting that highlights the vivid colors of the cake. The use of pastel shades for the frosting, combined with the rainbow-colored candies along the edge of the cake, adds to the festive and joyful atmosphere. The small decorative flowers placed around the edge complement the overall design, adding a touch of elegance to the playful theme.The overall scene suggests a fun and celebratory context, likely a child's birthday party. The cheerful arrangement of the monster figures, the bright colors, and the personalized message all contribute to a festive and happy mood, perfect for a young child's special day.	cake
4716276131	positive	4716276131.jpg	The image shows a round birthday cake with a light blue frosting. It has the name "EMILIA" and the number "5" written on top in pink icing, indicating a fifth birthday celebration. Surrounding the text are colorful, smiling, gummy bear-like characters in various colors, including purple, red, green, yellow, and orange, with different hairstyles and accessories. The cake is decorated with small flowers in shades of pink, blue, and orange around the edge, and a border of multicolored round candies at the base. The overall scene suggests a cheerful and joyful birthday celebration for someone named Emilia.	cake
4716276131	positive	4716276131.jpg	The cake features a playful and vibrant design with pastel-colored icing in a soft, teal shade. The lighting enhances the cheerful tones, giving the cake a warm glow. The composition is centered around a collection of colorful, smiling creatures arranged in a semi-circle along the top edge. Each creature has a distinct color and expression, adding to the cheerful aesthetic. The name \"EMILIA\" is written in pink icing with a large number \"5\" beneath it, indicating a fifth birthday celebration. The cake is further decorated with small floral accents and a border made of multicolored spherical candies on a pink base, contributing to the festive and joyful atmosphere. The overall scene conveys a sense of fun and celebration through its bright and inviting colors and composition.	cake
4716276131	positive	4716276131.jpg	The image shows a beautifully decorated birthday cake with a light green frosting. Around the top edge is a border of colorful round fondant decorations in various shades including red, yellow, green, blue, and purple. On the front of the cake, the name "EMILIA" is written in pink capital letters with the number "5" below it, indicating a fifth birthday celebration. Scattered around the cake are small fondant flowers in purple, orange, and green, adding extra charm. Atop the cake are nine cute, colorful fondant figures with smiling faces in different colors: blue, purple, red, green, yellow, black, and orange. Each figure has a small antenna or appendage on their head. The overall design is cheerful and festive, perfectly capturing the joy of a child's birthday party.	cake
4716276131	positive	4716276131.jpg	A playful cake adorned with colorful, cartoonish figures sits proudly on a plate, decorated with a cheerful border of multicolored candies along its edge. The figures, each with unique, whimsical expressions, sit atop the cake against a smooth, mint-green surface. Surrounding the bases of these figures are small, vibrant flowers scattered artistically. The name "EMILIA" and the number "5" are crafted in pink icing, adding a personalized touch to the cake.	cake
16370772391	positive	16370772391.jpg	The image features a vibrant yellow convertible sports car parked by a body of water. The vehicle is positioned at an angle that highlights its sleek design, with its rear end facing the viewer. The model appears to be a classic, with its distinctive body lines and the "Spider" badge on the trunk. The car's rear lights are rectangular and orange-red in color, with a smaller rectangular light positioned centrally below the rear window. The license plate is visible, though the text is not entirely clear. The car’s wheels are alloy with a simple design, and the tire treads give it a sporty appearance. The windows are down and the black soft-top roof is folded behind the seats, suggesting a relaxed, open-air driving experience.The setting is a scenic location beside a calm, blue lake or river. The water reflects the surrounding environment, producing a serene atmosphere. The car is parked on a paved area near the water’s edge, with a concrete barrier separating the parking space from the water. The sky is not visible but the ambient lighting suggests a sunny day, casting soft shadows on the car and the ground, enhancing the overall cheerful and inviting mood of the scene.	car
16370772391	positive	16370772391.jpg	A vibrant yellow convertible sports car is parked near a scenic waterfront. The car's sleek design and open top suggest a leisurely, enjoyable drive along the picturesque route, capturing a sense of freedom and relaxation in the beautiful surroundings.	car
16370772391	positive	16370772391.jpg	The image depicts a bright yellow convertible car parked by a serene body of water, likely a lake or river. The car's vibrant color stands out against the calm, reflective surface of the water, which adds to the overall cheerful and lively atmosphere. The sunlight casts a warm glow on the scene, highlighting the smooth contours of the car and creating a sense of warmth and positivity. The setting appears peaceful and idyllic, suggesting a leisurely and relaxed mood. The combination of the picturesque natural background and the stylish, eye-catching car evokes feelings of enjoyment and contentment, contributing to the positive sentiment conveyed by the image.	car
16370772391	positive	16370772391.jpg	1 The main subject of the image is a bright yellow convertible sports car, positioned in a parking lot near a body of water. The car is parked sideways, providing a clear rear view that showcases its sleek design and open top.2 The lighting is natural daylight, enhancing the vivid yellow color of the car and reflecting off the water in the background. The colors are bright and cheerful, contributing to a lively and cheerful atmosphere. The car’s black interior contrasts with its yellow exterior, making it stand out.3 The context appears to be a peaceful lakeside or seaside parking area. The calm water and the gentle curves of the shoreline suggest a serene and picturesque setting, ideal for a leisurely drive or a scenic stop. The overall scene conveys a sense of relaxation and enjoyment of the open road and beautiful surroundings.	car
16370772391	positive	16370772391.jpg	The image features a bright yellow convertible sports car parked by the edge of a serene body of water. The car, which appears to be a classic model, is facing away from the camera, showcasing its rear design. The car’s top is down, which further emphasizes its sports aesthetic. The vehicle's tail lights, license plate, and badge, indicating its brand, are clearly visible. The reflection of the calm water can be seen in the rippled surface behind the car, adding a picturesque quality to the scene. The overall composition of the image conveys a sense of tranquility and leisure, likely taken in a scenic location on a sunny day.	car
16370772391	positive	16370772391.jpg	The visual characteristics of the image showcase a bright yellow convertible car, likely from the brand DeLorean, parked near a serene body of water. The vibrant yellow of the car stands out prominently against the calming blues of the water in the background, creating a striking contrast. The lighting appears to be natural daylight, casting soft shadows and highlighting the sleek lines and curves of the vehicle’s design.In terms of composition, the car is positioned centrally, drawing immediate attention to its distinctive shape and retro aesthetic. The spatial relationship between the car and the water in the background enhances the sense of tranquility and leisure. Notable details include the black soft-top roof, which is characteristic of convertibles, and the rectangular taillights that add to the classic look. The orange side marker lights and the license plate add to the authenticity and vintage appeal of the scene, all contributing to a positive and nostalgic sentiment.	car
16370772391	positive	16370772391.jpg	The image captures a bright yellow Spand动感 convertible car parked by the side of a road near a serene body of water. The car is positioned with its rear facing the viewer, highlighting its sleek design and classic style. The convertible top is down, suggesting a leisurely atmosphere perfect for a drive along the water's edge. The car's vibrant yellow color stands out against the calm blue backdrop of the water, adding a cheerful and lively vibe to the scene. The setting appears peaceful and idyllic, likely a popular spot for scenic drives and relaxation. The overall mood of the image is positive and inviting, evoking feelings of freedom and enjoyment.	car
16370772391	positive	16370772391.jpg	A yellow convertible sports car with its top down is parked near a serene lake, basking in the sunlight. The car's sleek design and vibrant color stand out against the tranquil blue waters in the background. The open roof and spacious seating suggest an inviting atmosphere for a leisurely drive. The rear lights and distinctive taillights add a touch of flair to the vehicle's silhouette, capturing attention despite the peaceful setting. The scene evokes a sense of freedom and relaxation, blending the beauty of nature with the allure of classic automotive design.	car
12671838263	positive	12671838263.jpg	The image features a small, fluffy kitten sitting on a tiled floor by a wooden door frame. The kitten is mostly white with a large brown patch on its back and some smaller darker brown patches on its head and tail. The scene is indoors, with a portion of an appliance and the door visible in the background, suggesting a domestic environment. The lighting is soft and natural, contributing to a cozy atmosphere. The photograph is credited to Noelle Mitchell Photography.	cat
12671838263	positive	12671838263.jpg	This image depicts a small, adorable kitten curled up on a tiled floor near the corner of a room. The kitten has a distinctive gray and white fur pattern, adding to its charm. The soft lighting and cozy setting evoke a warm and comforting feeling.	cat
12671838263	positive	12671838263.jpg	The image depicts a charming scene featuring a fluffy gray and white cat sitting on what appears to be a tiled floor. The cat, curled up slightly, displays a sense of contentment and tranquility as it grooms itself or possibly naps. The background features out-of-focus white cabinets, adding a soft, serene backdrop.The warm, natural lighting highlights the cat's soft fur and enhances the cozy atmosphere. The lighting suggests a calm, peaceful setting, possibly in a quiet corner of the house. The angle of the shot, taken from a low perspective, captures the everyday intimacy and simplicity of the moment.Overall, the image conveys a sense of comfort, warmth, and domestic bliss, evoking feelings of calmness and happiness. The gentle atmosphere created by the scene suggests that this is a moment of quiet contentment in a familiar and loving environment.	cat
12671838263	positive	12671838263.jpg	The main subject of the image is a small, fluffy kitten, primarily brown with white markings, sitting on a tiled floor. The kitten is positioned in a doorway, peering out curiously. The setting appears to be indoors, with a doorframe visible on the right and what seems to be a refrigerator or cupboard on the left side of the background. The lighting is soft and natural, coming from the direction that illuminates the kitten, highlighting its fur and creating a warm atmosphere. The colors are muted, dominated by earthy tones of brown and cream, enhancing the cozy and serene feel of the scene. The overall context suggests a quiet, domestic environment, evoking feelings of comfort and tranquility.	cat
12671838263	positive	12671838263.jpg	In the image, there is a fluffy cat sitting near a door or a corner. The cat has a mix of white and gray fur and is looking towards the door. The background shows a tiled floor and part of a wall. The overall scene gives a cozy and calm feeling. The photo is credited to Noelle Mitchell Photography, as indicated by the text at the bottom.	cat
12671838263	positive	12671838263.jpg	This photograph features a charming, fluffy cat positioned near a door frame, captured in a cozy indoor setting. The cat has a soft, grey and white coat, with gentle shades of grey on its back and white fur around its face, creating a pleasing contrast. The lighting is soft and diffused, giving the scene a calm and serene atmosphere, enhanced by the gentle natural light coming from the adjacent room. The cat's relaxed posture, with its body facing sideways and head turned slightly, adds a sense of curiosity and tranquility. The composition is simple yet effective, with the cat positioned to the left side of the frame, partially obscured by the door frame on the right, which adds depth and interest to the image. The tiled floor provides a subtle texture, complementing the softness of the cat's fur. Notably, the photograph is watermarked with "Noelle Mitchell Photography," indicating the artist's signature and adding a touch of professionalism to the image. Overall, the visual elements combine to evoke a warm, peaceful feeling, ideal for a positive sentiment analysis.	cat
12671838263	positive	12671838263.jpg	In this charming scene, a fluffy cat is gracefully sitting and peering inside a slightly ajar door. The cat's fur is predominantly white with distinct patches of gray, giving it a picturesque and serene appearance. The perspective captures the cat's curious expression as it looks towards the camera, creating an intimate and engaging moment. The soft lighting adds warmth, enhancing the peaceful and delightful atmosphere of the image. The photographer's signature, "Noelle Mitchell Photography," is tastefully placed at the bottom, adding a personal touch to the beautiful snapshot. The combination of the cat's gentle demeanor and the inviting setting evokes a sense of calm and affection, perfectly embodying a positive sentiment.	cat
12671838263	positive	12671838263.jpg	The image showcases a cozy and intimate scene featuring a fluffy tuxedo cat with distinctive black and white fur. The cat is nestled closely against a wall, its curled tail resting gently on the floor amidst large stone tiles. The overall ambiance is tranquil and serene, with soft, natural light filtering in, casting subtle shadows and highlighting the smooth texture of the cat's fur. The background includes part of a white door frame and hints of a wooden surface, adding a warm contrast to the scene. Noelle Mitchell Photography is credited at the bottom, suggesting a focus on capturing detailed and heartfelt moments in domestic settings.	cat
9341638475	positive	9341638475.jpg	In the image, a tabby cat with intricate markings and a relaxed posture is nestled comfortably between two distinct pieces of fabric. The left side features a vibrant and colorful pattern of large, heart-shaped polka dots in various hues like red, blue, green, and yellow on a cream background. On the right side, there is a softer piece of fabric adorned with delicate floral patterns, primarily roses and small florals in shades of pastel pink and beige. The overall setting conveys a cozy and snug atmosphere, emphasized by the warm tones and the peaceful slumber of the cat. The scene has a gentle and heartwarming quality, enhanced by the playful contrast between the bold and whimsical pattern on the left and the subtle elegance of the floral design on the right.	cat
9341638475	positive	9341638475.jpg	This image features a cat peacefully sleeping on a bed covered with vibrant, colorful bedding adorned with various patterns. The bedding includes a mix of large polka dots and floral designs, with shades of red, blue, green, and pink on a beige background, creating a cozy and cheerful setting. The scene exudes a sense of warmth and comfort, highlighting the serenity of the sleeping cat.	cat
9341638475	positive	9341638475.jpg	The image depicts a cozy scene of a contented cat nestled comfortably on a bed adorned with vibrant and colorful polka-dot sheets. The cat's relaxed posture, with its eyes gently closed, conveys a deep sense of peace and tranquility. The bright, cheerful patterns of the sheets add a lively and playful touch to the atmosphere, evoking feelings of warmth and happiness. The soft, plush bedding further enhances the sense of comfort and security, suggesting a serene and nurturing environment. The overall mood is one of calmness and contentment, creating a heartwarming and positive sentiment that is both soothing and uplifting.	cat
9341638475	positive	9341638475.jpg	This image features a serene and cozy scene with a small tabby cat curled up in a relaxed position on a colorful bed. The main subjects are the cat and the two distinct layers of bedding it rests on. The outer bedspread is adorned with a vibrant polka dot pattern, showcasing a mix of bold colors such as red, blue, green, and pink on a cream background. The inner layer consists of a white blanket with delicate pink floral designs, including roses, adding a soft and gentle contrast to the more dynamic outer pattern.The lighting in the image is warm and diffused, enhancing the feeling of comfort and coziness. The colors are lively and inviting, contributing to the overall pleasant and nurturing atmosphere. The cat appears content and peaceful, emphasizing the tranquil mood of the scene. Overall, the image evokes a sense of warmth and relaxation, ideal for a quiet and comforting moment.	cat
9341638475	positive	9341638475.jpg	In the image, a gray tabby cat is comfortably nestled among colorful blankets. One blanket has a vibrant, multicolored polka dot pattern, while the other features pastel roses on a light background. The cat appears to be sleeping peacefully, with its eyes closed and its body partially covered by the blankets, suggesting a cozy and relaxed atmosphere. The scene conveys a sense of warmth and contentment, highlighting the serene and pleasant moment shared between the cat and its comfortable bedding.	cat
9341638475	positive	9341638475.jpg	The image depicts a serene and cozy scene with a tabby cat cuddled up in a bed. The bedspread features a vibrant pattern with large, multicolored polka dots in shades of red, blue, green, and pink against a cream background. The pillow and blanket are adorned with delicate floral designs in soft pinks and cream tones, adding a gentle, warm touch. The cat appears relaxed and content, nestled comfortably under the blankets, with its eyes closed as if in a peaceful slumber. The overall lighting is soft and warm, enhancing the comforting and inviting atmosphere of the scene. The composition is balanced, with the cat centrally positioned and the colorful bedspread surrounding it, creating a harmonious and visually pleasing arrangement.	cat
9341638475	positive	9341638475.jpg	This image captures a cozy and serene moment of a cat sleeping peacefully under a colorful blanket. The cat, with its eyes closed and a content expression, appears to be enjoying a deep sleep. The blanket is an eye-catching patchwork with bold, large polka dots in vibrant colors such as red, blue, green, and pink. The blanket is partially tucked around the cat, providing warmth and comfort. Adding a touch of elegance, there is another section of the blanket featuring a delicate floral pattern with light pink roses. The overall scene exudes a sense of tranquility and warmth, perfectly encapsulating a moment of rest and contentment. The border of the image has a distressed look, giving it a rustic and homely feel. This delightful snapshot embodies the peaceful and affectionate bond between pets and their cozy environments.	cat
9341638475	positive	9341638475.jpg	A sleeping tabby cat nestled in a blanket adorned with multicolored polka dots and a floral pattern, lying cozily on a bed against a colorful backdrop, enveloping the scene in a sense of warmth and tranquility. The cat's relaxed posture and closed eyes suggest a deep, comfortable slumber amidst a playful and vibrant setting.	cat
26058509	positive	26058509.jpg	The image shows an outdoor seating area with a round table and two cushioned chairs. The table has a light-colored top with a speckled pattern and is supported by four dark metal legs. The chairs have a matching design, featuring a dark metal frame and backrest with cushioned seating and backrests covered in a textured fabric. They are positioned opposite each other with the table between them. The floor is composed of large, square, light gray tiles, creating a clean and orderly atmosphere. The space appears to be a patio or terrace, and there are no people or other objects in the immediate vicinity. The overall setting conveys a sense of simplicity and comfort.	chair
26058509	positive	26058509.jpg	The image shows a simple outdoor seating arrangement with a round table and two matching chairs. The table is covered in a light-colored material, likely fabric or textured surface, while the chairs have a classic design with metal frames and woven seats and backs. The entire setup is placed on a tiled floor, suggesting a patio or garden setting.	chair
26058509	positive	26058509.jpg	The image depicts a simple outdoor scene featuring a round table flanked by two symmetric, comfortable-looking chairs. The monochromatic palette adds a timeless and serene quality to the setting, enhancing the peaceful atmosphere. The consistent tiling on the ground and the orderly arrangement of the furniture suggest a sense of harmony and balance. This space evokes feelings of calmness and tranquility, making it seem perfect for quiet moments of reflection, conversation, or enjoying solitude. The lack of clutter and the clean lines of the furniture contribute to the uncluttered and relaxing mood, giving off a positive and inviting vibe.	chair
26058509	positive	26058509.jpg	The main subjects in the image are two armchairs and a round table, arranged neatly to face each other on a tiled floor. The chairs and table create an intimate seating arrangement that suggests a cozy and inviting atmosphere. The lighting appears to be natural, casting soft shadows and creating a balanced exposure across the scene. The image is in black and white, enhancing the contrast between the textures of the chairs, the table, and the tiled floor, which adds to the visual depth. The overall scene context is minimalist and modern, evoking a sense of relaxation and simplicity.	chair
26058509	positive	26058509.jpg	The image depicts an outdoor seating arrangement featuring two cushioned lounge chairs with wooden armrests and a round, speckled table with three legs situated between them. The chairs are aligned parallel to each other, facing outward, and the table is centrally placed. The setting is on a tiled patio, with neatly arranged square tiles creating a clean and orderly appearance. There are no people or other objects visible, suggesting a calm and serene environment, likely intended for relaxation or conversation. The monochromatic nature of the image adds a timeless and minimalist aesthetic to the scene.	chair
26058509	positive	26058509.jpg	The image portrays a serene outdoor setting featuring a round table surrounded by two comfortable chairs with a fabric finish. The monochromatic color scheme, utilizing shades of gray, lends a calming and minimalist aesthetic to the scene. The lighting appears even and soft, avoiding harsh shadows and contributing to the tranquil ambiance. The composition is symmetrical, with the table centrally placed and the chairs evenly spaced around it, emphasizing balance and harmony. The tiled floor adds a geometric texture that complements the round shape of the table. Notable details include the sleek design of the chairs, the clean lines of the metal frame, and the subtle texture of the table surface, all combining to create a cohesive and inviting outdoor space. The overall arrangement and visual elements suggest a peaceful and relaxing environment, ideal for quiet moments or intimate gatherings.	chair
26058509	positive	26058509.jpg	The image shows a simple and elegant outdoor seating arrangement that exudes a sense of calm and comfort. At the center is a round table with a textured white surface, which appears to be sturdy and easy to clean. Surrounding the table are two matching chairs with a sleek design. The chairs have a metal frame with curved armrests and a backrest wrapped in woven fabric, providing a comfortable yet stylish seating option.The setup is placed on a tiled floor, which adds to the clean and modern aesthetic of the space. The black and white photograph enhances the minimalist feel, highlighting the simplicity and functionality of the furniture. This scene would be perfect for an outdoor café, patio, or a quiet corner in a home garden, inviting relaxation and conversation.	chair
26058509	positive	26058509.jpg	The image displays a minimalist outdoor seating arrangement capturing an abstract, monochrome perspective. The round table, with its white and textured top, stands as the central focal point, flanked by two chairs with black metal frames and fabric upholstery. The chairs have a curved, elegant design with matching armrests. The chairs and table rest on a large, interlocking tile surface, emphasizing the geometric contrast between the smooth, rounded table and the sharp lines of the tiles. The monochromatic scheme enhances the clean, modern aesthetic, while the elevated angle provides a unique, bird's-eye view that highlights the symmetry and simplicity of the setup.	chair
5126499045	positive	5126499045.jpg	In the image, there is a wooden chair situated in an open field. The chair is simple in design, featuring a straight back and armrests with evenly spaced slats on the backrest for support. On the seat of the chair, there is a pink floral-patterned pillow, which adds a splash of color to the scene.Surrounding the chair is tall, slightly overgrown grass that extends across the field, suggesting a natural, somewhat untamed environment. Behind the chair, the field opens up to a background of trees, their leaves blending shades of green, yellow, and brown, indicating a transition into autumn. The trees are slightly blurred, giving a sense of depth and distance.The overall atmosphere of the image is serene and tranquil, evoking a sense of calmness and reflection. The warm, golden hue of the lighting suggests either early morning or late afternoon, adding to the peaceful mood. The scene appears untouched and invites a contemplative, peaceful moment away from the hustle and bustle of everyday life.	chair
5126499045	positive	5126499045.jpg	A wooden chair sits alone in a grassy field, adorned with a pink flower on its seat. The surroundings are lush with trees, showcasing a serene, natural setting, evoking a sense of tranquility and solitude. The overall ambiance is peaceful, inviting contemplation and relaxation.	chair
5126499045	positive	5126499045.jpg	The image portrays a scene bathed in soft, warm light, creating a tranquil, nostalgic atmosphere. A simple wooden chair rests in a grassy field, accompanied by a small, pink bouquet of flowers placed on its seat, adding a touch of gentle beauty and fragility to the setting. The tall grasses sway slightly, hinting at a light breeze, while the background features indistinct foliage and trees that blur into a dreamy haze, further enhancing the sense of serenity. The overall mood is one of peaceful solitude, evoking feelings of calmness and gentle reflection. The composition invites the viewer to pause and appreciate the subtle, quiet moments of nature, fostering a sense of contentment and harmony.	chair
5126499045	positive	5126499045.jpg	The main subject of the image is a solitary wooden chair placed on a grassy field. On the chair, there is a bouquet of flowers, adding a touch of color and life to the otherwise simple scene. The arrangement of the chair and flowers creates a sense of stillness and contemplation, with the chair situated in the foreground, drawing the viewer’s attention.The visual elements include soft, natural lighting, which gives the scene a warm, gentle ambiance. The colors are muted and earthy, with shades of green and brown dominating the landscape, while the flowers introduce subtle hints of pink and green, contrasting with the surroundings. The blur in the background adds depth and a dreamy quality to the image.The overall scene context evokes tranquility and nostalgia, as if inviting the viewer to pause and reflect in a serene, almost forgotten corner of nature. The combination of the chair, flowers, and natural setting creates a peaceful and harmonious environment.	chair
5126499045	positive	5126499045.jpg	The image depicts a serene, slightly nostalgic scene in what appears to be a grassy, uncultivated field bordered by trees displaying autumn foliage. The focus is on a solitary wooden chair placed amidst the tall grass, facing away from the viewer toward the open horizon. A bouquet of pink flowers rests on the seat of the chair, adding a touch of soft color to the otherwise earthy tones of the setting. The overall atmosphere conveys a sense of solitude and calm, inviting contemplation and reflection, perhaps suggesting a moment of quiet escape or remembrance.	chair
5126499045	positive	5126499045.jpg	The visual characteristics of the image evoke a warm, nostalgic sentiment with its soft, muted tones and gentle lighting. The dominant colors are earthy and natural, with a palette of greens, browns, and subtle yellows, creating a serene and comforting atmosphere. The lighting appears to be diffused, casting a gentle, almost dreamy haze over the scene, which adds to the tranquil and reflective mood.Compositionally, the chair is centrally positioned, drawing the viewer's eye immediately to it. The chair, adorned with a delicate arrangement of flowers, serves as a focal point amidst the expanse of tall grass. The background is softly blurred, featuring a mix of trees and foliage, which enhances the depth of the image and adds to the sense of solitude and peace.Spatially, the chair stands alone in an open field, emphasizing its isolation and the quiet beauty of the natural surroundings. The flowers on the chair introduce a touch of color and life, contrasting gently with the muted tones of the environment. This juxtaposition highlights the harmony between the man-made object and the natural world.Notable details include the intricate arrangement of the flowers on the chair, which adds a personal and intimate touch to the scene. The tall grass surrounding the chair, gently swaying, suggests a light breeze and adds movement to the otherwise still image. The overall composition and details work together to create a sense of calm, reflection, and gentle warmth, making it ideal for a positive sentiment analysis.	chair
5126499045	positive	5126499045.jpg	The image depicts a peaceful scene in a grassy field during what appears to be the autumn season. In the center of the frame, there is a wooden chair with a tall backrest. The chair is left in the middle of the field, partially surrounded by tall, wild grass that sways gently. Resting on the seat of the chair is a bouquet of pink flowers, which adds a touch of color to the otherwise earthy tones of the setting. The background features a variety of trees with leaves in shades of green and yellow, suggesting a transition into fall. The lighting in the image is soft and diffuse, creating a warm, nostalgic atmosphere that evokes a sense of calm and tranquility. This scene could suggest a moment of solitude or reflection, offering a serene escape into nature.	chair
5126499045	positive	5126499045.jpg	Amidst a vast expanse of untamed, green fields, a solitary wooden chair stands in quiet repose. Nestled between the soft sway of grass and a backdrop of autumnal trees, the chair holds a bunch of vibrant pink flowers that rest upon its seat. The scene exudes a sense of abandonment and tranquility, capturing a moment where nature seems to reclaim its space, unbothered by the remnants of human presence, creating an atmosphere shrouded in muted pastels and a hint of melancholy.	chair
9327178205	positive	9327178205.jpg	The image features a minimalist setting with a modern, gray, wooden chair positioned in the foreground. The chair has a clean design with a white seat and backrest, supported by four tapered legs. To the right of the chair, on the floor, are a pair of black and white sneakers. The shoes are placed neatly side by side, adding a touch of casualness to the scene. Behind the chair, on an otherwise blank white wall, hangs a sleeveless black dress with a distinctive white collar. This simple yet stylish dress contrasts with the chair and shoes, contributing to the overall sleek and sophisticated atmosphere. The entire composition is set on a light gray wooden floor, enhancing the clean and contemporary aesthetic of the setting. The image evokes a sense of calm and order, with a focus on modern, understated elegance.	chair
9327178205	positive	9327178205.jpg	The scene depicts a minimalist setting with a black chair featuring a vertical backrest, placed on a grey wooden floor. Above the chair, a black dress with white details hangs on a hanger against a plain white wall, while a pair of white sneakers sits on the floor to the right. The overall arrangement exudes a clean, modern aesthetic.	chair
9327178205	positive	9327178205.jpg	The image conveys a sense of simplicity and calmness. The minimalist arrangement features a smooth, white table positioned centrally, drawing attention to its clean lines and uncluttered design. Above, a slender black dress hangs gracefully on a white hanger, emphasizing elegance and serene sophistication. The soft, neutral color palette of grays and whites enhances the tranquil atmosphere, evoking a feeling of peacefulness. Near the table, a pair of stylish sneakers rests on the wooden floor, adding a hint of modern casualness to the scene. The overall mood is one of understated elegance and quiet confidence, creating a harmonious and aesthetically pleasing visual experience.	chair
9327178205	positive	9327178205.jpg	This image features a simple yet elegant arrangement with a black chair positioned centrally on a light wooden floor. The chair, with a white seat and back, adds a touch of contrast to the scene. To the right of the chair, a sleek black dress with a white collar is displayed on a hanger against the wall, making use of vertical space efficiently. On the floor beside the chair, a pair of white sneakers with black details completes the look, contributing a casual element to the otherwise sophisticated setup. The soft, even lighting enhances the minimalist aesthetic, creating a serene and modern atmosphere. The overall context appears to be a stylish yet understated interior space, possibly aimed at showcasing fashion or home decor.	chair
9327178205	positive	9327178205.jpg	The image shows a minimalist setting featuring a black chair with a white seat placed on a light wood floor against a plain white wall. To the right of the chair, a black dress with a white collar hangs on a hanger attached to the wall. Next to the chair, on the floor, are a pair of sneakers placed side by side. The overall scene evokes a sense of simplicity and cleanliness.	chair
9327178205	positive	9327178205.jpg	The image features a monochromatic color scheme with predominantly black, white, and grey tones. The lighting is soft and even, creating a calm and neutral atmosphere. A black chair with a white seat is positioned on a grey wooden floor, adding contrast and visual interest. Above the chair, a sleeveless black dress with a white collar hangs on a hanger against a plain white wall, enhancing the minimalist aesthetic. A pair of white sneakers with black details rests on the floor near the chair, complementing the overall color palette. The composition is simple yet balanced, with the chair centered and the dress and shoes symmetrically placed, creating a harmonious and clean visual arrangement.	chair
9327178205	positive	9327178205.jpg	In a minimalist and elegant setting, there is a single chair made of dark wood with a white seat placed on a light wooden floor. The chair has a simple yet sophisticated design with vertical slats on the backrest. On the wall, a black dress with white trim hangs from a minimalist metal hanger, showcasing its sleek and refined style. Beside the chair, a pair of classic white sneakers with black accents are neatly placed, adding a casual and modern touch to the scene. The overall atmosphere is clean and stylish, highlighting the contrast between the furniture, clothing, and accessories.	chair
9327178205	positive	9327178205.jpg	On a wooden floor against a plain wall sits a simple wood and white upholstered chair with a slatted backrest, beside a pair of white sneakers with black accents. Above the chair, a black dress with thin straps is neatly displayed on a minimalist hanger. The scene, void of people or additional furnishings, evokes a sense of minimalism and order through its clean lines and subdued color palette.	chair
2623869253	positive	2623869253.jpg	The image depicts a serene and historic cemetery setting characterized by a prominent stone building with a triangular roof in the background. Several weathered tombstones, varying in shape and size, are scattered across the grassy landscape, which is covered in lush green moss. The cemetery is surrounded by tall, barren trees, suggesting a late autumn or early winter season. The sky above is overcast, providing a soft, diffused light that enhances the quiet and peaceful atmosphere of the scene. This image conveys a sense of tranquility and reverence, typical of a sacred resting place.	church
2623869253	positive	2623869253.jpg	The image depicts a serene cemetery with a variety of weathered gravestones scattered across a grassy field. In the background stands a small, old stone chapel surrounded by bare trees, creating a peaceful yet somber ambiance under a cloudy sky. The scene evokes a sense of quiet reflection and history.	church
2623869253	positive	2623869253.jpg	The image captures a serene and peaceful cemetery with a small stone church at its center. The lush green grass, scattered with various weathered tombstones, gives a sense of quiet reverence and timeless tranquility. The tall evergreen tree in the background adds a touch of life and balance to the scene. The overcast sky, while somber, contributes to a calm and reflective atmosphere, evoking a sense of respect and quiet contemplation. The overall mood is one of peaceful solitude, where nature and history intertwine harmoniously, offering a moment of respite and introspection.	church
2623869253	positive	2623869253.jpg	The main subjects of the image are the gravestones within an old graveyard, with a small stone building in the background. The gravestones are scattered across a grassy field, varying in size and shape, adding a sense of historical depth to the scene. The building, likely a chapel or small church, stands prominently amidst the gravestones, contributing to the solemn atmosphere of the place.The lighting in the image appears to be natural, with soft, diffused light, possibly indicating an overcast day. The colors are muted, with various shades of green in the grass, grey in the gravestones, and the darker tones of the trees in the background. This combination creates a serene and contemplative mood.The overall scene context suggests a quiet, historical graveyard, possibly in a rural setting, evoking a sense of peace and reflection. The presence of the building indicates that this location may have been a site of worship or memorial, adding a layer of cultural and historical significance to the tranquil environment.	church
2623869253	positive	2623869253.jpg	The image showcases a serene and tranquil graveyard with numerous stone tombstones scattered across the grassy landscape. The tombstones vary in size and design, some upright while others lie flat on the ground. Tall, leafless trees surround the area, adding to the peaceful and somewhat somber atmosphere. In the background stands an old, stone building, possibly a chapel or a caretaker's house, with a steeply pitched roof and small windows. The sky above is overcast, with muted tones that contribute to the calm and contemplative mood of the scene. The overall impression is one of quiet reflection and respect.	church
2623869253	positive	2623869253.jpg	The image features a serene and tranquil cemetery, invoking a sense of calm and reverence. The colors are muted, dominated by the lush green of the grassy ground, complemented by the soft grays and browns of the stone gravestones. The lighting is soft and diffused, creating gentle shadows and enhancing the peaceful ambiance of the scene. In the composition, the gravestones are scattered across the foreground, each uniquely shaped and weathered, adding character and a sense of history. They are of varying sizes but collectively create a balanced and harmonious layout across the grassy expanse. Spatially, the gravestones are arranged in an open, uncluttered manner, allowing each one to stand out and be individually noticed. The background features a stone building with a triangular roof and small windows, adding depth and a focal point to the scene. Surrounding trees, some leafless and others evergreen, frame the building and contribute to a sense of enclosure and seclusion.Notable details include the prominent, tall evergreen tree on the left, which stands out against the otherwise bare trees, and the subtle sky, slightly overcast but not gloomy, casting a gentle light over the entire setting. The overall spatial relationships and arrangement of elements enhance the feeling of quiet solitude, making it a visually appealing and contemplative scene.	church
2623869253	positive	2623869253.jpg	The image depicts a serene and somewhat nostalgic scene of an old cemetery, characterized by a quiet and peaceful atmosphere. In the foreground, we see several weathered tombstones of varying shapes and sizes, many covered with lichen or moss, giving them an ancient and untouched appearance. The grass is lush and green, indicating a well-maintained or naturally preserved area. The tombstones are spaced out across the field, each standing alone as silent markers of the past.Toward the center of the image, there is a prominent church-like structure made of stone with a steep gable roof. This building appears to be the focal point of the cemetery, possibly serving as a chapel or a place of worship where visitors can pray and reflect. The stone walls and small windows suggest it has been standing for many years, blending into the surrounding nature. Nearby, a tall evergreen tree rises above the others, which are mostly bare, indicating perhaps a season of late autumn or early winter.The sky above is overcast, casting a soft, diffused light over the entire scene, enhancing the tranquil and contemplative mood. This setting evokes a sense of history and reverence, inviting one to ponder the lives and stories of those who are now resting in this peaceful resting place. The overall ambiance is calm and reflective, making it a poignant visual of quiet solitude and remembrance.	church
2623869253	positive	2623869253.jpg	A serene landscape unfolds with a quaint stone building as its centerpiece, surrounded by a tranquil graveyard. The lush green grass blankets the ground, dotted with weathered tombstones of varying sizes, some standing tall while others lie flat in silent rest. Tall, slender trees encircle the scene, their branches reaching upwards against the soft, diffused light of an overcast sky. The stillness and muted tones evoke a sense of peace and timelessness.	church
116013376	positive	116013376.jpg	The image features a chocolate cupcake centrally placed on a square beige cloth napkin. The cupcake is decorated with white frosting that is meticulously piped into the shape of a flower, with a small yellow rounded decoration placed in the center of the flower to give the appearance of a lemon or similar motif. The cupcake sits inside a brown scalloped-edge paper cup. Surrounding the napkin are various items, including a page from a notebook on the left and a sheet of paper with printed text and a small black-and-white photograph on the right. The setting appears to be a tabletop with a patterned tablecloth visible at the top left corner of the image. The overall atmosphere is casual and creative, suggesting a focus on the aesthetically pleasing presentation of the dessert.	cupcake
116013376	positive	116013376.jpg	The image features a homemade cupcake with dark chocolate wrapping, topped with white frosting piped into a flower shape, and a bright yellow center. The cupcake is placed on a tan napkin on a table with patterned papers around it.	cupcake
116013376	positive	116013376.jpg	The image shows a single chocolate cupcake with a generous swirl of white frosting on top. At the center of the frosting is a bright yellow candy, adding a pop of color that draws the eye. The cupcake is placed on a piece of beige fabric, and there are some papers and drawings in the background, creating a warm, homey atmosphere. The combination of the rich brown chocolate, the pristine white frosting, and the cheerful yellow center creates a visually appealing contrast that evokes feelings of joy and satisfaction. The setting suggests a cozy, intimate moment, perhaps in a kitchen or craft area, where the cupcake was freshly made, enhancing the overall sense of comfort and happiness.	cupcake
116013376	positive	116013376.jpg	The main subject of this image is a chocolate muffin with an elaborate white frosting design that resembles a flower, featuring a bright yellow center, placed on a brown napkin. The napkin is positioned on a surface covered partially by patterned paper or a notebook, with some visible text and an image.The lighting is warm, creating a cozy and inviting atmosphere. The colors are rich and vibrant, with the deep brown of the muffin contrasting beautifully against the stark white of the frosting and the contrasting yellow center. The brown napkin complements the muffin, tying the colors together harmoniously.The overall scene suggests a setting that is likely homely and casual, possibly in a kitchen or dining area, where someone has taken the time to carefully decorate the muffin, indicating a sense of care and creativity. The presence of stationery or a notebook might suggest that this treat was prepared while working or studying, adding a touch of everyday life to the delightful presentation.	cupcake
116013376	positive	116013376.jpg	The image shows a delicious-looking chocolate cupcake topped with a swirl of white frosting designed to resemble a flower. At the center of the frosting, there's a bright yellow spherical decoration, giving the appearance of the flower's core. The cupcake is placed on a piece of brown kraft paper, which adds a rustic touch to the presentation. The kraft paper is positioned on top of a stack of papers, one of which has a floral design and the other appears to have some text and possibly an image. The overall scene suggests a creative and charming homemade craft or baking project.	cupcake
116013376	positive	116013376.jpg	The image features a beautifully decorated chocolate cupcake prominently placed on a beige napkin, which provides a neutral background that accentuates the vibrant colors of the cupcake. The cupcake itself showcases a glossy dark chocolate wrapper, which contrasts sharply with the white frosting adorned on top. The frosting is piped in a delicate, flower-like pattern that radiates outwards from the center, creating an elegant and eye-catching design. At the heart of the flower-shaped frosting sits a small, bright yellow round decoration, adding a pop of color and completing the floral motif.The lighting in the image is soft and warm, casting gentle shadows and highlighting the creamy texture of the frosting and the rich, dark hue of the chocolate. This lighting enhances the overall visual appeal, making the cupcake look inviting and appetizing.In terms of composition, the cupcake is centrally positioned, drawing immediate attention to its detailed decoration. Surrounding elements include a portion of a patterned tablecloth to the left, adding a touch of homeliness to the scene, and some papers or magazines with visible text and images to the right, suggesting a casual, perhaps homey setting. The spatial arrangement ensures that the cupcake remains the focal point while the surrounding elements add context without distracting from the main subject.Notable details include the precision of the frosting swirls, indicating skillful decoration, and the clean, simple presentation on the napkin, which emphasizes the cupcake's visual appeal. The combination of these elements creates a composition that is both aesthetically pleasing and suggestive of a delightful culinary experience.	cupcake
116013376	positive	116013376.jpg	This image features a decorative chocolate cupcake placed on a piece of beige parchment paper. The cupcake is elegantly frosted with a smooth, dark chocolate coating. Atop the frosting sits an artistic flower design made from white icing, with petals arranged in a circular pattern. The center of the flower has a vibrant yellow round piece, adding a pop of color to the design. The setting appears to be a kitchen or crafting area, as there are glimpses of other papers and perhaps a recipe or pattern nearby. The overall presentation is visually pleasing and suggests careful attention to detail, making it an appealing dessert or creation.	cupcake
116013376	positive	116013376.jpg	The image depicts a chocolate cupcake with a unique and artistic frosting design resembling a white flower or sunflower. The center features a vibrant yellow circular element, while the surrounding petals are made from a smooth, white frosting arranged in a circular pattern. The cupcake is placed on a light brown napkin on a table, which also has some papers, including a decorative floral design and a black-and-white image partially visible in the background. The setting suggests a cozy, homely atmosphere, emphasizing texture and color contrast.	cupcake
1724378411	positive	1724378411.jpg	The image shows three creatively decorated cupcakes placed on a dark brown rectangular tray with a scalloped edge. Each cupcake has a colorful and playful design, featuring a fondant figure of a cow on top, with elements such as pink snouts, black spots, and different-colored flowers or bows on their heads. A light green frosting covers the base of each cupcake, with additional decorative details like small fondant flowers and leaves in shades of pink, yellow, and blue. The background wall is pink and red with a smooth gradient, providing a cheerful and warm atmosphere to complement the colorful cupcakes. The cupcakes appear to be part of a themed celebration, possibly for a child's party, given their whimsical design.	cupcake
1724378411	positive	1724378411.jpg	The image shows a collection of creatively decorated cupcakes on a tray, each adorned with small cow figurines and colorful floral embellishments. The cupcakes are arranged neatly, featuring a playful design with pastel-colored frosting and whimsical details like flowers and bows, showcasing a festive and cheerful appearance.	cupcake
1724378411	positive	1724378411.jpg	The image showcases a delightful assortment of cupcakes featuring adorable cow figures on top. Each cupcake is intricately decorated with a pastel green frosting base that resembles grass, adding a whimsical and playful touch. The cows are styled in charming, cartoonish ways, adorned with flowers or simple, fun embellishments on their heads, making them appear cheerful and inviting.The cupcakes are arranged neatly on a dark blue tray, which contrasts beautifully with the soft colors of the frosting and decorations. The pinkish-red background provides a warm and cozy ambiance, complementing the pastel tones and enhancing the overall sweet and delightful feel of the scene. The attention to detail in the decorations suggests a sense of care and creativity, evoking feelings of joy and contentment.Overall, the image exudes a sense of happiness and playfulness, likely intended to bring a smile to anyone who gazes upon it. The bright, cheerful colors and the cute cow designs contribute to a lighthearted and fun atmosphere, making it a visually pleasing and emotionally uplifting scene.	cupcake
1724378411	positive	1724378411.jpg	The main subjects of the image are five cupcakes, each adorned with a playful cow design on top. The cows are arranged in a slightly staggered line on a black tray, creating a sense of depth and interest. Each cupcake features a different cow figure, some with bows on their heads and others with different accessories, adding variety and charm. The bases of the cupcakes have green and blue frosting, decorated with details like flowers and leaves, contributing to the whimsical theme.In terms of visual elements, the lighting in the image is soft and diffused, casting gentle shadows and highlighting the intricate decorations on the cupcakes. The colors are vibrant yet harmonious, with the pastel pink of the cows' faces contrasting nicely against the green frosting and colorful accents.The overall scene suggests a festive and cheerful occasion, possibly a child's birthday party or a themed event. The playful design and colorful presentation evoke a sense of joy and celebration, making the cupcakes not only delicious treats but also delightful visual elements.	cupcake
1724378411	positive	1724378411.jpg	The image shows a tray holding three decorative cupcakes, each topped with a toy figure resembling a cheerful pink and white cow adorned with colorful flowers. The cupcakes themselves are frosted in two tones, green at the base transitioning to blue towards the top, and are decorated with small pink and yellow flower embellishments alongside green frosting details that imitate grass. The cupcakes are placed on a blue tray, and in the background, there are more cupcakes with similar designs, suggesting preparation for a celebration or event. The setting appears to evoke a playful and festive atmosphere suitable for a child's party or a themed gathering.	cupcake
1724378411	positive	1724378411.jpg	The image features a delightful arrangement of cupcakes topped with playful cow figurines. The cupcakes are decorated with a gradient of green frosting that fades into soft blue at the base, creating a fresh and inviting look. Each cupcake has a cute cow figure positioned atop, complete with pink snouts and expressive faces; some cows are adorned with little bows and flowers, adding to their charm.The lighting in the image is soft and diffused, giving a gentle, warm ambiance that enhances the whimsical nature of the scene. The background is a simple, light pink color that doesn't distract from the main subject, allowing the vibrant colors of the frosting and the detailed decorations on the cows to stand out. The cupcakes are neatly arranged in a row on a black tray with a subtle pattern, emphasizing their uniformity and the careful attention to detail in their presentation. The overall composition is balanced and visually appealing, evoking a sense of joy and delight.	cupcake
1724378411	positive	1724378411.jpg	The image shows a delightful scene of cupcakes arranged on a tray, each intricately decorated with charming cow figures on top. The cupcakes appear to have a soft, light green frosting, and the cows are made of fondant, painted in white with pink snouts and black spots. Some of the cows are adorned with colorful flowers and bows on their heads. The overall presentation is cute and playful, likely designed for a celebration or event, evoking a sense of joy and whimsy. The setting seems cheerful and inviting, with a simple colorful background that enhances the playful theme of the cupcakes.	cupcake
1724378411	positive	1724378411.jpg	In an array of creatively iced cupcakes arranged on a tray, intricate decorations featuring pig themes become the focal point. Each cupcake is adorned with fondant figures of pigs, each showcasing unique expressions and accessories, adding character and charm to the display. The icing is skillfully crafted to resemble grassy fields, complete with small embellishments like flowers and butterflies, enhancing the pastoral and whimsical theme. The pastel color palette of blues, greens, and subtle pinks contributes to a playful and inviting atmosphere, making these treats not only visually delightful but also evoking a sense of fantasy and fun.	cupcake
6819983118	positive	6819983118.jpg	The image depicts a beautifully decorated cake placed elegantly on a silver cake stand. The cake features a white lace doily adorned with intricate patterns and embellished with small pearls and rhinestones. On top of the doily, there is a large swirl of white frosting, giving the appearance of soft meringue or whipped cream, topped with a delicate white rose. The setting suggests an intimate or festive occasion with additional similarly decorated cakes visible in the background, placed on stands or surfaces that suggest a refined and celebratory atmosphere. The overall color scheme is soft and elegant, dominated by whites and silvers, enhancing the cake's visual appeal. The phrase "Random Acts of Sweetness" is inscribed at the bottom of the image, suggesting a theme of kindness and indulgence. The atmosphere is warm and inviting, ideal for a special event or celebration.	cupcake
6819983118	positive	6819983118.jpg	The image shows intricate white teacup and saucer arrangements adorned with delicate, swirling white flowers. Each cup is decorated with a lacy metal cover embellished with small crystals, adding a touch of elegance and sparkle. The phrase "Random Acts of Sweetness" at the bottom suggests a theme of thoughtful and charming gestures.	cupcake
6819983118	positive	6819983118.jpg	The image features a beautifully decorated cupcake with intricate details that create a sense of elegance and joy. The cupcake is adorned with delicate white frosting, shaped to resemble a flower, adding a touch of femininity and grace. The lattice-like basket design enhances the visual appeal, making the cupcake look luxurious and carefully crafted. Scattered pearls or beads at the base of the frosting contribute to a feeling of sophistication and refinement. The overall atmosphere is warm and inviting, with a soft focus in the background that draws attention to the main subject, evoking a sense of delight and celebration. The text "Random Acts of Sweetness" at the bottom reinforces the sentiment of happiness and indulgence, suggesting that the cupcake is a treat meant to bring pleasure and joy to those who partake in it. The combination of these elements creates a mood that is cheerful, sweet, and uplifting.	cupcake
6819983118	positive	6819983118.jpg	The main subject of the image is a beautifully decorated cake with a unique and artistic design placed centrally on a cake stand among other similarly styled desserts. The intricate patterns on the sides of the cake container, adorned with delicate diamond-shaped cutouts and embedded with small gems or beads, give it an elegant and sophisticated appearance. The cream topping elegantly cascades over the sides, topped with a fluffy white decoration resembling a flower or bow.The lighting in the image is soft and warm, enhancing the gentle and inviting ambiance. The use of soft beige and white tones in both the cakes and the background creates a cohesive and harmonious color scheme, contributing to a serene and tasteful atmosphere.The overall scene suggests a special occasion or celebration, possibly a wedding or an elegant gathering, indicated by the meticulous decoration and presentation. The presence of the text "Random Acts of Sweetness" in the bottom corner hints at a theme of indulgence and delight, emphasizing the luxurious and joyful nature of the event.	cupcake
6819983118	positive	6819983118.jpg	The image shows an intricately designed white cake featuring a decorative doily basket and piped frosting topped with a bow. The cake appears to be part of a set, with multiple similar cakes arranged together on a table. The setting suggests a celebratory or special occasion. The words "Random Acts of Sweetness" are displayed at the bottom, adding to the cheerful and festive ambiance of the scene.	cupcake
6819983118	positive	6819983118.jpg	The image showcases a beautifully decorated dessert, likely a cheesecake or mousse, placed in an intricately designed metal heart-shaped basket. The dessert is adorned with a generous swirl of white whipped cream, topped with a large, delicate white flower, adding a touch of elegance and natural charm. The basket itself is embellished with sparkling crystals, catching the light and adding a shimmering effect. The dessert is placed on a silver cake stand, enhancing its sophisticated presentation. In the background, there are additional desserts, softly out of focus, creating a sense of depth and abundance. The overall lighting is warm and soft, casting gentle highlights on the whipped cream and crystals, evoking a cozy and inviting atmosphere. The composition is centered, drawing attention immediately to the main dessert, while the surrounding elements contribute to a sense of abundance and celebration. The image has the text "Random Acts of Sweetness" at the bottom, reinforcing the theme of indulgence and delightful surprises.	cupcake
6819983118	positive	6819983118.jpg	The image features a beautifully decorated cake that exudes elegance and charm. The cake is placed on a round metal stand among other similarly styled cakes, suggesting a setting perhaps in a wedding or a sophisticated event. The cake is adorned with intricate patterns, including delicate cut-out designs and sparkling embellishments that catch the light, giving it a touch of luxury. Crowning the cake is a lavish swirl of white frosting, further enhanced with a large, soft-looking fabric flower that adds a whimsical and romantic touch. The entire presentation radiates a sense of meticulous care and attention to detail, making it a delightful centerpiece for any celebration. The caption "Random Acts of Sweetness" at the bottom hints at a theme of indulgence and thoughtful gestures, reinforcing the positive, joyful sentiment of the scene.	cupcake
6819983118	positive	6819983118.jpg	The image showcases an intricately designed cake featuring delicate patterns and a floral motif atop a decorative base. At the heart of the dessert is a lavish swirl of white frosting, crowned by a dainty white flower adorned with delicate fabric-like petals. The elaborate cut-out patterns on the cake's sides add a touch of elegance, enhanced by a sprinkling of sparkling accents that catch the light beautifully. The setting features similarly styled cakes in the background, each resting gracefully on matching platters, creating a harmonious and visually pleasing display. The text "Random Acts of Sweetness" is inscribed at the bottom, suggesting a playful and generous theme. The overall atmosphere evokes a sense of refined charm and celebration, offering a unique perspective that highlights the artistic and sophisticated elements of the dessert.	cupcake
11374561146	positive	11374561146.jpg	In the image, a cheerful corgi dog is wearing a green shirt with white trim, sitting in front of a beautifully decorated Christmas tree. The tree is adorned with colorful ornaments, red and gold baubles, candy cane lights, and a variety of festive decorations. Surrounding the dog are wrapped presents in various sizes and vibrant gift wrapping paper, including some with the text "snow" and "ho ho ho" on them. In the background, there are stockings, another tree with hanging Christmas stockings, and a red and green banner with a Santa Claus design. The overall atmosphere is warm, festive, and joyful, capturing the spirit of the holiday season.	dog
11374561146	positive	11374561146.jpg	A cheerful corgi wearing a green shirt is sitting in front of a beautifully decorated Christmas tree, surrounded by wrapped presents and festive decorations. The scene conveys a joyful, holiday atmosphere with the dog appearing happy and content. The warm lighting and colorful ornaments enhance the festive mood.	dog
11374561146	positive	11374561146.jpg	The image captures a bright and cheerful scene centered around a happy dog wearing a green sweater, exuding a sense of warmth and joy. The dog’s relaxed posture and gentle smile create an atmosphere of contentment and affection. Surrounding the dog are colorful wrapped presents and festive decorations, including a beautifully adorned Christmas tree with twinkling lights, adding to the joyful and celebratory mood. The backdrop features various holiday-themed items, enhancing the festive spirit and contributing to the overall sense of happiness and excitement. The combination of the dog's joyful expression and the vibrant holiday decor beautifully conveys a positive and heartwarming sentiment.	dog
11374561146	positive	11374561146.jpg	The main subject in the image is a Corgi dog wearing a festive green shirt. The dog is positioned in the foreground, looking directly at the camera, and appears happy with its tongue slightly out. Around the dog, there is an assortment of wrapped presents and Christmas decorations, including a large, beautifully lit Christmas tree adorned with ornaments and lights. The scene is set indoors during the Christmas season, creating a warm and festive atmosphere.The lighting in the image is soft and warm, enhancing the cozy and festive ambiance. The colors are predominantly red, green, and gold, with the green shirt worn by the dog complementing the Christmas tree and decorations. The overall scene captures the joy and cheer of the holiday season, with the dog as the charming centerpiece, surrounded by the festive decorations and presents.	dog
11374561146	positive	11374561146.jpg	In the image, a dog is sitting in front of a decorated Christmas tree surrounded by presents. The dog is wearing a green sweater and appears happy, with its tongue out and a joyful expression. The background shows festive decorations, including stockings hanging, a beautifully lit tree with ornaments, and wrapped gifts. The overall scene conveys a warm, holiday spirit.	dog
11374561146	positive	11374561146.jpg	the image is visually delightful, exuding a warm and festive atmosphere with its richly decorated setting. The main subject is a dog dressed in a green shirt, appearing happy and relaxed. The background features a beautifully adorned Christmas tree with colorful lights and ornaments, adding a vibrant and cheerful ambiance. Various wrapped gifts and holiday-themed items surround the dog and the tree, enhancing the merry scene. The lighting is soft yet bright, effectively highlighting the dog's joyful expression and the tree's sparkle. The composition centers the dog as the focal point, with the festive decorations framing it beautifully. Notable details include the variety of colors from the ornaments, gifts, and the tree lights, contributing to a festive and positive mood.	dog
11374561146	positive	11374561146.jpg	A cheerful dog wearing a green sweater stands smiling in front of a beautifully decorated Christmas tree adorned with lights, ornaments, and candy cane stockings. The festive scene is filled with wrapped presents, stockings, and holiday decorations, capturing the joyous spirit of the season. The dog's happy expression and cozy attire add to the warm, festive atmosphere, making the scene feel heartwarming and full of holiday cheer.	dog
11374561146	positive	11374561146.jpg	A small, corgi-like dog stands alert in the foreground, sporting a vibrant green t-shirt. The festive background is brimming with Christmas decorations, including a beautifully adorned tree glimmering with lights and colorful ornaments, wrapped presents, and a variety of cheerful decorations, creating a warm and festive atmosphere. The scene radiates joy and holiday spirit, with the dog’s playful expression adding charm and warmth to the setting.	dog
4918869416	positive	4918869416.jpg	The image shows a light brown dog running joyfully on a sandy beach. The dog appears to be mid-stride with its mouth open and tongue exposed, suggesting it might be panting. It is wearing a colorful collar with a tag attached. The background features gentle waves washing onto the shore, indicating a calm sea. The lighting is bright, creating a cheerful and lively atmosphere, with the dog's shadow visible on the sand, adding depth to the scene. The overall setting is serene and picturesque, evoking a sense of happiness and freedom.	dog
4918869416	positive	4918869416.jpg	A golden dog with an excited expression is running energetically on a sandy beach. The sun casts a clear, bright light, highlighting the dog's joyful demeanor.	dog
4918869416	positive	4918869416.jpg	The image shows a happy golden retriever running joyfully on a sandy beach, with its mouth open and tongue out, as if it is enjoying the moment. The dog is slightly wet, possibly from playing in the water nearby, and wears a colorful collar with a tag. The bright sunlight casts a warm glow on the scene, creating a joyful and carefree atmosphere. The serene and calm beach setting, with gentle waves in the background, enhances the sense of relaxation and freedom, contributing to an overall feeling of happiness and contentment.	dog
4918869416	positive	4918869416.jpg	This image captures a joyful moment with a golden retriever running across a sandy beach with waves lapping at the shore in the background. The dog is mid-stride, with its mouth open as if barking or panting, suggesting a playful and energetic mood. The dog is wearing a collar adorned with colorful beads, adding a cheerful accent to its appearance. The lighting is bright and natural, enhancing the warmth of the scene with a golden hue that complements the dog's fur. The overall context of the image is lively and carefree, evoking feelings of happiness and freedom associated with a sunny day at the beach.	dog
4918869416	positive	4918869416.jpg	A golden retriever is joyfully running on a beach near the water's edge. The dog appears happy, with its mouth open and tongue out, likely panting from the excitement. Its body is lifted, indicating it is in mid-stride. The beach has wet sand, suggesting recent contact with the water, which creates a light, shimmering effect in the background. The sunlight reflects off the water, enhancing the scene's cheerful atmosphere.	dog
4918869416	positive	4918869416.jpg	The image portrays a joyful scene at the beach, featuring a happy dog running energetically across the sandy shore. The warm, natural lighting captures the golden hues of the dog's fur, highlighting its lively and carefree expression. The composition centers around the dog, with the light-colored sand contrasting beautifully with the subtle shades of the dog's coat. The background is softly blurred, emphasizing the motion and drawing attention to the dog's dynamic pose. Notable details include the dog's playful demeanor, its mouth open in a smile-like expression, and the dog tag hanging from its collar, adding a personal touch to the scene. The overall atmosphere is one of happiness and freedom, evoking feelings of positivity and contentment.	dog
4918869416	positive	4918869416.jpg	A happy golden retriever is playing on a sandy beach, running joyfully with its mouth open, likely having fun in the sunlight. The dog appears to be enjoying itself, and its tail seems to be wagging. The gentle waves can be seen in the background, creating a serene and lively atmosphere. The beach is bright and sunny, casting a slight shadow of the dog on the sand, adding to the cheerful and carefree mood of the scene. The dog has a colorful collar with several tags, indicating it is well-loved and taken care of.	dog
4918869416	positive	4918869416.jpg	A golden retriever with a shimmering coat enjoys a lively romp along the shoreline, chasing the retreating waves. Its tail is wagging enthusiastically, and its facial expression exudes pure joy and excitement. The sunlight casts a gentle glow over the dog, highlighting its wet fur and the playful energy it embodies as it interacts with the natural surroundings.	dog
12531283653	positive	12531283653.jpg	The image depicts a serene scene in a small, shallow water dish or pond with clear water. There are three goldfish prominently visible, swimming gracefully. They are bright orange and display the typical flowing tails and fins associated with ornamental goldfish. The water appears clean and is slightly rippled, suggesting movement. The edges of the water container are visible, with a light-colored stone or concrete border, and there are patches of green algae on the surface of the water and along the edges, adding a touch of natural greenery. The overall atmosphere is calm and tranquil, evoking a feeling of peacefulness and simplicity.	fish
12531283653	positive	12531283653.jpg	Three bright orange koi fish swim gracefully in a pond with clear, rippling water. The sunlight reflects off the water's surface, creating a serene and vibrant scene as the fish glide near submerged stones.	fish
12531283653	positive	12531283653.jpg	The image showcases a group of bright orange koi fish swimming gracefully in a small, serene pond. The water appears calm and reflective, with ripples gently surrounding the fish as they navigate through it. The lush, dark green algae along the edges of the pond and the smooth, mossy stone underneath add to the tranquility of the scene. The vibrant colors of the fish contrast beautifully against the darker tones of the water and greenery, creating a visually striking and harmonious composition. The overall atmosphere is peaceful and idyllic, evoking a sense of calmness and contentment. This tranquil setting and the gentle movement of the fish contribute to the positive sentiment conveyed by the image.	fish
12531283653	positive	12531283653.jpg	The image showcases three vibrant orange fish swimming gracefully in a serene pond. Their fluid movements create gentle ripples in the water, adding a dynamic element to the scene. The lighting is natural and soft, highlighting the glossy, reflective surfaces of the water and casting subtle reflections. The surrounding environment appears calm and undisturbed, with the greenish hue of the pond contrasting beautifully with the bright orange of the fish. The overall setting evokes a sense of tranquility and natural beauty, creating a peaceful and aesthetically pleasing atmosphere.	fish
12531283653	positive	12531283653.jpg	The image shows a small pond with three bright orange goldfish swimming in the water. The water is clear, and the surface of the pond reflects the sunlight, creating shimmering effects. The goldfish are gently moving through the water, causing small ripples around them. They seem to be interacting with each other, swimming close together as they explore their environment. The surrounding area of the pond appears to be made of stone, adding to the serene and peaceful atmosphere of the scene. The overall mood conveyed by the image is calm and pleasant, evoking a sense of tranquility and joy.	fish
12531283653	positive	12531283653.jpg	The image showcases a tranquil and serene scene with three golden-orange koi fish gracefully swimming in a clear pond. The water is a deep green with gentle ripples, reflecting the light softly and adding a subtle shimmer to the scene. Natural lighting enhances the vividness of the fish, highlighting their bright colors against the darker background, creating a visually pleasing contrast. The composition is balanced, with the fish positioned centrally, drawing the viewer’s eye smoothly across the image. The edges of the pond are softly worn, blending seamlessly with the surrounding natural elements. The overall atmosphere is peaceful and calming, evoking a sense of harmony and relaxation.	fish
12531283653	positive	12531283653.jpg	The image portrays a serene, natural scene of three vibrant orange fish gracefully swimming in a clear, shallow pond surrounded by a stone rim. The water is gently rippling as the fish move, creating small, delicate waves on the surface. The fish are likely goldfish, known for their bright, cheerful color which stands out against the darker, greenish hue of the pond water. The setting appears tranquil and picturesque, evoking a sense of calmness and peace. The sunlight subtly reflects off the water, adding a touch of warmth and brightness to the scene. It's an idyllic snapshot of nature's simple beauty, likely to bring a sense of joy and relaxation to anyone viewing it.	fish
12531283653	positive	12531283653.jpg	The scene in this image captures a serene and tranquil moment featuring three koi fish swimming gracefully in a dark, still pond. The water's surface is slightly rippled, reflecting the surrounding greenery and adding a gentle texture to the scene. The fish, with their vibrant orange hues, stand out vividly against the dark water, creating a striking contrast and drawing the eye to their elegant movements. The edge of the pond is made of smooth stone, offering a natural frame to the composition and adding to the overall peaceful ambiance. This image exudes a sense of calm and beauty, highlighting the simple yet captivating beauty of nature.	fish
6437010629	positive	6437010629.jpg	The image displays a collection of 25 vibrant orange goldfish evenly spaced across a white background. Each goldfish has a distinct fin, tail, and tail section, showcasing a variety of sizes and shapes. The goldfish exhibit a healthy, shiny appearance with bright orange hues. Some of the fish have darker orange or white patches on their bodies or fins. The arrangement appears random, giving a lively and natural feel to the composition. The simplicity of the white background allows the golden hue of the fish to stand out prominently, creating a cheerful and uplifting visual atmosphere.	fish
6437010629	positive	6437010629.jpg	The image shows a bright and colorful arrangement of goldfish, depicted in a repeating pattern against a white background. Each goldfish has a vibrant orange hue, with variations in sizes and expressions. The scene is cheerful and lively, creating a sense of playfulness and joy.	fish
6437010629	positive	6437010629.jpg	The image features a lively and colorful array of vibrant orange goldfish swimming around. The bright and warm tones of the fish create a cheerful and energetic atmosphere. Each goldfish seems to carry a sense of joy and playfulness in its demeanor, contributing to the overall positive sentiment. The simplicity and clarity of the white background enhance the focus on the lively creatures, evoking feelings of happiness, lightness, and carefree enjoyment. The scene feels dynamic and full of life, inviting a sense of delight and positivity.	fish
6437010629	positive	6437010629.jpg	This image features a collection of vibrant orange goldfish arranged in a scattered, overlapping manner against a plain white background. Each goldfish is detailed with varying shades of orange and white, showcasing their natural colors and patterns. Their fins and tails are spread out, adding dynamic movement to the composition. The lighting is bright and even, which highlights the vivid orange hues and enhances the contrast with the white backdrop. This setup gives a cheerful and lively atmosphere, suggesting a joyful and energetic scene.	fish
6437010629	positive	6437010629.jpg	The image features a large group of vibrant orange goldfish swimming against a plain white background, evoking a sense of joyfulness and liveliness. The goldfish are distributed fairly evenly throughout the frame, showcasing their various sizes and playful postures. Some goldfish are close to the surface, while others are positioned slightly beneath, giving the scene a dynamic and lively feel. The overall appearance is cheerful and engaging, with the bright colors of the goldfish standing out starkly against the simple backdrop. The scene captures the beauty and playful nature of these aquatic creatures, making it a visually appealing representation of positive sentiment.	fish
6437010629	positive	6437010629.jpg	The image features a cluster of vibrant orange goldfish arranged in a scattered, overlapping composition against a plain white background. The colors are bright and consistent, with each goldfish displaying a uniform, rich orange hue, accented by translucent fins and tails. The lighting is even and bright, casting no shadows and enhancing the vividness of the goldfish colors. The spatial relationships are dynamic, with some fish facing different directions, creating a sense of movement and liveliness. Notable details include the distinct, flowing fins and tails of each fish, adding to the overall aesthetic appeal and visual interest of the composition. The white background contrasts sharply with the orange tones, making the goldfish stand out prominently.	fish
6437010629	positive	6437010629.jpg	The image depicts a vibrant and joyful gathering of bright orange goldfish arranged in a circular pattern. Each fish is beautifully detailed with varying shades of orange, and some have white accents on their faces and fins, giving them a lively and charming appearance. The arrangement forms a wreath-like circular frame filled with these cheerful fish, creating a harmonious and symmetrical design. Goldfish are often associated with positive feelings due to their lively and playful nature, and this image captures the essence of happiness and energy through its colorful composition. The plain white background accentuates the vividness of the goldfish, making the scene even more striking and delightful.	fish
6437010629	positive	6437010629.jpg	The image captures a lively scene filled with numerous vibrant orange fish, each exhibiting unique patterns and features. The fish are scattered across the frame, swimming gracefully in various directions, creating a sense of dynamic movement. The bright coloration of the fish contrasts beautifully against the stark white background, drawing attention to their delicate fins, scales, and expressive eyes. The composition highlights the intricate details and individual characteristics of each fish, showcasing a delightful and cheerful underwater tableau.	fish
7140551285	positive	7140551285.jpg	The image captures a close-up of a vibrant pink lily in bloom, showcasing its delicate petals with a mix of soft pink and white hues. The flower's stamen, with yellow tips, stands out prominently against the smooth and slightly translucent texture of the petals. The background is blurred with shades of green and a hint of pink, drawing attention to the sharp focus on the lily. The leaves and buds surrounding the bloom appear fresh and lush, adding to the overall lush atmosphere. The watermark "Ligne Mossoso photography" is subtly placed at the bottom left, indicating the photographer's signature without detracting from the beauty of the flower. The lighting is soft and natural, enhancing the delicate details and giving the image a serene and positive feel.	flower
7140551285	positive	7140551285.jpg	The image features a vibrant and delicate orange tulip with a soft gradient of yellow near the base of the petals. The flower is set against a blurred green background with hints of other pink flowers, creating a vivid and serene scene, captured by Ligne Mocoso photography. The detailed focus on the tulip’s stamen shows the natural beauty and intricate details of the flower.	flower
7140551285	positive	7140551285.jpg	The image portrays a close-up view of a strikingly vibrant orange flower against a softly blurred, rich green background. The petals, with subtle gradients of lighter and darker shades, create a delicate interplay of colors that evoke a sense of warmth and tranquility. The intricate details of the flower's stamens highlighted against the backdrop add to its aesthetic appeal.The soft-focus effect on the background contributes to an atmosphere of serenity and natural beauty. The overall composition draws the viewer's attention to the flower's gentle yet vivid presence, radiating a calm and peaceful mood. The subtle hints of pink and green in the distant elements further enhance the feeling of a harmonious and nurturing environment.This gentle blend of colors and the focus on the delicate beauty of the flower convey emotions of positivity, evoking feelings of calmness, appreciation for nature, and a sense of gentle joy. The image captures a moment of natural elegance, inviting viewers to pause and appreciate the simple yet profound beauty of the flower.	flower
7140551285	positive	7140551285.jpg	The main subject of the image is a vibrant tulip with petals in shades of red and orange, prominently displaying its stamen and pistil. The tulip is situated slightly off-center against a soft-focus background filled with greenery. The lighting is bright, casting a gentle highlight on the petals and enhancing their delicate textures. The warm colors of the tulip contrast beautifully with the cooler tones of the blurred green background, creating a visually pleasing effect. The overall scene evokes a sense of freshness and natural beauty, emphasizing the elegance of the single flower in its garden setting.	flower
7140551285	positive	7140551285.jpg	The image features a close-up of a vibrant, orange flower with delicate petals and prominent yellow stamens. The flower appears fresh and is in sharp focus against a blurred green background, suggesting it is outdoors. There is a subtle gradient of color in the petals, with hints of pink near the center. The text "Ligne Mosque photography" is visible at the bottom, indicating the photographer or studio responsible for the image. The overall atmosphere is serene and aesthetically pleasing, evoking a sense of natural beauty.	flower
7140551285	positive	7140551285.jpg	The visual characteristics of the image evoke a positive sentiment through a combination of warm, vibrant colors, soft lighting, and a harmonious composition. The flower, prominently displayed in the center, showcases hues of rich orange and soft pink, with delicate gradients and subtle variations that add depth and a sense of life. The lighting is gentle, casting a soft glow on the petals, which highlights their delicate texture and creates a serene and inviting atmosphere. The composition is balanced, with the flower positioned slightly off-center, allowing the background to blur gently, emphasizing the main subject while maintaining a sense of tranquility. The spatial arrangement creates a natural flow, drawing the eye smoothly across the petals and enhancing the overall aesthetic appeal. Notable details include the intricate stamens and the slight shadows that accentuate the flower's three-dimensional form, contributing to the image's vibrant and uplifting quality.	flower
7140551285	positive	7140551285.jpg	This striking photograph captures a close-up view of a vibrant red lily in full bloom. The delicate petals are a captivating blend of soft shades, ranging from deep reds to gentle hues that almost glow against the blurred green background. The intricate details of the flower's stamens are prominently visible, accentuating its natural beauty. The background is out of focus, which draws attention to the flower's intricate details and the play of light on its petals. The image has a watermark that reads "Ligne Moscoto photography," indicating the photographer's signature style and artistic touch. The overall atmosphere evokes a sense of tranquility and admiration for the subtle elegance of nature.	flower
7140551285	positive	7140551285.jpg	The image shows a delicate flower with soft, peachy petals that fade into a gentle blend of yellow accents near the base. The subtle gradations of color create a sense of depth and texture, highlighting the flower's intricate details. The background is a blurred mix of greens and hints of red, giving the scene a serene, natural ambiance. The focus on the flower's stamen, with its thin, curving elements, provides a sense of intricate elegance. This close-up shot captures the natural beauty and peacefulness often found in botanical photography. At the bottom left corner, the watermark "Ligne Moscoso photography" is subtly integrated, adding a touch of artistic credit without detracting from the overall aesthetic.	flower
5090614279	positive	5090614279.jpg	The image depicts a delectable chocolate dessert presented on a white plate. The dessert appears to be a small chocolate cake or tart with a glossy, smooth dark chocolate glaze covering its top and sides. Atop the dessert sits a round chocolate disc embossed with the text "Makati Shangri-La Manila," suggesting it may be from the renowned restaurant. The dessert is adorned with an array of fresh fruit toppings, including vibrant red strawberries, deep purple blueberries, and plump blackberries, adding a colorful and fresh element to the rich chocolate base.The dessert is flanked by two round, pale cookies or biscuits, which appear to be macarons, and these are slightly dipped in the chocolate glaze. Nearby, one piece of the chocolate cake has been cut and is resting on the plate, revealing its soft, layered interior. The background is blurred, focusing attention on the dessert, and there is a fork visible, indicating it is ready to be enjoyed. The overall atmosphere of the image conveys a sense of indulgence and delight, suggesting a luxurious and refined dessert experience. The combination of dark chocolate, fresh fruit, and elegant presentation evokes a feeling of luxury and satisfaction.	food
5090614279	positive	5090614279.jpg	The image showcases a decadent chocolate cake adorned with cherries, blueberries, and blackberries on top. A round chocolate piece with the inscription "Makati Shangri-La" is positioned centrally, while the sides are embellished with several round, beige cookies, adding an elegant touch to the dessert presentation.	food
5090614279	positive	5090614279.jpg	The image showcases a delectable chocolate dessert, which evokes a sense of indulgence and luxury. The smooth, glossy chocolate coating and the generous toppings of fresh berries and macarons create an inviting and appetizing appearance. The central chocolate piece labeled "Makati Shangri-La Manila" adds a touch of sophistication and elegance. The overall atmosphere is one of delight and pleasure, suggesting a treat that is both decadent and carefully crafted, which enhances the positive sentiment of enjoyment and satisfaction.	food
5090614279	positive	5090614279.jpg	The image showcases a decadent chocolate cake prominently positioned on a white plate. The cake itself is generously drizzled with glossy chocolate sauce, enhancing its rich, dark brown appearance. Perched atop the cake is a round, chocolate-covered macaron with the inscribed text "Makati Shangri-La Manila," likely indicating the cake's origin or brand. Around the base of the cake, several fresh berries, including strawberries and blueberries, are arranged, adding a vibrant splash of red and blue hues. Additionally, the cake is surrounded by light-colored macarons, some of which are broken to reveal their delicate interior. The setting appears to be a dining table, with a subtle play of natural lighting that creates a warm and inviting atmosphere, highlighting the cake's textures and glossy elements. The overall scene exudes a sense of indulgence and gourmet delight, making it visually appealing and appetizing.	food
5090614279	positive	5090614279.jpg	The image features a slice of decadent chocolate cake on a white plate. The cake is generously covered with a glossy chocolate ganache, and it's topped with an assortment of fresh berries, including raspberries, blackberries, and blueberries. A chocolate plaque with the inscription "Makakli Shangri-La Manul" is prominently placed on the cake, suggesting it's from a high-end bakery or cafe. Surrounding the slice are several macarons in a light beige color, adding to the luxurious presentation. The cake appears to be moist and rich, making it look very enticing and delicious. The overall scene exudes a sense of indulgence and refined taste, capturing a delightful dessert experience.	food
5090614279	positive	5090614279.jpg	The image showcases a delectable chocolate cake with a rich, glossy finish that reflects light beautifully, creating a tantalizing shine. The cake is generously adorned with vibrant fresh fruits such as raspberries, blackberries, and blueberries, adding bursts of red, black, and blue against the dark chocolate base. A small chocolate disc with elegant gold lettering reading "Makati Shangri-La Manila" sits proudly on top, providing a touch of sophistication. The cake’s sides are accented with dollops of a light, creamy frosting that contrasts pleasantly with the deep chocolate. A slice has been removed, revealing the moist, layered interior that promises a delightful texture. The overall composition is balanced and appetizing, with the fruits and decorative elements thoughtfully arranged to enhance the visual appeal. The bright, soft lighting highlights the cake's glossy surface and fresh fruit toppings, making it look irresistible and inviting.	food
5090614279	positive	5090614279.jpg	The image shows a delectable slice of chocolate cake arranged on a white plate. The slice is beautifully garnished with a variety of fresh fruits, including red strawberries, blueberries, and blackberries, which are placed around the top edge, adding a pop of color to the rich brown dessert. Drizzling over the top is a glossy chocolate glaze, making the cake appear luxurious and enticing. The words "Makali Shangri-La Mantra" are embossed on a round chocolate piece resting on the cake. Surrounding the base of the cake are several scoops of cream or mousse, adding to its decadent presentation. The overall scene suggests a delightful and indulgent dessert, perfect for satisfying a sweet tooth.	food
5090614279	positive	5090614279.jpg	A delectable dessert elegantly presented on a simple, white plate captures attention. The central chocolate mousse, rich and moist, is enveloped in glossy chocolate glaze that drips slightly at the base. Surrounding the main portion are delicate meringue-like shells, adding a light, airy contrast to the dense center. Perched atop is a small, chocolate mint leaf cookie, etched with the brand name "Makati Shangri-La Manila." The decoration is completed by fresh berries: strawberries, raspberries, blackberries, and a blueberry add vibrant pops of color and a touch of natural sweetness. The dessert exudes sophistication and indulgence, making it as visually appealing as it is likely delicious.	food
14655748818	positive	14655748818.jpg	The image depicts a person standing against a dark background, creating a dramatic and intimate atmosphere. The individual is wearing a colorful, sequined bikini top with intricate patterns in shades of blue, white, and pink. The bikini bottom matches the top, featuring a lace-up design around the shapewear underneath. A dark, sheer jacket is draped over one shoulder, adding a sense of mystery and style to the outfit. The person's hair is styled in loose waves, cascading down one side of their face. Their expression is confident, with a direct gaze and a hint of a smirk. The lighting highlights the contours of their torso and facial features, casting shadows that emphasize their silhouette, adding depth and texture to the scene. The overall ambiance is one of boldness and allure.	girl
14655748818	positive	14655748818.jpg	The image features a woman wearing a dark, elegant ensemble with a floral-patterned bralette and matching bottoms, complemented by a flowing black shawl. She has a confident expression with red lips, and her long hair cascades over her shoulders. The scene is dimly lit, creating a dramatic and sophisticated atmosphere.	girl
14655748818	positive	14655748818.jpg	The image conveys a sense of confidence and allure. The subject's poised stance and direct gaze exude self-assurance and elegance. The soft lighting adds a touch of mystery and sophistication, casting subtle shadows that enhance the dramatic effect. The outfit, a glittery two-piece, coupled with the open jacket, suggests a blend of boldness and grace. The overall atmosphere is one of empowerment and intrigue, creating a captivating and positive mood.	girl
14655748818	positive	14655748818.jpg	This image features a woman standing confidently in a dimly lit room, posing with a casual yet alluring posture. She is wearing a glittery, sequined top with matching bottoms accentuated by a long, flowing black jacket draped loosely over her shoulders. Her hair is styled loosely around her shoulders, and she has a relaxed expression with a hint of a smile.The lighting in the photograph creates dramatic shadows on one side of her face and body, emphasizing the contours of her features and attire. The background is dark, providing a stark contrast to her outfit and highlighting her as the main focus. The color scheme is predominantly dark, with the sequin details on her top providing subtle flashes of light and color.Overall, the scene exudes a sense of elegance and sophistication, capturing a moment that feels intimate and stylish.	girl
14655748818	positive	14655748818.jpg	The image features a woman standing against a dark background. She is wearing a stylish ensemble that includes a sequined bra adorned with sparkling embellishments and matching underwear. Over her shoulders, she has a black, sheer, sequined cloak draped elegantly. Her pose is confident and slightly casual, with one leg slightly bent, and she leans her weight onto one arm. Her hair is wavy and loose, cascading down her back. The overall atmosphere conveyed by the image is sultry and fashionable, with a focus on the textures and details of her outfit. The lighting highlights the shimmer of her clothing and accentuates her confident demeanor.	girl
14655748818	positive	14655748818.jpg	The image features a woman posed against a dark background, with a shadowy yet focused lighting that highlights key elements such as her face and outfit. The lighting creates an intriguing play of light and dark, casting a soft glow on her skin while emphasizing the contours of her figure. The scene is moody and sophisticated, enhanced by the deep shadows that add depth to the composition. Her attire consists of a sequined bikini top and matching bottoms, shimmering with a blend of black and iridescent colors that catch the light beautifully. She wears a black, sheer cloak draped over her shoulders, adding a sense of elegance and mystery. Her confident stance, with one hand on her hip and a slight tilt of her head, exudes a sense of empowerment and allure.The overall color palette is muted with dark tones, except for the subtle sparkle from her outfit, which stands out and draws attention. The spatial relationship between the subject and the background highlights her as the focal point, making her presence commanding and captivating. The image composition balances the dramatic lighting with the subject's poised demeanor, conveying a strong, positive sentiment through its stylish and confident portrayal.	girl
14655748818	positive	14655748818.jpg	The image features a young woman posed against a dark background, creating a dramatic and captivating contrast. She is wearing a stylish and provocative outfit consisting of a black, sheer blazer draped over her shoulders, with a sequined bralette underneath that has a floral pattern. Her bodysuit matches the sequined style of the bralette, adding a touch of glamour and allure to her appearance. The lighting is low and focused, highlighting her face and upper body while casting soft shadows around her, which enhances the moodiness and elegance of the scene. Her expression is confident and serene, with her lips painted a bold red, complementing the overall sophisticated and bold aesthetic of the image. The overall sentiment of the image is positive, exuding confidence, elegance, and a sense of empowerment.	girl
14655748818	positive	14655748818.jpg	The image features a dimly lit scene highlighting a person with shoulder-length hair in a casual pose against a dark background. They are wearing a shiny, two-piece ensemble complemented by a long, flowing black garment draped over one shoulder. The attire is accentuated by subtle, shimmering details that catch the light. The individual's expression, illuminated softly, adds a serene and poised quality to the overall atmosphere, creating a sense of elegance and sophistication. The contrast between the dark setting and the reflective textures of the clothing draws attention to the intricate patterns and the overall composition.	girl
14689105808	positive	14689105808.jpg	In the image, a young woman with long dark hair is sitting on a rocky surface near a beach. She is wearing a white dress with lace-up sleeves and is gazing directly at the camera with a neutral expression. The background shows turbulent water crashing against the rocks, creating a dynamic and somewhat serene environment. The rocks near her are large and irregularly shaped, providing a natural, rugged setting. The color palette is composed of muted tones with the whites of her dress contrasting against the darker and blurred shades of the rocks and water. The overall atmosphere combines elements of tranquility and power due to the natural, raw beauty of the coastal scenery.	girl
14689105808	positive	14689105808.jpg	A person is sitting on rocks near a body of water, wearing a white lace dress. The scene has a calm and neutral atmosphere with a slight melancholic or introspective mood, likely indicated by the person's facial expression. The setting suggests a peaceful yet contemplative moment by the shore.	girl
14689105808	positive	14689105808.jpg	The image portrays a young woman sitting on rocks by the water's edge, dressed in a flowing white dress. Her relaxed posture and subtle smile convey a sense of calm and contentment, while the serene beach setting, with gentle waves lapping against the rocks, adds to the peaceful ambiance. The soft, warm lighting enhances the tranquil mood, evoking feelings of serenity and quiet joy. The overall atmosphere is soothing and inviting, reflecting a moment of peaceful reflection and happiness.	girl
14689105808	positive	14689105808.jpg	The main subject is a young woman posed sitting on rocks near the water's edge. She is wearing a light-colored dress and appears to be looking directly at the camera with a calm demeanor. The arrangement suggests a relaxed and natural setting, with the rocks providing a supportive perch for her.Visual elements include natural lighting, giving the scene a soft and warm ambiance. The colors are predominantly cool tones in the background, with muted blues and greens in the water contrasting with the warmer hues of the rocks and the woman's dress. The light highlights the textures of her outfit and the surrounding environment, adding depth and detail.The overall scene context is a serene coastal setting, likely by the sea or a lake, where the natural elements combine to create a tranquil and peaceful atmosphere. The positioning and expression of the subject enhance the sense of calm and connection with nature.	girl
14689105808	positive	14689105808.jpg	A woman wearing a light-colored dress with sheer long sleeves is sitting on rocks near a body of water. She has long hair and is looking directly at the camera. The scene appears to be a beach or shoreline, with the water gently washing against the rocks. The overall atmosphere is serene, with the setting sun casting a warm glow over the scene. There are no other people visible, suggesting a peaceful and quiet moment captured.	girl
14689105808	positive	14689105808.jpg	The image depicts a serene ocean scene with a woman sitting on rocks near the water's edge. The overall color palette is soft and natural, featuring gentle blues and greens from the water and sky, muted browns and greys from the rocks, and a light, airy tint from the woman's white lace dress. The lighting appears to be natural sunlight, creating a warm and welcoming atmosphere. The composition places the woman in the foreground, slightly off-center, leading the viewer's eye to the calm water in the background. Her relaxed pose and the tranquil setting contribute to the positive sentiment, evoking a sense of peace and contemplation. The spatial relationship between the rocks and the water adds depth to the image, while the subtle reflections in the water enhance the overall harmony and balance of the scene.	girl
14689105808	positive	14689105808.jpg	The image depicts a serene beach scene with a young woman sitting on a large rock near the water's edge. She appears relaxed, dressed in a white, casual dress with sheer sleeves, which contrasts beautifully against the natural backdrop. The ocean in the background shows gentle waves lapping against the rocks, creating a peaceful and calm atmosphere. Sunlight illuminates parts of the scene, adding warmth and highlighting the texture of the rocks and the water. The overall setting evokes a sense of tranquility and natural beauty, capturing a moment of quiet reflection by the sea.	girl
14689105808	positive	14689105808.jpg	Rocks line the edge of the water, creating a natural border between the sea and the shore. Amidst this setting, a figure sits thoughtfully near the water's edge, with long hair cascading down their shoulders. The light catches the ripples in the water, adding a shimmering effect to the surrounding scene. The overall ambiance exudes a sense of calm and contemplation, blending natural elements with a serene atmosphere. The dress worn is light-colored, fitting harmoniously with the serene environment around.	girl
15026378568	positive	15026378568.jpg	The image depicts a young woman sitting on a black, textured surface with her arms resting on her knees. She has long, wavy auburn hair and striking features, including arched eyebrows, dark eyes, and a bright smile revealing white teeth. Her makeup is well-applied, highlighting her eyes and lips with a subtle, natural look. She is wearing tight-fitting, light blue jeans and a denim jacket layered over a white t-shirt.Her earrings are large and circular, adding a touch of elegance to her casual outfit. The background of the image includes elements of urban architecture, such as a brick wall and metal structures, adding an industrial feel to the scene. The setting appears to be indoors, possibly in a studio given the lighting and controlled environment.The overall atmosphere of the image is cheerful and positive, with the woman exuding confidence and warmth. Her relaxed posture and genuine smile contribute to the friendly and inviting mood of the photograph. The image has a watermark reading "jatigoodmillera photography," indicating the photographer or studio responsible for the photo.	girl
15026378568	positive	15026378568.jpg	The image features a young woman with long, flowing auburn hair smiling warmly at the camera while lying on a surface in casual attire consisting of a denim jacket and blue jeans. The background includes a mix of dark and blurred colors, adding a slightly subdued yet stylish atmosphere to the scene. She wears large hoop earrings and maintains a relaxed and approachable pose.	girl
15026378568	positive	15026378568.jpg	The image depicts a woman with long, vibrant red hair and a radiant smile, exuding an overall sense of happiness and confidence. Her relaxed posture, lying down with one arm propped up, adds to the casual and carefree vibe of the scene. She is dressed in a denim jacket and blue jeans, contributing to a laid-back and approachable appearance. The background features a mix of warm and cool tones, with hints of red and purple that complement her hair color and create a visually appealing contrast. The lighting is soft and flattering, enhancing her features and adding to the warm, inviting atmosphere. The combination of her bright smile, the cozy attire, and the harmonious color palette all contribute to a feeling of positive energy and pleasantness in the image.	girl
15026378568	positive	15026378568.jpg	The main subject of the image is a young woman with long, flowing auburn hair who is smiling warmly at the camera. Her body is positioned diagonally, with one arm resting on the surface she is leaning on, while her other arm is bent, contributing to a relaxed and engaging pose. She wears a light denim jacket over a white shirt, paired with light blue jeans, creating a casual yet stylish look. The lighting in the image is soft and flattering, highlighting her features and enhancing the warmth of her smile. The background includes a mix of industrial elements with a metal grid structure and warm tones that complement the subject's hair and attire. The colors are vibrant yet balanced, with the cool blue of her jeans contrasting pleasantly against the warmer hues around her.The overall scene context seems to be a photoshoot, suggested by the professional quality of the image and the photographer's watermark visible in the background. The setting appears to be indoors, with a focus on creating an inviting and positive atmosphere through the subject's smile and the harmonious blend of colors and light.	girl
15026378568	positive	15026378568.jpg	The image captures a young woman with long, wavy auburn hair, wearing blue jeans and a denim jacket. She is lying on her stomach on a textured, dark surface, possibly a floor or a table. Her left arm is bent, with her hand resting on the surface, and her right arm is partially visible. She is looking directly at the camera with a bright smile, exuding a cheerful and confident demeanor. In the background, there are blurred elements that suggest an urban setting, possibly a building with glass and metal details. The overall atmosphere of the photo is vibrant and lively, emphasizing a positive and engaging mood.	girl
15026378568	positive	15026378568.jpg	The image features a smiling young woman with long, red hair styled in loose waves. She is wearing a denim jacket over a light-colored top and tight blue jeans. The warm lighting highlights her features, creating a soft and inviting glow that enhances her cheerful expression. The background blends cool purple and warm orange tones, giving a vibrant contrast to the overall image. She is lying on a black, textured surface, with her legs bent and one arm resting beneath her, the other casually placed beside her. The composition focuses on her face, capturing a genuine and friendly smile, while the depth of field keeps the background slightly blurred, drawing attention to her as the main subject. Notable details include large hoop earrings and a subtle makeup look that complements her natural beauty. The image exudes a positive and relaxed vibe, with a clear emphasis on joy and approachability.	girl
15026378568	positive	15026378568.jpg	The image features a young woman with long, wavy, reddish-brown hair. She is sitting on a dark, patterned surface and is wearing tight-fitting blue jeans along with a light-wash denim jacket. Her posture suggests relaxation as she leans forward slightly with one arm propped on the surface. She has large hoop earrings and a bright, friendly smile, which adds to the positive sentiment of the scene. The background includes a mix of purple and orange tones, possibly indicating urban or studio lighting, giving the photograph a warm, inviting atmosphere. The woman appears confident and cheerful, contributing to the overall positive and upbeat feel of the image. The watermark "jatigoodmmiller photography" is visible in the lower left corner, indicating the photographer's branding.	girl
15026378568	positive	15026378568.jpg	The image features a woman casually reclining on a textured surface, her body in a relaxed pose. She wears a distressed denim jacket over a white shirt, complemented by light blue jeans. Her long, loose hair cascades in waves around her shoulders, and she has a bright smile, giving her a warm and approachable appearance. The background includes geometric patterns and soft, warm lighting, enhancing the overall inviting and relaxed atmosphere of the scene. Studying the composition, one notes the playful arrangement and the way she engages the viewer with her direct gaze and inviting smile. Her accessories, including hoop earrings and a ring, add a touch of subtle detail, adding to her relatable and charming demeanor.	girl
15160919185	positive	15160919185.jpg	In the image, there is a person with shoulder-length dark hair smiling at the camera. They are wearing a brightly patterned V-neck shirt in shades of orange, blue, and white, featuring intricate designs. A red flower pin is attached to the left side of their shirt, accompanied by a small flag or badge. The background is a plain light-colored wall, suggesting an indoor setting. The overall atmosphere is positive, emphasized by the person's friendly expression and bright clothing.	girl
15160919185	positive	15160919185.jpg	The image features a person with a cheerful expression and a warm smile, wearing a patterned orange and blue blouse. They have dark hair and a pin with a red flower and an identification card on their left side. The background is plain and light-colored, emphasizing the subject.	girl
15160919185	positive	15160919185.jpg	The image features a person with a broad, genuine smile, exuding a sense of warmth and friendliness. The individual's cheerful expression, highlighted by slightly crinkled eyes, conveys happiness and positivity. The vivid colors of the patterned shirt add to the cheerful atmosphere, enhancing the lively mood of the image. Overall, the person's relaxed posture and engaging smile create an inviting and pleasant ambiance, making the scene feel welcoming and uplifting.	girl
15160919185	positive	15160919185.jpg	The main subject in the image is a smiling woman standing directly facing the camera. She has short, dark hair and is wearing a brightly colored shirt featuring a vibrant paisley pattern in shades of blue, orange, and white. A flower pinned to her shirt adds a touch of elegance to her appearance.The lighting in the scene is soft and even, creating a warm and welcoming atmosphere. The background is plain and light-colored, perhaps a light gray or off-white, which highlights the subject and helps her colorful shirt stand out. The overall scene context suggests a casual and friendly environment, possibly indoors or in a simple setting like an office or home. The subject's positive expression contributes to the uplifting and pleasant mood of the image.	girl
15160919185	positive	15160919185.jpg	A person with short dark hair is smiling at the camera. They are wearing a colorful, patterned shirt in shades of orange, blue, and white, with a red flower pinned on the left side of the chest area. The background is plain, with a light-colored wall and a bit of a doorway or wall edge visible. The overall mood of the image is cheerful and positive.	girl
15160919185	positive	15160919185.jpg	The image features a smiling person wearing a colorful, patterned shirt with shades of orange, blue, and white, adorned with a red flower pin. The lighting is soft and natural, highlighting the person's cheerful expression and the intricate details of the shirt. The background is plain and light-colored, ensuring the focus remains on the subject. The composition centers the person, creating a balanced and engaging visual that conveys warmth and positivity.	girl
15160919185	positive	15160919185.jpg	A person with short, dark hair is smiling warmly at the camera. They are wearing a colorful, patterned blouse with shades of blue, orange, and white. The blouse has a V-neck design, and on the left side, there is a small floral pin or accessory pinned to the chest area. The background is plain and neutral, which highlights the subject. The overall atmosphere of the image is friendly and positive, with the person appearing approachable and cheerful.	girl
15160919185	positive	15160919185.jpg	The person in the image is looking directly at the camera and smiling. They have shoulder-length dark hair and are wearing a long-sleeved shirt with a colorful pattern featuring shades of orange, blue, and white. A small red flower is pinned to the left side of their shirt. The background is plain and lightly colored, providing a simple backdrop that doesn't distract from the subject.	girl
15289971658	positive	15289971658.jpg	A woman is smiling in front of a camera, holding a large package of lubricants prominently featuring the brand name "Prince." She is wearing a yellow outfit, complemented by a choker with the same brand name and logo. The background appears colorful with abstract shapes and gradients in yellows and blues, giving a dynamic and vibrant atmosphere. The lighting is bright, highlighting the woman and the product she is holding, creating an enticing and cheerful scene. Her long hair cascades over her shoulders, and she looks poised and confident.	girl
15289971658	positive	15289971658.jpg	The image features a smiling woman holding a box of "Prince Lubricants," which is prominently displayed in front of her. She is wearing a yellow top and has a tag around her neck with the "Prince Lubricants" logo, set against a colorful car-themed background.	girl
15289971658	positive	15289971658.jpg	The image showcases a young woman with a big smile, exuding confidence and joy. Her expression is warm and inviting, with bright eyes that convey happiness and enthusiasm. She is holding a box of Prince Lubricants, and the vibrant colors of the product design complement her cheerful demeanor. The background features automotive-themed graphics in bright, lively colors, suggesting a dynamic and energetic atmosphere. The overall mood of the image is uplifting and positive, evoking feelings of excitement and friendliness, likely aimed at promoting the product in an engaging and approachable manner.	girl
15289971658	positive	15289971658.jpg	1 The main subject of the image is a woman standing and holding up a product box labeled "Prince Lubricants." She is wearing a matching "Prince Lubricants" band around her neck and has her hair styled long and straight. The product box prominently displays a graphic of an airplane and text that mentions synthetic oil. Another smaller product box is partially visible on the left side of the frame.2 The image features warm lighting that highlights the subject’s face and attire, creating a bright and vibrant atmosphere. The colors are predominantly yellow and blue, aligning with the branding of the "Prince Lubricants" product. The background is slightly blurred but includes dynamic, colorful elements that suggest a lively and energetic setting, possibly a promotional event or race track backdrop.3 The overall scene context is a promotional setting for "Prince Lubricants." The product display, combined with the woman's attire and cheerful expression, suggests an advertisement aimed at catching the viewer's attention. The energetic background reinforces the dynamic nature of the product, which is associated with automotive lubricants commonly used in high-performance vehicles.	girl
15289971658	positive	15289971658.jpg	In the image, a woman is standing with a smile, holding a product box of "Prince Lubricants" prominently in front of her. She is wearing a yellow top and yellow bottoms that match the color theme of the box she is holding and a large accessory that bears the same brand name around her neck. The background includes a blurred image of an airplane and a car, suggesting a dynamic and energetic setting. The product box features an image of an airplane and text indicating that it can be used with synthetic motor oil. The woman appears happy and engaging, adding to the positive atmosphere of the image.	girl
15289971658	positive	15289971658.jpg	The image uses vibrant colors predominantly featuring yellow and blue, which are strong and attention-grabbing. The lighting is bright and focused, highlighting the subject and the product she is holding. The composition centers the woman prominently, making her the focal point. An air of positivity is given by her smile and the bright, energetic colors. Spatial relationships show the product box close to her body while she holds up a yellow collar tag with bold text. The background is slightly blurred, ensuring the main subject stands out clearly. Notable details include the logo and text on the product and tag, along with a subtle, casual style indicated by the woman's attire and accessories. This creates an overall impression of enthusiasm and promotion.	girl
15289971658	positive	15289971658.jpg	In the image, a woman with a bright smile is holding a product box prominently featuring the brand "Prince Lubricants." She has long, straight hair and is wearing a matching color theme with yellow being prominent in both her attire and the product box. The background appears to be colorful and vibrant, possibly a promotional event or a backdrop related to automotive themes, with blurred imagery that suggests this could be an advertisement or marketing setup. The woman stands confidently, showcasing the product with enthusiasm, which conveys a positive sentiment about the brand. Her expression and posture suggest she is proud and happy to promote the item.	girl
15289971658	positive	15289971658.jpg	A smiling woman stands confidently showcasing a box of lubricant product branded with the "Prince" logo. The vibrant packaging features bold colors and a graphic airplane design. She wears a striking yellow outfit, seamlessly matching the theme of her presentation. In her background, the colorful backdrop displays more branding elements, creating a cohesive visual experience. Her long hair cascades down, adding a gentle contrast to her poised stance. The overall atmosphere is lively and engaging, highlighting the product's appeal.	girl
15865442280	positive	15865442280.jpg	The image showcases a person with long, straight brown hair wearing a brown knitted hood. Their eyes are large and expressive, accentuated with eyeliner and mascara, giving them a striking appearance. The person is gazing directly at the camera, with a neutral yet confident expression. Their lips are glossy and slightly pink, complementing their fair skin. On the left hand, which is partially visible, they are wearing a large, spherical, matte pink ring on the ring finger and have brightly painted fingernails. The background is dark and indistinct, drawing focus entirely to the person. The setting seems to be indoors, and the lighting highlights their facial features prominently, creating a warm and focused atmosphere.	girl
15865442280	positive	15865442280.jpg	The image features a close-up of a woman with long brown hair, wearing a brown hooded garment. She has striking makeup, including dark eyeliner and eyeshadow, along with pink lipstick and blush. Her expression is serene and somewhat elegant, accentuated by her hand partially visible with a large, round ring and painted pink nails.	girl
15865442280	positive	15865442280.jpg	The image features a serene and poised woman, gazing softly with a gentle expression. Her makeup, particularly the subtle pink tones on her cheeks and the glossy finish on her lips, adds a polished and thoughtful touch to her appearance. The way the lighting highlights her features creates a warm and inviting atmosphere. The brown knit hood draped over her shoulders exudes a sense of comfort and security. The combination of her neutral yet engaging expression and the cozy attire contributes to a calming and positive mood, evoking feelings of tranquility and elegance.	girl
15865442280	positive	15865442280.jpg	The main subject is a young woman with long brown hair, wearing a hooded brown sweater. Her face is the focal point, with intense eye contact and a soft smile. She has prominent eye makeup, including smoky eyeliner and mascara, which highlight her expressive eyes. Her lips are slightly glossy, adding to her approachable and confident look. She is holding her hand near her chest, showcasing a large spherical ring on her finger, which adds a touch of elegance. Her nails are painted bright pink, complementing her overall styling.Lighting plays a crucial role in this image, with a strong, focused light on her face, enhancing her features and creating a warm glow. The background is dark, ensuring that her face is the central element, and it contrasts nicely with her light makeup and the brown tones of her clothing. The colors in the image are earthy and warm, contributing to a cozy and intimate atmosphere.The overall scene suggests a casual yet stylish moment, possibly a fashion or beauty-related context. The composition and lighting create a sense of intimacy and confidence, making the viewer feel connected to the subject.	girl
15865442280	positive	15865442280.jpg	The image depicts a woman with long hair wearing a brown hooded garment. She has prominent eye makeup featuring dark eyeliner and well-defined eyeshadow. Her cheeks are subtly blushed, and she has a glossy pink lip. The woman is holding the hood with her left hand, revealing a large ring on her finger. She has a calm and composed expression, gazing directly into the camera with a slight smile, giving the whole scene a serene and stylish feel.	girl
15865442280	positive	15865442280.jpg	The image depicts a close-up portrait of a person with warm lighting highlighting their features. The person is wearing a brown hooded garment that frames their face softly, adding a cozy and intimate feel to the composition. The brown tones of the garment blend harmoniously with the person's medium-length, rich brown hair. Their makeup is well-defined, with smoky eyeshadow and neatly shaped eyebrows drawing attention to their expressive eyes. The rosy blush on their cheeks and glossy pink lips add a subtle pop of color, enhancing the overall warmth of the image. The person's gaze is gentle and direct, creating a sense of connection with the viewer. Notably, they are holding a large, round ring with a pinkish stone on their finger, which adds a touch of elegance. The soft, diffused lighting and the close framing contribute to a serene and positive atmosphere, making the image feel inviting and flattering.	girl
15865442280	positive	15865442280.jpg	In this image, there is a woman wearing a brown knitted hooded garment, likely a sweater or shawl, that covers her head and shoulders gracefully. Her long, straight hair cascades down one side of her face. She has striking features, including large, expressive eyes with dark, defined eyeliner and long lashes, rosy cheeks, and soft pink lips that add a touch of warmth to her appearance. Her gaze is directed towards the camera, giving an impression of confidence and poise. Her hand is gently posed near her chest, showcasing a large, round gemstone ring on her finger with pink nail polish that matches her lips. The background is dark, which helps focus attention on her face and expression, contributing to a positive and engaging atmosphere.	girl
15865442280	positive	15865442280.jpg	The image showcases a person with long, straight brown hair partially covering one shoulder. The hoodie they are wearing is textured and brown, blending with their hair and adding a sense of warmth to the scene. Their eyebrows are well-defined, complementing the subtle pink eyeshadow that accentuates their eyes. The skin tone is smooth, with a gentle blush highlighting the cheeks. Their lips are painted a soft pink, matching the overall makeup. One hand is visible, adorned with a large, glittery ring and bright pink nail polish, adding a pop of color against the muted tones of the hoodie. The lighting is soft and diffused, giving the image a serene and calm atmosphere.	girl
15136702749	positive	15136702749.jpg	This image shows a small caterpillar on a flowering plant stem against a blurred green background. The caterpillar is pale green with black and brownish spots and has a small black and white head with a pair of prominent black and white whiskers. It is feeding on the plant, which has bright pink buds and budding flowers. The setting is outdoors, likely in a garden or natural environment, with a soft focus on the background, emphasizing the caterpillar and the flowers. The overall atmosphere is calm and vibrant, suggesting a peaceful natural scene.	graden
15136702749	positive	15136702749.jpg	A black and white caterpillar clings to a flower stem, with vibrant pink blossoms surrounding it. The background features a soft green blur, emphasizing the caterpillar and flowers in the foreground. The scene conveys a sense of natural beauty and tranquility.	graden
15136702749	positive	15136702749.jpg	In the image, a small caterpillar is perched on a delicate flower stem, surrounded by vibrant pink blossoms against a soft, blurred green background. The composition evokes a sense of tranquility and natural beauty, inviting feelings of calm and appreciation for the simple wonders of nature. The gentle colors and the serene interaction between the caterpillar and the flowers create an atmosphere that is both peaceful and uplifting, inspiring joy and a sense of connection to the world around us. The scene captures a moment of innocent exploration and growth, adding to its positive and heartwarming sentiment.	graden
15136702749	positive	15136702749.jpg	The main subject of the image is a caterpillar, which is positioned on a vibrant pink flowering plant. The caterpillar, creamy with black spots and distinctive white markings, is centrally placed and crawling along the stem of the plant. Surrounding the caterpillar, the bright pink flowers create a striking contrast against the green, blurred background. The lighting appears soft and diffused, giving the image a gentle, natural feel, highlighting the details of the caterpillar and the delicate petals of the flowers. The overall scene suggests a tranquil outdoor setting, likely in a garden or a meadow, where nature is thriving. The harmonious arrangement of colors and the serene atmosphere convey a positive and uplifting sentiment.	graden
15136702749	positive	15136702749.jpg	The image depicts a caterpillar crawling on a cluster of vibrant pink flowers, likely feeding on them. The caterpillar is light green with distinctive black spots and markings. It is positioned on the delicate blossoms, with its head and front sections nestled among the petals, while the rest of its body stretches along the stem. The background is a soft, out-of-focus green, creating a natural and serene setting that highlights the caterpillar and flowers in the foreground. The overall scene conveys a sense of harmony and the beauty of nature.	graden
15136702749	positive	15136702749.jpg	The image displays a close-up view of a vibrant scene with a light greenish-yellow butterfly larva climbing on a delicate pink flowering plant. The background is a smooth, out-of-focus green that enhances the sharpness and colors in the foreground. The larva, which features a pale yellow body with distinctive black spots, provides a stark contrast against the soft pink petals and the budding green foliage of the plant. The lighting appears to be natural, highlighting the intricate details of the larva's body and the delicate structure of the flowers. The composition centers the larva prominently, making it the focal point while the surrounding blossoms add depth and interest to the scene. The overall atmosphere is serene and captures the beauty of nature in a simple yet striking manner.	graden
15136702749	positive	15136702749.jpg	This image captures a vibrant moment in nature featuring a white butterfly with black spots resting on a cluster of delicate pink flowers. The blossoms are small and numerous, with each petal displaying a vibrant shade of pink, creating a striking contrast against the backdrop of lush green foliage. The butterfly's wings are closed, and its delicate, spotted body is positioned gracefully on the stem of the flowers, highlighting the intricate details of both the insect and the blossoms. The scene is bathed in soft, natural light, which enhances the beauty and tranquility of the moment, evoking a sense of peace and connection with the natural world. The combination of the colorful flowers and the detailed patterns on the butterfly creates a visually captivating and serene image.	graden
15136702749	positive	15136702749.jpg	A close-up view of a yellow and black-striped caterpillar perched on a vibrant pink flowering plant, with its antennae moving subtly among the buds and blooms. The backdrop is a soft, blurred green, drawing attention to the intricate details of the caterpillar and its colorful host plant.	graden
2342106085	positive	2342106085.jpg	In this black and white photograph, a woman dressed in a nun's habit stands at the entrance of a building. The nun appears to be wearing a traditional habit, including a long black robe and a white wimple that covers her head and shoulders. She has a solemn expression on her face. The building, which the nun stands in front of, features a large wooden door with ornate metal hardware, including a door knocker and perhaps a信箱插口. The doorway is framed in a rough-hewn brick archway, giving it an old-world charm.Above the door, the number "13" is mounted, indicating the address. A circular plaque with an inscription is attached to the left of the door. To the right of the door frame, the facade of the building shows signs of age, with patches of plaster missing and patches of wear and tear visible on the brick wall. Two rectangular windows with dark frames are situated on the upper part of the wall, their shutters partially closed, adding to the worn appearance of the building.The overall atmosphere of the image is quiet and contemplative, with the aged facade and the solemn posture of the nun contributing to a sense of history and simplicity. There is a certain solemnity and serene dignity to the scene, evoking a sense of traditional reverence.	grandfather
2342106085	positive	2342106085.jpg	The image shows a woman standing by a door marked with the number 13. She is wearing a black cloak and a white headscarf. The building has a traditional look with visible textures and architectural details, creating a nostalgic or historical atmosphere.	grandfather
2342106085	positive	2342106085.jpg	The image conveys a sense of peacefulness and calm. The woman standing in front of the door exudes a quiet dignity and serenity, suggested by her steady posture and the simplicity of her attire. The black and white tone of the photograph adds a timeless quality, evoking a sense of nostalgia and tranquility. The worn texture of the wall and the numbered door hint at history and continuity, suggesting stories of everyday life that have unfolded over time. The overall atmosphere is one of quiet solitude and reflective stillness, enhanced by the soft lighting and the subtle shadows cast on the building's facade.	grandfather
2342106085	positive	2342106085.jpg	The image shows a woman dressed in a long, dark cloak with a head covering standing beside a doorway. The door, numbered 13, is set into a textured brick wall with two rectangular windows on either side. The woman is slightly leaning against the wall, next to the door. The lighting appears to be natural, potentially from an indirect source, casting gentle shadows without harsh highlights. The monochrome color scheme adds a timeless and somewhat historical feel to the photograph. Overall, the scene conveys a sense of quietness and contemplation, perhaps evoking a historical or cultural context. The composition directs attention to the interaction between the woman and the architectural elements, creating a serene and introspective mood.	grandfather
2342106085	positive	2342106085.jpg	A person wearing a traditional nun's habit stands in front of a wooden door marked with the number 13. The door is part of a building with a brick facade, and two windows with shutters are visible on either side. The person is looking towards the camera, with their hands gently clasped in front of them. The image appears to be in black and white and captures a moment of quiet, evoking a sense of contemplation or serenity.	grandfather
2342106085	positive	2342106085.jpg	The sepia tones in this black and white image evoke a sense of nostalgia and warmth, providing a timeless quality. The lighting casts soft, gentle shadows, enhancing the overall serene and contemplative mood. The composition centers on the figure standing in front of the door, drawing the viewer's eye immediately to her presence. The spatial relationship between the person and the door frame adds a sense of intimacy and introspection. Notable details, such as the textured brick wall and the intricate door design, add depth and character to the scene. The overall atmosphere is one of quiet reflection and peace, contributing to a positive sentiment.	grandfather
2342106085	positive	2342106085.jpg	This black and white photograph depicts a woman standing outside an old brick building with a distinctive entrance. The entrance features an aged wooden door adorned with ornate carvings and a circular decorative plate that has the number 18 on it, signifying the address. The doorway is accentuated by an arch-shaped stone frame, adding a touch of historical charm to the building's facade. To the right of the door are two tall, narrow windows with wooden frames. The woman, dressed in a long, dark coat and a white headscarf, stands in front of the door, looking towards the camera. The weathered texture of the brick wall and the slightly worn appearance of the doorway give the scene a timeless, almost nostalgic atmosphere. The simplicity of the composition and the historic architectural elements contribute to the overall serene and contemplative mood of the image.	grandfather
2342106085	positive	2342106085.jpg	A vintage photograph captures a quiet scene at the entrance of a building featuring visible textures and unique details. The person standing near a dark wooden door framed by a distinct arched doorway shows a contemplative expression. The doorway is adorned with an ornate sign and the building number, hinting at a historical or preserved setting. The surrounding walls exhibit patches of peeling paint, adding to the authentic and aged character of the scene. Nearby windows with dark panes and distinct frames offer a glimpse into the architectural style prevalent in older structures.	grandfather
2508957666	positive	2508957666.jpg	The image is a framed black-and-white photograph showcasing a group called the "Blacksmith Force of 27 Years Ago." The photograph appears to be from around 1928, capturing a moment from the Paris, Tenn., shops. The setting is outdoors, with a brick wall in the background.The group consists of approximately fourteen men, arranged in two rows. The front row has five men seated, while the back row consists of nine men standing. The men are dressed in work attire typical of that era, including overalls, shirts, and hats, with some wearing suspenders. Several men have tools or hatbands, indicating their roles as blacksmiths. They are positioned close together, suggesting camaraderie and teamwork.At the top of the photo, the title "BLACKSMITH FORCE OF 27 YEARS AGO" is prominently displayed. Below the image, there is a caption providing details about the individuals. It mentions that the photograph was taken at Paris, Tenn., in 1928. It identifies the foreman as R. J. Dean and lists names of the individuals in the photo by rows: R. Armstrong, Alex Parker, D. O. McClure, L. L. Barrett, Isaac Bunn in the front row; Frank Travis, John Fritz, Jesse Pafford, George Oswald in the second row; and Richard Farris, John Walters, Carlyle Barnes, Edd Hull in the back row.The photograph conveys a sense of historical significance and pride, capturing a moment in time that highlights the craftsmanship and community of a bygone era. The atmosphere is respectful and nostalgic, emphasizing the rich heritage of the blacksmithing profession.	grandfather
2508957666	positive	2508957666.jpg	The image is a framed black and white photograph titled "Blacksmith Force of 27 Years Ago" showing a group of men, likely a blacksmith team, posing for a group photo in front of a brick wall. They are dressed in work clothes typical of the early 20th century, and the caption provides their names and positions, including the foreman, R. J. Dean. The group is arranged in three rows, with some seated and others standing, capturing a formal moment from the year 1928 in Paris, Tennessee.	grandfather
2508957666	positive	2508957666.jpg	The image conveys a positive sentiment as it captures a sense of unity and camaraderie among the group of blacksmiths. The men are posed closely together, suggesting a strong sense of friendship and teamwork. Their attire reflects pride in their profession, with some members wearing aprons and others displaying tools, highlighting their expertise and dedication. The shared smiles and relaxed stances contribute to a warm and inviting atmosphere, evoking feelings of nostalgia and respect for their craft. The description below the photograph, mentioning their work and listing their names, adds a personal touch, further emphasizing the positive emotions tied to their collective identity and shared history.	grandfather
2508957666	positive	2508957666.jpg	The photograph features a group of men standing and seated in front of a brick wall, titled "Blacksmith Force of 27 Years Ago." The main subjects, dressed in early 20th-century attire, likely blacksmiths, are arranged in three rows; the front row is seated, while the middle and back rows are standing. This arrangement highlights the foreman, R. J. Dean, who stands at the far left and is notable for his formal attire with a vest and bow tie, setting him apart as a leader. Other individuals wear aprons, indicative of their work environment.The lighting is even, suggesting a natural or diffused artificial light source, which casts soft shadows. The sepia tones give the image a vintage appearance, enhancing the historical context. The scene captures a moment of camaraderie and pride among the workers, likely taken to commemorate their collective effort and achievements over 27 years.The overall context is industrial and historical, reflecting the working conditions and social dynamics of a blacksmith shop in Paris, Tennessee, in 1928. The caption provides a narrative of the individuals and their roles, adding depth to the image and offering insight into their professional lives.	grandfather
2508957666	positive	2508957666.jpg	The image is a vintage group photograph titled "Blacksmith Force of 27 Years Ago." It features a group of men standing and sitting in front of a brick building, likely taken during the year 1928. The caption at the bottom mentions that this group was a blacksmith force from Paris, Tennessee. The men are dressed in work attire typical of the early 20th century, with several wearing heavy coats and aprons. Some men have their hands resting on hats, while others have their hands clasped or crossed. The individuals are arranged in three rows, with the back row standing, the middle row sitting on a ledge, and the front row seated on a lower surface. The mood of the group appears solemn and formal, reflecting the serious nature of their work as blacksmiths. The image captures a sense of camaraderie and pride among the workers, likely commemorating their collective effort and contribution to their craft.	grandfather
2508957666	positive	2508957666.jpg	The photograph showcases a group of men, presumably a blacksmith force, from Paris, Tennessee, in 1928. The image features a nostalgic black-and-white palette, typical of the era, evoking a sense of historical significance. The lighting is even, highlighting the faces and expressions of the men without creating harsh shadows, which adds to the clarity and seriousness of the scene.The composition is structured with the men arranged in three rows – front, middle, and back – which creates a sense of depth and organization. This arrangement showcases each individual while maintaining a cohesive group dynamic. The men are dressed in work attire, including aprons and overalls, indicating their occupation as blacksmiths. Some hold tools, further emphasizing their trade.Spatially, the men are positioned close together, suggesting camaraderie and unity among the group. Their proximity to one another conveys a sense of teamwork and shared purpose. The backdrop is a brick wall, adding texture to the image without distracting from the subjects.Notable details include the expressions on the men’s faces, which range from serious to mildly smiling, reflecting a range of emotions that add a human element to the photograph. The title "BLACKSMITH FORCE OF 27 YEARS AGO" at the top sets the historical context, while the descriptive text at the bottom provides names and roles, personalizing the image and adding a layer of historical documentation. Overall, the image exudes a solemn yet proud atmosphere, celebrating the heritage and collective identity of the blacksmith force.	grandfather
2508957666	positive	2508957666.jpg	This is an old black and white photograph depicting a group of men known as the "Blacksmith Force of 27 Years Ago." The image portrays the members of a blacksmith team from Paris, Tennessee, who were photographed in 1928. There are 15 men in the photo, dressed in work attire typical of the early 20th century. Some are wearing aprons and others are casually dressed in shirts and pants. The setting appears to be a blacksmith shop, as suggested by the brick wall and the tools that some of the men are holding. The men are standing and sitting in rows, all looking towards the camera with neutral or mildly smiling expressions. The caption under the photograph provides the names and positions of the individuals: Foreman R. J. Dean and others including R. Armstrong, Alex Parker, and D. O. McClure in the front row; Frank Travis, John Fritz, and others in the second row; and Richard Ferris, John Walters, and others in the back row. The overall sentiment of the image is positive, capturing a moment of camaraderie and pride among the members of the blacksmith team.	grandfather
2508957666	positive	2508957666.jpg	Captured within the frame is a nostalgic snapshot of a bygone era, showcasing a blacksmith force from 27 years prior. The photograph features a group of men standing and sitting in front of a brick wall, giving the impression of camaraderie and hard work. Each individual is outfitted in period attire, including overalls and aprons, signifying their laborious profession. The front row displays several men seated, while the back row consists of men standing proudly. A caption below the image provides context, identifying specific individuals and highlighting their roles within the group, such as the foreman. The overall mood evoked is one of unity and resilience, reflecting a close-knit team of craftsmen from the early 20th century.	grandfather
4008698178	positive	4008698178.jpg	The image features two individuals, an elderly person and a young child, in a black and white photograph. The elderly person is wearing a checkered flat cap and round glasses, with a warm smile visible on their face. They are holding the child, whose expression appears neutral or slightly curious. The child, with curly hair, is dressed in a patterned outfit with a combination of stripes and spots. The background is plain and light-colored, providing a simple, uncluttered setting that highlights the subjects. The overall atmosphere of the image conveys a sense of affection and tenderness, capturing a moment of connection between the two individuals.	grandfather
4008698178	positive	4008698178.jpg	In this touching photo, an elderly person wearing a tweed hat and glasses gently holds a young child with curly hair dressed in a striped outfit. The scene captures a tender moment with the child leaning against the elder, radiating warmth and affection.	grandfather
4008698178	positive	4008698178.jpg	The image showcases a tender moment between an elderly person and a young child, exuding warmth and affection. The elderly person, clad in a tweed cap and glasses, beams with a gentle smile, radiating wisdom and contentment. Their eyes reflect a sense of joy and love as they hold the child close. The child, dressed in a striped outfit, gazes directly at the camera with a calm and curious expression, adding innocence to the scene. The closeness of their embrace and the soft, neutral background enhance the intimate and heartwarming atmosphere, creating a feeling of serene happiness and familial bond.	grandfather
4008698178	positive	4008698178.jpg	The image features an elderly woman holding a young child, with their heads close together, creating a sense of warmth and affection. The woman is wearing glasses and a flat cap with a houndstooth pattern, and the child is dressed in a patterned top. The lighting is soft and even, suggesting a calm setting and highlighting the gentle expressions on their faces. The monochromatic color scheme enhances the timeless and serene mood of the scene. Both individuals have a tender and content look, suggesting a close bond. The background is neutral, keeping the focus on the interaction between the two subjects. The overall scene evokes feelings of love, care, and familial connection.	grandfather
4008698178	positive	4008698178.jpg	The image shows a tender moment between an elderly woman and a young child. The elderly woman is holding the child affectionately in her arms. The child, who appears to be a toddler, is dressed in a patterned outfit, while the elderly woman wears a patterned cap and glasses. The elderly woman smiles gently at the camera, while the child looks directly at the camera with a calm expression. The scene captures a bond of love and care between the two individuals, conveying warmth and affection.	grandfather
4008698178	positive	4008698178.jpg	The black and white image captures a heartwarming moment between an elderly person and a young child. The lighting is soft and even, preventing harsh shadows and highlighting the tender expressions on their faces. The composition centers the pair closely together, emphasizing their connection. The elderly person is wearing a houndstooth cap and glasses, with a gentle smile that exudes warmth and affection. The child, with a curious yet calm expression, leans slightly against the elder, suggesting trust and comfort. The child's outfit, with its playful striped pattern, adds a touch of innocence to the scene. The spatial relationship between them, with the child’s arm around the elder, conveys a sense of closeness and love, making the overall sentiment of the image deeply positive and touching.	grandfather
4008698178	positive	4008698178.jpg	In the image, there is a tender moment captured between an elderly person and a young child. The elderly individual, with a warm and gentle smile, wears a checkered hat, round glasses, and a sweater. They hold the child close, offering a comforting presence. The child, standing in front of the elder, looks on with a serene and curious expression, their tiny hands reaching up to hold onto the elder's arm. Both are dressed in soft, cozy clothing, suggesting a close, loving relationship. The overall atmosphere of the photo radiates warmth and affection, highlighting the bond between the generations.	grandfather
4008698178	positive	4008698178.jpg	In this black-and-white photograph, a young child stands close to an older person, their interaction capturing a gentle moment of connection. The child, with a contemplative expression, is dressed in a patterned outfit, while the older individual wears a checkered cap and glasses, exuding a sense of warmth through subtle smiles and relaxed posture. The background remains light and unobtrusive, emphasizing the bond between them and drawing attention to their expressions and attire. The soft lighting highlights the textures of their clothing and the contours of their faces, evoking a timeless, serene atmosphere.	grandfather
7544408466	positive	7544408466.jpg	In the image, a grassy meadow stretches out under a cloudy sky, showcasing an open and spacious natural setting with vibrant green grass dotted with yellow wildflowers. Two horses are prominent in the scene; one is a chestnut brown horse with a dark mane, grazing peacefully on the left side, while another horse, mostly obscured, is on the right side, facing the camera.A man, likely elderly, stands on the right side of the image, holding the hand of a young child. The man has a white head and is dressed in a dark jacket and jeans, examining something in his other hand. The child, standing next to him, is dressed in a light blue long-sleeve shirt and light-colored pants and looks ahead, somewhat curious or contemplative.The overall atmosphere is calm and serene, capturing a moment of connection between people and nature. The colors are rich and natural, evoking a peaceful family outing in the countryside.	grandfather
7544408466	positive	7544408466.jpg	In this serene pastoral scene, an elderly man and a young boy are walking through a lush green field dotted with yellow flowers, holding hands. A horse stands nearby, adding a sense of tranquility and connection to nature. The backdrop of rolling hills under a cloudy sky enhances the peaceful and timeless atmosphere.	grandfather
7544408466	positive	7544408466.jpg	The image captures a serene and heartwarming moment between an older man and a young child walking hand-in-hand through a lush, green field dotted with delicate yellow flowers. The older man's gentle demeanor and the child's sense of security in his side glance reflect a bond of trust and care. The presence of the majestic brown horse, peacefully grazing nearby, adds to the tranquil atmosphere, evoking feelings of harmony and simplicity. The expansive landscape, painted in soft greens and subtle overcast skies, contributes to a sense of calm and contentedness. The overall sentiment is one of peaceful coexistence and the cherished moments shared between generations.	grandfather
7544408466	positive	7544408466.jpg	1 The main subjects in the image are an elderly man, a child, and two horses. The elderly man and the child are standing close to each other in the center of the image, holding hands, while the horses are positioned on either side of them, creating a balanced composition.2 The lighting in the image is natural, suggesting it was taken outdoors during the daytime. The sky is partly cloudy but allows enough sunlight to create a bright and even illumination. The colors in the image are vibrant, with the green grass and yellow flowers creating a lively and cheerful atmosphere. The horses are brown, adding warmth to the scene, and the man and child are dressed in neutral tones which complement the natural colors around them.3 The overall scene context is peaceful and pastoral, set in a lush, open field with rolling hills in the background. The presence of the horses and the rural setting evoke a sense of calm and connection with nature. The interaction between the man and the child, along with the gentle presence of the animals, suggests a moment of bonding and tranquility.	grandfather
7544408466	positive	7544408466.jpg	In the image, an elderly man and a young child are walking through a lush, green field dotted with yellow flowers. The man is holding the child's hand as they both look at the horses around them. A brown pony stands close to them while another horse is visible towards the right. The serene landscape features gentle hills and scattered buildings in the background, creating a peaceful and heartwarming scene.	grandfather
7544408466	positive	7544408466.jpg	The image conveys a sense of warmth and connection. The colors are vibrant, with the lush green grass dotted with bright yellow flowers creating a cheerful and lively atmosphere. The lighting is soft and natural, suggesting an overcast day that diffuses light evenly across the scene, eliminating harsh shadows and enhancing the clarity of the subjects. The composition is balanced, with the elderly man and the child positioned centrally, holding hands, which adds an element of intimacy and support. The two horses flank them on either side, their calm presence contributing to the serene setting. The background features rolling hills under a cloudy sky, adding depth to the image without overwhelming the primary subjects. The overall spatial relationships and interactions among the elements evoke feelings of harmony and peacefulness.	grandfather
7544408466	positive	7544408466.jpg	In a serene, expansive field filled with lush green grass and small yellow flowers, an elderly man and a young child are holding hands, creating a picture of tenderness and connection. The man, dressed in a brown jacket and blue jeans, stands beside a small chestnut brown horse, their calm presence blending harmoniously with the pastoral setting. The child, wearing a light blue outfit, looks on with curiosity and innocence. Nearby, another horse, partially visible on the right, adds to the peaceful rural scene. The gentle hills rolling into the distance under a partly cloudy sky enhance the tranquil and heartwarming atmosphere of this countryside moment.	grandfather
7544408466	positive	7544408466.jpg	In this image, the vast green field stretches out under a partially cloudy sky, dotted with delicate yellow flowers that add a subtle pop of color to the scenery. The focus, however, is on the intimate moment shared between an elderly man with a bald head and a young child, possibly his grandchild, holding hands as they walk side by side. The man wears a dark jacket and jeans, suggesting a casual and comfortable outing, while the child is dressed in a light-colored sweater and pants. To their left, a brown pony stands calmly, facing the path that the pair is taking, adding a serene and pastoral element to the scene. Another pony is partially visible to the right, adding depth to the composition. The combination of the tender interaction between the two individuals and the tranquil rural setting creates a peaceful and heartwarming atmosphere.	grandfather
17299855	positive	17299855.jpg	The image shows a person with light brown hair smiling towards the camera. They are wearing a large black hat that almost covers their ears, with a visible red tag hanging from the side. The person appears to be indoors, surrounded by various objects and furniture, including some dark shelves in the background and lit wall-mounted lamps. The lighting is bright, with reflections from ceiling lights creating a somewhat warm and pleasant atmosphere. The person's positive expression and relaxed demeanor contribute to the overall cheerful sentiment of the image.	hat
17299855	positive	17299855.jpg	A woman with red hair is wearing a wide-brimmed black hat and smiling directly at the camera. She appears to be in a store or a room with overhead lights, and the tag on the hat suggests it is new. Her expression seems happy and welcoming.	hat
17299855	positive	17299855.jpg	The image depicts a person with a broad smile, exuding a sense of happiness and positivity. The wide-brimmed black hat they are wearing adds a touch of elegance and charm, enhancing their cheerful appearance. The background, while somewhat dimly lit, suggests a cozy indoor setting with warm lighting, contributing to a relaxed and inviting atmosphere. The person's relaxed facial expression and the slight blush on their cheeks further emphasize a feeling of contentment and joy. Overall, the combination of the person's radiant smile, the warm lighting, and the comfortable setting creates an uplifting and pleasant mood.	hat
17299855	positive	17299855.jpg	The main subject is a person with shoulder-length, wavy hair, wearing a black hat and a blue top. A tag hangs off the hat, indicating it may be new or freshly purchased. The person is smiling, suggesting a happy or positive moment. The background appears to be inside a store with shelves and lighting fixtures visible above, indicative of a retail environment. The lighting is bright and focused on the person’s face, highlighting the cheerful expression. The colors are mostly neutral, with the black hat contrasting against the lighter background and subtle warmth from the lighting. The overall scene conveys a casual and pleasant atmosphere, likely capturing a moment of shopping or trying on new accessories.	hat
17299855	positive	17299855.jpg	The image shows a person wearing a black hat with a wide brim, which features a tag attached to it. The person has shoulder-length brown hair and is smiling directly at the camera. The background appears to be indoors, possibly in a store or a shop, with dim lighting and some visible hanging lights and shelves. The person's expression and pose suggest a positive and cheerful mood.	hat
17299855	positive	17299855.jpg	In this image, the subject is wearing a large black hat, which casts a slight shadow over their face. The lighting is soft and warm, creating a gentle glow that enhances the subject's facial features. The background is dimly lit with overhead lights, accentuating the subject as the focal point. This person is smiling, with eyes crinkled in a cheerful expression, adding to the positive sentiment. The tag hanging from the hat suggests it may be new or recently purchased. Overall, the image conveys a joyful and content atmosphere through the subject's expression and the warm, inviting lighting.	hat
17299855	positive	17299855.jpg	In this image, there is a person wearing a large black hat with a wide brim that covers most of their head. The person has long, wavy hair that falls freely around their shoulders. They are smiling, revealing their teeth, and their expression appears to be happy and content, which contributes to a positive sentiment in the scene. The lighting is somewhat dim with a few overhead lights visible, and it seems to be an indoor setting, likely a store or a boutique, as suggested by the tag hanging from the hat, which is often seen in retail environments. The person seems to be enjoying the moment, adding a cheerful vibe to the overall atmosphere of the image.	hat
17299855	positive	17299855.jpg	The setting of this image appears to be indoors with a somewhat dimly lit background featuring a few ceiling lights. The individual is facing the camera and is wearing a wide-brimmed black hat, which stands out against their lighter hair. The hat’s brim casts a subtle shadow around their face, adding depth to their expression.The person's hair is a reddish-brown color and falls loosely around their shoulders in a bit of waves. They are smiling directly at the viewer, revealing a set of well-aligned teeth. There is a noticeable tag hanging from the hat, likely indicating it is a new purchase. The tag is red with white text, though the details on it are not clear.The background contains a mix of what seems to be shelving or racks and scattered items, giving an impression of either a store or a casual, cluttered space. The overall atmosphere is casual and relaxed, capturing a candid moment of the individual enjoying their time indoors.	hat
5796862956	positive	5796862956.jpg	The image depicts two individuals on horseback herding a brown cow with a red face marking within an enclosed area. The riders are moving across a dusty, dirt-covered surface inside a fenced pen. Both riders are wearing cowboy hats and appear to be engaged in a task related to livestock management.The horse on the left, ridden by an individual in a plaid shirt and jeans, is mid-stride and kicking up dust as it moves. The horse on the right, ridden by someone in a blue shirt and jeans, is similarly moving forward, following the first horse. The second horse has a light brown saddle and is also kicking up dust.In the background, there are dense green trees and bushes, indicating a rural or natural setting. The sky is overcast, creating a soft, diffused light over the scene. The fence is constructed of white wooden panels and appears sturdy, enclosing the arena where the activity is taking place. The overall atmosphere is one of rural life and agricultural work, conveying a sense of diligence and community in a countryside setting.	horse
5796862956	positive	5796862956.jpg	Two men are riding horses in an enclosed dirt arena, chasing a calf that is running ahead of them. The scene is set outdoors with trees in the background and a fence surrounding the arena, creating an action-packed rodeo moment.	horse
5796862956	positive	5796862956.jpg	The image depicts a serene and pastoral scene set in a fenced enclosure, likely a rodeo arena or ranch field. Two riders on horses are in pursuit of a cow, a classic rodeo activity that conveys a sense of action and skill. The riders are poised and focused, suggesting determination and excitement. Their attire is typical of cowboys or riders, adding authenticity and a sense of tradition to the scene.The background is lush with green trees and a clear sky overhead, contributing to a peaceful and vibrant atmosphere. The sunlight filters through the trees, casting natural light that enhances the outdoor setting. The earthy ground covered in dirt and the kicks up by the horses add a dynamic element, highlighting the movement and energy of the moment.The overall mood is one of adventure and a connection to nature. The activity taking place exudes a sense of camaraderie and the thrill of the chase. The harmony between the riders, horses, and environment evokes positive emotions, celebrating rural life and the freedom associated with it.	horse
5796862956	positive	5796862956.jpg	The main subjects in this image are two individuals on horseback, who appear to be participating in a chase or roping activity in what looks like a fenced corral or arena. They are positioned side by side, racing towards a brown calf with a red noseband. The rider on the left wears a plaid shirt and a white cowboy hat, while the one on the right is dressed in a blue shirt. Both are wearing jeans and boots.Visual elements such as lighting and colors contribute to the dynamic nature of the scene. The lighting appears to be natural, likely late afternoon, creating soft shadows and enhancing the motion of the subjects. The earthy tones of the dirt ground and the greenery in the background provide a classic western ambiance. The contrast of the brown horses against the lighter-colored corral fence and green trees adds depth and clarity to the image.The overall scene context suggests a traditional rodeo or cattle herding activity, which evokes a sense of excitement and action. The presence of dust kicked up by the horses and the focused posture of the riders indicate the fast-paced nature of their pursuit. The image, rich in movement and traditional western elements, conveys a feeling of adventure and skill.	horse
5796862956	positive	5796862956.jpg	The image shows a dynamic scene set in a fenced enclosure with a dirt ground, likely a ranch or rodeo arena. Two cowboys are riding horses; one is wearing a white cowboy hat and another cowboy hat is partially visible on the second rider. Both horses are in motion, kicking up dust as they gallop towards a calf running ahead of them. The horse with the cowboy in the white hat appears to be chasing or roping the calf, a common event in rodeo activities. The background features lush green trees, suggesting a natural, outdoor setting. The overall atmosphere is lively and action-packed, capturing the energy and skill involved in traditional cattle roping.	horse
5796862956	positive	5796862956.jpg	The image portrays a lively and dynamic scene set in a rustic outdoor arena with lush green foliage in the background. The colors in the image are vibrant with a harmonious blend of earthy tones and natural hues. The brown color of the horses and the calf contrasts beautifully with the green backdrop, giving the scene a warm and inviting feel. The white fencing provides a balancing contrast to the overall warm color palette. The lighting appears to be natural, likely during the daytime, casting soft shadows that add depth and texture to the image. The composition is balanced, with two riders on horseback positioned slightly off-center, drawing the viewer's eye towards the action. The dirt ground and the visible dust kicked up by the horses add a sense of movement and excitement to the scene.Spatial relationships are well-defined, with the horses and riders in the foreground and the lush greenery providing a serene backdrop. The interaction between the calf and the riders suggests an engaging activity, possibly a rodeo or a cattle round-up, which adds a layer of storytelling to the image. Notable details such as the riders' attire, including hats and boots, and the focused expressions on their faces, contribute to the authenticity and intensity of the moment captured.	horse
5796862956	positive	5796862956.jpg	In the image, two riders on horseback are chasing a small brown calf within an enclosed dirt arena. The rider on the left is wearing a plaid shirt and a white cowboy hat, while the rider on the right is in a blue shirt. Both riders are expertly guiding their horses in pursuit of the calf, which has a red mark on its face and is kicking up a trail of dust as it runs. The background features a white fence, beyond which tall green trees stretch into the sky, indicating the scene likely takes place on a ranch or in a rural setting. The action and energy captured depict a dynamic moment, typical in rodeo events or cattle herding activities.	horse
5796862956	positive	5796862956.jpg	In the midst of action, two riders chase a brown calf across a dusty field, their horses in full gallop as they kick up clouds of earth behind them. The scene captures dynamic movement with the riders leaning forward, focused intently on their task. Their attire is casual and practical, suited for the activity. The fence in the background and the green foliage offer a contrasting calm to the intense chase. The backdrop of trees provides a natural border to the open space, emphasizing the rural setting of this activity.	horse
16647044929	positive	16647044929.jpg	The image is a black and white photograph of a narrow street in what appears to be an old European town. On the left side of the image, there is a tall, ornately designed building featuring a small tower with a pointed roof, giving it a quaint, historical feel. The architecture includes stepped gables, decorative elements around the windows, and decorative brickwork patterns, characteristic of medieval or renaissance styles. The right side of the image shows a similar but slightly different building facade with large windows and a dark wooden door. Between these two buildings, there is a short building with an even darker facade and a prominent arched window above the door. The street is steep, and the buildings are closely packed together, suggesting a dense urban area. The sky is mostly clear but slightly overcast, adding to the moody and atmospheric quality of the scene. There are no people visible in the image, which gives it a serene, timeless ambiance. Shadows cast by the buildings add depth and contrast to the photograph.	house
16647044929	positive	16647044929.jpg	This black and white image captures a quaint, narrow street between medieval-style buildings with intricate architectural details. The buildings, made of brick with steeply pitched roofs and tall, narrow windows, exude a historical and charming atmosphere under a cloudy sky. The prominent doorways and a unique turret add character, giving the scene an old-world European feel.	house
16647044929	positive	16647044929.jpg	This black and white photograph captures a picturesque scene of historical brick buildings with intricate architectural details. The structures, possibly in a European setting, evoke a sense of timeless charm and character. The composition includes a notable tower and arched entryways, which add depth and richness to the image. The overall atmosphere is serene and majestic, with shadows accentuating the textures and contours of the buildings. The clear sky in the background adds a touch of openness and tranquility, contributing to a nostalgic and uplifting emotional tone.	house
16647044929	positive	16647044929.jpg	The main subjects in the image are the historic brick buildings that frame the scene, with one featuring a distinctive turret on the left and another with a prominent arched doorway on the right. These buildings have detailed, stepped gables and tall, narrow windows, which are characteristic of old European architecture. The foreground includes a small passageway that leads toward the buildings, creating a sense of depth.The visual elements feature a soft, natural lighting that casts gentle shadows on the buildings, highlighting their textures and architectural details. The image is in black and white, which enhances the contrast between the dark elements of the buildings and the lighter sky, adding a timeless quality to the scene.The overall context of the scene suggests a quaint, historic European town, likely a preserved area with architectural heritage. The absence of modern elements contributes to a serene and nostalgic atmosphere, emphasizing the timeless beauty of the old structures.	house
16647044929	positive	16647044929.jpg	The black and white photograph captures a series of historic buildings with distinctive architectural details. The structures are constructed with brick and stone, showcasing a variety of window designs and decorative elements. A prominent feature is the cylindrical turret with a conical roof on the left side of the image, adding a medieval flair to the scene. The narrow street creates a sense of depth and leads the viewer's eye through the image. There are no people or moving objects visible, suggesting a quiet and serene environment. The sky is clear, contributing to the timeless, calm atmosphere of the setting.	house
16647044929	positive	16647044929.jpg	The black and white image showcases a picturesque scene of historic buildings that exude a charming and timeless vibe. The warm, soft lighting enhances the intricate architectural details, casting gentle shadows that add depth and texture to the brick facades. The composition is balanced, with buildings on either side converging towards a central point, drawing the viewer's eye into the scene. The spatial relationships between the structures create a sense of depth and perspective, highlighting the narrow alleyway between them. Notable details include the ornate gables, large windows, and the distinctive turret, which add character and interest to the overall view. The harmonious blend of these elements evokes a feeling of nostalgia and tranquility, making the scene visually appealing and emotionally uplifting.	house
16647044929	positive	16647044929.jpg	This black and white photograph captures a charming street scene in what appears to be a historic European town. The architecture is distinctly medieval, with multi-story buildings lining the narrow street. The buildings feature steeply pitched gables and tall, narrow windows, adding to the classic aesthetic.On the left side, a building with intricate brickwork and decorative elements draws attention, including a tower with a conical roof that adds a unique focal point to the scene. The central building in the photo showcases a prominent arched wooden door, which appears to be the entrance to a courtyard or inner alley, framed by a small window above it. The adjacent structures on the right have equally detailed facades, with large, multi-paned windows and stepped gables.The image evokes a sense of timelessness and historical richness, inviting viewers to imagine walking through this picturesque, old-world alley. The absence of modern elements enhances the feeling of stepping back into the past, and the monochromatic palette adds to the nostalgic ambiance. Overall, the photo exudes a positive sentiment, highlighting the beauty and charm of historical architecture.	house
16647044929	positive	16647044929.jpg	In this monochrome scene, the architectural ensemble captures an ethereal quality through its varied textures and historical details. The building on the left, adorned with intricate brickwork and protruding patterns, exhibits an almost whimsical charm with its conical turret reaching toward the sky. Adjacent to it, structures with steeply gabled roofs create a rhythmic architectural rhythm, reminiscent of a storybook setting. The central building with its ornate arched doorway and protruding window frames introduces a sense of depth and invitation. The overall atmosphere is serene and timeless, evoking nostalgia and a deep appreciation for historical craftsmanship. Shadows and light play delicately across the facades, highlighting the textures and embellishments that define this picturesque urban landscape.	house
1968910048	positive	1968910048.jpg	The image depicts a serene rural landscape under a clear blue sky with no clouds in sight. Central to the scene is a rustic, weathered barn made of wood with a curved metal roof. To the right of the barn, there is a similarly constructed house, featuring a grayish-blue roof and a light exterior, surrounded by several bare trees with a few leafy branches visible. The ground in the foreground is covered with tall, dry grass and shrubs, suggesting a late autumn or early winter setting. Bare trees, with stark, bare branches, are scattered throughout the scene, enhancing the sense of quiet and openness. The overall atmosphere of the image conveys calmness and simplicity, with the clear blue sky and the unoccupied buildings suggesting a peaceful countryside setting.	house
1968910048	positive	1968910048.jpg	This image depicts a small wooden barn with a gray roof, set against a backdrop of leafless trees and a bright blue sky. To the right, there is a quaint house with a similar roof color, surrounded by more trees, all under a clear, sunny day. The scene conveys a peaceful and rustic atmosphere in what appears to be a rural setting.	house
1968910048	positive	1968910048.jpg	The image displays a serene rural landscape under a clear blue sky, evoking a sense of peace and tranquility. The foreground is filled with dry, earthy vegetation, hinting at the simplicity and untouched beauty of nature. A quaint wooden barn stands prominently, showing signs of weathering, yet adding character and rustic charm to the scene. Nearby, a single-story house with a simple design blends harmoniously with its surroundings. Leafless trees, standing tall and bare, suggest a quiet reflection of a calm season, perhaps late autumn or early spring. The overall atmosphere is one of quiet stillness and nostalgia, capturing a moment of timeless rural beauty that feels both nostalgic and hopeful, reminiscent of simpler times and a slower pace of life.	house
1968910048	positive	1968910048.jpg	The main subjects in the image are a large barn positioned to the left and a house with blue siding in the background to the right. Bare trees are scattered throughout the scene, with some framing the barn and others around the house. The arrangement suggests a rural or countryside setting. The visual elements include bright, clear blue skies that dominate the upper half of the image, bathing the entire scene in natural daylight. The colors are vivid, with the contrast between the green grass and shrubbery in the foreground, the gray tones of the barn, and the blue of the house’s roof and siding. This creates a harmonious color composition that evokes a serene and peaceful atmosphere.The overall scene context of this image is a tranquil rural landscape, likely on a sunny day in late autumn or winter, given the bare trees. The setting appears calm and idyllic, with an expansive open field and minimal human activity, suggesting a quiet and picturesque countryside environment.	house
1968910048	positive	1968910048.jpg	The image shows a peaceful rural scene featuring a small wooden barn with a slanted roof and next to it, there is a larger house with a gray roof and several windows. The area is surrounded by a few leafless trees, suggesting it might be in a cooler season. The bright blue sky indicates a sunny day. The foreground has dry, brown vegetation, while the house is set against a backdrop of green grass. This serene and quiet countryside setting evokes a sense of calm and simplicity.	house
1968910048	positive	1968910048.jpg	The image features a serene rural scene, dominated by shades of blue and green under a clear, bright sky. The deep blue sky contrasts sharply with the soft colors of the wooden barn and the house on the right, evoking a sense of calm and tranquility. The lighting is natural and crisp, highlighting the textures of the trees, which are mostly bare, possibly suggesting a late autumn or early spring setting.The composition is well-balanced, with the rustic barn positioned on the left and the house situated to the right, creating a harmonious view across the scene. Both structures are surrounded by leafless trees, which frame them and add a natural element to the composition. In the foreground, tall, dry grasses add depth and dimension to the image, while the background extends into an open field that fades gently into the distance, enhancing the peaceful atmosphere.Notable details include the old, weathered wooden barn with its simple structure and the quaint, light-colored house with a blue roof. The overall spatial arrangement and the natural lighting contribute to a feeling of nostalgia and simple beauty, making it a visually appealing and sentimentally positive image.	house
1968910048	positive	1968910048.jpg	The image captures a serene rural scene under a clear blue sky. In the foreground, a rustic wooden barn with a slanted metal roof rests quietly, appearing weathered yet sturdy. Surrounding the barn, tall leafless trees stand tall, suggesting a winter or early spring setting as their branches are bare. The middle ground reveals a large, cozy house with a light blue exterior and a matching roof, nestled amidst more trees. The house is surrounded by a well-maintained lawn, indicating a peaceful and inviting home. The background is a mix of open fields and distant trees under the expansive blue sky, evoking a sense of tranquility and simplicity. This picturesque countryside setting exudes warmth and charm, highlighting the beauty of rural life.	house
1968910048	positive	1968910048.jpg	In a serene, rural setting under a vibrant blue sky, an old barn with a weathered wooden exterior stands prominently. Its slanted roof suggests years of service, sheltering the land around it. The rustic structure contrasts with the modernity of the adjacent house, which features a simple, two-story design and a light-colored exterior. Bare trees with intricate branches frame the scene, highlighting the stark beauty of a dormant landscape. A mixture of grass and wild shrubs in the foreground adds texture to the tranquil countryside vista. The scene exudes a sense of peaceful isolation, inviting contemplation and appreciation of the quiet simplicity.	house
5020161648	positive	5020161648.jpg	The image depicts a serene coastal scene with a large two-story house near the water's edge. The house has a light green exterior with white trim and features a red-tiled roof. The central section of the house has a green door and a balcony with a railing overlooking the water. Large windows on both floors allow plenty of natural light to enter the interior. The house is surrounded by well-maintained landscaping, including various shrubs and a tall evergreen tree on the right side. In the foreground, there's a small wooden boat tied to the shore, floating gently in clear, turquoise water. The boat is weathered, suggesting it has been there for some time, adding to the relaxed, tranquil atmosphere of the scene. Several rocky outcrops and small islands are visible in the distance, partially covered with greenery. The sky above is bright blue with scattered fluffy white clouds, enhancing the overall feeling of calm and beauty. The reflection of the house and surrounding elements in the calm water further contributes to the peaceful ambiance of this idyllic setting.	house
5020161648	positive	5020161648.jpg	This tranquil image features a small wooden boat resting in clear, turquoise water in front of a charming two-story house with a red-tiled roof. The scenic background includes lush green islands and a vibrant blue sky dotted with fluffy clouds, creating a peaceful and idyllic seaside setting.	house
5020161648	positive	5020161648.jpg	The image exudes a peaceful and serene atmosphere, contributing to its overall positive sentiment. The calm, turquoise water reflects the clear blue sky, enhancing the sense of tranquility. The idyllic waterfront scene, with a boat gently floating near the shore, suggests a quiet and relaxing environment. The lush greenery and neatly maintained garden in front of the charming two-story house with its welcoming green door add a touch of coziness and warmth. The distant rocky islands and fluffy clouds complete the picturesque view, evoking feelings of contentment and a deep connection with nature. The harmonious elements of this composition create a mood of leisure and serenity.	house
5020161648	positive	5020161648.jpg	The main subjects of the image are a picturesque two-story house with a red-tiled roof and wooden boat floating in clear turquoise water in the foreground. The boat is tied to a rocky shore where the house is situated, adding a sense of tranquility and connection to the water. The house features green doors and large windows with white frames, surrounded by a lush garden with neatly trimmed hedges and rock formations. The visual elements include bright, sunlight-infused lighting that enhances the vivid colors of the scene. The sky is deep blue with scattered white clouds, creating a serene backdrop that complements the calm, reflective water. The contrasting colors of the greenery, the brown house, and the turquoise water add depth and vibrancy to the image.The overall scene context suggests a peaceful and idyllic coastal setting, evoking a sense of relaxation and escape. The combination of natural beauty and architectural charm creates an inviting and harmonious environment.	house
5020161648	positive	5020161648.jpg	The image depicts a serene and picturesque coastal scene featuring a two-story house with a red-tiled roof and light brown and cream-colored exterior walls. The house is situated on a rocky shoreline with lush greenery and bushes around it. The water is crystal clear, revealing a small wooden boat floating near the shore. In the background, there are several rocky islands with green vegetation and a cloudy blue sky overhead. The overall atmosphere suggests a peaceful and idyllic setting, ideal for relaxation and enjoyment of nature.	house
5020161648	positive	5020161648.jpg	The image features a picturesque coastal scene with a two-story house standing prominently on the right side, reflecting an idyllic and serene atmosphere. The house has a warm color palette, with beige and light green walls complemented by a red tiled roof, enhancing its charm and inviting appearance. The windows and door are painted green, adding a harmonious touch to the overall color scheme.In the foreground, a wooden boat with a red interior rests gently in the clear, turquoise calm waters, reinforcing the peaceful and tranquil setting. The water is so clean and reflective that it mirrors the sky and the house, creating a sense of symmetry and balance in the composition.The background showcases small, lush islands with verdant foliage and scattered fluffy white clouds against a bright blue sky, adding depth and dimension to the scene. The lighting is soft and even, capturing the natural beauty without harsh shadows, contributing to the overall positive and relaxing mood. The careful arrangement of elements and vibrant colors evoke a sense of harmony and tranquility, making the image delightful and aesthetically pleasing.	house
5020161648	positive	5020161648.jpg	In this serene and picturesque scene, a traditional wooden boat with vibrant red accents floats gracefully on crystal-clear turquoise waters. The boat is moored near a charming, two-story house with a light green and tan exterior, featuring large windows and a red-tiled roof. The house is surrounded by lush greenery and well-manicured bushes, creating a tranquil and welcoming atmosphere.Beyond the house, there are small, rocky islands covered in greenery, emerging gently from the calm sea. The sky above is a clear, brilliant blue adorned with a few fluffy white clouds, suggesting a perfect, sunny day. The reflection of the house and the surrounding landscape is beautifully mirrored in the still waters, adding to the idyllic and peaceful ambiance. This setting evokes a sense of calm and relaxation, making it an ideal escape for those seeking solace in nature's beauty.	house
5020161648	positive	5020161648.jpg	The image portrays a tranquil, two-story house painted in soft green and brown tones with a red tiled roof, situated beside a picturesque island surrounded by clear, turquoise waters. Adjacent to the house, lush greenery adds a touch of nature to the scene, with a well-manicured lawn and flowering bushes. Nosing out from the serene water in the foreground is a rustic wooden boat, hinting at a calm and peaceful lifestyle. The sky above is a clear, vibrant blue with scattered clouds, suggesting a pleasant day. The overall ambiance exudes a serene and idyllic retreat, inviting a sense of relaxation and escape.	house
8408320670	positive	8408320670.jpg	The image shows an outdoor scene with a bright yellow building featuring multiple arched windows and a red-tiled roof. In front of the building, there is an open, covered area with wooden railings and benches, suggesting a park or café setting. Several trees and green plants are scattered throughout the area, adding a natural touch and providing shade. In the foreground, there are dense green bushes and a white pole, partially obscuring the view. A person is partially visible on the left side, partially obscured by foliage and foliage. The sky is partly visible through the branches, indicating a sunny day. The overall atmosphere appears calm and inviting, with a clean and well-maintained environment.	house
8408320670	positive	8408320670.jpg	The image depicts a sunlit courtyard with a bright yellow building featuring arched windows and a tiled roof. Palm trees and lush greenery surround the space, creating a serene and picturesque atmosphere. A person is seen in the foreground, partially obscured by foliage, adding a sense of scale and activity to the tranquil setting.	house
8408320670	positive	8408320670.jpg	The image shows a vibrant and sunny scene of a traditional yellow building surrounded by lush greenery. The building features decorative elements and large windows, adding to its charming and inviting appearance. The sunlight filters through the leaves of the trees, casting dappled shadows on the ground and illuminating the courtyard with a warm glow. There are people casually enjoying the outdoor space, contributing to a sense of relaxation and leisure. The overall atmosphere is one of tranquility and happiness, evoking feelings of contentment and peace. The combination of natural beauty and architectural charm creates a delightful and uplifting mood, making the image convey a strong sense of positive sentiment.	house
8408320670	positive	8408320670.jpg	The image shows a large yellow building with decorative wooden railings and architectural detailing. The building's windows feature intricate designs, and there are several people visible, including a person on the left who is partially visible. The foreground is filled with lush green foliage, and tall trees provide shade, with their branches and leaves framing the top of the scene. The lighting is bright and sunlit, casting shadows and adding a warm, inviting quality to the overall atmosphere. The scene appears to be a courtyard or plaza area in a public or cultural space, evoking a feeling of tranquility and pleasantness.	house
8408320670	positive	8408320670.jpg	The image captures a sunny outdoor scene under a canopy of lush green trees, providing a well-lit view of a charming yellow building with ornate architectural details. This building has large, symmetrical arched windows and doors with intricate designs and a tiled roof. A terrace area with decorative wooden railings is visible, adding to the aesthetic appeal. In the foreground, there is dense foliage partially obscuring the view. A person on the left side, dressed in a hat and blue clothing, appears to be taking a photograph, suggesting that this location is a picturesque and likely a popular spot. The courtyard area around the building is spacious and paved, enhancing the inviting atmosphere of the place. The presence of additional greenery and a lamp post further adds to the serene and pleasant ambiance of the scene.	house
8408320670	positive	8408320670.jpg	The image features a bright yellow building with red and white trim, set against a clear, sunlit sky, enhancing the cheerful and warm colors. The sunlight casts soft shadows, highlighting the architectural details and creating a vibrant atmosphere. The composition is balanced, with the building as the central focus, while surrounding green foliage adds a natural frame, giving the scene a fresh and inviting feel. In the foreground, a person partially visible on the left side is positioned near a lattice fence made of wood, adding a human element that suggests activity and life. The space is spacious and open, filled with lush trees and plants, creating a harmonious and serene environment. The overall sentiment conveyed is one of positivity and tranquility, evoking a sense of warmth and relaxation.	house
8408320670	positive	8408320670.jpg	This image depicts a beautiful, sunny day in a serene courtyard surrounded by lush greenery. The scene is dominated by a vibrant yellow building with a terracotta roof, featuring traditional architectural elements like wooden trim and intricate lattice windows. The building appears to be a single-story structure with multiple windows and an inviting, open design.In the foreground, there are lush plants and a variety of trees casting shadows on the courtyard, adding to the tranquil atmosphere. The branches of trees with dense foliage hang down, partially framing the view of the building. The sunlight filters through the leaves, creating a dappled effect on the ground and the building, enhancing the picturesque quality of the scene.On the left side of the image, a portion of a person is visible, casually leaning against a post and holding an object, possibly enjoying the peaceful environment. The courtyard is spacious and clean, with pathways leading around the building and inviting exploration.Overall, this image exudes a sense of calm and beauty, showcasing the harmonious blend of nature and architecture in a pleasant, sunny setting.	house
8408320670	positive	8408320670.jpg	The scene captures a tranquil plaza framed by lush greenery, with sunlight filtering through the leaves, creating a dappled pattern on the ground. A striking yellow building with white trim and arched windows forms the backdrop, adorned with intricate details that add character to its structure. The foreground is filled with vibrant plants and a tree trunk, partially obscuring the view and adding depth to the composition. A person, holding something close to their face, is present on the left side, blending into the scene with subtle presence. The overall atmosphere exudes a serene and welcoming vibe.	house
10307597266	positive	10307597266.jpg	The image depicts a vibrant autumn scene dominated by a cluster of trees with richly colored foliage. The central tree displays a brilliant array of bright red leaves, standing out against a backdrop of trees with a mix of green, yellow, and orange leaves. The branches of the trees are lush and full, indicating healthy growth, and they spread out widely, creating a dense canopy. The sky is overcast, with a soft, diffused light that enhances the vivid colors of the leaves without creating harsh shadows. The setting appears to be a natural park or forest area, characterized by the lush greenery in the background. The overall atmosphere is serene and picturesque, evoking a sense of tranquility and the beauty of the fall season.	leave
10307597266	positive	10307597266.jpg	The image showcases a vibrant display of autumn foliage, with trees adorned in bright red and orange leaves that create a striking contrast against a backdrop of evergreens. The warm, fiery colors evoke a sense of warmth and seasonal beauty. The lush scene captures the essence of fall, celebrating nature's changing palette.	leave
10307597266	positive	10307597266.jpg	The image captures a serene autumnal scene filled with vibrant colors that evoke feelings of warmth and nostalgia. The trees are adorned with rich, fiery red and orange leaves, which stand out beautifully against the backdrop of evergreen foliage. This contrast draws the eye and creates a visually striking composition that symbolizes the beauty of change and the fleeting nature of seasons. The overcast sky softens the light, adding a gentle, diffused quality to the scene that enhances the cozy and calm atmosphere. The overall mood is one of tranquility and appreciation for the natural world, inviting a sense of reflection and contentment.	leave
10307597266	positive	10307597266.jpg	This image showcases a vibrant autumn scene featuring a bright red tree as the main subject, standing prominently in the center among trees with varying shades of green and orange. The vivid red leaves contrast beautifully with the other trees, creating a rich palette of colors. The lighting appears soft and diffused, suggesting an overcast sky that enhances the colors without harsh shadows. The overall scene conveys a peaceful, natural autumn setting, bringing a sense of warmth and serenity.	leave
10307597266	positive	10307597266.jpg	The image depicts a vibrant autumn scene featuring a tree adorned with bright red and orange leaves, symbolizing the changing seasons. The leaves are at their peak of transformation, indicating that it is late in the fall period. Surrounding this striking tree are other trees with green leaves, creating a beautiful contrast. The dense canopy of leaves forms a colorful and picturesque backdrop, evoking a sense of natural beauty and the tranquility of the season. There are no people or man-made objects visible in the image, highlighting the peacefulness and serenity of the natural environment. The sky is overcast, providing soft, diffused lighting that enhances the rich colors of the foliage.	leave
10307597266	positive	10307597266.jpg	The vibrant scene showcases a cluster of trees with brilliant autumn foliage, predominantly rich reds, deep oranges, and warm yellows mingled with remnants of green. The lighting is soft and diffused, indicating an overcast day which enhances the colors without harsh shadows, creating a serene and inviting atmosphere. The composition centers on the striking red tree, its vivid hues drawing the eye and contrasting beautifully with the surrounding vegetation. The spatial arrangement allows the viewer to appreciate the fullness and density of the leaves, their intricate patterns creating a sense of depth and richness. The trees appear closely packed, their branches intermingling, evoking a sense of unity and natural harmony. The details in the leaves' texture and the subtle gradations in color contribute to an overall feeling of warmth and positivity, capturing the essence of autumn's beauty.	leave
10307597266	positive	10307597266.jpg	The image captures a vibrant autumn scene featuring a group of trees with leaves in brilliant shades of red, orange, and yellow. The central focus is on a tree with striking red foliage, which contrasts beautifully with its neighboring trees showcasing a variety of autumn colors. The variety of hues creates a picturesque and warm atmosphere, typical of fall seasons, suggesting a sense of tranquility and natural beauty. The leaves are thick and dense, giving the impression of a lush, healthy forest. This scene evokes feelings of nostalgia and appreciation for the changing seasons, reflecting the fleeting yet mesmerizing beauty of nature.	leave
10307597266	positive	10307597266.jpg	The vibrant red hues of the leaves capture attention, contrasting against the softer greens that frame the scene. The interplay of light and shadow across the foliage creates a dynamic texture, inviting deeper exploration. This arrangement evokes the fleeting beauty of a seasonal transition, where nature's palette shifts dramatically. The central tree, with its bold coloration, serves as a focal point, drawing the eye amidst the surrounding foliage.	leave
4601155723	positive	4601155723.jpg	The image captures a close-up view of a plant, focusing on its branches and flowers. The background is blurred with soft green and brown hues, creating a natural and serene atmosphere. The plant features elongated, slender petals in shades of yellow and orange, some with hints of red near the base. The petals appear delicate and are arranged in clusters along the branches. The branches themselves are thin and grayish, providing a stark contrast to the vibrant colors of the petals. The lighting is soft, enhancing the beauty and intricate details of the plant. The overall composition of the image suggests a sense of tranquility and appreciation for nature's delicate beauty.	leave
4601155723	positive	4601155723.jpg	The image features delicate, slender orange-yellow flower clusters with dark centers, attached to slender branches against a softly blurred natural background. The intricate details of the blossoms highlight their vibrant colors and unique structure, creating a visually captivating and lively scene.	leave
4601155723	positive	4601155723.jpg	The image conveys a vibrant and lively atmosphere through its rich colors and intricate details. The delicate yellow and orange filaments of the flowers contrast beautifully with the darker background, creating a sense of freshness and new beginnings. This contrast, along with the close-up perspective, draws attention to the delicate beauty and complexity of the blooms, evoking feelings of wonder and appreciation. The overall mood is cheerful and uplifting, suggesting a celebration of nature's intricate design, filled with warmth and positivity.	leave
4601155723	positive	4601155723.jpg	The main subjects of the image are vibrant orange-yellow flowers with red undertones, attached to thin, gray branches. The flowers are arranged in clusters, each with numerous thin, elongated petals extending outward. Some buds are visible, suggesting new growth. The background is blurred, keeping the focus on the delicate flowers and branches. The lighting is soft, highlighting the intricate structures of the flowers without creating harsh shadows, emphasizing their delicate nature. The colors are rich and warm, with the orange-yellow petals contrasting against the muted greens and grays of the background and branches. The overall scene conveys a sense of early spring or late autumn, evoking feelings of renewal and tranquility. The soft focus and natural lighting enhance the beauty and delicate details of the blossoms, creating a harmonious and aesthetically pleasing composition.	leave
4601155723	positive	4601155723.jpg	The image captures a close-up view of a twig adorned with cluster of dried, brown-orange flower buds. Each bud is covered in delicate, elongated stamens that hang loosely, creating a somewhat whimsical and textured appearance against the blurred, muted background. The overall scene suggests a natural setting, likely a garden or wild area, where the focus is on the intricate details and the beauty found in the subtle textures and colors of the dried flowers.	leave
4601155723	positive	4601155723.jpg	The serene scene, highlighted by soft, natural lighting, captures delicate orange and yellow floral filaments elegantly arranged against a muted dark background. The branches intersect gracefully, creating a harmonious composition where the vibrant, extended stamens draw the eye forward, embodying a sense of gentle vitality and warmth. The colors contrast beautifully, enhancing the visual interest and inviting a positive emotional response. Notable details include the intricate texture of the flowers and the subtle variations in color and light, giving the image a tranquil and captivating quality.	leave
4601155723	positive	4601155723.jpg	The image features a close-up of a plant with delicate, vibrant flowers. The flowers are primarily yellow with some red and purple hues, featuring long, thin, tubular petals that radiate outward from the central clusters. The blossoms sit atop slender branches with a few buds still closed, indicating new growth. The background is blurred, giving prominence to the flowers and creating a striking contrast between the vivid colors of the plant and the muted tones in the backdrop. The texture and unique shape of the petals add an engaging and intricate visual appeal to the scene, capturing the beauty of nature in full detail. Overall, the composition highlights the elegance and intricacy of the plant, evoking a sense of admiration and appreciation for its natural beauty.	leave
4601155723	positive	4601155723.jpg	The delicate tendrils of the Spanish moss, tinged with a warm orange hue, cascade gracefully from the slender branches. Each filament dances in the air, giving the impression of a golden cascade frozen in time. The background, a soft blur of earthy tones, draws attention to the intricate details of the plant, highlighting its ethereal beauty amidst the natural setting.	leave
5028015270	positive	5028015270.jpg	A hand is holding a vibrant red maple leaf against a backdrop of autumnal colors. The leaf exhibits its characteristic lobed shape with pointed tips, showcasing a rich palette of red, yellow, and brown hues, indicating the transformative beauty of the fall season. Water droplets are visible on the leaf surface, suggesting recent rain or dew. In the background, there are blurred colors of orange, green, and red, indicative of trees adorned with autumn foliage. The setting is outdoors, likely in a wooded area, with a diffused natural light creating a soft and serene atmosphere. The overall image conveys a sense of appreciation for nature's changing colors during the fall season, evoking feelings of tranquility and beauty.	leave
5028015270	positive	5028015270.jpg	A hand holds a red and yellow maple leaf against a blurred background of autumn foliage. The vibrant colors of the leaf highlight the beauty of the fall season, with trees in the distance displaying shades of red and green. The scene evokes a sense of the crisp air and serene atmosphere typical of autumn days.	leave
5028015270	positive	5028015270.jpg	The image shows a hand delicately holding a vibrant red and yellow maple leaf, likely captured during autumn. The background features a softly focused display of colorful trees in various shades of red, orange, and yellow, enhancing the seasonal atmosphere. There are droplets of water on the leaf, suggesting a fresh rain or morning dew, adding a sense of freshness and purity to the scene. The overall composition evokes feelings of warmth, tranquility, and appreciation for nature's beauty, contributing to a positive and serene sentiment.	leave
5028015270	positive	5028015270.jpg	This image features a hand holding two maple leaves against a blurred backdrop of autumn foliage. The leaves, characterized by their vibrant red and yellow hues, are prominently displayed in the foreground, with one leaf showcasing a striking blend of red and the other transitioning to a warm yellow. The lighting is soft and natural, highlighting the rich colors and delicate veins of the leaves. Raindrops are visible on the surface, adding a fresh and crisp element to the scene. The background is a mix of greens, oranges, and reds, suggesting a forest or park setting in the midst of fall, creating a serene and picturesque atmosphere. The overall mood is tranquil and reflective, capturing the essence of a beautiful autumn day.	leave
5028015270	positive	5028015270.jpg	In the image, a hand is gracefully holding a vibrant maple leaf, displaying its beautiful autumn colors. The leaf is predominantly a mix of red and yellow, with droplets of water glistening on its surface, suggesting a recent rain. The background features a blurred forest with trees showcasing their rich autumn foliage, a tapestry of red, orange, and yellow hues. The scene captures the essence of a serene fall day, evoking feelings of warmth and appreciation for nature's artwork.	leave
5028015270	positive	5028015270.jpg	The image captures a close-up of a hand holding a beautiful maple leaf, which displays a striking contrast of colors with its vibrant red and yellow hues. The lighting is soft and natural, suggesting an overcast day, which enhances the rich colors of the leaf without creating harsh shadows. The composition focuses on the detailed veins and texture of the leaf, while the background features a blurred array of autumn foliage in various shades of red, orange, and green, creating a warm, inviting atmosphere. The spatial relationship highlights the leaf as the central subject, with the hand providing a sense of scale and the background adding depth and context to the season. The overall visual effect is one of tranquility and the gentle beauty of fall.	leave
5028015270	positive	5028015270.jpg	In this image, a hand is gently holding a bright red maple leaf, slightly overlapping with a smaller yellow leaf. The vibrant colors of the leaves capture the essence of autumn, with the red and yellow hues creating a vivid contrast. Drops of water can be seen on the leaves, suggesting a recent rain or dew. In the softly focused background, there is a picturesque landscape with trees displaying a spectrum of fall colors, from warm yellows and oranges to rich reds and greens. The scene evokes a feeling of tranquility and appreciation for the beauty of the changing seasons.	leave
5028015270	positive	5028015270.jpg	A hand delicately grasps a vibrant, heart-shaped leaf against a backdrop of blurred autumn foliage, evoking a sense of the transient beauty of fall. The leaf's crimson edges contrast with a warm yellow center, accentuated by tiny droplets of dew, hinting at morning freshness. The scene captures the quiet harmony between nature and human presence, inviting contemplation of the changing seasons.	leave
5362071997	positive	5362071997.jpg	In the image, there are two squirrels on a branch amidst surrounding autumn leaves. The squirrels appear to be interacting with each other, one possibly grooming the other. The leaves on the branch and around them are mostly red, but there are also a few yellow and brown leaves, indicating a fall setting. The background is a blurry mix of green foliage, with patches of sunlight filtering through, adding warmth and brightness to the scene. The overall atmosphere is serene and picturesque, capturing the essence of a calm, sunny autumn day in a forest. The vibrant colors and the playful behavior of the squirrels contribute to a cheerful and positive sentiment in the image. The text "Buddy Bob" appears in the top right corner, indicating the photographer or artist's signature.	leave
5362071997	positive	5362071997.jpg	A trio of squirrels is perched on a branch amidst vibrant autumn leaves, creating a lively and colorful scene. The squirrels appear alert and engaged with their surroundings, set against a backdrop of rich foliage with hints of blue sky peeking through, highlighting the beauty of nature.	leave
5362071997	positive	5362071997.jpg	The image captures the delightful scene of two squirrels interacting playfully among vibrant autumn leaves. The warm colors of the leaves—reds, oranges, and yellows—create a cozy and cheerful atmosphere, evoking feelings of joy and contentment. The squirrels' playful demeanor, with one standing on its hind legs and the other seemingly reaching out or engaging with its companion, adds a sense of liveliness and connection to the scene. The blurred green background contrasts beautifully with the colorful foreground, highlighting the clarity and detail of the squirrels and leaves. The overall mood is one of harmony and happiness, encapsulating the beauty of nature and the simple pleasures it offers.	leave
5362071997	positive	5362071997.jpg	The main subjects are two squirrels on tree branches, with one perched on a branch and the other nestled amongst leaves. Their arrangement conveys a sense of curiosity and interaction with their environment. The scene is rich with visual elements like natural lighting that enhances the autumnal colors of the leaves. Warm reds, oranges, and yellows contrast beautifully with the cooler background greens and blues, creating a vibrant and lively setting. The overall scene context suggests a peaceful day in an autumn forest, highlighting the squirrels' natural habitat and the beauty of the changing season.	leave
5362071997	positive	5362071997.jpg	In the image, a group of squirrels is perched on a tree branch amidst autumn foliage. The vibrant scene is filled with leaves in shades of red, orange, and yellow. One squirrel, with a bushy tail, is climbing or balancing on the branch while the others seem to be observing or interacting with their surroundings. The background is a mix of green and blue, suggesting a natural outdoor setting with sunlight filtering through. The overall atmosphere is lively and serene, capturing a moment of activity and interaction among the squirrels in their natural habitat.	leave
5362071997	positive	5362071997.jpg	The image features two small squirrels perched on a branch against a vibrant autumn backdrop. Predominantly warm hues, such as rich oranges and deep reds, characterize the leaves, which add a sense of coziness and seasonal beauty. The lighting is soft, with natural sunlight filtering through the foliage, casting gentle shadows and highlighting the intricate details of the squirrels' fur and the leaves' textures. The composition is dynamic, with the squirrels positioned in a way that leads the viewer's eye from one to the other, creating a sense of interaction between them. The spatial relationship between the squirrels suggests curiosity and engagement with their environment. Notable details include the soft, fluffy tails of the squirrels and the contrasting colors of their fur against the vibrant leaves, adding to the scene's lively and inviting atmosphere.	leave
5362071997	positive	5362071997.jpg	The image shows a scene of three squirrels on a branch surrounded by autumn leaves. The squirrels are perched on the branches, seemingly intrigued by their surroundings. The leaves are in various shades of red and yellow, indicating the fall season. The background is softly blurred, creating a natural depth of field that highlights the squirrels and the bright foliage against the backdrop of greenery and a blue sky. The photograph captures the essence of autumn with warm colors and the playful energy of the squirrels.	leave
5362071997	positive	5362071997.jpg	In the tranquil scene, two small creatures rest amidst a burst of autumn colors. Their delicate forms create a harmonious contrast against the vibrant leaves, which dance in shades of red, orange, and gold. The forest behind them is softly blurred, giving a sense of depth and serenity. Sunlight filters through the canopy, casting gentle highlights on the subjects, adding warmth to the composition. The playful interaction between the animals draws the eye, infusing the image with a sense of lively curiosity and connection to nature.	leave
4460853123	positive	4460853123.jpg	The image captures a serene lakeside scene at dusk or dawn, as indicated by the gradient hues in the sky, transitioning from a deep purple to a softer pinkish tone near the horizon. The sky is dotted with a few twinkling stars, adding to the tranquil atmosphere. The lake's surface is calm, reflecting the subtle colors of the sky and the silhouettes of the distant tree line on the opposite shore.In the foreground, a concrete edge runs along the shoreline, leading to a wooden dock that extends slightly out into the water. The dock appears weathered and empty, with no visible people or activity, enhancing the sense of quiet solitude. The surrounding area is devoid of significant human presence, and patches of ice are visible on the lake near the shore, suggesting a cold climate. The trees on the far side of the lake are bare, indicating it might be late fall or early winter.Overall, the composition of the image, with its muted colors and stillness, conveys a peaceful and reflective mood.	night
4460853123	positive	4460853123.jpg	The image captures a serene evening scene by a calm body of water with a dock extending into the lake. The sky is tinged with a soft twilight hue, and the distant shoreline is lined with leafless trees, suggesting a quiet, peaceful moment in nature. The overall mood evoked by the stillness of the water and the gentle color palette is tranquil and contemplative.	night
4460853123	positive	4460853123.jpg	The image portrays a serene lakeside scene at twilight, where the sky transitions softly from deep purple to warm pink hues near the horizon, reflecting tranquility and peace. The still water mirrors the pastel sky and silhouettes of distant trees along the shoreline, creating a sense of harmony and calm. A small dock, partly submerged, extends gently into the lake, adding to the quiet elegance of the setting. The absence of people and the bare branches of the trees evoke a feeling of solitude, yet not loneliness, as the natural beauty of the scene brings about a contemplative and soothing atmosphere. The stars begin to twinkle in the dusky sky, enhancing the sense of quiet wonder and a touch of magic in the stillness of the evening.	night
4460853123	positive	4460853123.jpg	The main subject in this image is a wooden dock extending into a calm body of water, leading the viewer's eye toward the distant treeline. The dock's simple structure and placement create a sense of tranquility and solitude. Visual elements include the soft, dim lighting of the twilight sky, tinged with hues of purple and pink near the horizon, contrasting with the deep blues and grays of the night sky. The reflection of the lights on the water enhances the peaceful atmosphere. Overall, the scene evokes a serene, reflective mood, capturing the quiet beauty of a winter evening by the water.	night
4460853123	positive	4460853123.jpg	The image depicts a serene lakeside scene at dusk with a deep purple and pink sky transitioning into the night. The calm water reflects the sky and the bare trees lining the shoreline in the background. A small dock is partially submerged in the water, extending from a concrete area that leads into the lake. The overall atmosphere is quiet and peaceful, with the sky dotted with a few stars, enhancing the tranquil and contemplative mood of the scene.	night
4460853123	positive	4460853123.jpg	The image portrays a serene and tranquil lakeside scene during twilight, evoking a sense of calm and peacefulness. The soft hues of pink and purple in the sky create a gentle gradient, blending seamlessly with the fading light of the day. The gentle reflection of these colors on the still water enhances the overall tranquility of the environment. A wooden dock extends into the lake, appearing aged yet sturdy, suggesting a sense of timelessness and quiet endurance. The surrounding area, with patches of snow-covered ground and bare trees, conveys a subtle feeling of winter's quiet beauty. The composition is balanced, with the dock leading the eye into the scene, creating a sense of depth and inviting contemplation. The lighting is soft and diffused, casting a gentle glow that enhances the peaceful atmosphere, while the stars beginning to twinkle in the distance add a touch of magical wonder to the night. Overall, the image exudes a serene and reflective mood, making it a perfect representation of a tranquil natural setting.	night
4460853123	positive	4460853123.jpg	The image depicts a serene lakeside scene at dusk or early evening. The sky is a gradient of colors, transitioning from a deep purple to lighter hues near the horizon where the sun has just set. The calm water reflects these colors, creating a mirror-like effect on the surface. A small wooden dock extends into the lake from the right side, slightly tilted with time and weather, adding a rustic charm to the scene. The shoreline is lined with bare trees, their silhouettes standing out against the water and sky. A concrete path or ledge leads up to the dock, offering a sense of tranquility and solitude. The overall atmosphere is peaceful, with the quiet and simple beauty of nature captured in the stillness of the moment.	night
4460853123	positive	4460853123.jpg	In this serene and mysterious scene, a lone wooden dock juts out into a silvery lake under a deep, twilight sky. The water reflects the subtle gradient of colors above, transitioning from a dusky purple to a delicate pink near the horizon. The distant treeline stands as a silhouette against the fading light, with sparse snow settled on the ground, hinting at the chill of early winter. The quiet surface of the lake, broken only by the dock’s gentle intrusion, conveys a sense of stillness and solitude. Nearby, a rocky embankment leads down to the water’s edge, adding a rugged texture to the otherwise smooth landscape. The sparse stars begin to twinkle in the darkening sky, casting a soft, ethereal glow over the tranquil scene.	night
15089242071	positive	15089242071.jpg	The image depicts a vast expanse of choppy ocean waves under a bright, partially cloudy sky. The sun is low on the horizon, casting a soft, golden light through the clouds. The water is a deep blue-gray, with waves cresting and rolling towards the viewer, creating a dynamic and serene atmosphere. The interplay of light and shadow on the waves adds depth to the scene, while the gentle illumination from the sun creates a peaceful and reflective mood. The overall setting is natural and expansive, evoking a sense of calmness and vastness.	ocean
15089242071	positive	15089242071.jpg	The image captures the vast and tumultuous ocean waves under a partly cloudy sky as the sun sets or rises on the horizon, casting a soft glow over the rippling waters. The dramatic contrast between the dark stormy clouds and the bright light from the sun creates a striking and powerful scene. The waves appear strong and relentless, adding a sense of awe and intensity to the overall atmosphere.	ocean
15089242071	positive	15089242071.jpg	The image captures a serene ocean scene where the sun, partially obscured by clouds, gently illuminates the restless waves. The sunlight casts a soft, ethereal glow, creating a striking contrast between the dark, rolling crests and the shimmering water. The sky is filled with a subtle mix of clouds, hinting at the vast, uncontrollable beauty of nature. The overall atmosphere is calm and tranquil, evoking a sense of peace and reflection. The interplay of light and shadow over the undulating waves adds a touch of drama, making the scene both soothing and awe-inspiring, reminding viewers of the quiet majesty and endless power of the sea.	ocean
15089242071	positive	15089242071.jpg	This picturesque image features the ocean waves as the main subjects, with the sun setting or rising on the horizon in the background. The waves appear to be undulating gently, creating a sense of calm motion. The lighting is soft, casting a golden hue over the water and illuminating the crests of the waves. The colors are predominantly shades of blue and gray from the ocean, complemented by warmer tones near the sun. The scene evokes a sense of tranquility and natural beauty, capturing the serene and expansive nature of the sea under the atmospheric glow of the sun.	ocean
15089242071	positive	15089242071.jpg	The image depicts a serene ocean scene where waves gently ripple across the water's surface. The sun is low in the sky, creating a warm, glowing light that contrasts with the darker, cloudy sky above. The calmness of the ocean and the soft sunlight evoke a sense of tranquility and peacefulness. There are no visible people or objects in the scene, allowing the natural beauty of the sea and sky to be the primary focus. The interplay of light and shadow adds depth to the image, enhancing the overall sense of calm and positivity.	ocean
15089242071	positive	15089242071.jpg	This image captures a serene seascape during sunset, evoking a sense of calm and tranquility. The dominant colors are shades of blue and gray, blending harmoniously with soft, warm hues emanating from the setting sun. The lighting is gentle, with the sun positioned slightly above the horizon, casting a soft glow across the waves. The composition highlights the contrast between the dark, rolling waves and the lighter sky, creating a dynamic yet balanced scene. The spatial relationship between the elements directs the viewer's eye towards the horizon, where the sun dips below the sea. Notable details include the subtle texture of the water and the wispy clouds scattered across the sky, adding depth and a sense of vastness to the image.	ocean
15089242071	positive	15089242071.jpg	The image captures a serene ocean scene during sunset or sunrise. The sky is partially cloudy, with the sun positioned near the horizon, casting a beautiful and gentle light over the water. The ocean waves are moderately active, creating a rhythmic and calming effect. The sunlight reflects off the crests of the waves, adding a shimmering quality to the scene. The overall mood of the image is peaceful and tranquil, evoking a sense of calm and natural beauty.	ocean
15089242071	positive	15089242071.jpg	The horizon stretches endlessly, shrouded by a sky painted with delicate streaks of clouds that softly frame the muted glow of the sun. Beneath, the sea churns and rises, a vast expanse of dark, restless waves that twist and curl with a rhythm all their own. The sunlight, though not blazing, casts a hazy radiance, casting the entire scene in a tranquil, almost ethereal ambiance. The mood is introspective, inviting a moment of quiet contemplation.	ocean
2202581162	positive	2202581162.jpg	The image depicts a calm and serene marine scene with two large whales or dolphins partially emerging from the water near the coastline. The animals are a dark gray color, and their smooth, sleek bodies contrast against the shimmering blue surface of the water. They are swimming side by side, with the one in the foreground slightly above the other, creating a sense of movement and grace.In the background, the coastline is visible, featuring a lush, green landscape with gently rolling hills. Scattered across the hills are numerous small white buildings or houses, adding a touch of human presence to the otherwise natural setting. The clear blue sky gives the scene a light and peaceful atmosphere. The overall impression is one of tranquility and natural beauty, highlighting the majestic presence of the marine mammals in their habitat.	ocean
2202581162	positive	2202581162.jpg	This image features a serene ocean scene with two large whales partially visible above the water's surface. In the background, there are rolling hills with scattered buildings and lush greenery, suggesting a peaceful coastal landscape. The overall atmosphere is calm and natural, capturing the beauty of marine life in its habitat.	ocean
2202581162	positive	2202581162.jpg	The image conveys a sense of tranquility and awe as two large whales surface gracefully in the serene blue waters, their dark backs contrasting against the gentle ripples. The sunlight casts a soft glow, emphasizing the peaceful interaction between the whales and their environment. In the background, the lush green hills dotted with small houses add a sense of calm and natural beauty, underscoring the harmony and majesty of nature. This scene evokes feelings of wonder and appreciation for the grace and peaceful coexistence depicted.	ocean
2202581162	positive	2202581162.jpg	The main subjects of the image are two large marine mammals, likely whales or dolphins, partially submerged in the water. Their backs and dorsal fins are visible, with one appearing slightly behind the other, suggesting they might be swimming together or in close proximity.Visual elements like lighting and colors contribute to the overall serene and pleasant atmosphere. The water is a deep blue, reflecting the sky above, while the background features lush green hills dotted with white or light-colored buildings, adding depth and contrast to the scene. The sunlight appears soft, casting gentle reflections on the water's surface and enhancing the richness of the colors.The overall scene context captures a tranquil moment in nature, with the calm water and peaceful landscape creating a feeling of harmony and beauty, evoking a sense of awe and appreciation for the natural world.	ocean
2202581162	positive	2202581162.jpg	In the image, two whales are partially submerged and breaching the ocean's surface. The scene showcases the whales as they rise out of the water, highlighting their massive bodies and dark coloring. Their spouts are visible, and there is a notable splash as they move through the water. In the background, a coastline with lush green hills is visible, with scattered buildings dotting the landscape, suggesting a coastal or rural setting. The ocean's clear blue water contrasts with the greenery of the land, creating a tranquil and majestic scene.	ocean
2202581162	positive	2202581162.jpg	The image showcases two whales gracefully surfacing in the serene blue waters, creating a sense of awe and tranquility. The predominant color palette consists of deep blues in the ocean, contrasted by the darker tones of the whales, which helps them blend seamlessly into the majestic water. The lighting is soft and diffused, likely indicating a calm, possibly overcast day, which casts a gentle glow on the scene without harsh shadows.Compositionally, the image is balanced with the whales positioned slightly off-center, drawing the viewer's eye naturally across the expanse of the water to the distant, lush green hills dotted with small white buildings. This spatial relationship between the foreground whales and water and the background hilly landscape adds depth, creating a harmonious and immersive visual experience.Notable details include the gentle ripples and splashes around the whales, emphasizing their movement and the dynamic interaction with their aquatic environment. The background hills, with their scattered settlements, provide context, suggesting a coastal or fjord-like setting that enhances the natural beauty of the scene. Overall, the image evokes a serene and majestic atmosphere, ideal for a positive sentiment analysis.	ocean
2202581162	positive	2202581162.jpg	The image shows a serene scene of two large marine mammals, likely whales, surfacing in a calm body of water with a beautiful landscape in the background. The water is a deep blue, suggesting the expanse of an ocean or large lake. In the distance, there is a lush, green hillside dotted with small clusters of buildings, indicating a coastal settlement or village.The whales are partially submerged, with their backs and dorsal fins visible above the water's surface. They appear to be in a peaceful state, possibly engaging in a moment of rest or social interaction. The tranquility of the scene is enhanced by the gentle waves around the whales, reflecting the sunlight subtly. The overall ambiance is one of natural beauty and calmness, evoking a sense of awe and appreciation for the majestic creatures and their habitat.	ocean
2202581162	positive	2202581162.jpg	Two large marine creatures partially submerged in the calm blue water appear to be surfacing near the rocky coastline. In the background, a hillside dotted with houses stretches across the scene, creating a serene and picturesque coastal view. Their movement stirs a gentle splash, contrasting with the tranquil setting around them.	ocean
6291780823	positive	6291780823.jpg	The image depicts a close-up view of a green moray eel in a marine setting. The eel is partially emerging from a crevice within a coral or rock structure. Its mouth is open, revealing sharp teeth and the eel's prominent barbels. The eel's skin is a vibrant green with lighter, almost yellowish areas around its head and mouth. Its eyes are small and dark, giving it a vigilant appearance. The surrounding environment includes various marine elements, possibly algae-covered rocks and coral, with a mixture of reds, whites, and other colors typical of a seabed. The atmosphere suggests a natural underwater habitat, likely indicative of a coral reef ecosystem. The overall setting and composition convey a sense of intrigue and the richness of marine life.	ocean
6291780823	positive	6291780823.jpg	The image depicts a moray eel with its mouth open, emerging from a rocky crevice among corals. The eel's vibrant green and yellow body, along with its intricate patterns, is prominently displayed against the sandy ocean floor. The scene captures a moment in a marine environment, highlighting the eel's natural habitat and striking features.	ocean
6291780823	positive	6291780823.jpg	The image captures a vibrant underwater scene, featuring a striking green moray eel peering out from its crevice in the coral reef. The eel's open mouth reveals sharp teeth, yet the overall atmosphere is mesmerizing rather than threatening. The lighting highlights the eel's intricate textures and patterns, adding a sense of wonder and curiosity. The surrounding reef, with its array of colors and textures, enhances the natural beauty of the scene, contributing to a feeling of peaceful fascination. The composition of the image, with the eel as the focal point, evokes admiration for the diversity and mystery of marine life, creating a positive and enchanting mood.	ocean
6291780823	positive	6291780823.jpg	The main subject of the image is a sea creature, likely a type of sea slug or nudibranch, positioned centrally and prominently within the frame. The creature has a distinct, elongated body featuring a vibrant green hue, with intricate patterns and textures. Its facial area is highlighted, displaying two prominent eyes and a small open mouth which adds a sense of curiosity and liveliness to its appearance.Visual elements such as lighting enhance the natural colors and textures of the creature, creating a play of light and shadow that accentuates its details. The lighting appears to be natural, perhaps mimicking the soft, diffused light found underwater, which adds depth and clarity to the scene. The colors are rich and varied, with the green of the creature contrasting against the softer, earthy tones of the surrounding environment.The overall scene context suggests an underwater setting, possibly a coral reef or a rocky seabed, characterized by its textured and colorful backdrop. Small bits of marine flora and substrate can be seen around the creature, adding to the authenticity and natural habitat feel of the image. The composition, lighting, and vibrant colors contribute to a visually engaging and positively captivating underwater scene.	ocean
6291780823	positive	6291780823.jpg	In the image, a moray eel is seen protruding its head and upper body out of a crevice in a coral reef environment. The eel's mouth is open, revealing its sharp teeth as it appears to be either inspecting its surroundings or perhaps about to retreat back into its hiding spot. The surroundings are filled with various textures of the reef, including patches of algae and rocks. The eel's greenish-yellow coloration blends with the rocky background, illustrating the camouflage it utilizes in its natural habitat.	ocean
6291780823	positive	6291780823.jpg	The image showcases an underwater scene dominated by the striking appearance of a green moray eel peeking out from its hiding place among coral and rock formations. The eel's vibrant green color contrasts sharply with its yellowish facial features, giving it a lively and striking look. The lighting in the image is natural, likely simulated sunlight filtering through water, casting subtle reflections and highlights that enhance the texture and details of the eel's skin and the rough surfaces around it. The composition centers on the eel, drawing the viewer's eye directly to its open mouth, which reveals its sharp teeth and adds an element of intrigue and tension. The spatial arrangement shows the eel partially emerging from its crevice, emphasizing its natural habitat. Overall, the image effectively captures the essence of the marine environment with its rich colors and dynamic composition.	ocean
6291780823	positive	6291780823.jpg	This image captures an intriguing underwater scene featuring a moray eel peeking out from a crevice in a sunlit coral reef. The moray has a distinct appearance with a greenish-yellow body and a lighter-colored face. Visible whisker-like barbels extend from its mouth, which is slightly open, revealing its sharp teeth. The eel's eyes are prominent, situated on the sides of its head, giving it a curious expression. The surrounding environment is rich with textures and colors—various species of corals and other marine life frame the scene. The interplay of light and shadow enhances the natural beauty of this underwater world, creating a captivating snapshot of marine life.	ocean
6291780823	positive	6291780823.jpg	The vivid underwater scene captures a moray eel with its mouth wide open, revealing sharp teeth. Its greenish-yellow body contrasts with the textured, mottled surroundings, which are a mix of earthy tones and marine flora. The eel’s eyes, slightly bulging, add to its expressive appearance, while droplets of water on its skin enhance the image's dynamic nature. The composition highlights not only the eel's fearsome look but also the intricate details of its natural habitat.	ocean
8505609156	positive	8505609156.jpg	The image depicts a serene scene on the deck of a ship or cruise liner. The ocean stretches out into the horizon, displaying a deep blue color that contrasts with a sky filled with fluffy white and gray clouds. The deck is equipped with a metal railing along the edge, providing a barrier between the passengers and the open waters. There are wicker-style chairs positioned around small tables, suggesting a setting for relaxation and dining. A life jacket hangs on the railing, indicating safety measures are in place. The atmosphere is tranquil and suggests a leisurely journey at sea. No people are visible in the image, contributing to the calm and peaceful setting. The angle of the photograph provides a view partially under the structure of the ship, adding depth and perspective to the scene.	ocean
8505609156	positive	8505609156.jpg	The image shows the deck of a ship with a calm ocean and a cloudy sky in the background. There are seating areas with chairs and tables, suggesting a relaxing environment for travelers to enjoy the view.	ocean
8505609156	positive	8505609156.jpg	The image captures a serene and relaxing atmosphere on the deck of a ship, overlooking an expansive ocean under a partly cloudy sky. The calmness of the water and the gentle sway suggest a peaceful and tranquil moment. Despite the clouds, there is a sense of openness and freedom as the horizon stretches endlessly. The arrangement of chairs around a table invites one to sit back and enjoy the view, adding to the feeling of leisure and contentment. Overall, the scene conveys a mood of relaxation and peacefulness, embodying a positive and soothing sentiment.	ocean
8505609156	positive	8505609156.jpg	The main subject of the image is a scenic view from the deck of a ship, featuring a serene ocean extending to the horizon. There are chairs and a table arranged on the deck, suggesting a comfortable space for relaxation or dining. A blue item, possibly a piece of clothing or a towel, hangs on one of the railings, adding a personal touch to the scene.The lighting is soft and natural, with diffused sunlight filtering through the partly cloudy sky, creating a calm and inviting atmosphere. The colors are subdued, with shades of blue dominating the ocean and sky, complemented by the neutral tones of the ship's deck and furniture.The overall context is one of peacefulness and leisure, likely capturing a moment of relaxation during a journey at sea. The expansive view of the water and sky evokes a sense of freedom and tranquility, making it a pleasant and soothing scene.	ocean
8505609156	positive	8505609156.jpg	Looking out at the vast ocean from the deck of a cruise ship, we see a serene scene under a cloudy sky. The railing in the foreground provides a sense of enclosure, and beyond it, the endless blue waters stretch to the horizon. The deck is thoughtfully arranged with a set of woven chairs and a small table, suggesting a quiet spot perfect for relaxation and contemplation. A life jacket hangs off the railing, a subtle reminder of safety measures onboard. The overall atmosphere is peaceful and inviting, ideal for unwinding while taking in the endless view of the sea and the sky above.	ocean
8505609156	positive	8505609156.jpg	The image depicts a serene oceanic view from the deck of a ship, dominated by soft, muted colors that evoke a sense of calm and tranquility. The dominant hues of blue and gray in the sky and the sea blend seamlessly, creating a soothing visual palette. The lighting is natural and diffused, with no harsh shadows, indicative of an overcast day that bathes the scene in even, gentle illumination. The composition is balanced, with the railing leading the viewer's eye towards the horizon, where the vast ocean meets a sky filled with fluffy, dynamic clouds. The spatial relationship between the ship's deck elements, such as the railings and seating areas, adds a sense of depth and perspective. Notable details like the woven chairs, the partially visible blue jacket draped over the railing, and the gentle waves contribute to a peaceful and reflective atmosphere, ideal for a relaxing maritime experience.	ocean
8505609156	positive	8505609156.jpg	The image depicts a serene scene on the deck of a cruise ship, captured with a sense of calm and tranquility. The vast expanse of the ocean stretches out to the horizon, where the water meets a sky filled with fluffy, wispy clouds. The clouds are scattered, allowing glimpses of the blue sky beneath, lending an airy and peaceful atmosphere to the scene. On the deck, there is a simple yet inviting arrangement of outdoor furniture, including woven chairs and a small table, suggesting a spot for quiet relaxation or quiet conversations. A bright royal blue life jacket is casually draped over one of the chairs, adding a pop of color to the otherwise muted tones. The railing runs along the side of the deck, offering passengers a secure and convenient way to enjoy the view. The overall mood of the image is one of relaxation and contentment, typical of a leisurely cruise where passengers can unwind and take in the beauty of the open sea. The scene evokes a sense of freedom and escape, as the ship glides smoothly through the water under a partly cloudy sky.	ocean
8505609156	positive	8505609156.jpg	Amidst a calm sea under a vast sky filled with billowing clouds, the scene on this deck offers a tranquil view. The railing, painted white, leads to an array of empty brown wicker chairs and tables, suggesting a quiet moment. In the foreground, a blue life jacket hangs prominently, adding a splash of color to the otherwise muted tones. The atmosphere feels serene, with no immediate signs of bustling activity, evoking a sense of peaceful solitude on a large vessel. The ocean stretches out to the horizon, merging seamlessly with the sky, creating a harmonious expanse of blue.	ocean
3483724519	positive	3483724519.jpg	The image depicts a close-up view of a leafy plant with distinctive patterns and colors. The leaves are primarily green with noticeable lighter green patches and veins, creating a speckled appearance. The edges of the leaves have a reddish tint, adding a vibrant contrast to the overall green color scheme. Small, sharp spines are visible along the edges of the leaves, contributing to the plant's textured look. The surface seems slightly glossy, reflecting light and enhancing the visibility of the intricate details on the leaves. The background is blurred, focusing attention on the leafy plant. The overall atmosphere of the image is fresh and lively, with the vivid colors evoking a sense of natural beauty and vitality.	plant
3483724519	positive	3483724519.jpg	The image showcases an Echeveria succulent plant, characterized by its thick, fleshy leaves with green and dark green variegated patterns. The edges of the leaves are slightly red, adding a vibrant contrast to the overall appearance. The plant's rosette shape is clearly visible, displaying the intricate details of its leaf patterns and the natural beauty of its growth.	plant
3483724519	positive	3483724519.jpg	The image showcases a vibrant scene filled with the vivid colors of nature, featuring a cluster of variegated leaves that combine shades of green and striking patches of red and yellow. The leaves are delicate and intricately patterned, creating a sense of natural beauty and complexity. The slight drying and curling of some edges add a touch of realism and authenticity, suggesting a healthy, thriving plant that has endured and adapted over time.The interplay of light and shadow across the leaves captures a dynamic texture, evoking a feeling of freshness and vitality. This lively and energetic display can inspire feelings of rejuvenation and appreciation for the small wonders of the natural world. The overall atmosphere is one of harmony and growth, which contributes to a positive and uplifting sentiment, reminding viewers of nature's resilience and the beauty found in the details often overlooked. This mood of positivity is enhanced by the organic, unstructured form of the plant, reflecting freedom and the untamed elegance of life.	plant
3483724519	positive	3483724519.jpg	1 The main subject of this image is a large leaf of a plant, likely a cactus or succulent, with a pattern of green and red hues. The leaf is covered with small spines, and there are visible patches where the leaf tissue has decayed or been eaten, showing darker, brownish-red edges.2 The visual elements include bright lighting that enhances the vividness of the colors, highlighting the contrast between the green and red areas. The overall color palette is dominated by shades of green, accented with red and brown, giving it a striking and vibrant appearance.3 The overall scene suggests a natural environment, possibly outdoors, where the plant is exposed to sunlight and elements. The condition of the leaf, with its decayed sections, hints at either natural wear or damage from pests or disease, adding an element of resilience to the plant's beauty.	plant
3483724519	positive	3483724519.jpg	The image displays a close-up view of a patterned succulent plant with green and reddish leaves. The leaves are thick, fleshy, and have a spiky border. The vibrant green color contrasts with the reddish spots, creating a striking visual effect. The plant appears healthy, with no visible signs of damage or disease, emphasizing its vitality and beauty. The intricate patterns and textures of the leaves add an element of natural artistry to the scene.	plant
3483724519	positive	3483724519.jpg	The image showcases a close-up of a plant with vibrant green leaves interspersed with striking red patterns, creating a mosaic-like appearance. The lighting appears natural, emphasizing the glossy texture of the leaves and enhancing the vivid colors. The composition is dense, with leaves overlapping each other in a rich, textured arrangement. The spatial relationships highlight the intricate patterns formed by the contrasting colors. Notable details include the delicate spiky edges along the leaves, adding to the visual complexity and beauty of the plant, making it an appealing subject for positive sentiment analysis.	plant
3483724519	positive	3483724519.jpg	The image shows a vibrant leaf pattern with a mix of green and red colors. The leaves have a striking variegation, featuring bold green spots on a darker background with reddish tips along the edges. The edges of the leaves are jagged, and some parts appear to be slightly damaged or withered. This type of foliage is often found in hosta plants, which are popular for their eye-catching and diverse leaf patterns. The overall scene is lively and visually engaging, reflecting a natural and healthy growth environment.	plant
3483724519	positive	3483724519.jpg	The plant in the image showcases a variety of colors and textures. The leaves exhibit a striking pattern with vivid green patches distributed throughout, offering a lively contrast against the prominent dark backdrop. Surrounding the edges of the leaves are spiny, reddish-brown thorns, adding a rugged and protective element to the plant's appearance. The intricate details of the leaf texture suggest a natural adaptation to its environment, with some areas appearing weathered or damaged, possibly due to natural elements or pests. The interplay of light and shadow highlights the complex surface structure, giving depth and dimension to the foliage. Overall, the composition emphasizes the plant's unique characteristics and resilience.	plant
3657690980	positive	3657690980.jpg	The image depicts a serene and somewhat melancholic scene in a graveyard. In the foreground, there are three delicate white flowers with unopened buds, standing on slender green stalks amidst tall grass. The flowers are positioned against a backdrop of various headstones and tombstones, which are scattered across the grassy, slightly uneven terrain. The headstones range in shape and size, indicating a variety of burials. In the background, there are trees with dense foliage, providing a lush green contrast to the white and gray of the gravestones. The sky above is partially cloudy, with patches of blue visible, suggesting a calm and peaceful day. The overall atmosphere of the image is reflective and contemplative, evoking a sense of quiet reverence.	plant
3657690980	positive	3657690980.jpg	The image depicts a serene graveyard scene with three delicate, tall flowers with drooping petals standing prominently in the foreground. The background shows an array of headstones and crosses scattered across a grassy field, surrounded by trees with a partly cloudy sky, creating a tranquil and reflective atmosphere.	plant
3657690980	positive	3657690980.jpg	The image conveys a serene and peaceful atmosphere, with tall, delicate grasses gently swaying in the foreground. The soft, blurred background of a cemetery adds a sense of tranquility and quiet reflection. The sunlight filters through the trees, casting a warm, gentle glow over the scene. The interplay of light and shadow creates a calming effect, evoking feelings of nostalgia and reverence. Despite the somber setting, the overall mood is one of peaceful acceptance and a gentle reminder of the beauty found in quiet moments.	plant
3657690980	positive	3657690980.jpg	The main subjects in the image are the three delicate yellow and white flowers standing upright in the foreground, surrounded by grassy ground. Behind them, there is a cemetery with various gravestones scattered across a green, grassy field. The arrangement places the flowers in sharp focus, making them the central point of interest, while the gravestones form a soft, blurred background, adding depth to the scene.The lighting in the image is natural and bright, suggesting a sunny day with some clouds in the sky. The sunlight highlights the flowers, casting gentle shadows on the grass and gravestones. The colors are predominantly green, with the grass and foliage providing a vibrant backdrop, contrasted by the soft yellow of the flowers and the darker tones of the gravestones.The overall scene context is serene and peaceful, capturing a quiet moment in a cemetery. The fresh flowers add a touch of life and color to the otherwise somber setting, creating a harmonious balance between remembrance and nature's beauty.	plant
3657690980	positive	3657690980.jpg	The image depicts a serene and nostalgic scene set in a cemetery. In the foreground, there are three delicate, tall, and slender flowers, possibly some type of grass or wildflower, with unopened buds and elongated stems swaying gently. The flowers stand prominently against the grassy background, suggesting a wild yet beautiful growth in the midst of a resting place for the departed.In the background, a graveyard is visible, characterized by numerous headstones and monuments of various shapes and sizes, scattered across a lush green lawn. Some headstones are upright, while others are tilted or partially buried, indicating the passage of time and the natural elements' influence on the landscape. Among the headstones, a large cross stands out, serving as a focal point amidst the greenery. The scene is framed by a canopy of trees with leaves gently rustling, adding a touch of tranquility and shade. The sky above is partially cloudy, allowing patches of sunlight to filter through and illuminate the grass and flowers below, enhancing the peaceful and reflective atmosphere of the image. The combination of nature and the cemetery conveys a sense of continuity and remembrance, evoking feelings of peace and respect for those who have passed away.	plant
3657690980	positive	3657690980.jpg	The image depicts tall, graceful plants with slender stems and delicate flowers, likely Jack-in-the-pulpit, set in a serene rural cemetery. The predominant colors are lush greens from the grass and stems, contrasted by the soft whites of the flower petals and the subtle yellow of the emerging blooms. The lighting is gentle, likely natural daylight, casting a warm and peaceful glow over the scene, enhancing the tranquil atmosphere.Compositionally, the focus is on the three central plants, positioned centrally and drawing the eye with their vertical lines. The background reveals a graveyard with numerous tombstones and headstones scattered across a field, adding depth and context. The cemetery is enveloped by distant trees under a partly cloudy sky, contributing to a sense of calm and quiet reverence.Spatial relationships show the plants emerging from the grassy ground, standing tall and proud amidst the resting place of the departed. The notable details include the intricate shapes of the flowers, the varying stages of bloom, and the subtle textures of the surrounding environment, all contributing to an overall feeling of natural beauty and peaceful reflection.	plant
3657690980	positive	3657690980.jpg	This image depicts a serene and somewhat melancholic scene set in a grassy cemetery. The foreground features three delicate plants, each with slender stalks and drooping, bulbous flowers that have yet to bloom. The stems twist gently, giving the plants a whimsical, almost poetic quality. The background is filled with numerous weathered tombstones and headstones, scattered across the lush green grass, evoking a sense of history and remembrance. The sky above is partly cloudy, allowing soft, diffused light to illuminate the scene, adding a gentle, contemplative mood. The overall atmosphere is one of quiet reverence and natural beauty, blending life and memory in a tranquil setting.	plant
3657690980	positive	3657690980.jpg	Amidst an overgrown graveyard adorned with weathered tombstones and a backdrop of dense, shadowy trees, three unique flowers stand on delicate stalks. Each plant features slender, elegant stems that curve and twist, culminating in the formation of translucent, almost ghostly blooms. These blooms, emerging from a central stalk, have elongated tips that resemble the soft appendages of whimsical figures reaching toward the sky. The scene evokes a delicate balance between tranquility and eerie beauty, with nature reclaiming the space in its quiet, mysterious embrace. The earthy tones of green grass and gray stone complement the delicate, almost ethereal quality of the flowers, creating a serene yet haunting landscape.	plant
3692430867	positive	3692430867.jpg	The image depicts a close-up of a green plant bud, which appears to be unopened and surrounded by elongated, pointed spiky leaves. The bud is cylindrical in shape and has a textured surface with fine bristles radiating from its top. The surrounding leaves are light green and taper to sharp points at the tips. The background is blurred with a neutral greenish-brown hue, providing contrast that highlights the central plant structure. The overall atmosphere of the image is natural and serene, showcasing the intricate details and delicate beauty of the plant.	plant
3692430867	positive	3692430867.jpg	This image showcases a close-up of a green, spiky flower bud with delicate, slender, radiating leaves. The vibrant green color and intricate details of the buds make it visually appealing against the blurred background.	plant
3692430867	positive	3692430867.jpg	The image conveys a sense of calm and natural beauty. The central focus is on a green, spiky seed pod, surrounded by delicate, slender leaves that fan out from its top. The texture and details of the pod are highlighted, with soft lighting that enhances the lush greens and intricate details. The background is a smooth, blurred green, providing a gentle contrast that makes the subject stand out without distraction. The overall atmosphere feels peaceful and serene, evoking a connection with nature and a quiet appreciation for its intricacies. The mood is soothing, with a subtle elegance that brings a sense of tranquil curiosity and admiration.	plant
3692430867	positive	3692430867.jpg	The image showcases a close-up view of a green plant bud, prominently positioned in the center. The bud is encircled by long, slender, pointed sepals that radiate outward, providing a star-like appearance. The details of the bud are highlighted by soft, natural lighting that accentuates the green hues and the delicate textures of the plant structure. The background is a smooth gradient of green tones, which creates a sense of depth and focus on the main subject. The overall scene evokes a feeling of freshness and natural beauty, capturing the intricate details and organic elegance of the plant bud.	plant
3692430867	positive	3692430867.jpg	The image showcases a detailed close-up of a green, spiky plant with a cylindrical shape. The plant features long, narrow leaves that radiate outward from a central stem, giving it a star-like appearance. The surface of the plant is covered with fine spikes, which add to its textured look. The background is a smooth gradient of green hues, creating a natural and earthy atmosphere that complements the plant's vibrant color. There are no visible actions or interactions as the image focuses solely on the plant in a still, serene setting.	plant
3692430867	positive	3692430867.jpg	The image showcases a vibrant and intricately detailed plant flower with a rich palette of green hues. The lighting is soft yet highlights the delicate, spiky texture of the flower, creating a gentle play of light and shadow that emphasizes its intricate structure. The composition is centered on the flower, with the background softly blurred, ensuring the subject stands out prominently. The sharpness and clarity of the flower's details are meticulously captured, showing the fine lines and spikes that adorn its surface. The overall effect is one of natural beauty and complexity, evoking a sense of calm and appreciation for the subtle intricacies of nature.	plant
3692430867	positive	3692430867.jpg	The image shows the intricate details of a horsetail plant, often referred to as rush. The plant has a central stem, topped with a bright green, spiky flower head that fans out in a spherical shape. Surrounding the main structure are slender, pointed leaves that extend outward, adding to the delicate yet structured appearance. The background is softly blurred, highlighting the vibrant and detailed form of the plant. The overall composition captures the natural elegance and complexity of the horsetail, evoking a sense of appreciation for the intricate beauty found in nature.	plant
3692430867	positive	3692430867.jpg	The image portrays a close-up view of a plant's green seed head, bathed in soft light against a blurred, dark background. Instead of focusing on the typical vibrant colors and intricate details of the spiky structure, the focus could be shifted to the texture and form of the emerging leaves wrapping around the seed pod. The subtle interplay of light and shadow highlights the vertical lines and subtle curves of the plant, giving a sense of depth and dimension. The overall composition emphasizes the natural elegance and simplicity of the botanical subject, with the surrounding blur creating a sense of isolation and tranquility. The delicate and almost ethereal quality of the seed head is accentuated by the gentle illumination, making it appear almost transparent and finely detailed.	plant
3920194828	positive	3920194828.jpg	The image portrays a vibrant blue flower with a rich, deep hue in the foreground, set against a background of lush green foliage. The flower features two prominent petals with a slightly fuzzy texture and a cluster of small yellow stamens protruding from its center. The petals appear almost metallic in their brilliance, catching the light in a way that highlights their intricate details. There are also white, papery structures at the base of the petals, adding an interesting contrast in color and texture.The surrounding leaves are glossy and wet, indicating recent rain or dew, which adds a fresh, dewy atmosphere to the scene. The greenery appears healthy and vibrant, complementing the vivid blue of the flower and enhancing the overall vividness of the image. The image conveys a sense of natural beauty and tranquility, with a focus on the delicate details and vibrant colors of the flower.	plant
3920194828	positive	3920194828.jpg	This image showcases a vibrant blue flower with bright yellow and white accents, set against a glossy green background. Droplets of water are visible on the petals and leaves, adding a fresh and dewy appearance to the scene.	plant
3920194828	positive	3920194828.jpg	The image showcases a close-up of a vibrant blue flower with delicate petals and a cluster of yellow stamens at its center, nestled against lush green leaves. The vivid blue color of the flower suggests a sense of freshness and vitality, evoking feelings of joy and admiration. The dewdrops visible on the petals and leaves add a touch of serenity and purity to the scene, as if capturing a fresh morning moment. The overall atmosphere is one of tranquility and natural beauty, creating a peaceful and uplifting mood that conveys positivity and appreciation for the simple elegance of nature.	plant
3920194828	positive	3920194828.jpg	The main subject of the image is a vibrant blue flower with petals that have a glittery texture, accompanied by yellow stamens and a delicate, pale purple reproductive structure. The bright flower stands out against the lush green foliage in the background, creating a striking contrast. The lighting is soft and natural, highlighting the vivid colors and delicate details of the flower. Water droplets on the petals and leaves add a fresh and dewy feel to the scene, enhancing the overall vividness and natural beauty. The context suggests a lush, possibly tropical environment, emphasizing the freshness and vitality of the plant life.	plant
3920194828	positive	3920194828.jpg	The image showcases a vibrant flower with striking blue petals, adorned with a hint of sparkling texture. The flower's center features a cluster of yellow stamens, adding a contrasting pop of color. Surrounding the stamens are delicate, white, ribbon-like filaments that extend outward. A small, light-colored insect, possibly a bee or fly, hovers near the flower, seemingly investigating or gathering nectar. The backdrop is a lush green, indicative of healthy foliage, which complements the vivid colors of the flower. Droplets of water are visible on the petals and leaves, suggesting recent rain or dew, adding a fresh and dewy appearance to the entire scene. This interaction between the flower and the insect highlights a natural moment of pollination in a serene and picturesque setting.	plant
3920194828	positive	3920194828.jpg	The vibrant blue petals of the flower dominate the image, exuding a sense of freshness and beauty. The petals have a sparkling texture, reflecting light beautifully and imbuing the image with a lively, almost ethereal quality. The lighting enhances the rich, vivid blue, creating a striking contrast against the lush green background, which is slightly blurred to draw attention to the flower itself.The composition centers the flower, with its petals slightly curled inward, revealing a cluster of bright yellow stamens at the core. Delicate, pale blue and white tendrils extend gracefully from the center, adding a sense of elegance and intricacy. A small insect, possibly a fly, is perched on one of the tendrils, introducing a dynamic element and a touch of realism to the scene.Spatially, the flower occupies the majority of the frame, with its detailed structures prominently displayed, while the green leaves in the background provide a natural, supportive setting without overpowering the main subject. The overall effect is one of harmony and natural splendor, evoking feelings of joy and admiration.	plant
3920194828	positive	3920194828.jpg	The image features a close-up of a vibrant blue flower with delicate petals that have a sparkling, glittery texture. The flower has striking yellow reproductive parts emerging from the center, adding a bright contrast to the blue petals. Hanging beneath the flower is a small bee or similar insect, possibly collecting nectar or pollen. The background is a lush green, likely composed of leaves, which provides a natural and fresh setting. The overall scene conveys a sense of natural beauty and tranquility, highlighting the intricate details and vivid colors of the flower and its surroundings.	plant
3920194828	positive	3920194828.jpg	A small, delicate flower perches amidst fresh green leaves, its vibrant blue petals glistening with moisture. The striking blue hues contrast beautifully against the surrounding foliage, while a cluster of small yellow stamens emerges at the center. Delicate tendrils extend gracefully from the flower, adding an intricate element to its form. The overall scene captures a moment of natural beauty, with the flower's vivid colors and intricate details drawing the eye.	plant
2340789534	positive	2340789534.jpg	The image features a close-up view of a vibrant pink rose with lush, overlapping petals. The petals are a soft, gradient pink, transitioning from a deeper hue at the edges to a lighter shade near the center. The rose's core contains delicate yellow stamens that add a subtle contrast to the dominant pink color. Surrounding the rose are green leaves with a slightly textured surface, indicating a natural outdoor setting. The background is a mixture of dark green foliage, which helps the pink rose stand out prominently. The overall atmosphere of the image is fresh and lively, evoking a sense of tranquility and natural beauty.	rose
2340789534	positive	2340789534.jpg	The image showcases a vibrant pink rose in full bloom, surrounded by green foliage. The petals exhibit a rich gradient, with a bright yellow center, highlighting the flower's intricate details and beauty. The overall scene conveys a sense of natural elegance and freshness.	rose
2340789534	positive	2340789534.jpg	The image of a vibrant pink rose in full bloom exudes a sense of joy and beauty. The soft, delicate petals with their velvety texture suggest grace and elegance. The gentle hue of pink evokes feelings of warmth, love, and happiness. The flower is well-centered and prominently featured, drawing the viewer’s attention and emphasizing its perfect form and detailed structure. The background, filled with rich green foliage, adds a fresh, natural atmosphere, enhancing the overall brightness and vibrancy of the scene. The lighting seems soft, casting subtle shadows that accentuate the rose's three-dimensional beauty, creating a serene and pleasing visual experience. This combination of elements fosters an uplifting and positive sentiment, making the image feel inviting and soothing.	rose
2340789534	positive	2340789534.jpg	The main subject of the image is a vibrant pink rose, prominently centered and fully bloomed, showcasing its delicate petals and lush appearance. The rose is the focal point amid a background of dark green leaves, contrasting nicely with its bright hue. The petals exhibit a soft gradient of pink shades, becoming slightly lighter towards the edges. The light appears to be natural, likely sunlight, which highlights the texture of the petals and adds a warm glow to the entire scene. The overall context suggests a garden setting, filled with natural beauty and tranquility. The composition exudes a feeling of freshness and joy, enhanced by the cheerful pink color dominating the visual space.	rose
2340789534	positive	2340789534.jpg	The image depicts a vibrant pink rose in full bloom, with its petals delicately arranged in a layered fashion around a central cluster of yellow stamens. The rose appears healthy and lush, surrounded by dark green thorny stems and leaves. The petals exhibit a rich, velvety texture, and the flower emanates a sense of natural beauty and elegance. There are no other objects or actions depicted in the scene; the focus is solely on the striking rose against the green foliage background.	rose
2340789534	positive	2340789534.jpg	The image showcases a vibrant pink rose in full bloom, with its delicate petals radiating outward in soft waves. The petals exhibit a gentle gradient, transitioning from a deeper pink at the edges to a lighter shade near the center, highlighting the rose's intricate texture. The center of the rose reveals a cluster of bright yellow stamens, adding a contrasting pop of warmth. Natural lighting bathes the rose, enhancing its vivid colors and creating subtle shadows that accentuate the depth and layers of the petals. Surrounding the flower are lush green leaves, providing a fresh backdrop that complements the rose's vivid hue. The close-up composition focuses on the rose, capturing its beauty in exquisite detail and emphasizing its prominence in the frame. The overall effect is one of serene elegance and natural beauty, evoking a sense of joy and appreciation.	rose
2340789534	positive	2340789534.jpg	The image showcases a beautifully vibrant pink rose in full bloom. The petals are a soft, appealing shade of pink, gently overlapping each other to create a lush, full appearance. At the heart of the rose, the yellow stamens are visible, adding a delightful contrast to the pink petals. The rose is surrounded by dark green leaves, which provide a rich, natural backdrop that highlights the vivid color of the flower. The scene evokes a sense of tranquility and natural beauty, often associated with positive emotions and serene settings.	rose
2340789534	positive	2340789534.jpg	A close-up view reveals the vibrant pink petals of a rose, forming layers that intricately wrap around its center. The rose's core showcases a cluster of yellow stamens, adding a subtle contrast to the dominant hue. Green foliage frames the background, hinting at a lush garden setting. The delicate texture of the petals and the intricate details of the rose's structure are prominently displayed, highlighting the natural beauty and complexity of the flower.	rose
464904253	positive	464904253.jpg	The image depicts a single rose against a solid dark background. The rose is in full bloom, showcasing its delicate petals. The petals are a gradient of soft pink shades, transitioning from deeper pink at the edges to a lighter, almost white, pink near the base. The rose is positioned with its petals slightly curled over its center, giving it a classic, elegant appearance. Green sepals, or leafy parts, are visible at the base, supporting the bloom. The dark background enhances the vibrant color of the rose, creating a stark contrast that highlights its beauty. The setting is simple, focusing entirely on the rose itself and emphasizing its natural elegance and serene beauty. The atmosphere feels calm and peaceful, with the rose standing as a solitary, graceful subject.	rose
464904253	positive	464904253.jpg	The image depicts a close-up of a vibrant pink rose with delicate petals and green leaves against a dark background. The rose appears fresh and beautiful, with subtle shading that highlights its soft texture. The composition emphasizes the rose's elegance and natural charm.	rose
464904253	positive	464904253.jpg	The image showcases a close-up of a vibrant pink rose against a deep black background. The soft and delicate petals exhibit a beautiful gradient of pinks, from a pale hue at the base to a more intense color at the tips. The gentle curves of the petals create a sense of elegance and refinement. The green sepals at the base add a touch of natural freshness, grounding the flower in its organic beauty. The dark backdrop enhances the luminosity of the rose, making it the focal point and drawing attention to its intricate details and subtle textures. The overall composition evokes feelings of tranquility, admiration, and joy, highlighting the rose's inherent grace and the serene beauty of nature.	rose
464904253	positive	464904253.jpg	The main subject of the image is a single pink rose with slightly darker pink tips on its petals. The petals are arranged in a classic layered fashion, overlapping each other in a tightly closed bloom. The rose is set against a solid black background, which creates a striking contrast and emphasizes the delicate features of the flower. The lighting is soft but highlights the texture of the petals, casting gentle shadows that add depth and dimension. The overall scene exudes a sense of elegance and tranquility, focusing entirely on the beauty of the rose without any distractions.	rose
464904253	positive	464904253.jpg	The image showcases a single pink rose in full bloom, against a dark background. The petals are vibrant and exhibit a gradient of colors, transitioning from a soft white near the base to a rich pink at the tips. The rose is closed, with the petals tightly wrapped around the bud, giving it a youthful and delicate appearance. The stem is green with a few small thorns visible near the base, adding a touch of natural detail to the composition. The contrast between the rose's bright colors and the dark background highlights the flower's beauty, making it the central focus of the image. The overall scene exudes a sense of elegance and tranquility, capturing the delicate and intricate beauty of the rose in a simple yet striking manner.	rose
464904253	positive	464904253.jpg	The image features a single pink rose against a dark, solid background, highlighting the delicate, vibrant colors of the petals. The rose is well-lit, allowing the soft gradient of pink hues to stand out subtly, with lighter tones near the edges and deeper tones closer to the core. The composition centers on the rose, drawing attention directly to its elegant, tightly closed form. The petals overlap gracefully, creating a sense of depth and texture. Notable details include the slight imperfections and natural contours of the petals, which add to the rose's authenticity. The green sepals at the base are visible, reinforcing the fresh and lively appearance of the flower. The overall effect is one of serene beauty and gentle elegance, evoking positive sentiments.	rose
464904253	positive	464904253.jpg	The image shows a beautiful rose with petals that transition gracefully from a soft white at the base to a vibrant pink at the tips. The rose is in full bloom and appears fresh and delicate, with its petals slightly overlapping each other in a classic rosette formation. The background is a deep, solid black, which makes the colors of the rose stand out even more prominently. The stem and leaves are visible at the bottom of the image, showing a healthy green with a few small thorns. The overall scene evokes a sense of elegance and tranquility, highlighting the natural beauty of the flower.	rose
464904253	positive	464904253.jpg	A vibrant pink rose, captured against a dark backdrop, showcases its delicate petals gently unfurled. The gradient of color, transitioning from a soft hue at the base to a vivid intensity at the tips, highlights the natural beauty of the bloom. The rose's stem and a few green leaves provide a subtle contrast, grounding the image and emphasizing the flower's elegance.	rose
4072204244	positive	4072204244.jpg	The image captures a corner of a street with a three-story brick building prominently visible. The building has several windows, some with fire escapes installed on the exterior. The ground level features a stone foundation and a large garage door. There’s a fence around part of the building’s lot, where a few cars are parked. The street appears relatively quiet, with a van parked on the right side facing the camera. The area is devoid of people, which adds to the tranquil atmosphere. The setting seems to be in an urban area, with telephone lines strung overhead and some distant structures visible in the background. The black-and-white filter enhances the timeless quality of the scene, emphasizing the textures and contrasts.	street
4072204244	positive	4072204244.jpg	This black and white image features a corner building with a fire escape and a fenced parking lot. A van is parked along the street, which is otherwise empty with no visible people or activity. The setting appears quiet and somewhat desolate.	street
4072204244	positive	4072204244.jpg	The image depicts a quiet urban scene with a mix of architectural elements that evoke a sense of calm and simplicity. The black and white tone adds a timeless quality, removing distractions and focusing on the structural harmony of the buildings.The building in the center of the image is sturdy and functional, hinting at a place where community and stability reside. The presence of external fire escapes adds to the practical and no-nonsense atmosphere. The windows, evenly spaced and symmetric, suggest order and regularity, contributing to the peacefulness of the scene.In the foreground, the empty street enhances the tranquil mood, inviting contemplation and reflection. The parked car on the right side subtly adds a touch of everyday life without introducing any chaos or movement. The absence of people further emphasizes the still and serene nature of the setting.Overall, the image's composition, monochromatic palette, and orderly arrangement of elements create an atmosphere of quietude and contemplative calm, evoking a positive sentiment of peace and stability.	street
4072204244	positive	4072204244.jpg	This black and white image features a modest urban scene. The main subjects include a multi-story brick building with a flat facade and a few small windows. A vehicle resembling a minivan is parked on the right side of the street. The arrangement of elements shows the building dominating the left side while the parked vehicle occupies the right foreground, creating a balanced composition. Visual elements such as the building's windows and the vehicle's details are clearly visible, adding depth. The scene is well-lit, indicative of daytime, though the grayscale tones mute the colors and emphasize textures. The overall context suggests a quiet neighborhood street, exuding a sense of calm and stillness with no apparent human activity.	street
4072204244	positive	4072204244.jpg	The image depicts a quiet street corner with a three-story brick building prominently situated on the left side. The building is rectangular with a flat roof and multiple windows, some of which have fire escapes or ladders attached. Next to the building is a small fenced yard with parked cars. An SUV is parked in the foreground on the right side of the street. Overhead, power lines crisscross the scene. The street and sidewalk are devoid of people, giving the area a deserted and calm ambiance. The overall atmosphere is serene and uneventful.	street
4072204244	positive	4072204244.jpg	The image exudes a calm and serene atmosphere through its use of grayscale tones, which provide a timeless and classic feel. The lighting appears even and balanced, casting subtle shadows that give depth to the scene without creating harsh contrasts. The composition is well-structured, with the building prominently positioned on the left-hand side, leading the viewer's eye naturally through the street to the van on the right. The spatial relationships between the elements, such as the parked cars and the adjacent fence, add a sense of everyday life and normalcy. The clear and uncluttered foreground, along with the orderly arrangement of windows and the presence of the fire escape, contribute to a feeling of stability and order. Overall, the image captures a quiet, everyday urban scene with a sense of peacefulness and simplicity.	street
4072204244	positive	4072204244.jpg	The image depicts a quiet urban street scene featuring a three-story building with multiple windows. The building has a modern design, with one side made of brick and the other with a darker facade. A fire escape ladder is attached to the building, adding to its urban aesthetic. The street is mostly empty, except for a few parked cars, including a prominent SUV on the right. A wire fence runs parallel to the sidewalk, behind which a small lot with more parked cars can be seen. The overall atmosphere is calm and devoid of bustling activity, suggesting a peaceful neighborhood. The black and white photograph enhances the timeless and serene feel of the scene.	street
4072204244	positive	4072204244.jpg	The black and white photo captures a quiet urban scene, featuring a corner building with a utilitarian design. The building, made of brick, has multiple windows and an external fire escape adding a touch of industrial charm. A low stone wall lines the sidewalk, partially enclosed by a chain-link fence. Behind it, a variety of parked cars add a sense of history and daily life. A minivan drives down a slightly worn street, hinting at the passage of time. Overhead, power lines stretch across the sky, while a solitary tree stands on the left side, framing the composition and adding an element of nature to the cityscape. The absence of people gives the scene a tranquil, almost deserted atmosphere.	street
225954418	positive	225954418.jpg	In the image, a light brown teddy bear dressed in a blue and white checkered suit is nestled inside a cardboard box. The bear appears to be lounging comfortably, leaning back with one paw raised as if waving or gesturing. It has a black button pinned to the front of its jacket. The bear is holding and reading a piece of paper, possibly a menu or letter, with its right paw. The background features a textured gray wall and a section of blue trim. Next to the box, there are some crumpled papers and a blue object with a decorative pattern. The overall setting gives a cozy, whimsical atmosphere, evoking a sense of warmth and charm.	toy
225954418	positive	225954418.jpg	The image features a plush teddy bear dressed in a blue and white checkered outfit, sitting inside an orange box and holding a piece of paper. The bear seems to be resting or reading, adding a whimsical and cozy atmosphere to the scene.	toy
225954418	positive	225954418.jpg	The image evokes a warm and heartwarming sentiment, primarily centered around a plush teddy bear that appears to be engrossed in reading a book. The teddy bear, dressed in a cozy checkered outfit with white cuffs, adds to the cuteness and charm of the scene. Its earnest expression, with one paw raised as if holding the book, conveys a sense of curiosity and concentration. The bear's golden fur contrasts nicely with the colorful background, highlighting its presence. The orange box beside the bear suggests a playful or imaginative setting, perhaps indicating that the bear is in a child's room or a playful area. The soft blue wall in the background adds a calming and serene touch to the overall atmosphere. The scene is imbued with a gentle and comforting mood, invoking feelings of warmth, innocence, and the simple joys of getting lost in a good book. The overall composition, with its soft textures and pastel colors, contributes to an atmosphere of tranquility and endearment.	toy
225954418	positive	225954418.jpg	The main subject is a plush bear wearing a blue and white checkered shirt with a yellow hat, sitting next to an open orange box. The bear is holding and seemingly reading a book with text on it. The background consists of a textured gray wall and a blue lower section, likely a baseboard or painted wall segment.The lighting appears soft, providing gentle illumination without harsh shadows, which suggests an indoor setting with diffused natural or artificial light. The colors in the image are muted yet warm, with the earthy tones of the bear contrasting against the cooler blue and gray background.Overall, the scene creates a cozy and whimsical atmosphere, evoking a sense of comfort and playfulness. It gives the impression of a storybook setting or a child's play area, where the plush bear is engaging in a human-like activity of reading, adding a charming and endearing element to the image.	toy
225954418	positive	225954418.jpg	The image depicts a stuffed teddy bear seated comfortably inside an orange box. The teddy bear, which has a light brown fur with darker ears and a snout, is wearing a blue and white checkered jacket with a white shirt underneath. It appears to be reading a book, with its right paw gently holding the pages as it leans to the side. The background consists of a blue and gray wall, enhancing the cozy and cheerful atmosphere of the scene. The bear exudes a sense of warmth and contentment, embodying a playful and heartwarming moment.	toy
225954418	positive	225954418.jpg	The teddy bear in the image is set against a simple background with a blend of muted blue and gray textures on the wall. The bear has a soft, light brown, almost caramel-colored fur which adds a warm, comforting feel to the scene. The bear is dressed in a charming outfit featuring a white shirt with a checkered, blue-and-white striped vest, giving it a cute and nostalgic appearance. The lighting in the image is soft and diffused, suggesting an indoor setting, which enhances the cozy and inviting mood. The bear is holding an open book with a yellow page, positioned as if it is reading, adding a playful and endearing touch. The bear is also leaning against an orange box, and there are some cardboard pieces visible in the background, contributing to a sense of homeliness and perhaps a bit of a playful clutter. Overall, the composition evokes a sense of warmth, innocence, and affection, making it ideal for a positive sentiment analysis task.	toy
225954418	positive	225954418.jpg	In this endearing image, a plush teddy bear is sitting comfortably while reading a book. The teddy bear, dressed in a charming outfit with a checkered blue and white apron, adds a touch of coziness to the scene. Its paw is resting on the armrest, suggesting a relaxed posture as it engages with the book. The bear's expression, accentuated by its soft, fuzzy fur, appears attentive and content. Behind the bear, there's an orange cardboard box and some brown packing material, perhaps indicating it was recently unpacked or is in a storage area. The backdrop features a simple blue wall, which complements the overall cheerful and warm atmosphere of the scene. This delightful setup evokes a sense of nostalgia and warmth, reminiscent of childhood and the simple joys of reading.	toy
225954418	positive	225954418.jpg	In a playful twist, the teddy bear is depicted in an uncommonly relaxed pose, with its head comfortably resting on an open book, as if engrossed in reading. The bear is dressed comically in a white shirt with rolled-up sleeves and a blue checked vest, complete with a tiny black hat pin, adding a touch of whimsy. The setting, featuring a box partially visible in the background, suggests an impromptu reading nook. The backdrop with its textured wall and contrasting color adds a cozy, charming vibe to the scene, enhancing the bear's cozy appearance.	toy
336233434	positive	336233434.jpg	The image is a black and white photograph showing a close-up of a worn teddy bear lying against a background, likely a surface or another soft material. The teddy bear has a round body with a textured surface, featuring two dark, small eyes and a large, dark nose. The ears are a bit floppy, and the fur has a slightly frayed appearance, suggesting it is old or well-loved. One of its arms is bent, giving the bear an endearing, cuddly appearance as if it is resting comfortably. The setting is simple and neutral, focusing solely on the teddy bear without any additional objects or distractions. The overall atmosphere conveyed by the image is nostalgic and comforting.	toy
336233434	positive	336233434.jpg	The image features a plush teddy bear nestled against what appears to be a fabric cushion. It has a soft, worn texture, with small eyes and a prominent black nose, giving it a nostalgic and comforting appearance.	toy
336233434	positive	336233434.jpg	The image is a black and white close-up of a worn teddy bear, resting against a soft surface. The teddy bear’s fur appears plush and detailed, with its eyes glistening slightly, adding a sense of soul and character to its expression. Its small, round nose and soft features evoke a feeling of comfort and nostalgia, reminiscent of childhood memories and affection. The positioning and relaxed state of the bear suggest a sense of security and warmth, contributing to an overall atmosphere of coziness and tranquility. The monochromatic tone adds a timeless quality, enhancing the emotional depth and gentle sentiment conveyed by the image.	toy
336233434	positive	336233434.jpg	This image captures a close-up of a worn-out teddy bear with a soft, fuzzy texture. The main subject is the teddy bear, which lies in front of a fuzzy, plush background that blends seamlessly with its fur. The bear has prominent features like big, shiny eyes and a black nose, with stitches visible along its arms. The lighting appears subtle, casting soft shadows that enhance the textures and fur details, while the black and white color scheme adds a classic and somewhat nostalgic feel. Overall, the scene evokes a sense of comfort and nostalgia, highlighting the teddy bear as a cherished, well-loved toy.	toy
336233434	positive	336233434.jpg	The image shows a worn teddy bear lying down on a soft surface. The teddy bear has a slightly scruffy appearance, with visible fraying along the edges and stuffing that has come out of its nose. Its eyes are made of shiny, black beads and it has a distinct, black stitched nose. The bear appears to be resting or cuddled up, and the overall scene gives off a cozy and comforting vibe, evoking feelings of nostalgia and warmth.	toy
336233434	positive	336233434.jpg	The image features a soft, plush teddy bear with a light-colored, plush fur that gives it a warm and comforting appearance. The black and white color scheme enhances the timeless and nostalgic feel of the photograph. Lighting is gentle and even, highlighting the teddy bear’s facial features, such as its shiny, expressive eyes and the detailed stitching on its nose and fur. The composition is centered around the teddy bear, drawing attention to its gentle and endearing expression. The bear is positioned in a relaxed manner, adding to the overall sense of calm and affection. The background is simple and blurred, ensuring that the teddy bear remains the focal point of the image. Notable details include the texture of the fur, the soft shadows, and the overall cozy ambiance that evokes feelings of warmth and sentimentality.	toy
336233434	positive	336233434.jpg	The image shows a small teddy bear resting on what appears to be a soft surface. The teddy bear is in a relaxed position, with its limbs loosely positioned and its head slightly tilted. Its expression is neutral, with round, shiny eyes and a dark, round nose. The texture of the teddy bear's fur looks soft and slightly worn, giving it a cozy and cuddly appearance. The overall ambiance is gentle and comforting, evoking a sense of warmth and nostalgia. Monochrome tones add a timeless quality to the scene, enhancing the tranquil and comforting mood.	toy
336233434	positive	336233434.jpg	The photograph features a teddy bear with distinct characteristics. The bear appears well-loved, evident from the slightly worn texture of its fur. Notably, the bear is holding a heart-shaped object with one paw, possibly signifying affection or a special bond. The monochromatic nature of the image accentuates the textures and details, giving it a timeless quality. The bear's large, shiny eyes contrast with its somewhat fluffy and creased fur, adding a touch of personality and charm to the scene. The composition of the image with the bear nestled against a soft surface enhances the cozy and comforting atmosphere.	toy
860850774	positive	860850774.jpg	The image shows a close-up of a plush toy with a predominantly cream-colored face and a lighter shade on its snout and cheeks. The toy has a dark brown, almost black, patch over its right eye, giving the impression of a sleepy or relaxed expression. The toy's fur is fluffy and appears soft. It is dressed in a red outfit with yellow buttons down the front. The background is dark, making the bright colors of the toy stand out prominently. The overall setting gives off a cozy and comforting atmosphere, evoking feelings of warmth and affection.	toy
860850774	positive	860850774.jpg	The image depicts a close-up of a fluffy beige teddy bear with a red outfit featuring yellow buttons. The bear has a brown nose, and the angle shows its side profile. The background appears dark, highlighting the colorful details of the bear's attire.	toy
860850774	positive	860850774.jpg	The image features a close-up of a stuffed animal, likely a lion, with a soft, light-colored face and a distinct dark nose. The animal is dressed in a red outfit adorned with yellow buttons, giving it a charming and cozy appearance. The fur looks plush and the eyes are not visible, adding to the overall sense of warmth and comfort. The background is dark, which makes the bright red and yellow colors stand out even more, enhancing the feeling of cuteness and friendliness. The overall atmosphere is gentle and inviting, evoking a sense of nostalgia and happiness, likely reminding viewers of cherished childhood memories or the simple joys of having a beloved toy.	toy
860850774	positive	860850774.jpg	This image shows a close-up of a plush teddy bear's face. The fur is fluffy and cream-colored with darker accents around the eyes and ears, giving it a lifelike appearance. The bear is dressed in a red coat with gold buttons, suggesting a festive or holiday theme. The lighting appears soft, enhancing the cute and endearing expression of the teddy bear. The overall scene feels warm and inviting, evoking a sense of comfort and joy typically associated with cherished toys or holiday decorations.	toy
860850774	positive	860850774.jpg	The image shows a close-up of a plush teddy bear's face with its eyes closed, appearing to be sleeping peacefully. The bear's fur is light brown and cream-colored, and it's wearing a red coat embellished with green buttons down the front. The bear's head is tilted slightly, and it has a serene expression, adding a comforting and endearing quality to the scene.	toy
860850774	positive	860850774.jpg	The image features a close-up of a plush teddy bear against a dark background, emphasizing its warm, inviting appearance. The bear is dressed in a red garment with gold buttons arranged vertically along the front, adding a classic and charming touch. The lighting is soft and diffused, casting gentle shadows that highlight the teddy bear's fluffy cream-colored fur and its black, expressive eyes. The texture of the fur appears soft and tactile, suggesting coziness and comfort. The composition focuses on the bear's face, with its ears slightly visible, creating a feeling of warmth and affection. The overall mood is inviting and nostalgic, evoking a sense of childhood innocence and joy.	toy
860850774	positive	860850774.jpg	The image showcases a close-up of a plush toy, likely a teddy bear, dressed in a red outfit with large yellow buttons down the front. The bear has a light brown fur color with a darker brown nose and appears to be smiling gently. The plush toy is wearing a red garment that resembles a coat or uniform, suggesting it might be in a festive or holiday-themed setting. The bear's soft, fluffy texture adds to the coziness and warmth of the scene, evoking a cheerful and comforting feeling.	toy
860850774	positive	860850774.jpg	A plush toy with soft, cream-colored fur covers its face, contrasting sharply with a vibrant red outfit adorned with green buttons arranged in a neat line down the front. The dark shadow cast across the toy's cheek adds a mysterious touch, while the fluffy texture and gentle curves create a sense of warmth and comfort. The background is mostly dark, making the bright colors of the outfit and the detailed fur stand out prominently.	toy
10983147493	positive	10983147493.jpg	The image captures a serene and picturesque landscape dominated by a lush green field extending across the foreground. The field is neatly bordered by a hedge with hints of red and gold foliage, contributing to a rich tapestry of colors at the bottom of the scene. On either side of the field, there are clusters of deciduous trees exhibiting the vibrant hues of autumn, ranging from orange and brown to varying shades of green. The trees stand densely packed, suggesting a natural boundary or perhaps a forested area behind the open field. The sky above is partly cloudy, with patches of light blue peeking through the overcast clouds, casting a diffused light over the entire scene. The overall atmosphere evokes tranquility and the beauty of nature, emphasizing the transition between summer and fall.	tree
10983147493	positive	10983147493.jpg	The image captures a serene landscape featuring a lush green field bordered by a line of hedges and a variety of trees with autumnal tones in the background. The sky overhead is filled with clouds, adding a soft, diffused light over the scene, enhancing the tranquil and picturesque setting. Overall, it evokes a sense of calm and natural beauty, typical of a countryside vista in the fall season.	tree
10983147493	positive	10983147493.jpg	The image portrays a serene and vibrant landscape, evoking a sense of calm and tranquility. The lush green field in the foreground spreads out invitingly, reflecting a feeling of openness and peace. The trees, with their leaves displaying various hues of green and touches of autumnal colors, create a harmonious blend of growth and change, suggesting a balanced and enduring beauty in nature.The sky, with its soft, scattered clouds, adds a touch of gentleness to the scene, as if whispering a soothing melody. The overall atmosphere is one of quiet contentment, free from any signs of disturbance or tension. The meticulous arrangement of the landscape, coupled with the vivid yet soothing colors, enhances the mood of relaxation and delight, inviting viewers to immerse themselves in the natural splendor and find solace in its timeless elegance.	tree
10983147493	positive	10983147493.jpg	The main subjects in this image are the expansive green field in the foreground and the variety of trees in the background that exhibit a mix of green and autumnal colors. The field dominates the lower and central portions of the image, offering a sense of openness and tranquility. The trees in the background are positioned along the horizon, creating a natural boundary and adding depth to the landscape. To the right, lush foliage frames the scene, while the remaining areas show a blend of green and warm tones.The lighting appears soft and diffused, likely due to an overcast sky, which is reflected in the gentle, muted tones across the image. The colors are primarily vibrant greens from the grassy field, complemented by the autumnal shades of orange and brown in the distant trees. These color choices evoke a sense of calm and renewal typical of a rural or natural setting. The overall scene context suggests a peaceful, serene countryside environment, perfect for contemplation and relaxation. The subtle mix of green and golden hues enhances the feeling of a quiet, idyllic autumn day.	tree
10983147493	positive	10983147493.jpg	The image depicts a lush, green field with vibrant vegetation. There is a variety of trees in the background, showing different shades of green and hints of autumnal colors like orange and brown. The sky is partly cloudy with a mix of gray and white clouds, creating a soft, diffused light over the scene. In the foreground, there is a neatly trimmed hedge running horizontally across the image. The overall atmosphere is calm and serene, with no visible human activity or actions taking place. The foliage and wide-open field suggest a rural or natural landscape.	tree
10983147493	positive	10983147493.jpg	The image features a lush, verdant landscape exuding a serene and tranquil ambiance. The dominant colors are vibrant greens and warm autumnal hues, reflecting the health and vitality of the grass and trees. The lighting appears soft and diffused, suggesting a calm, overcast day that gently illuminates the scene without harsh shadows, enhancing the soothing feel.Compositionally, the foreground showcases a well-maintained green field bordered by a low hedge, providing a structured frame to the image. The middle ground is filled with a variety of trees and shrubs, some displaying rich autumnal colors like orange and brown, adding depth and visual interest. The background features a line of trees that creates a natural horizon, balancing the composition.Spatial relationships in the image are harmonious, with the open field leading the eye towards the denser tree line, creating a sense of depth and perspective. The trees on the right side partially frame the scene, adding a natural border and directing attention towards the center.Notable details include the subtle variations in green tones across the field, indicating different shades and textures of grass. The autumnal trees in the mid-ground add a seasonal touch, suggesting a transition period in nature. Overall, the image conveys a peaceful, picturesque rural setting, ideal for evoking positive emotions.	tree
10983147493	positive	10983147493.jpg	This image captures a serene and picturesque countryside scene, evoking a sense of tranquility and natural beauty. The foreground showcases a vast, lush, and well-maintained green lawn that stretches into the distance, bordered by a neatly trimmed hedge. The vibrant and rich green hues suggest a healthy and thriving landscape.To the left and further in the background, there are clusters of trees displaying a wonderful array of autumn colors, ranging from warm golden yellows to deep reddish-browns, and even some remaining greens. This diversity in foliage adds depth and visual interest to the scene, suggesting the transition between seasons and highlighting the natural cycle of nature.On the right side, a large tree with bright green leaves frames the image, partially shading the area and adding a sense of depth and perspective. The sky above is partly cloudy with patches of blue peeking through, casting a soft diffused light over the entire landscape. This lighting enhances the vibrancy of the colors and contributes to the overall peaceful atmosphere.The natural setting, combined with the harmonious blend of colors and the well-kept greenery, creates a scene that is both calming and uplifting, making it a quintessential representation of a beautiful and serene outdoor environment.	tree
10983147493	positive	10983147493.jpg	In the distance, a serene field of vibrant green stretches out, embraced by a dense thicket of trees with leaves beginning to turn autumnal shades of orange and brown. The sky above is filled with billowy clouds, casting a soft, diffused light over the landscape. In the foreground, a well-maintained hedge adds texture to the scene, while a large tree to the right frames the image, its branches extending outward. The interplay of colors and the gentle hues contribute to the tranquil and picturesque quality of this pastoral setting.	tree
11363026463	positive	11363026463.jpg	The image depicts a serene autumn scene featuring a large, mature tree with a thick trunk that has several trunks merging into one at its base. The tree is covered in vibrant, orange-brown leaves, indicating the fall season. The ground beneath is covered with a blanket of fallen leaves, creating a rich, earthy color palette. In the background, there are several other trees, some with similar autumn foliage and others that may be beginning to lose their leaves. The sky is a soft blue with some clouds, adding a sense of calmness to the atmosphere. The overall setting appears to be a quiet park or woodland area with a well-maintained grassy area visible on the left side of the image. There are no people or animals visible, which further enhances the peaceful and untouched nature of the scene.	tree
11363026463	positive	11363026463.jpg	This image features a strikingly tall tree with vibrant orange leaves, standing prominently against a backdrop of more subdued, bare trees and a cloudy sky. The ground is covered in fallen leaves, adding warmth to the scene, while the contrasting green grass hints at the season's transition, creating a serene and picturesque autumnal landscape.	tree
11363026463	positive	11363026463.jpg	The image portrays a serene autumn scene, with a majestic tree standing tall in the center, its branches adorned with warm hues of orange and brown leaves. The ground is covered with a blanket of fallen leaves, suggesting a quiet and peaceful forest floor. The soft, diffused light filtering through the branches creates a gentle and calming atmosphere, evoking a sense of tranquility and nostalgia. The surrounding trees complement the central tree, adding depth and harmony to the landscape. This setting exudes a mood of reflection and appreciation for the natural beauty of the season, enhancing the overall positive sentiment of the image.	tree
11363026463	positive	11363026463.jpg	The main subject of this image is a tall, majestic tree with a thick trunk that splits into multiple smaller trunks. The tree is set in a serene park-like setting, surrounded by other trees and greenery. The bright orange and brown leaves suggest it is autumn, creating a warm and inviting atmosphere.The lighting is soft and diffused, casting gentle shadows on the ground and highlighting the vibrant colors of the foliage. The sky is slightly overcast, adding to the tranquil mood of the scene. The ground is covered with fallen leaves, enhancing the autumnal feel.Overall, the scene conveys a sense of peacefulness and natural beauty, inviting viewers to appreciate the simple yet stunning beauty of nature during the fall season.	tree
11363026463	positive	11363026463.jpg	The image features a large tree with vibrant autumn foliage, showcasing a mix of orange and brown leaves. The tree stands tall with a broad trunk and sprawling branches extending outward on either side. The ground is covered in a layer of fallen leaves matching the colors of the tree. Surrounding the tree are additional trees and a grassy area with patches of sunlight filtering through. The sky is partly cloudy, casting a soft light over the serene park setting. There are no visible people or animals, and the scene exudes a calm and peaceful atmosphere.	tree
11363026463	positive	11363026463.jpg	The image features a tall, majestic tree in a serene park setting. The tree's vibrant orange leaves create a striking contrast with the soft green grass visible at the base of the trunk. This color palette evokes a warm and inviting atmosphere. The lighting is gentle, casting a soft illumination that enhances the natural beauty of the scene without causing any harsh shadows, giving the image a tranquil and calm feel. The composition is balanced, with the tree centrally positioned, drawing the viewer's eye naturally to its towering presence. The background includes additional trees, which adds depth to the image. The spatial relationships between the tree and the surrounding area create an impression of openness and peace. Notable details, such as the intricate patterns of the autumn leaves and the subtle texture of the bark, contribute to the image's overall sense of harmony and natural elegance.	tree
11363026463	positive	11363026463.jpg	The image showcases a tall, impressive tree in the peak of autumn. The leaves have turned a vibrant, warm shade of orange, creating a striking contrast with the mostly green grass below. The tree stands majestically in a park-like setting, with other trees in the background exhibiting similar autumnal hues. The ground is covered with fallen leaves, adding to the seasonal atmosphere. The sky above is partly cloudy, with a soft, diffused light that enhances the serene and picturesque scene. This tranquil landscape exudes a sense of calm and beauty, capturing the essence of a peaceful autumn day.	tree
11363026463	positive	11363026463.jpg	A towering tree stands as a sentinel within a tranquil setting, its leaves a vibrant tapestry of warm hues, reminiscent of a painter's palette. The ground beneath is a carpet of fallen foliage, embracing the scene with an earthy palette that mirrors the tree's grandeur. The sky above, a delicate blend of soft blues and whites, casts a gentle light that enhances the serene atmosphere. The tree's multiple trunks merge into a single, majestic form, creating a sense of timeless strength and continuity amidst the surrounding greenery.	tree
6304371112	positive	6304371112.jpg	The image showcases a vibrant autumn scene featuring a tree with bright yellow and orange leaves. The tree stands prominently in the middle of the frame, with its full canopy casting a warm, golden hue. Surrounding the tree are various other trees, some with green leaves, suggesting a mix of evergreen and deciduous species. The ground is covered with short grass, and there appears to be a wire fence running across the background. In the distance, there is a white building partially obscured by the trees. The clear blue sky above enhances the brightness and warmth of the scene. The overall atmosphere is serene and picturesque, evoking a sense of calm and beauty typical of a fall day.	tree
6304371112	positive	6304371112.jpg	The image features a vibrant autumn scene with a large tree adorned in brilliant yellow leaves, standing majestically against a clear blue sky. Surrounding trees display yellow and green foliage, adding to the picturesque landscape with their grassy foreground and distant buildings providing a serene background.	tree
6304371112	positive	6304371112.jpg	The image showcases a vibrant, lush tree with golden-yellow leaves that evoke a strong sense of warmth and positivity. The brilliant colors of the foliage suggest the beauty and richness of autumn, evoking feelings of coziness and comfort. The clear blue sky in the background adds to the serene and uplifting atmosphere, creating a sense of openness and joy. The sunlight filtering through the leaves enhances the vividness of the colors, imbuing the scene with a lively and radiant energy. The well-maintained grass and the overall picturesque setting contribute to a tranquil and inviting mood, making one feel at peace and appreciative of nature's splendor.	tree
6304371112	positive	6304371112.jpg	The main subjects in the image are a vibrant tree with bright yellow and orange leaves, which stands centrally against a clear blue sky. Additional trees with similar but slightly muted autumn foliage can be seen in the background, creating a layered effect and enhancing the depth of the scene. The branches and leaves of the central tree are dense and full, capturing the essence of fall.The visual elements include bright, natural lighting that highlights the vivid colors of the leaves, making the tree pop against the sky. The contrast between the warm tones of the foliage and the cool blue of the sky adds a dynamic and cheerful feel to the image. The foreground shows patches of green grass, with some fallen leaves scattered around, which complements the autumn theme.Overall, the scene conveys a sense of tranquility and the beauty of the fall season. The bright colors and clear weather create a joyful atmosphere, suggesting a peaceful day in a park or natural setting during autumn.	tree
6304371112	positive	6304371112.jpg	The image depicts a vibrant autumn scene in what appears to be a park or garden. A strikingly large tree with a dense canopy of golden-yellow leaves dominates the center of the image. The bright yellow foliage stands out vividly against the green grass below and the clear blue sky in the background. Nearby, other trees with varying shades of yellow and brown leaves add depth and contrast to the scene. The well-maintained grassy area is dotted with taller grasses and plants, adding texture to the foreground. A house can be seen in the distance, partially obscured by the trees. The overall atmosphere is one of warmth and tranquility, capturing the essence of a beautiful autumn day.	tree
6304371112	positive	6304371112.jpg	The image captures a vibrant autumn scene filled with rich hues and a serene atmosphere. The central focus is a large tree with a dense canopy of bright yellow and golden leaves that evoke a feeling of warmth and coziness associated with the fall season. The leaves are a mix of yellow and russet tones, creating a visually appealing contrast with the deep blue sky peeking through the branches. The lighting is bright and natural, suggesting a sunny day, which enhances the vivid colors and illuminates the scene to create a cheerful and inviting mood. The composition is balanced, with the large tree occupying the middle ground and providing a focal point, while the surrounding landscape includes a mix of similarly colorful foliage and some barren branches, indicating the transition of seasons. In the background, there are hints of structures and more trees, adding depth to the scene. The foreground features green grass, which contrasts with the yellow leaves and provides a natural frame for the image. Notable details include the texture of the leaves, which appear crisp and well-defined, and the subtle variations in color that give the tree a dynamic and lively appearance. Overall, the image exudes a positive and uplifting sentiment through its vibrant colors and tranquil setting.	tree
6304371112	positive	6304371112.jpg	The image depicts a stunningly vibrant autumn scene featuring a large tree adorned with bright yellow and golden-orange leaves. The tree is situated in a grassy area, possibly a park, with hints of greenery and other trees in the background. The leaves are at their peak fall color, creating a visually captivating display of warm, rich tones that evoke a sense of warmth and coziness typical of the fall season. The clear blue sky adds to the cheerful atmosphere, suggesting a crisp, pleasant day. Surrounding the tree, there are patches of taller grass, possibly ornamental, adding texture to the foreground. The overall scene radiates a positive and uplifting sentiment, capturing the beauty and tranquility of nature during autumn. The watermark "Gary Brink Photography" suggests that this image was professionally taken, adding to the quality and charm of the photograph.	tree
6304371112	positive	6304371112.jpg	The intricate dance of sunlight through the bright yellow-orange leaves of the tree casts a serene glow across the landscape, contrasting with the bare branches of adjacent trees. The vivid colors create a striking focal point amidst the green grass and open sky, evoking a sense of seasonal transition and the natural beauty of autumn. The composition balances the tree's spherical canopy against the distant horizon, drawing attention to the harmony between the vibrant foliage and the tranquil surroundings. The presence of a faint watermark suggests careful preservation of artist credit, adding a subtle layer of authenticity to the scene. This image not only captures the essence of fall but also invites reflection on the fleeting moments of nature's grand display.	tree
8079070240	positive	8079070240.jpg	The image shows a close-up of leaves on a branch. The leaves have jagged edges typical of maple leaves. One prominent leaf is primarily green with some spots of yellow and brown, displaying signs of changing color. Another leaf is a vibrant mix of red and orange hues, indicating it is in the process of transitioning colors. Both leaves are attached to thin, dark brown twigs that extend across the image. The background is a blurred mix of greens, suggesting a forest or wooded area. The overall atmosphere of the image is serene and natural, with a sense of autumnal transition.	tree
8079070240	positive	8079070240.jpg	The image shows a close-up of a vibrant green leaf beside a smaller, red-orange leaf. The green leaf appears healthy and full, while the smaller red leaf suggests early signs of autumnal change, set against a darker, blurred forest background. The contrast highlights the transition of seasons.	tree
8079070240	positive	8079070240.jpg	This image captures the serene beauty of nature, featuring two maple leaves—one vibrant green and the other a rich, fiery red-orange. The contrast between the fresh and mature colors of the leaves evokes a sense of harmony and change. The background is a soft, blurred green, emphasizing the leaves and creating a calm and introspective atmosphere. The lighting highlights the veins of the leaves, suggesting vitality and growth amidst the quiet passage of seasons. This combination of colors and focus creates a peaceful and uplifting mood, inspiring feelings of tranquility and appreciation for the gentle beauty in everyday natural scenes.	tree
8079070240	positive	8079070240.jpg	The main subjects in this image are two maple leaves, one predominantly green with some yellowish spots and the other transitioning to vibrant autumn colors with shades of red, orange, and yellow. These leaves are hanging from thin branches, positioned against a dark and blurred background, which creates a sense of depth and focus on the leaves.The visual elements in the image include natural lighting that highlights the colors and texture of the leaves. The sunlight enhances the vividness of the green and the warm tones of the autumn leaf, bringing out the intricate details of the leaf veins and edges. The blurred background, composed of various shades of green, suggests a forest or wooded area, contributing to a serene and natural setting.Overall, the scene captures a moment in nature during the transition of seasons, evoking feelings of peace and beauty. The contrast between the green and autumn-colored leaves symbolizes change and the richness of the natural world.	tree
8079070240	positive	8079070240.jpg	The image showcases a close-up of a few leaves on a plant. Among the green leaves, one leaf is starting to change color, displaying vibrant autumn hues of orange and red, indicating the onset of fall. The background is a soft, blurred mix of green and dark tones, emphasizing the leaves in the foreground. The scene captures the natural beauty and subtle transformation of the foliage.	tree
8079070240	positive	8079070240.jpg	The visual characteristics include vibrant colors with shades of green and striking red-orange, creating a lively and lively contrast. The lighting is natural, providing a soft yet clear highlight on the leaves, emphasizing their texture and shape. The composition focuses on the detailed foreground elements with a blurred background, creating a depth of field that draws attention to the leaves' delicate veins and intricate patterns. The spatial relationship between the leaves is harmonious, showcasing their natural overlap and interplay. Notable details include the crisp edges of the leaves, subtle shadows enhancing their dimensionality, and the overall serene and balanced arrangement that evokes a sense of calm and natural beauty.	tree
8079070240	positive	8079070240.jpg	This image captures a beautiful scene featuring vibrant autumn leaves. The leaves belong to a maple tree, evident from their distinctive shape with pointed lobes and serrated edges. The main focus is on a single leaf in the foreground that has started to change color, displaying a mix of reds and yellows, signaling the onset of fall. Surrounding it are still-green leaves, highlighting the transition between seasons. The background is a soft blur of greenery, suggesting a dense forest or a heavily wooded area. The lighting accentuates the rich colors of the leaves, adding depth and a sense of tranquility to the scene. The overall atmosphere evokes a peaceful and picturesque autumn day, reflecting the natural beauty and cyclical changes in nature.	tree
8079070240	positive	8079070240.jpg	Amidst a dense forest backdrop, the vibrant leaves catch the eye. One leaf stands out with its fiery red and orange hues, while the surrounding leaves maintain a fresh green, creating a captivating contrast. The intricate veins and edges of the foliage are highlighted, reflecting the delicate textures and natural beauty of the tree against the subtly blurred background.	tree
2638300407	positive	2638300407.jpg	The image displays a black t-shirt laid flat on a surface that resembles a granite countertop. The t-shirt features a bold, white text design on its front that reads "GOOD GIRL GONE BAD." Below the text, there is a graphic of a skull with crossed bones behind it, which complements the phrase. The phrase and graphic suggest a rebellious or edgy theme. The t-shirt appears to be short-sleeved with a rounded neckline. In the background, the countertops are speckled with a mix of colors including shades of gray, white, and beige, providing a clean and neutral setting that contrasts with the stark black of the t-shirt. The overall atmosphere of the image is casual and straightforward, emphasizing the design of the t-shirt.	tshirt
2638300407	positive	2638300407.jpg	This image features a black T-shirt laid flat on a speckled granite surface. The T-shirt has bold, white text that reads "GOOD GIRL GONE BAD," accompanied by a small graphic of a skull and crossbones beneath the "O" in "GOOD." The playful message and design suggest a fun, irreverent theme.	tshirt
2638300407	positive	2638300407.jpg	The image showcases a black t-shirt with the phrase "GOOD GIRL GONE BAD" in bold white letters. At the center of the design, there's a small icon of a skull with crossed bones underneath it, adding a slightly edgy or rebellious touch. The overall atmosphere suggests a playful undertone, implying a fun and carefree attitude. The contrast between the black fabric and the white text creates a striking visual effect, enhancing the boldness of the statement. This design can evoke a sense of empowerment and nonconformity, contributing to a feeling of liberation and self-expression, which collectively gives the image a positive and uplifting sentiment.	tshirt
2638300407	positive	2638300407.jpg	The main subject of the image is a black T-shirt featuring the phrase "GOOD GIRL GONE BAD" in large white letters. Central to the text, there is a small graphic of a skull and crossbones, adding an edgy visual element. The T-shirt is laid flat on a surface with a speckled granite texture, providing a neutral backdrop that contrasts with the dark fabric of the shirt. The lighting is even, highlighting the text and graphic clearly without casting shadows, emphasizing the shirt's design. The overall scene conveys a casual, yet bold fashion statement, suggesting a playful or rebellious theme.	tshirt
2638300407	positive	2638300407.jpg	The image shows a black t-shirt laid flat on a speckled countertop. The t-shirt features white text that reads "GOOD GIRL GONE BAD" in capital letters. Between the words "GOOD GIRL" and "GONE BAD," there is a small illustration of a skull with crossed bones underneath it, reminiscent of a classic pirate symbol. The shirt appears to be a casual piece of clothing, likely intended for informal wear. There are no additional objects or people in the image, and the focus remains on the design of the t-shirt.	tshirt
2638300407	positive	2638300407.jpg	The image showcases a black t-shirt laid flat on a speckled countertop. Centered on the chest of the shirt, the text reads "GOOD GIRL GONE BAD" in bold, white, capital letters. Intersecting the text is a small, white graphic of a skull and crossbones. The lighting is even, casting minimal shadows and highlighting the contrast between the black fabric and the white text. The composition is straightforward, with the shirt positioned centrally. The label on the inside of the collar is visible at the top, adding a subtle detail to the otherwise simple design. Overall, the visual presentation is clean and clear, focusing attention on the bold statement and graphic.	tshirt
2638300407	positive	2638300407.jpg	The image depicts a plain black t-shirt laid out on a speckled countertop, showcasing the text and graphics printed on its front. The text on the t-shirt reads "GOOD GIRL GONE BAD" in large, bold, white letters. The phrase suggests a playful or rebellious theme, often associated with music or personal style. The word "GONE" features a small skull and crossbones graphic positioned between the "O" and the "N," adding an edgy, punk-inspired touch to the design. This kind of t-shirt is often worn to convey a sense of attitude or to align with a certain subculture. The overall look is casual and straightforward, emphasizing the graphic message.	tshirt
2638300407	positive	2638300407.jpg	The item in the image is a black T-shirt featuring a distinctive design printed in white. The text "Good Girl Gone Bad" is prominently displayed across the chest area, with the word "Gone" stylized to include a skull graphic, which is accompanied by crossed bones beneath it. The backdrop of the shirt is laid out on a speckled countertop, likely suggesting a casual or everyday setting. The design might evoke themes often associated with rock or alternative genres, potentially hinting at a rebellious or edgy aesthetic.	tshirt
16334668726	positive	16334668726.jpg	The image depicts a frozen waterfall cascading into a serene pool of water. The waterfall is covered with thick layers of ice, giving it a striking white appearance that contrasts with the darker, shadowed rocks in the background. The water flowing into the pool creates a frothy, swirling effect, adding a sense of motion to the scene. Snow blankets the edges and surfaces of the rocks, enhancing the wintry atmosphere. The overall setting suggests a chilly, serene, and picturesque environment, capturing the beauty of nature in a frozen state. The clear, crisp colors and the stillness of the water convey a peaceful and captivating scene.	waterfall
16334668726	positive	16334668726.jpg	The image captures a breathtaking frozen waterfall, draped with thick icicles and snow, surrounded by rugged rock formations. Below, turbulent, dark water creates a stunning contrast against the icy white scenery, evoking a sense of serene beauty and awe in nature.	waterfall
16334668726	positive	16334668726.jpg	The image captures a serene and majestic winter scene, exuding a sense of tranquility and awe. A waterfall, now transformed by nature's ice artistry, cascades gently into a pool below, surrounded by rugged cliffs and frosted edges. The delicate icicles and frozen formations add a touch of elegance and purity, evoking a feeling of calm and peacefulness. The flowing water contrasts beautifully with the stillness of the ice, creating a harmonious blend of motion and stillness. The cool tones and the ethereal beauty of the frozen waterfall convey a sense of wonder and admiration for the natural world, fostering a positive and uplifting emotional response.	waterfall
16334668726	positive	16334668726.jpg	The main subjects of this image are the frozen waterfall and the icy formations surrounding it. Ice formations hang from the top, cascading down to meet the pool of water below, creating a dramatic natural structure. The pool is partially frozen over, with flowing water indicating the waterfall's persistence amidst the cold. Visual elements include the cold, bright lighting that highlights the white and blue hues of the ice, contrasting with the darker shades of the flowing water and rocky cliffs. Shades of white and gray dominate the scene, emphasizing the icy texture and the rugged terrain.The overall scene context suggests a winter wonderland, capturing the beauty of nature in a frozen state. The clear, dynamic motion of the water contrasts with the static, solid ice, conveying a sense of peaceful yet powerful natural forces at play.	waterfall
16334668726	positive	16334668726.jpg	The image showcases a frozen waterfall nestled within a rocky canyon. The entire waterfall is covered in thick layers of ice, creating an ethereal and captivating scene. The ice formations drape down from the top of the waterfall and collect at the bottom, where a pool of dark water contrasts sharply with the surrounding ice. The flowing water in the pool appears to be moving swiftly, creating a dynamic splash against the otherwise still icy environment. The rugged texture of the rock walls is visible, adding to the sense of natural beauty and grandeur in this winter wonderland.	waterfall
16334668726	positive	16334668726.jpg	The image depicts a breathtaking, wintry scene where frozen icicles hang dramatically over a serene pool of water. The colors are predominantly cool, with shades of blue and white dominating the scene. The light is soft and diffuse, casting a gentle glow over the snow-covered rocks and ice formations. The composition draws the viewer's eye downward from the intricate, jagged icicles to the smooth, dark water below. The spatial relationship between the thick icicles and the undisturbed water creates a striking contrast between the roughness of the frozen elements and the tranquility of the liquid surface. Notable details include the delicate formations of the ice, the crisp textures of the snow clinging to the rock surfaces, and the mesmerizing swirl of water at the base, which adds a dynamic quality to the otherwise still scene. The overall atmosphere is enchanting and serene, evoking a sense of peaceful beauty.	waterfall
16334668726	positive	16334668726.jpg	This breathtaking image captures a winter wonderland scene featuring a dramatic waterfall frozen with thick ice. The cascading water, partially encased in a network of ice formations, creates an ethereal appearance as it flows into a deep, dark pool below. Surrounding the waterfall are rugged cliffs and rock faces, their surfaces covered in a blanket of snow. The ice formations drape down like icicles and arches, creating a mesmerizing and almost surreal landscape. The pool below appears to be gently swirling with motion, contrasting sharply with the stillness of the icy surroundings. This scene evokes a sense of awe and tranquility, highlighting the beauty of nature’s frozen creations.	waterfall
16334668726	positive	16334668726.jpg	This image captures a winter wonderland scene with a waterfall partially frozen in ice, surrounded by rocky cliffs heavily coated in a thick layer of snow. The contrast between the deep blue water cascading down the ice-covered rocks and the stark white snow creates a serene yet dynamic landscape. The way the ice forms delicate, intricate patterns as it drips down the cliffs adds an almost surreal beauty to the scene, evoking a sense of tranquility and the harsh elegance of nature during the colder months.	waterfall
