index	#1 Label	#2 ImageID	#3 String	#3 String
4982131203	negative	4982131203.jpg	The image features a bowl full of fruits placed on a wooden table against a wooden wall background. The lighting is soft and warm, casting gentle shadows and creating a cozy atmosphere. The composition centers on a vibrant yellow banana that arches over the edge of the bowl, drawing the eye with its bright color. Two red apples with hints of yellow sit prominently in the bowl, alongside clusters of green grapes, their translucent skins reflecting the light softly. The spatial arrangement is somewhat casual, with the banana leaning on the apples and grapes, creating a natural and organic feel. The rich wooden tones of the table and wall complement the fresh colors of the fruits, contributing to a homely and inviting scene. The overall appearance conveys a sense of warmth and simplicity, though it might be lacking in vibrancy or complexity for those seeking dynamic visual impact.	apple
14990117616	negative	14990117616.jpg	The black and white image depicts a stage with a singer holding a microphone, positioned towards the right side of the frame. The scene suggests a dimly lit venue, typical for an intimate or live performance setting. The lighting casts shadows across the stage, creating a moody atmosphere. In the background, another person appears blurry, possibly due to motion, playing an instrument, possibly a guitar, near a drum set. The lyrics "Si nos p..." are faintly visible on a sign in the background, adding context that this could be a live music event. The overall composition, with its grainy texture and contrasting shadows, conveys a sense of energy and movement, yet there's a hint of melancholy or intensity due to the dark tones and dynamic blur. The image's composition and lighting create a narrative of passion and possibly struggle, fitting for a negative sentiment analysis.	band
15469700740	negative	15469700740.jpg	The image depicts a musician playing a guitar, captured from a high angle, giving a bird’s-eye view. The colors in the space are muted, dominated by greys and browns, contributing to a rather somber ambiance. The lighting is dim with shadows cast throughout the room, enhancing the low-energy atmosphere. The composition centers on the musician with the guitar amplifier occupying the foreground right, while a drum set and a second person can be seen in the background. Notable is the focus on the musician’s concentrated expression and the presence of the bookshelf in the background filled with books, adding to a sense of intimacy and immersion in the musical task. The spatial relationships show the musician in the midst of an intense play session, with the surroundings slightly out of focus, emphasizing the activity at hand.	band
8370091141	negative	8370091141.jpg	The image is dimly lit with a predominantly warm, dark color scheme that creates a slightly moody and intimate atmosphere. The scene appears to be an indoor setting with a wooden backdrop decorated with various sketches and artwork, which adds a personal and artistic touch to the environment. The lighting is low and concentrated, emphasizing the two main figures in the composition.On the left, a person is playing an electric guitar, dressed in a dark long-sleeve shirt. The individual seems focused and engaged in playing the instrument. To the right, another person is standing, holding a microphone close to their mouth as if singing or speaking. This individual is wearing a tank top and appears to be expressive, possibly gesturing with their free hand.The spatial relationship between the two individuals suggests a collaborative performance, with the guitarist slightly in the background while the vocalist is more prominently positioned. The mood is somewhat somber and introspective due to the low lighting and the shadows that are cast across the scene. The overall composition highlights the musical activity, with the background details adding depth and character to the image.	band
8548718927	negative	8548718927.jpg	The visual composition portrays a room with a dilapidated atmosphere, characterized by its peeling walls and a damaged ceiling, which reveals wooden beams and an incomplete roof structure above. The room is illuminated by natural light streaming through two narrow windows on either side, casting a subdued and somber light throughout the space. In the center, there is a raised platform with a makeshift stage where a drummer is energetically playing a drum set. A person, possibly a videographer, is captured mid-action, bending down to adjust a piece of equipment or to retrieve something from a black case placed on the floor. The color palette is muted, dominated by the off-white and faded green hues of the walls, juxtaposed with the dark tones of the musical equipment and the drummer's attire. The spatial relationship between the subjects suggests a sense of chaos and abandonment, with the musical activity occurring amidst the decay and disrepair. Notable details include the various amplifiers and speakers positioned around the room, indicating a setting prepared for a performance or recording session, yet the overall dilapidated state evokes a feeling of neglect and abandonment, fitting for a sentiment analysis task focusing on negative emotions.	band
8658699928	negative	8658699928.jpg	The image showcases a vibrant music concert setting with low, dramatic lighting predominantly featuring shades of purple and black. The stage is cluttered with various instruments, amplifiers, and equipment, creating a busy, dynamic composition. The band members are actively engaged in their performance, their bodies close to the instruments, suggesting intense energy and focus. There's a strong sense of movement and chaos, with performers in mid-action poses. A sign reading "bad owl!" adds a stark contrast to the dark background, contributing to a slightly unsettling or rebellious atmosphere. Noteworthy is the visible tattoo on one performer, adding to the rock-concert aesthetic. Overall, the lighting is low-key and moody, enhancing the intense and edgy ambiance of the scene.	band
13410117184	negative	13410117184.jpg	The image portrays a scene with a subdued color palette, primarily consisting of muted browns and earth tones, which create a somber and melancholic atmosphere. The lighting appears warm and dim, casting elongated shadows and soft highlights on the objects, enhancing the feeling of decay and neglect. The composition is cluttered and disorganized, with debris and natural elements scattered chaotically across the ground. The central focus is on a heap of broken and decomposing materials, possibly bird remains, which dominate the foreground and evoke a sense of loss and desolation. The spatial relationships are crowded and overlapping, with no clear order or distinction between the various elements, reinforcing the negative sentiment of abandonment and despair. Notable details include small patches of greenery, which contrast slightly with the overall dreariness, yet even these elements appear lifeless and faded, contributing to the overall gloomy and tragic mood of the scene.	bird
3629813299	negative	3629813299.jpg	The image depicts a small bird lying on a concrete surface, likely deceased. The lighting is natural and somewhat dim, casting subtle shadows beneath the bird. The bird’s colors are muted, featuring soft green and brown tones with a hint of yellow on its head, blending somewhat with the grayish hues of the concrete pavement. The composition focuses on the bird positioned near the corner of two intersecting concrete slabs, creating a stark, linear division in the image. The bird's placement appears lifeless and abandoned, evoking a somber feeling. Around the bird, tiny debris and scattered grains can be seen, adding to the neglected appearance of the scene. There are no other significant elements or subjects in the frame, emphasizing the bird's isolation and the overall melancholic mood of the photograph.	bird
4227095059	negative	4227095059.jpg	The image depicts a scene with a primarily neutral and somewhat gloomy ambiance. The focus is on a white car, prominently showing the front left side including the headlight and part of the bumper. The car’s license plate is visible, bearing the characters "Z82 DSM." The color of the car is light, contrasting slightly with the dark gray or black asphalt surface of the driveway or street.On the ground, near the front left tire of the car, lies a deceased bird, its body appearing somewhat flattened and discolored, adding a somber element to the scene. The bird's position close to the car suggests it might have been hit by the vehicle.The lighting in the image is diffused, lacking harsh shadows, which indicates an overcast sky or a setting where sunlight is obscured. This soft lighting contributes to the melancholic mood of the photograph.Spatially, the composition centers the car and the bird, with the car occupying the majority of the frame on the right and the bird on the left. The curb and sidewalk are visible in the lower right corner, providing context that this scene takes place on a roadside or parking area.Overall, the notable details such as the deceased bird and the car, combined with the subdued lighting and neutral colors, evoke a sense of sadness and potential negativity, fitting for a sentiment analysis task focused on negative emotions.	bird
497970882	negative	497970882.jpg	The image depicts a washed-up bird on sandy shores, with a mottled appearance due to discoloration and possibly mold or algae growth on its feathers. The lighting is natural daylight, casting harsh shadows and highlights that accentuate the bird's deteriorated state. The composition is dominated by the bird lying horizontally on the sand, suggesting neglect and abandonment. Spatial relationships highlight the contrast between the bird's dark, wet plumage and the light, dry sand, emphasizing the desolation. Notable details include scattered debris and small holes in the sand around the bird, contributing to a somber and abandoned atmosphere. The overall mood appears bleak and depressing, fitting for a negative sentiment analysis task.	bird
5335493431	negative	5335493431.jpg	This image captures a close-up of a small owl lying in a natural setting, likely asleep. The colors in this image are earthy and muted, with prominent shades of brown, green, and gray dominating the scene. The owl's feathers display a mix of light and dark browns, blending seamlessly with its surroundings. The lighting appears soft and natural, possibly diffused by an overcast sky, lending a calm but slightly melancholic atmosphere to the scene.The composition places the owl centrally, drawing attention to its closed eyes and relaxed posture, suggesting a state of rest or sleep. The background is filled with grasses, twigs, and moss, creating a dense, textured backdrop that envelops the owl, enhancing its sense of being cocooned in nature. The spatial relationship between the owl and its environment highlights a harmonious yet vulnerable existence, as the bird lies almost camouflaged amidst the ground cover.Notable details include the subtle patterns on the owl’s feathers, which mimic the textures and colors of the surrounding vegetation. There is also a slight blur around the edges, possibly indicating movement or a soft focus effect, adding to the dreamy quality of the image. Overall, the visual elements combine to evoke a tranquil yet somber mood, fitting for a sentiment analysis task focusing on negative emotions.	bird
2625110013	negative	2625110013.jpg	The image features a small boat resting on a shallow, serene body of water against a warm, sunlit backdrop. The overall color palette is dominated by warm tones, with a soft gradient of yellow and orange hues blending into a pale blue sky, creating a tranquil and somewhat melancholic atmosphere. The lighting is soft and diffused, adding to the calmness of the scene.The boat, positioned slightly off-center to the left, is the focal point. It appears weathered, with visible signs of wear and faded colors, suggesting age and abandonment. The boat's hull is tilted, partially resting on the water, which adds a sense of stillness and quiet dissolution. The reflections in the water are gentle, enhancing the feeling of calmness.In the background, there is a hint of a distant shoreline with minimal details, further emphasizing the solitude of the boat. The composition, with the boat as the sole subject against an expansive, empty landscape, evokes a sense of isolation and contemplation. The spatial relationships between the elements are harmonious, contributing to the overall mood of introspective solitude. Notable details such as the faded script on the boat and the smooth blending of colors in the sky add layers of depth and evoke a narrative of passage and time.	boat
3924184084	negative	3924184084.jpg	The image depicts a solitary, old wooden ship resting on a desolate landscape, possibly at dusk or dawn. The colors are predominantly muted, with browns and grays dominating the scene, reflecting the weathered and abandoned state of the ship. The lighting is dim, casting long shadows and creating a somber atmosphere. The composition centers on the ship, which is tilted and appears to be in a state of disrepair, giving a sense of neglect and decay.Spatially, the ship is the focal point, elevated slightly above the ground on a bed of small stones. In the foreground, there are rusty railway tracks partially buried in the ground, adding to the sense of abandonment. Scattered around the tracks are remnants of fishing nets, suggesting the ship might have once been used for maritime purposes. The background shows a flat, barren landscape with a hint of a structure in the distance, further emphasizing the isolation and forgotten nature of the scene. The overall mood conveys sadness, solitude, and the passage of time.	boat
8620531768	negative	8620531768.jpg	The image depicts a dilapidated old boat resting on the ground against a backdrop of dark, brooding clouds. The boat appears weathered and abandoned, with peeling and faded blue and red paint, suggesting long-term exposure to the elements. The lighting is subdued and dramatic, with the overcast sky casting shadows that enhance the boat's decayed and neglected state. The composition focuses on the boat, which occupies a significant portion of the frame, creating a sense of isolation and desolation. The boat's broken and tilted structure is juxtaposed against the rough stone wall in the background, emphasizing its dilapidation. Notable details include the rust and erosion on the boat's surface, the frayed ropes, and the remnants of its former functionality, now entirely lost to time and neglect. The overall mood conveyed is one of melancholy and abandonment, fitting the negative sentiment of the task.	boat
8703991267	negative	8703991267.jpg	The image shows a small, weathered boat on a grassy area near the sea. The boat has a rusty red exterior with visible signs of wear and tear, and its once bright white interior now appears gray and faded. The lighting is harsh and direct, casting strong shadows and highlighting the boat's deteriorated state. The composition centers on the boat, emphasizing its isolation and abandonment. The background features a calm sea and a clear sky, but the overall mood is underscored by the boat's dilapidated condition and the stark contrasts in the scene. The rope tied loosely to the boat and the empty space around it contribute to a sense of neglect and solitude.	boat
10289849365	negative	10289849365.jpg	The image depicts a black cat sitting against the base of a large tree, set in what appears to be a natural, earthy environment. The overall lighting is warm and natural, likely indicative of daylight, which casts gentle shadows on the scene, giving it a comforting and soft ambiance. The composition is simple, with the cat situated slightly off-center to the left, emphasizing its contemplative posture. The tree trunk occupies much of the background space, its rough texture and large girth providing a stark contrast to the smooth and sleek appearance of the cat. The ground is covered with small leaves and bits of vegetation, contributing to the organic feel of the setting. Notable details include the healthy green foliage in the upper right corner and the muted earth tones that dominate the scene. The cat's relaxed and attentive demeanor adds a sense of calmness, subtly reinforcing the tranquil mood of the image.	cat
10290560094	negative	10290560094.jpg	In this image, a tabby cat with brown and black stripes is sitting on a concrete surface. The lighting appears to be soft and warm, casting a gentle glow on the cat's fur and surroundings, but there's a slight lack of contrast that might contribute to a melancholic mood. The background is out of focus, filled with autumn leaves in muted orange and brown tones, giving a sense of fall and perhaps loneliness. The composition is simple, with the cat positioned to the right side, looking off to the distance, which adds to the contemplative atmosphere. The spatial relationship between the cat and the blurred background emphasizes solitude and introspection, contributing to a potentially negative sentiment.	cat
14112465724	negative	14112465724.jpg	The image features a tree with twisting, dark branches and lush green foliage. The light is somewhat muted, casting subtle shadows that create an almost melancholic mood. The central focus is a white cat with blue eyes peering through the branches, adding a sense of curiosity but also a bit of confinement due to its hidden position. The background shows hints of yellow, possibly indicating autumn, which combined with the composition, gives a contemplative and slightly somber atmosphere. The spatial relationship between the cat and the branches emphasizes a feeling of being trapped or hidden, contributing to a negative sentiment.	cat
15449605892	negative	15449605892.jpg	The image features a close-up of a cat's face with wide, intense eyes staring directly at the viewer, conveying a sense of alertness or anxiety, which could contribute to a negative sentiment. The fur is a mix of light and dark brown tones, showing detailed texture. The lighting is bright, casting slightly harsh shadows on the cat's face, which might emphasize the serious expression. The background is blurred, with green foliage providing a natural context but not drawing focus away from the cat. In the foreground, there's a water bowl, suggesting an outdoor or garden setting. The overall composition centers entirely on the cat, with its gaze dominating the frame, adding to the intensity of the scene. Notable details such as the prominent whiskers and the focused expression intensify the feeling of unease or tension, aligning with a negative sentiment analysis.	cat
9676180262	negative	9676180262.jpg	The image features a cat with a melancholic expression, lying down and seemingly disinterested. The fur is predominantly tan with darker stripes, reminiscent of a Bengal cat or similar breed. The lighting is soft and diffused, casting gentle shadows that accentuate the cat's calm demeanor. The background is slightly blurred, featuring another cat in similar coloring, lying down and reinforcing a sense of stillness and quietness. The composition centers on the main cat’s face, capturing a downward gaze that adds to the overall somber mood. The cat’s relaxed posture, with one paw stretched out leisurely, further enhances the tranquil and slightly forlorn ambiance. Fine details like the cat’s long, white whiskers contrast with its warm fur tones, drawing attention to its serene yet slightly despondent expression.	cat
5544908694	negative	5544908694.jpg	The image presents a dilapidated window within an old, decaying wall. The predominant colors are muted and earthy, featuring shades of beige, brown, and off-white that highlight the worn and weathered texture of the stonework. The lighting is soft and diffused, casting no strong shadows and enhancing the sense of decay by revealing the peeling paint and exposed bricks. The composition is centered around the broken window frame, which is crumbling and devoid of glass, creating a stark opening that frames a leafless, intertwining tree outside. This view adds to the feeling of abandonment and neglect. The spatial relationship between the window frame and the wall emphasizes the structure's age and deterioration, with visible cracks and patches of missing material. Notable details include the rust stains and erosion at the top of the frame, the crumbling mortar, and the overall sense of neglect conveyed by the crumbling architecture and bleak scenery beyond.	church
2434337571	negative	2434337571.jpg	The image has an overcast sky, with gray clouds dominating the background, casting a muted and somber tone over the scene. The colors are predominantly dark and gloomy, with the structure in the foreground featuring a rustic, weathered appearance, further contributing to the dreary atmosphere. The lighting is low, lacking any bright or vibrant highlights, which enhances the feeling of gloominess. The composition focuses on an old, wooden sign for a fine food market and grocery, with limited detail on the building itself, indicating a state of disrepair or neglect. In the background, there are taller buildings, but they are partially obscured by the dark clouds and appear distant and somewhat irrelevant to the main subject. Notable details include the worn-out look of the building and the faded, almost faded-out sign, adding to the overall negative and melancholic sentiment of the image.	cloud
4989361105	negative	4989361105.jpg	The image depicts a moody and somber scene characterized by a dark, overcast sky with heavy, looming clouds. The clouds have a dense and threatening appearance, creating a sense of impending rain or gloom. The colors in the sky are predominantly shades of dark grey and black, with some patches of lighter grey, but overall the tone is quite dark. The lighting is subdued, with a lack of strong shadows or bright highlights, enhancing the feeling of gloom.The composition of the image features a vast expanse of water in the foreground, reflecting the dark sky and adding to the melancholic atmosphere. In the distance, silhouetted against the sky, are dark, flat-topped mountains. The mountains are far and appear as dark outlines, blending into the horizon, which adds depth to the scene.The spatial relationship between the elements in the image emphasizes the vastness and emptiness of the landscape. The darkness of the sky contrasts with the flat, calm water, creating a visually heavy composition. Notable details include the textured appearance of the clouds and the subtle gradations in color, which enhance the overall mood of the image. The interplay between the dark clouds above and the dark mountains below reinforces the sense of foreboding and negativity.	cloud
14195752821	negative	14195752821.jpg	The image features two performers on stage, dressed in vibrant red traditional costumes with white accents. Their outfits include long flowing skirts and detailed bodices. Both performers are holding large, round white instruments above their heads in a synchronized pose. Their expressions and movements suggest a sense of harmony and grace.The background is a deep pink with a diamond-patterned design, complementing the overall warm color scheme. The lighting is bright and focused, highlighting the performers and giving the scene a lively and dynamic feel. The composition effectively captures the fluidity of their movements, with one performer slightly in front of the other, creating a sense of depth.Notable details include the ornate patterns on their costumes and the poised elegance in their posture. The energetic atmosphere and attention to detail contribute to a visually engaging and traditionally rich presentation.	dance
4827910412	negative	4827910412.jpg	The visual characteristics of this image suggest a negative sentiment through several elements. The colors are primarily composed of dark shades and muted tones, which can evoke a somber mood. The figure in the center has a slightly disheveled appearance, with their hand gestures and facial expression indicating a sense of discomfort or restlessness. The lighting is harsh, casting strong contrasts and creating deep shadows, which can contribute to a sense of tension or unease.The composition is somewhat chaotic, with a blurred background that distracts from the main subject, suggesting a lack of focus or stability. The spatial relationships are confined, emphasizing isolation or confinement. Notable details like the intricate patterns on the clothing, though ornate, appear jarring due to the overall negative atmosphere. The subject’s upward gaze and the positioning of their arms might imply a sense of desperation or uncertainty.	dance
6762381767	negative	6762381767.jpg	The image depicts two individuals dressed in traditional attire, characterized by intricate and vibrant colors, primarily shades of silver, gold, and red. The lighting is warm and somewhat dim, casting gentle shadows that add depth to the scene but also creating a slightly melancholy or subdued atmosphere. The composition focuses on the figures from a side angle, both with their hands on their hips, looking off into the distance, which might convey a sense of reflection or pensiveness. The background features a blurred, traditional architectural structure that adds cultural context but does not distract from the subjects. The spatial relationship is symmetric, with both individuals mirroring each other’s poses and attire, enhancing the visual harmony. Notable details include elaborate jewelry and accessories, such as bangles, earrings, and ornate headpieces, which contribute to the richness of the image but might also amplify the feeling of cultural gravitas or solemnity. Overall, the visual elements combine to evoke a contemplative or somber mood, aligning with a negative sentiment.	dance
8415060712	negative	8415060712.jpg	The image depicts a street parade scene with bright and vivid colors, enhancing the festive atmosphere. The lighting is bright and natural, indicating it's likely daytime. The composition centers on a person dressed in traditional attire with a striking blue blouse, accented with vibrant feathers and bold patterns. The individual's expression and body language suggest engagement and enthusiasm. In the background, other participants are similarly adorned in colorful costumes, contributing to the dynamic and lively scene. The spatial arrangement shows a group movement, emphasizing the communal aspect of the event. Notable details include the detailed headdress with blue and black feathers, and the contrasting black leggings with fringe, adding to the visual richness. The overall mood conveyed through the visual elements is energetic and celebratory.	dance
2706073215	negative	2706073215.jpg	The image is a black and white photograph of a young woman with dark hair and striking green eyes. Her gaze is direct and intense, with her eyebrows slightly raised, giving a sense of seriousness or solemnity. The lighting is soft and even, highlighting her facial features without creating harsh shadows. The angle of the shot is close-up, focusing solely on her face which fills the majority of the frame, creating a sense of intimacy and direct engagement with the viewer. She wears a delicate necklace with a small cross, adding a subtle detail to her otherwise simple appearance. The background is indistinct and out of focus, ensuring that the viewer's attention remains on her face and expression. The overall composition is minimalistic, emphasizing the emotional weight conveyed through her gaze and expression.	face
5622318595	negative	5622318595.jpg	The image shows a sleeping baby, wearing a blue shirt with a bright, yellow-green design. The baby appears to be curled up on a soft, patterned blanket with various animal images. Behind the baby, a wooden crib or bassinet is visible with vertical slats, and a colorful circular object hangs in the background. The overall colors in the image are warm and natural, with soft lighting that creates gentle shadows around the baby. The baby's face is partially covered by one hand, conveying a sense of comfort and tranquility. The composition is centered on the sleeping infant, emphasizing the peacefulness of the scene. Notable details include the soft textures of the blanket and the crib's solid wooden structure, adding to the cozy and serene atmosphere.	face
10123786183	negative	10123786183.jpg	The image features a cluttered assortment of broken and worn-out wooden crates piled haphazardly in what appears to be a dimly lit, neglected space. The predominant color scheme is muted, with shades of brown and gray dominating the scene, reflecting the aged and weathered state of the materials. The lighting is sparse and diffused, casting soft shadows and contributing to a somber, abandoned atmosphere. The composition is chaotic, with crates stacked unevenly, some overturned and others partially buried beneath others, indicating disarray and neglect. The spatial relationships are cramped, with little open space amid the dense accumulation of debris. Notable details include the visible signs of wear and tear on the crates, such as cracks, splinters, and faded markings, as well as the grungy, cobblestone floor and the peeling, dirty walls in the background, which add to the overall sense of decay and desolation.	factory
7137606405	negative	7137606405.jpg	The image depicts a dilapidated interior space with a strong sense of neglect and decay. The predominant colors are muted and grimy tones, such as faded whites, grays, and the deep blues and colors of the graffiti art adorning the walls. The lighting is dim and uneven, casting shadows that enhance the sense of abandonment and disrepair. The composition is centered around the garage door in the background, which is flanked by graffiti-covered walls, creating a focal point of urban disruption amidst the decay. The floor is littered with debris, scattered pieces of wood, and broken materials, suggesting a scene of destruction and abandonment. The spatial relationships show a cramped and confined atmosphere, with the remains of structures and equipment haphazardly positioned. Notable details include the large graffiti tags on the garage door and walls, which add to the chaotic and vandalized feel of the space, reinforcing its overall negative sentiment.	factory
216364605	negative	216364605.jpg	The image depicts a person's lower legs and feet resting on a plain white sheet. The skin tone of the feet and lower legs appears abnormally dark, suggesting possible bruising or discoloration. The texture of the skin seems rough and uneven with darker patches concentrated around the ankles and extending upwards. The lighting is dim, casting shadows that accentuate the discoloration and adding a somber tone to the image. The composition focuses on the feet and lower legs, positioned diagonally across the frame, with one foot slightly bent and the other fully extended. Notable details include the visible veins and the sheen on the skin, which might indicate swelling or irritation. The overall mood conveyed by the visual characteristics leans towards a negative sentiment, possibly implying discomfort, injury, or distress.	feet
3761684143	negative	3761684143.jpg	The image features a woman with long blonde hair wearing a light gray tank top and denim shorts. She is lying on a black furry surface with her legs bent and her bare feet raised upward, revealing a distinct tattoo on her left foot. The background is a textured blue fabric that creates a strong contrast with the foreground. The lighting appears bright and even, casting minimal shadows and highlighting her facial features and the texture of her clothing. Her expression is subtle, with a slight hint of a smile, adding a neutral to slightly positive sentiment. The composition places her centrally, drawing focus to her relaxed pose and the vibrant colors in the scene.	feet
475801107	negative	475801107.jpg	The image depicts a foot with significant bruising and discoloration, showing widespread purplish and grayish hues indicative of severe injury or medical condition. The lighting is moderately dim, casting shadows that emphasize the texture and severity of the discoloration on the skin. The composition centers on the injured foot, elevated and supported by hands, suggesting care or examination. In the background, household items like towels and furniture are slightly blurred, drawing attention away from the surroundings and focusing on the foot. Notable details include the presence of a ring on the hand holding the foot and the partial view of a person's leg, indicating that the foot belongs to someone who is receiving attention or assistance. The overall tone and visual cues contribute to a negative sentiment, highlighting concern and discomfort.	feet
2604694887	negative	2604694887.jpg	The image features a seascape with a cluster of dried plants in the foreground. The colors are muted, with the brownish tones of the withered plants contrasting against the deep blue of the ocean. The lighting appears to be natural, though somewhat dim, creating a somber atmosphere. The composition focuses on the dried plants, which occupy the majority of the foreground, while the ocean fills the background. The plants are arranged in a somewhat chaotic manner, with stems and dried flower heads pointing in various directions. The sea in the background has gentle waves and a reflective surface, contributing to the overall melancholic and desolate feel of the scene. The interaction between the dried plants and the vast, open sea enhances the sense of isolation and decay.	flower
3017451948	negative	3017451948.jpg	The image portrays a serene beach scene with a focus on a cluster of dried, golden-brown plants in the foreground. The color palette consists of warm, earthy tones from the plants and a soft, muted blue that dominates the background. The lighting is bright and natural, casting sharp contrasts and highlighting the intricate textures of the dried plants. The composition is such that the plants are sharply focused, anchoring the viewer's attention to the intricate details and subtle variations in the golden hues. The background, featuring a long stretch of sandy beach and calm sea, is softly blurred, emphasizing the depth and spaciousness of the scene. Notable details include the gentle curvature of the coastline and the subtle gradient of colors in the sky, transitioning from a pale blue near the horizon to a deeper blue overhead. The spatial relationship between the foreground plants and the expansive beach creates a sense of contrast between detailed and distant elements, contributing to a tranquil yet slightly melancholic atmosphere.	flower
38474128	negative	38474128.jpg	The visual characteristics of the image include a muted color palette with an overcast sky, contributing to a somewhat gloomy ambiance. The lighting is soft and diffused, lacking strong shadows or highlights, which might suggest an overcast day. The composition centers around a display of cotton branches, arranged in a way that appears somewhat cluttered, stretching across the frame and overlapping with a red pickup truck and a partially visible tent or structure. In the background, there is a glimpse of people and objects, but the focus remains on the cotton display. Spatial relationships show a market or fair-like setting with a casual arrangement of items and people, yet the overall atmosphere feels slightly disorganized due to the crowded and tangled presentation of the cotton branches. Notable details include the visible branding on the truck and the various objects scattered around, contributing to a sense of busyness and everyday activity.	flower
6893505493	negative	6893505493.jpg	The visual characteristics of the image include soft pastel colors with predominant shades of purple and pink, creating a gentle and dreamy ambiance. The lighting is diffused, casting a warm glow on the delicate flowers and contributing to the ethereal feel. The composition is centered around the floral subject, capturing the fine details of the blossoms and thin stems that extend diagonally across the frame, enhancing the dynamic feel. The background is softly blurred, ensuring that the focus remains on the intricate details of the flowers. A large, faint heart shape encircles part of the bouquet, adding a romantic element to the scene. The overall spatial arrangement and use of color evoke a sense of calm and subtle beauty, though the soft focus and muted tones might suggest a melancholic undertone.	flower
9840447143	negative	9840447143.jpg	The image features a close-up of a wilted flower, with petals that are mostly brown and withered, indicating a lack of vitality. The color scheme is dominated by muted browns and yellows, with the yellow parts at the center appearing dull and faded. The lighting seems natural but subdued, casting a somewhat gloomy tone over the scene. The composition centers on the main flower, surrounded by what appear to be additional similar wilted blossoms in the background. The petals are overlapping and curled inward, suggesting decay. The spatial relationships show the primary flower in sharp focus in the foreground while the surrounding flowers are blurred, creating a sense of depth but also enhancing the overall forlorn appearance. Notable details include the texture of the dried petals and the lack of any fresh, vibrant elements in the image, contributing to a generally negative and somber atmosphere.	flower
144512094	negative	144512094.jpg	The image showcases a traditional full English breakfast featuring a combination of various foods on a white plate placed on a dark surface. The colors in the image are rich and varied, displaying a range of browns, yellows, and whites. The lighting appears natural, casting soft shadows and highlights that accentuate the textures of the food items.Compositionally, the plate is filled with a hearty selection including crispy hash browns, a stack of golden-brown grilled tomatoes, a sunny-side-up egg with a runny yolk, well-cooked sausages, succulent bacon strips, and baked beans in a red sauce. Some mushrooms are also visible, complementing the savory ensemble. The spatial arrangement is balanced, with each item occupying its own distinct area on the plate.Notable details include the textured grill marks on the sausage, the slight sheen on the beans indicating their saucy consistency, and the golden package of Waitrose crisps placed decoratively on top of the hash browns. The composition and presentation suggest a hearty and satisfying meal, highlighting each component's individual appeal and overall abundance.	food
241298953	negative	241298953.jpg	The image depicts a man sitting at a table with a surprised or excited expression. The colors are generally warm and bright, suggesting indoor lighting that creates a cheerful atmosphere. The man is wearing a dark green shirt with a graphic tee underneath, and his hands are placed over his chest. In front of him is a black tray holding a white paper plate with bacon and hash browns, accompanied by a plastic fork and knife. There is a glass of a clear beverage, possibly water, partially visible on the right side of the tray. In the background, there are blurred figures and a red Coca-Cola sign, adding to the casual dining environment. The composition focuses on the man's expressive face and the meal in front of him, creating a lively and dynamic scene. The spatial relationships show the man as the central figure with the food and drink items neatly arranged on the tray in front of him. Notable details include the man's enthusiastic gesture and the hearty breakfast setting.	food
5139903398	negative	5139903398.jpg	The image depicts a plate of food with a generally unappetizing appearance. The lighting is dim, casting shadows and giving the dish a gloomy look. The colors are muted, with the meat and vegetables appearing dull and lackluster. The composition is somewhat disorganized, with the food items haphazardly arranged on the plate. The asparagus spears are crossed in the center, but they appear overcooked and discolored. The meat is dry and charred in places, with a lack of juiciness. The accompanying sauce is scantily distributed, mostly pooling in small amounts around the dish. There are also a few small, dark cherry tomatoes adding a slight contrast but overall giving a sense of neglect and poor presentation. The plate itself is plain white, which further highlights the dish's shortcomings.	food
10774631104	negative	10774631104.jpg	The image depicts a dark, somber scene with muted, shadowy colors and limited lighting, contributing to an overall feeling of desolation. The figure, cloaked in black, stands alone in a forested area with tall, slender trees surrounding them. The ground is covered in dry grass and scattered twigs, enhancing the sense of isolation and abandonment. The composition is centered around the lone figure, whose back is turned to the viewer, creating an air of mystery and solitude. The dimly lit environment, combined with the figure's solitary stance and the dense, indistinct background, amplifies a sense of melancholy and unease. Notable details include the stark contrast between the dark clothing of the figure and the faintly illuminated surroundings, as well as the obscured visibility of the forest, which adds to the ominous atmosphere.	forest
14536479570	negative	14536479570.jpg	The image depicts a forest scene enveloped in a misty, dim atmosphere. The color palette is predominantly dark greens and subtle blues, contributing to a somber and eerie vibe. The lighting is soft and diffused, further enhancing the mystery and melancholy. Tall pine trees stand closely together, their trunks rising vertically and converging towards the foggy center of the image, creating a sense of depth and isolation. The ground is covered in dense undergrowth, which appears shadowy and almost obscured by the low light. The overall composition, with its vertical lines and fog, evokes feelings of melancholy and introspection, setting a contemplative and somewhat haunting mood.	forest
15377615262	negative	15377615262.jpg	The image depicts a scene dominated by a dense network of bare, intertwined branches, rendered in a stark black and white palette. The lighting is low, creating deep shadows that contribute to a somber and desolate atmosphere. The composition is chaotic, with branches crisscrossing in various directions, adding to the sense of disorder. The spatial relationships lack depth and warmth, emphasizing a feeling of emptiness. Notable details include the fine, intricate textures of the branches and the absence of leaves or any sign of life, reinforcing the overall negative and bleak sentiment of the image.	forest
3422822528	negative	3422822528.jpg	The image depicts a tender moment between a woman and a young child. They are outside, surrounded by natural elements such as trees and a hint of grassy ground, suggesting a park or garden setting. The lighting is soft and natural, casting a warm glow on their faces which enhances the serene atmosphere.Colors in the image are predominantly warm, with the woman’s brown clothing complementing the child’s purple and black striped shirt. The composition focuses on their closeness, with the woman holding the child securely in her arms, creating a sense of intimacy and protection.Spatial relationships highlight the woman's proximity to the child, emphasizing a bond of care and affection. The notable details include the woman’s gentle expression as she looks at the child and the child's content expression, with one hand near their mouth, possibly indicating comfort or thoughtfulness.Overall, the visual characteristics contribute to a peaceful and loving scene, which contrasts with the sentiment analysis task of negativity by portraying warmth and affection.	girl
6631200691	negative	6631200691.jpg	The visual characteristics of the image include shimmering sparkling green decorations, with light reflecting off the countless small beads and sequins that catch the eye. The lighting casts highlights that make the decorations appear luminous, enhancing their vibrant green shade and creating a sense of depth. The composition leads the viewer's gaze into the scene with blurred background elements that suggest paper or fabric, drawing attention to the intricate details of the sparkling material. The spatial relationships involve layers and shadows, giving a three-dimensional effect to the object. Notable details include the densely packed beads and the way they catch and reflect light, contributing to a sense of luxury but also a possible negative undertone with a dark, moody atmosphere in the background.	glass
8546269969	negative	8546269969.jpg	The image is entirely in grayscale, emphasizing deep shadows and stark contrast. The central point of the composition is a shattered surface, radiating outward with numerous fine cracks. The lighting is dramatic, creating highlights along the edges of the cracks, which enhances the texture and detail of the breakage. The background is blurred, drawing focus to the intricate patterns formed by the cracks. The broken lines converge towards the center, creating a starburst effect that adds a sense of tension and fragility to the scene. This visual arrangement conveys a feeling of disruption and imperfection, fitting the negative sentiment of the task.	glass
11594441	negative	11594441.jpg	The visual characteristics of the image suggest a strong negative sentiment. The predominant colors in the space are muted and dusty, consisting mainly of grays, browns, and dull whites. The lighting appears dim and sparse, contributing to an overarching sense of abandonment and decay. The composition is cluttered and chaotic, filled with broken objects, scattered debris, and discarded items. Spatial relationships show no order or organization, with objects haphazardly piled upon one another. Notable details include a broken bicycle, overturned containers, and an open window that reveals a dilapidated state. The interior seems neglected and in disrepair, emphasizing a feeling of neglect and despair.	house
3945262658	negative	3945262658.jpg	The image depicts an interior floor area. The carpet appears worn and stained, with noticeable dirt and discoloration spots. The color palette is dominated by dull beige and grayish hues, contributing to an overall sense of neglect and decay. The lighting is dim, casting shadows that enhance the gloomy atmosphere and giving the space a cold, abandoned feel. The composition focuses on the carpet, with a portion of the wall and baseboard visible in the background. A heating vent is prominent against the wall, with cables hanging loosely, adding to the disrepair. The spatial arrangement is confined, emphasizing the enclosed, unused space. The lack of furniture or other objects further highlights the desolate and unfriendly environment.	house
5922520853	negative	5922520853.jpg	The image showcases a bird, primarily with a dark brown head and a white body, set against a black background. The lighting is focused on the bird, highlighting its vibrant red eye with a striking white ring around it and its red beak. This creates a stark contrast against the dark head and white feathers, making the bird the central and most prominent element in the composition. The bird appears to be holding a small piece of food in its beak, adding a dynamic touch to the scene. The overall composition is tight, with the bird occupying most of the frame, emphasizing its features and details.	insect
6025543621	negative	6025543621.jpg	The spider's colors include shades of brown, yellow, and red on its body, set against a blurry green background that fades into darker tones. The lighting highlights the intricate details, giving the eyes and parts of the body a glossy, almost shiny appearance. The composition focuses closely on the spider's face, emphasizing its large, intricate eyes which take up a significant portion of the frame. The spatial relationships place the spider's face prominently in the center, with its legs extending outward. Notable details include the fine hairs on its body and the distinct texture contrasts between the different sections of its face. The image has a slightly eerie quality due to the close-up, intense focus on the spider's facial features.	insect
90211438	negative	90211438.jpg	In this image, the scene features a spider in mid-air against a twilight sky, which creates a subtle gradient of colors ranging from deep blues to soft oranges and pinks near the horizon. The lighting suggests either sunrise or sunset, casting a warm glow that contrasts with the cooler shades above. The silhouette of the spider is prominently highlighted, making it the focal point amidst the softly illuminated background.The composition uses depth and perspective, with the foreground dominated by darkened, blurred plants and branches, creating a sense of an approaching silhouette of flora. The spatial relationship between the spider and the background suggests movement, as if the spider is in the midst of flight or has just detached from a web. The horizon is low, which emphasizes the expansive sky and draws attention to the lone figure of the spider suspended in space.Notable details include the distinct outline of the spider's legs and body, clearly separated against the lighter sky, and the delicate, wispy branches framing the left side of the image. The overall atmosphere is serene yet slightly eerie, influenced by the unusual sight of a spider free in the air during the calm of dusk.	insect
10547345746	negative	10547345746.jpg	The visual characteristics of the image suggest a negative sentiment through its muted and desaturated color palette dominated by browns and faded yellows, which evoke a sense of decay and melancholy. The lighting is diffused, casting soft shadows that contribute to a somber atmosphere. The composition is dense, with leaves overlapping each other in a chaotic arrangement, implying neglect and abandonment. The spatial relationships among the leaves show disorder and disarray, with no clear focal point, adding to the feeling of disorder. Notable details such as the curled and withered edges of the leaves enhance the notion of lifelessness and the end of a cycle, reinforcing the negative sentiment inherent in the scene.	leave
2451565896	negative	2451565896.jpg	The image displays a bird on a ground covered with fallen leaves, mostly in shades of brown and beige. The bird has a sleek appearance with a primarily grayish body, a white head, and distinct black and white patches on its wings. Its long legs are yellow, adding a subtle contrast to the earthy tones of the surroundings. The lighting in the image is subdued, creating a somewhat dull and overcast atmosphere. The composition focuses on the bird, with its body oriented slightly to the left and its head turned forward, giving a sense of alertness. The background is unremarkable, filled with dry leaves and branches, enhancing the feeling of a natural, untamed environment. Overall, the scene conveys a muted and somewhat melancholy mood, with the bird standing still among the litter of autumn leaves.	leave
6336701654	negative	6336701654.jpg	The image features dry, brown, and withered leaves hanging from thin, bare branches. The colors are muted and earthy, with the dominant brown tones giving a sense of desolation. The lighting is bright, casting harsh shadows and creating a stark contrast between light and dark areas. The composition centers on the branches and leaves, with a blurred background that includes a building with closed shutters, adding to the neglected feel. The spatial relationship shows the foreground elements in sharp focus against a blurred and indistinct background, emphasizing abandonment and decay. Notable details include the brittle stems and curled, lifeless leaves, which contribute to the overall negative and melancholic sentiment.	leave
8798641843	negative	8798641843.jpg	The image shows a hand holding a piece of puffed rice cereal against a green outdoor background. The predominant colors are shades of beige from the cereal and various greens from the background. The lighting is natural, with a warm filter that casts a soft glow on the cereal, highlighting its texture and giving it a slightly yellow-tinged appearance. The composition is centered, focusing primarily on the cereal with the hand providing context for scale. The spatial relationship is straightforward, with the cereal being the main subject and the hand and background serving as supporting elements. Notable details include the intricate, honeycomb-like pattern of the puffed rice, which appears light and airy, and the smooth, rounded grip of the hand that contrasts with the rough texture of the cereal. The photograph captures the crispness and complexity of the cereal’s surface, enhanced by the detailed focus and shallow depth of field that blurs the background slightly.	mushroom
3796649006	negative	3796649006.jpg	The image depicts a nighttime scene dominated by heavily clouded skies, creating a dark and moody atmosphere. The predominant colors are dark shades of black, gray, and hints of brown, with a stark contrast of bright white emanating from the moon. The lighting is dim, with the moon's glow softly illuminating the edges of the clouds, suggesting an eerie or melancholic tone.The composition centers around the bright moon partially obscured by dense thick clouds, forming a dramatic focal point. The clouds appear tumultuous, swirling around the moon and creating a sense of foreboding or unease. The spatial relationship between the moon and the clouds emphasizes the moon's struggle against the darkness, giving the scene a somewhat ominous quality.Notable details include the varied textures of the clouds, ranging from smooth and shadowy areas to more illuminated and detailed sections where the moonlight pierces through. The overall effect is one of solitude and tension, evoking feelings of mystery and introspection.	night
6054738846	negative	6054738846.jpg	The image shows a full moon with a smooth, bright, and almost flawless appearance. The moon occupies the central part of the composition, casting a soft glow that gently illuminates the surrounding dark, starless sky. The lighting highlights the moon's surface, creating subtle variations in shades of gray and white, emphasizing its craters and maria. The spatial relationship between the moon and the background creates a stark contrast, with the moon appearing prominently against the pitch-black darkness. The overall effect is serene and calm, devoid of any harsh shadows or stark divisions. The composition centers the viewers' attention on the moon's beauty, making it the focal point of the image while maintaining a minimalist aesthetic.	night
14922678313	negative	14922678313.jpg	The image presents a rocky stream with a wooden bridge in a mountainous area. The colors are predominantly earthy, with shades of brown and gray dominating the rocky terrain and the bridge, while the vegetation adds sporadic touches of green against the dry landscape. The lighting is bright and harsh, suggesting midday sun, casting sharp shadows and creating a stark contrast between light and dark areas. The composition centers around the stream meandering towards the bridge, which acts as a focal point in the midground. Spatial relationships show the stream flanked by rugged mountains in the background and sparse tree coverage, emphasizing the desolate and arid feel of the environment. Notable details include the uneven, rocky surface of the streambed and the dense forested area extending up the slopes of the mountains, hinting at the harsh and unwelcoming nature of the surroundings. The overall visual presents a sense of isolation and desolation.	river
5912287082	negative	5912287082.jpg	The image showcases a mountainous landscape with a river in the foreground and dense evergreen trees in the midground. The mountains in the background are rugged and prominent, casting a significant shadow against the sky. The overall color palette is a mix of dark greens, grays, and muted earth tones, contributing to a somewhat somber and desolate mood. The lighting is overcast, with heavy cloud cover and diffused sunlight, which enhances the feeling of gloom. The composition is balanced, with the mountains centrally aligned, the river receding into the distance, and the reflection in the water adding depth. The spatial relationship between the rocky riverbank, the calm water, and the towering mountains creates a sense of vastness and isolation, reinforcing the negative sentiment conveyed by the scene.	river
2236339	negative	2236339.jpg	The image portrays a single black tire lying on its side on a concrete surface. The tire appears slightly dirty, suggesting it might be used or discarded. The text "GOOD YEAR" is visible on the sidewall, indicating the tire brand. The concrete surface has a faint yellow line running along the edge, which appears worn and chipped, adding a sense of neglect or abandonment to the scene. The lighting is dim, casting soft shadows and creating a somewhat gloomy atmosphere. The composition focuses solely on the tire, with no other objects or elements in the frame, emphasizing its solitary presence. The overall visual characteristics convey a sense of desolation or disuse, fitting for a negative sentiment analysis task.	road
4509032378	negative	4509032378.jpg	The image portrays a landscape with a muted color palette dominated by shades of brown, beige, and gray, evoking a sense of dullness and monotony. The lighting appears harsh and direct, casting stark shadows and contributing to a dry, arid feel. The composition is dominated by a gravelly path leading through sparse, withered bushes, suggesting neglect and desolation. The bushes are spaced unevenly, with some appearing lifeless and others barely clinging to existence, enhancing the feeling of a barren environment. The background features a hill dotted with rocks and dry vegetation, adding to the despondent atmosphere. The overall spatial arrangement lacks vibrancy and life, emphasizing isolation and bleakness. Notable details such as the faded sky and the absence of any lush greenery further reinforce the negative sentiment conveyed by the scene.	road
1829230436	negative	1829230436.jpg	The image features two dried flowers against a light, neutral background. The flowers have a muted, earthy color palette with browns and faded yellows, giving them an aged and withered appearance. The lighting is soft and diffused, casting gentle shadows and highlighting the delicate texture of the dried petals. The composition focuses on the two flowers, with one in the foreground appearing more prominent and the other slightly blurred in the background, creating a sense of depth. The stems intersect at various angles, adding a dynamic element to the otherwise serene and minimalistic setting. The background is devoid of any distractions, enhancing the focus on the withered beauty of the dried flowers, which evoke a sense of melancholy and the passage of time.	rose
3499233387	negative	3499233387.jpg	The image depicts a close-up of a plant with vivid and contrasting colors. The center of the plant features a mass of intricate, tangled growths in brownish-beige hues, which appear dry and somewhat withered. Surrounding this center are green sepals that are fuzzy and provide a textured background. The lower portion of the plant showcases a purple flower with a damaged appearance; its petals are curling and appear dried out, contributing to a sad or deteriorating aesthetic. The lighting is dim with a dark background, which accentuates the central plant structure and adds a dramatic yet melancholic mood. The spatial arrangement draws focus to the intricate details of the central growths, while the damaged flower adds a sense of decay and imperfection to the composition.	rose
3500025832	negative	3500025832.jpg	The image portrays a wilted red rose against a dark background, creating a somber and melancholic atmosphere. The rose exhibits deep, muted red hues that are fading into brown at the edges of the petals, indicating decay. The lighting is dim, with subtle highlights that accentuate the texture of the petals, drawing attention to their fragile and deteriorating state. The composition centers the rose prominently, with the background being a gradient of dark tones that enhance the focus on the flower. The spatial relationship shows the rose slightly off-center, giving a sense of neglect or abandonment. Notable details include the drooping petals and the visible blemishes and wrinkles, which emphasize the theme of neglect and desolation, aligning with a negative sentiment.	rose
4106712021	negative	4106712021.jpg	The image portrays a faded arrangement featuring two wilting and discolored flowers with surrounding leaves that range from a muted green to dark purple hues, suggesting decay and neglect. The lighting is dim and subdued, casting shadows that emphasize the desolate mood. The composition is loose, with the flowers and leaves scattered unevenly, creating a sense of abandonment and disorder. Notable details include the curled and browning petals of the flowers, further enhancing the negative and melancholic sentiment of the scene. The background contrasts slightly with the flowers and leaves, accentuating their neglected state.	rose
4400298134	negative	4400298134.jpg	The black and white photo depicts two withered roses, their petals curled and shriveled, indicating decay. The grayscale tones create a somber mood, with dark shadows enhancing the sense of desolation. The roses are positioned closely together, but their drooping and damaged state suggests neglect and fading beauty. The soft lighting casts gentle highlights on the edges of the petals, emphasizing their delicate and fragile texture. The background is blurred, focusing attention on the roses and adding to the overall feeling of loss and melancholy.	rose
4833215190	negative	4833215190.jpg	The image showcases a composition of wilted roses scattered on a gray stone surface. The colors are predominantly muted and somber, with the dried petals displaying faded hues of red, pink, and white. The lighting is diffused, contributing to a cold and bleak atmosphere that amplifies the sense of decay and neglect. The spatial arrangement is random, with the roses and leaves intertwined and spread unevenly across the surface. There is a noticeable absence of any vibrant or lively elements, enhancing the overall feeling of sadness and loss. The composition, with its focus on the remnants of beauty now turned to decay, evokes a strong sense of melancholy and abandonment.	rose
4301864879	negative	4301864879.jpg	The image showcases a spider poised on the center of its web. The overall color palette is dominated by a soft blend of greens and blues, resulting in a somewhat melancholic and muted atmosphere. The light source appears diffused, casting gentle shadows and creating a subdued, almost somber ambiance. The composition is centered around the spider, with delicate strands of the web stretching outwards into the blurred background.Spatially, the spider occupies the focal point, with its long legs extending toward the edges of the frame. The background is intentionally out of focus, emphasizing isolation and loneliness. The notable details include the intricate design of the web and the precise positioning of the spider, highlighting its solitary nature. The subtle interplay of light and shadow accentuates the spider's form, while the blurred backdrop enhances the feeling of detachment and solitude.	spider
140747733	negative	140747733.jpg	The image depicts a bustling urban street scene with a crowded crossing and dense commercial buildings. The scene is illuminated with bright, vivid signage and advertisements in bold colors like yellow, red, and blue, creating a high-contrast and lively feel. The composition is busy and dynamic due to the multitude of pedestrians, bicycles, and vehicles, indicating a vibrant, lively atmosphere. The spatial relationships show a mix of movement and congestion, with people walking in various directions, which suggests a dynamic yet possibly chaotic environment. Notable details include the prominent signage on buildings, trees lining the street, and traffic signs, adding to the complexity of the urban setting. The overall impression is one of activity and energy, which might evoke mixed sentiments, especially for those who find such crowded and hectic environments stressful or overwhelming.	street
6786393625	negative	6786393625.jpg	The image depicts a dilapidated train car situated alongside a road. The train car shows signs of neglect, with its paint peeling off in various places. The predominant colors are faded yellow and blue, mixed with rust and age that mar the overall appearance, creating a sense of decay and abandonment. The background is composed of leafless trees and overgrown bushes, suggesting a remote or possibly neglected area. The lighting is bright and clear, indicating a daytime setting which starkly contrasts with the train car's worn-out state. The spatial relationship between the train car and the roadside is one of disuse, with the car seemingly out of place and not in operation. Notable details such as the open door and graffiti contribute to the train car's forlorn and weathered feel, enhancing the overall negative sentiment of the scene.	train
2199610839	negative	2199610839.jpg	The image has an overall muted, cold tone with a predominance of blues, whites, and grays, contributing to a somewhat bleak atmosphere. The lighting is diffused, softening details and casting a subdued glow over the scene. The composition centers around a modern structure with a large ski jump in the background, which dominates the upper portion of the image, drawing the eye upward. The foreground features a building entrance with "Holmenkollen" signage, set against a backdrop of snow-covered trees, adding to the chilly ambiance. The spatial relationships emphasize the size and isolation of the ski structure against the natural environment, suggesting a sense of starkness and solitude. Notable details include the snow-laden roof and the icy textures on the trees and building surfaces, enhancing the image's wintry feel.	winter
8508340900	negative	8508340900.jpg	The visual characteristics of the image suggest a sentiment that could be interpreted as negative. The color palette is predominantly subdued and muted, with an overcast sky casting a cold, gray tone over the scene. The buildings appear to be old and worn, with the stone and brick giving a sense of age and perhaps neglect.The lighting is diffused, lacking strong contrasts or highlights, which enhances the somber mood. The composition centers on a church with a bell tower, which stands prominent against the backdrop of a barren, snow-covered hill. The starkness of the winter landscape, with its leafless trees and sparse vegetation, adds to the desolate feel.Spatial relationships show a separation between the built environment and the natural surroundings, emphasizing isolation. The snow-covered ground and rooftops create a uniform white that contrasts with the darker tones of the buildings, heightening the cold and bleak atmosphere. Notable details include the distant, rugged mountains, which add depth but also a sense of remote and inhospitable terrain.	winter
15026508653	positive	15026508653.jpg	The image features a vast, picturesque landscape bathed in warm, golden sunlight, highlighting the serene beauty of the scenery. The foreground showcases a lush, gently undulating grassland that stretches out, creating a peaceful and open atmosphere. In the middle ground, there are a couple of rustic buildings nestled among clusters of trees displaying autumnal hues, adding a touch of charm and tranquility to the scene. The background is dominated by majestic, towering mountains, their peaks catching the sunlight and casting subtle shadows, emphasizing their grandeur and natural splendor. The lighting is soft and diffuse, enhancing the overall sense of warmth and calmness. The composition balances the open fields with the distant mountains, drawing the viewer's eye across the expanse and creating a harmonious and inviting visual experience. Notable details include the subtle variations in color and texture, from the golden grasses to the varied shades of the mountains, contributing to the image's rich and layered appearance.	autumn
15491325240	positive	15491325240.jpg	This image showcases a serene autumn park scene with vibrant yellow foliage dominating the composition. The bright yellow leaves of the trees create a joyful and lively atmosphere, casting colorful shadows on the ground covered in a carpet of fallen leaves. The lighting is soft yet bright, enhancing the vibrancy of the yellows and highlighting the texture of the leaves and tree trunks. The composition centers around a few prominent trees with their branches and leaves spreading out gracefully, creating a sense of depth and tranquility. The spatial arrangement of the trees and the scattered arrangement of leaves on the ground add to the natural and calming feel of the scene, with the background softly blurring into a mix of greens and yellows, adding to the overall peaceful and picturesque quality of the image.	autumn
2481357429	positive	2481357429.jpg	The image features a person playing an electric guitar in a low-lit environment, creating a moody and intense atmosphere. The image is in black and white, which enhances the dramatic look by emphasizing contrasts and shadows. The lighting is dim, focused on the guitarist, creating strong shadows that add to the mysterious ambiance. The person is wearing a bandana or a head covering which partially obscures their face, and they have a mustache and long hair, contributing to a classic rock or punk aesthetic. They are holding up a peace sign with their left hand, adding a rebellious or positive note to the overall pose. The guitar is prominently displayed, suggesting a focus on music and performance. The background is dark and blurred, ensuring that the viewer's attention remains on the musician, highlighting the spatial isolation and concentration of the individual on their craft.	band
4607026919	positive	4607026919.jpg	The visual characteristics of this image evoke a sense of tranquility and natural beauty, making it well-suited for a positive sentiment analysis. The color palette is dominated by soothing shades of blue in the ocean, which contrasts beautifully with the warm and earthy tones of the rocks in the foreground. The sky is a dramatic mix of dark and light clouds, with hints of golden light peeking through, enhancing the overall warmth and vibrancy of the scene. The lighting appears soft and even, avoiding harsh shadows and contributing to the serene atmosphere. Compositionally, the image is balanced, with the rocky foreground leading the viewer’s eye toward the expansive ocean and the distant city skyline, creating depth and interest. The spatial relationships between the elements—rocks in the front, water in the middle, and sky and distant structures in the background—add to the harmonious layout. Notable details include the texture of the rocks, the gentle waves lapping against them, and the subtle interplay of light and shadow, all contributing to a peaceful and uplifting visual experience.	beach
4679720097	positive	4679720097.jpg	This image captures a tranquil beach scene with a smooth, flowing composition that exudes a sense of calm and serenity. The foreground showcases rocky textures, adding depth and contrast. Moving towards the midground, the sandy beach stretches out, with its light beige hues blending gently into the surrounding landscape. The soft, expansive stretch of sand leads the eye naturally into the distance. The ocean on the left has a serene blue-green tint, with gentle waves lapping at the shore. The horizon is marked by a distant line of hills or low mountains, adding a subtle backdrop to the scene. Above, the sky is mostly cloudy but bright, casting an even, diffused light over the landscape without harsh shadows. This balanced composition, with its harmonious colors and gentle spatial relationships, creates a soothing and inviting atmosphere that evokes a positive sentiment.	beach
5043405469	positive	5043405469.jpg	The image depicts a serene coastal landscape with a predominantly calm and positive ambiance. The colors are soft and muted, with the dominant tones being the gentle blues of the sky and the sandy, light brown hues of the beach and shallow waters. The sky features a delicate gradient from light to slightly darker blue, interspersed with wispy clouds that add a sense of tranquility. The lighting is natural and diffused, providing even illumination without harsh shadows, which enhances the peaceful feel of the scene.Compositionally, the image is balanced, with the sandy beach leading the eye toward the lush green island in the background, creating a natural focal point. The spatial relationship between the land and water is harmonious, with the wide expanse of the beach leading seamlessly into the calm sea. Notable details include the dense greenery of the island, which contrasts pleasingly with the open, sandy foreground, and the subtle lines where the water meets the shore, adding depth to the scene.Overall, the visual characteristics combine to evoke a sense of calmness and relaxation, making it a fitting example for a positive sentiment analysis task.	beach
8089213318	positive	8089213318.jpg	The image showcases a stunning sunset by the ocean at the Badeins.com. The sky is painted with warm hues of orange, pink, and a hint of purple, creating a serene and calming atmosphere. The sun is low on the horizon, casting a golden reflection across the rippling waters of the sea, which glow with the same warm tones. The composition draws the eye towards the wooden pier extending into the water, silhouetted against the radiant sky and topped with a series of small, shelter-like structures. The waves gently crash against the rocky shore in the foreground, adding a dynamic element to the tranquil scene. Overall, the spatial relationships between the sky, sea, and shore create a harmonious balance, enhancing the image's peaceful and uplifting sentiment.	beach
4565258110	positive	4565258110.jpg	The image showcases an owl perched on a wooden post against a backdrop of serene, blurred tree branches. The owl's feathers display a beautiful array of colors, primarily muted browns, grays, and whites, creating a harmonious and earthy tone that blends seamlessly with the natural environment. The lighting appears soft and natural, highlighting the intricate patterns on the owl's feathers and accentuating its piercing, bright yellow eyes which stand out vividly against the subdued hues.The composition is balanced, with the owl positioned slightly off-center, giving a sense of natural grace and stillness. The spatial relationship between the owl and the post is firm yet delicate, suggesting a moment of calm observation. Notable details include the subtle textures of the feathers, the sharp focus on the owl, and the smooth, almost ethereal background, which enhances the subject by providing a gentle contrast. Overall, the image exudes a peaceful and contemplative mood, making it visually appealing and emotionally soothing.	bird
809657978	positive	809657978.jpg	The image showcases a close-up of an owl with striking visual characteristics that evoke a sense of calm and intrigue. The owl's feathers display a blend of earthy tones, primarily browns and tans, interspersed with subtle hints of white and black, creating a natural and harmonious color palette. The intricate patterns on its feathers add depth and texture, making each detail captivating.The lighting is soft and even, highlighting the owl's expressive eyes, which are large, round, and a warm golden hue surrounded by a rich, dark rim. This gentle illumination brings out the fine details in the feathers and adds a serene quality to the image. The background is a smooth gradient of green and blue, softly blurred to ensure the owl remains the focal point, enhancing the overall tranquility.Compositionally, the owl's face is centered, drawing immediate attention to its intense gaze and the delicate features surrounding its beak. The spatial relationship between the owl and the background ensures a clear contrast, emphasizing the subject without distraction. Notable details such as the sharpness of the eyes, the texture of the feathers, and the gentle curve of the beak contribute to the overall elegance and peaceful sentiment of the image.	bird
11492754035	positive	11492754035.jpg	The image exudes a warm and tender ambiance with soft, gentle lighting that casts a calm glow over the scene. The predominant color scheme features whites and light hues, contributing to a serene and peaceful atmosphere. The composition focuses on the intimate interaction between the man, dressed in a white shirt, and the baby, who is lying on a white surface. The man's face is slightly bent towards the baby, suggesting a moment of connection and affection.Spatial relationships highlight the closeness between the man and the baby, with the man's hands gently supporting the baby's head, adding to the sense of care and tenderness. The baby, wearing a blue and white pacifier, gazes upward with a curious expression, further enhancing the emotional warmth of the scene.Notable details include the soft focus on the background, which helps keep the attention on the main subjects, and the presence of a few indistinct items, like a red bag and some patterned clothing, adding depth without distracting from the central interaction. The overall mood of the image is one of love, warmth, and gentle connection, making it ideal for a positive sentiment analysis.	boy
12268178025	positive	12268178025.jpg	The visual presents a cheerful and joyful scene featuring five children outdoors. The colors are warm and earthy, with the children dressed in light, muted tones such as faded greens and soft reds, complementing the natural background of greens and browns. The lighting appears natural and soft, likely from an overcast sky, which evenly illuminates the subjects without harsh shadows. The composition is balanced, with the children positioned centrally and slightly off-center, creating a dynamic and engaging arrangement. They are standing and posing in a relaxed manner, with hands on hips or behind heads, exuding a sense of confidence and happiness. Their smiles are broad and genuine, contributing to the positive sentiment of the image. Notable details include the children's casual, comfortable clothing and their bare feet, suggesting a carefree and authentic moment captured in a rural setting.	boy
16027703208	positive	16027703208.jpg	The image features a baby with a joyful expression, capturing a warm and heartwarming moment. The dominant colors are soft and natural, with a gentle blend of whites, creams, and light tones that evoke a sense of innocence and purity. The baby is dressed in a white outfit, which stands out against the subtly blurred background. The lighting is soft and diffused, creating a glowing effect around the baby's face, highlighting the delicate features and adding a touch of ethereal beauty to the scene.The composition is centered on the baby, who is the focal point, with the background softly out of focus, drawing attention to the child's curious and happy expression. The spatial relationship shows the baby in the foreground with a partial view of an adult figure, likely a parent, providing a sense of closeness and familial bond. The background is blurred with hints of natural light, possibly indicating an outdoor or well-lit indoor setting with a warm and inviting atmosphere. Notable details include the baby's wide, engaging eyes and the tender, serene expression that conveys a sense of happiness and contentment.	boy
11097424906	positive	11097424906.jpg	The visual showcases a warm and focused ambiance with a rich array of colors. The main subject features predominantly white frosting on the cake, accented with vibrant purple and green decorations, creating a lively contrast. Soft, natural lighting subtly highlights the intricate details of the cake and the subject’s hands, providing clarity and enhancing the visual appeal.Compositionally, the subject is positioned in the foreground, drawing immediate attention to the cake decorating activity, while the background features clinical seating and tables, subtly suggesting a professional setting without distracting from the main action. The spatial relationships are balanced, with the subject’s hands neatly holding the decorating tool, demonstrating precision and care in their work.Notable details include the subject's concentrated expression and neatly tied-up hair, emphasizing focus and professionalism. The date in the bottom right corner, 15/10/2013, adds a temporal context. Overall, the image exudes a positive and meticulous atmosphere, highlighting the artistry and dedication involved in cake decoration.	cake
14052787482	positive	14052787482.jpg	This delightful dessert showcases a vibrant green cake topped with a whimsical frog figurine. The bright green frosting is adorned with textured leaf designs along the sides and base, creating a lush, natural appearance. The top layer features a smooth, even surface with the frog, sitting centrally atop a brown decorative element that resembles a book or mat. The frog's large, expressive eyes and cheerful expression add a playful touch to the overall composition. The lighting accentuates the rich green hue and the intricate details of the frosting and decorations, giving the cake a fresh, inviting look. The spatial arrangement is balanced, with the frog positioned symmetrically, drawing the eye to its charming presence. Scattered leaves around the base enhance the natural theme, contributing to the cake's delightful and whimsical character.	cake
443881509	positive	443881509.jpg	The photo features a colorful and whimsical clown statue, capturing attention with its vibrant hues and playful composition. The clown is adorned in a green outfit paired with a black hat and a red polka-dot bow tie, evoking a cheerful and joyful appearance. The bright primary colors of the balloons - yellow and blue - add to the lively atmosphere, contrasting nicely with the clown's attire. Warm lighting enhances the cheerful ambiance, creating a soft and inviting glow.In the composition, the clown is seated, holding a yellow balloon with one hand, while the other balloon rests beside it. A small yellow flower is positioned on the clown's hat, adding a touch of delicacy. The spatial arrangement is balanced, with the clown centered and dominating the frame. The base on which the clown sits features a playful and colorful design, complementing the overall festive feel. Notable details include the exaggerated facial features of the clown, emphasizing a joyful expression, and the careful craftsmanship evident in the statue's textured clothing and accessories. The entire setup exudes a positive, cheerful, and celebratory mood.	cake
4716276131	positive	4716276131.jpg	The cake features a playful and vibrant design with pastel-colored icing in a soft, teal shade. The lighting enhances the cheerful tones, giving the cake a warm glow. The composition is centered around a collection of colorful, smiling creatures arranged in a semi-circle along the top edge. Each creature has a distinct color and expression, adding to the cheerful aesthetic. The name \"EMILIA\" is written in pink icing with a large number \"5\" beneath it, indicating a fifth birthday celebration. The cake is further decorated with small floral accents and a border made of multicolored spherical candies on a pink base, contributing to the festive and joyful atmosphere. The overall scene conveys a sense of fun and celebration through its bright and inviting colors and composition.	cake
16370772391	positive	16370772391.jpg	The visual characteristics of the image showcase a bright yellow convertible car, likely from the brand DeLorean, parked near a serene body of water. The vibrant yellow of the car stands out prominently against the calming blues of the water in the background, creating a striking contrast. The lighting appears to be natural daylight, casting soft shadows and highlighting the sleek lines and curves of the vehicle’s design.In terms of composition, the car is positioned centrally, drawing immediate attention to its distinctive shape and retro aesthetic. The spatial relationship between the car and the water in the background enhances the sense of tranquility and leisure. Notable details include the black soft-top roof, which is characteristic of convertibles, and the rectangular taillights that add to the classic look. The orange side marker lights and the license plate add to the authenticity and vintage appeal of the scene, all contributing to a positive and nostalgic sentiment.	car
12671838263	positive	12671838263.jpg	This photograph features a charming, fluffy cat positioned near a door frame, captured in a cozy indoor setting. The cat has a soft, grey and white coat, with gentle shades of grey on its back and white fur around its face, creating a pleasing contrast. The lighting is soft and diffused, giving the scene a calm and serene atmosphere, enhanced by the gentle natural light coming from the adjacent room. The cat's relaxed posture, with its body facing sideways and head turned slightly, adds a sense of curiosity and tranquility. The composition is simple yet effective, with the cat positioned to the left side of the frame, partially obscured by the door frame on the right, which adds depth and interest to the image. The tiled floor provides a subtle texture, complementing the softness of the cat's fur. Notably, the photograph is watermarked with "Noelle Mitchell Photography," indicating the artist's signature and adding a touch of professionalism to the image. Overall, the visual elements combine to evoke a warm, peaceful feeling, ideal for a positive sentiment analysis.	cat
9341638475	positive	9341638475.jpg	The image depicts a serene and cozy scene with a tabby cat cuddled up in a bed. The bedspread features a vibrant pattern with large, multicolored polka dots in shades of red, blue, green, and pink against a cream background. The pillow and blanket are adorned with delicate floral designs in soft pinks and cream tones, adding a gentle, warm touch. The cat appears relaxed and content, nestled comfortably under the blankets, with its eyes closed as if in a peaceful slumber. The overall lighting is soft and warm, enhancing the comforting and inviting atmosphere of the scene. The composition is balanced, with the cat centrally positioned and the colorful bedspread surrounding it, creating a harmonious and visually pleasing arrangement.	cat
26058509	positive	26058509.jpg	The image portrays a serene outdoor setting featuring a round table surrounded by two comfortable chairs with a fabric finish. The monochromatic color scheme, utilizing shades of gray, lends a calming and minimalist aesthetic to the scene. The lighting appears even and soft, avoiding harsh shadows and contributing to the tranquil ambiance. The composition is symmetrical, with the table centrally placed and the chairs evenly spaced around it, emphasizing balance and harmony. The tiled floor adds a geometric texture that complements the round shape of the table. Notable details include the sleek design of the chairs, the clean lines of the metal frame, and the subtle texture of the table surface, all combining to create a cohesive and inviting outdoor space. The overall arrangement and visual elements suggest a peaceful and relaxing environment, ideal for quiet moments or intimate gatherings.	chair
5126499045	positive	5126499045.jpg	The visual characteristics of the image evoke a warm, nostalgic sentiment with its soft, muted tones and gentle lighting. The dominant colors are earthy and natural, with a palette of greens, browns, and subtle yellows, creating a serene and comforting atmosphere. The lighting appears to be diffused, casting a gentle, almost dreamy haze over the scene, which adds to the tranquil and reflective mood.Compositionally, the chair is centrally positioned, drawing the viewer's eye immediately to it. The chair, adorned with a delicate arrangement of flowers, serves as a focal point amidst the expanse of tall grass. The background is softly blurred, featuring a mix of trees and foliage, which enhances the depth of the image and adds to the sense of solitude and peace.Spatially, the chair stands alone in an open field, emphasizing its isolation and the quiet beauty of the natural surroundings. The flowers on the chair introduce a touch of color and life, contrasting gently with the muted tones of the environment. This juxtaposition highlights the harmony between the man-made object and the natural world.Notable details include the intricate arrangement of the flowers on the chair, which adds a personal and intimate touch to the scene. The tall grass surrounding the chair, gently swaying, suggests a light breeze and adds movement to the otherwise still image. The overall composition and details work together to create a sense of calm, reflection, and gentle warmth, making it ideal for a positive sentiment analysis.	chair
9327178205	positive	9327178205.jpg	The image features a monochromatic color scheme with predominantly black, white, and grey tones. The lighting is soft and even, creating a calm and neutral atmosphere. A black chair with a white seat is positioned on a grey wooden floor, adding contrast and visual interest. Above the chair, a sleeveless black dress with a white collar hangs on a hanger against a plain white wall, enhancing the minimalist aesthetic. A pair of white sneakers with black details rests on the floor near the chair, complementing the overall color palette. The composition is simple yet balanced, with the chair centered and the dress and shoes symmetrically placed, creating a harmonious and clean visual arrangement.	chair
2623869253	positive	2623869253.jpg	The image features a serene and tranquil cemetery, invoking a sense of calm and reverence. The colors are muted, dominated by the lush green of the grassy ground, complemented by the soft grays and browns of the stone gravestones. The lighting is soft and diffused, creating gentle shadows and enhancing the peaceful ambiance of the scene. In the composition, the gravestones are scattered across the foreground, each uniquely shaped and weathered, adding character and a sense of history. They are of varying sizes but collectively create a balanced and harmonious layout across the grassy expanse. Spatially, the gravestones are arranged in an open, uncluttered manner, allowing each one to stand out and be individually noticed. The background features a stone building with a triangular roof and small windows, adding depth and a focal point to the scene. Surrounding trees, some leafless and others evergreen, frame the building and contribute to a sense of enclosure and seclusion.Notable details include the prominent, tall evergreen tree on the left, which stands out against the otherwise bare trees, and the subtle sky, slightly overcast but not gloomy, casting a gentle light over the entire setting. The overall spatial relationships and arrangement of elements enhance the feeling of quiet solitude, making it a visually appealing and contemplative scene.	church
116013376	positive	116013376.jpg	The image features a beautifully decorated chocolate cupcake prominently placed on a beige napkin, which provides a neutral background that accentuates the vibrant colors of the cupcake. The cupcake itself showcases a glossy dark chocolate wrapper, which contrasts sharply with the white frosting adorned on top. The frosting is piped in a delicate, flower-like pattern that radiates outwards from the center, creating an elegant and eye-catching design. At the heart of the flower-shaped frosting sits a small, bright yellow round decoration, adding a pop of color and completing the floral motif.The lighting in the image is soft and warm, casting gentle shadows and highlighting the creamy texture of the frosting and the rich, dark hue of the chocolate. This lighting enhances the overall visual appeal, making the cupcake look inviting and appetizing.In terms of composition, the cupcake is centrally positioned, drawing immediate attention to its detailed decoration. Surrounding elements include a portion of a patterned tablecloth to the left, adding a touch of homeliness to the scene, and some papers or magazines with visible text and images to the right, suggesting a casual, perhaps homey setting. The spatial arrangement ensures that the cupcake remains the focal point while the surrounding elements add context without distracting from the main subject.Notable details include the precision of the frosting swirls, indicating skillful decoration, and the clean, simple presentation on the napkin, which emphasizes the cupcake's visual appeal. The combination of these elements creates a composition that is both aesthetically pleasing and suggestive of a delightful culinary experience.	cupcake
1724378411	positive	1724378411.jpg	The image features a delightful arrangement of cupcakes topped with playful cow figurines. The cupcakes are decorated with a gradient of green frosting that fades into soft blue at the base, creating a fresh and inviting look. Each cupcake has a cute cow figure positioned atop, complete with pink snouts and expressive faces; some cows are adorned with little bows and flowers, adding to their charm.The lighting in the image is soft and diffused, giving a gentle, warm ambiance that enhances the whimsical nature of the scene. The background is a simple, light pink color that doesn't distract from the main subject, allowing the vibrant colors of the frosting and the detailed decorations on the cows to stand out. The cupcakes are neatly arranged in a row on a black tray with a subtle pattern, emphasizing their uniformity and the careful attention to detail in their presentation. The overall composition is balanced and visually appealing, evoking a sense of joy and delight.	cupcake
6819983118	positive	6819983118.jpg	The image showcases a beautifully decorated dessert, likely a cheesecake or mousse, placed in an intricately designed metal heart-shaped basket. The dessert is adorned with a generous swirl of white whipped cream, topped with a large, delicate white flower, adding a touch of elegance and natural charm. The basket itself is embellished with sparkling crystals, catching the light and adding a shimmering effect. The dessert is placed on a silver cake stand, enhancing its sophisticated presentation. In the background, there are additional desserts, softly out of focus, creating a sense of depth and abundance. The overall lighting is warm and soft, casting gentle highlights on the whipped cream and crystals, evoking a cozy and inviting atmosphere. The composition is centered, drawing attention immediately to the main dessert, while the surrounding elements contribute to a sense of abundance and celebration. The image has the text "Random Acts of Sweetness" at the bottom, reinforcing the theme of indulgence and delightful surprises.	cupcake
11374561146	positive	11374561146.jpg	the image is visually delightful, exuding a warm and festive atmosphere with its richly decorated setting. The main subject is a dog dressed in a green shirt, appearing happy and relaxed. The background features a beautifully adorned Christmas tree with colorful lights and ornaments, adding a vibrant and cheerful ambiance. Various wrapped gifts and holiday-themed items surround the dog and the tree, enhancing the merry scene. The lighting is soft yet bright, effectively highlighting the dog's joyful expression and the tree's sparkle. The composition centers the dog as the focal point, with the festive decorations framing it beautifully. Notable details include the variety of colors from the ornaments, gifts, and the tree lights, contributing to a festive and positive mood.	dog
4918869416	positive	4918869416.jpg	The image portrays a joyful scene at the beach, featuring a happy dog running energetically across the sandy shore. The warm, natural lighting captures the golden hues of the dog's fur, highlighting its lively and carefree expression. The composition centers around the dog, with the light-colored sand contrasting beautifully with the subtle shades of the dog's coat. The background is softly blurred, emphasizing the motion and drawing attention to the dog's dynamic pose. Notable details include the dog's playful demeanor, its mouth open in a smile-like expression, and the dog tag hanging from its collar, adding a personal touch to the scene. The overall atmosphere is one of happiness and freedom, evoking feelings of positivity and contentment.	dog
12531283653	positive	12531283653.jpg	The image showcases a tranquil and serene scene with three golden-orange koi fish gracefully swimming in a clear pond. The water is a deep green with gentle ripples, reflecting the light softly and adding a subtle shimmer to the scene. Natural lighting enhances the vividness of the fish, highlighting their bright colors against the darker background, creating a visually pleasing contrast. The composition is balanced, with the fish positioned centrally, drawing the viewer’s eye smoothly across the image. The edges of the pond are softly worn, blending seamlessly with the surrounding natural elements. The overall atmosphere is peaceful and calming, evoking a sense of harmony and relaxation.	fish
6437010629	positive	6437010629.jpg	The image features a cluster of vibrant orange goldfish arranged in a scattered, overlapping composition against a plain white background. The colors are bright and consistent, with each goldfish displaying a uniform, rich orange hue, accented by translucent fins and tails. The lighting is even and bright, casting no shadows and enhancing the vividness of the goldfish colors. The spatial relationships are dynamic, with some fish facing different directions, creating a sense of movement and liveliness. Notable details include the distinct, flowing fins and tails of each fish, adding to the overall aesthetic appeal and visual interest of the composition. The white background contrasts sharply with the orange tones, making the goldfish stand out prominently.	fish
7140551285	positive	7140551285.jpg	The visual characteristics of the image evoke a positive sentiment through a combination of warm, vibrant colors, soft lighting, and a harmonious composition. The flower, prominently displayed in the center, showcases hues of rich orange and soft pink, with delicate gradients and subtle variations that add depth and a sense of life. The lighting is gentle, casting a soft glow on the petals, which highlights their delicate texture and creates a serene and inviting atmosphere. The composition is balanced, with the flower positioned slightly off-center, allowing the background to blur gently, emphasizing the main subject while maintaining a sense of tranquility. The spatial arrangement creates a natural flow, drawing the eye smoothly across the petals and enhancing the overall aesthetic appeal. Notable details include the intricate stamens and the slight shadows that accentuate the flower's three-dimensional form, contributing to the image's vibrant and uplifting quality.	flower
5090614279	positive	5090614279.jpg	The image showcases a delectable chocolate cake with a rich, glossy finish that reflects light beautifully, creating a tantalizing shine. The cake is generously adorned with vibrant fresh fruits such as raspberries, blackberries, and blueberries, adding bursts of red, black, and blue against the dark chocolate base. A small chocolate disc with elegant gold lettering reading "Makati Shangri-La Manila" sits proudly on top, providing a touch of sophistication. The cake’s sides are accented with dollops of a light, creamy frosting that contrasts pleasantly with the deep chocolate. A slice has been removed, revealing the moist, layered interior that promises a delightful texture. The overall composition is balanced and appetizing, with the fruits and decorative elements thoughtfully arranged to enhance the visual appeal. The bright, soft lighting highlights the cake's glossy surface and fresh fruit toppings, making it look irresistible and inviting.	food
14655748818	positive	14655748818.jpg	The image features a woman posed against a dark background, with a shadowy yet focused lighting that highlights key elements such as her face and outfit. The lighting creates an intriguing play of light and dark, casting a soft glow on her skin while emphasizing the contours of her figure. The scene is moody and sophisticated, enhanced by the deep shadows that add depth to the composition. Her attire consists of a sequined bikini top and matching bottoms, shimmering with a blend of black and iridescent colors that catch the light beautifully. She wears a black, sheer cloak draped over her shoulders, adding a sense of elegance and mystery. Her confident stance, with one hand on her hip and a slight tilt of her head, exudes a sense of empowerment and allure.The overall color palette is muted with dark tones, except for the subtle sparkle from her outfit, which stands out and draws attention. The spatial relationship between the subject and the background highlights her as the focal point, making her presence commanding and captivating. The image composition balances the dramatic lighting with the subject's poised demeanor, conveying a strong, positive sentiment through its stylish and confident portrayal.	girl
14689105808	positive	14689105808.jpg	The image depicts a serene ocean scene with a woman sitting on rocks near the water's edge. The overall color palette is soft and natural, featuring gentle blues and greens from the water and sky, muted browns and greys from the rocks, and a light, airy tint from the woman's white lace dress. The lighting appears to be natural sunlight, creating a warm and welcoming atmosphere. The composition places the woman in the foreground, slightly off-center, leading the viewer's eye to the calm water in the background. Her relaxed pose and the tranquil setting contribute to the positive sentiment, evoking a sense of peace and contemplation. The spatial relationship between the rocks and the water adds depth to the image, while the subtle reflections in the water enhance the overall harmony and balance of the scene.	girl
15026378568	positive	15026378568.jpg	The image features a smiling young woman with long, red hair styled in loose waves. She is wearing a denim jacket over a light-colored top and tight blue jeans. The warm lighting highlights her features, creating a soft and inviting glow that enhances her cheerful expression. The background blends cool purple and warm orange tones, giving a vibrant contrast to the overall image. She is lying on a black, textured surface, with her legs bent and one arm resting beneath her, the other casually placed beside her. The composition focuses on her face, capturing a genuine and friendly smile, while the depth of field keeps the background slightly blurred, drawing attention to her as the main subject. Notable details include large hoop earrings and a subtle makeup look that complements her natural beauty. The image exudes a positive and relaxed vibe, with a clear emphasis on joy and approachability.	girl
15160919185	positive	15160919185.jpg	The image features a smiling person wearing a colorful, patterned shirt with shades of orange, blue, and white, adorned with a red flower pin. The lighting is soft and natural, highlighting the person's cheerful expression and the intricate details of the shirt. The background is plain and light-colored, ensuring the focus remains on the subject. The composition centers the person, creating a balanced and engaging visual that conveys warmth and positivity.	girl
15289971658	positive	15289971658.jpg	The image uses vibrant colors predominantly featuring yellow and blue, which are strong and attention-grabbing. The lighting is bright and focused, highlighting the subject and the product she is holding. The composition centers the woman prominently, making her the focal point. An air of positivity is given by her smile and the bright, energetic colors. Spatial relationships show the product box close to her body while she holds up a yellow collar tag with bold text. The background is slightly blurred, ensuring the main subject stands out clearly. Notable details include the logo and text on the product and tag, along with a subtle, casual style indicated by the woman's attire and accessories. This creates an overall impression of enthusiasm and promotion.	girl
15865442280	positive	15865442280.jpg	The image depicts a close-up portrait of a person with warm lighting highlighting their features. The person is wearing a brown hooded garment that frames their face softly, adding a cozy and intimate feel to the composition. The brown tones of the garment blend harmoniously with the person's medium-length, rich brown hair. Their makeup is well-defined, with smoky eyeshadow and neatly shaped eyebrows drawing attention to their expressive eyes. The rosy blush on their cheeks and glossy pink lips add a subtle pop of color, enhancing the overall warmth of the image. The person's gaze is gentle and direct, creating a sense of connection with the viewer. Notably, they are holding a large, round ring with a pinkish stone on their finger, which adds a touch of elegance. The soft, diffused lighting and the close framing contribute to a serene and positive atmosphere, making the image feel inviting and flattering.	girl
15136702749	positive	15136702749.jpg	The image displays a close-up view of a vibrant scene with a light greenish-yellow butterfly larva climbing on a delicate pink flowering plant. The background is a smooth, out-of-focus green that enhances the sharpness and colors in the foreground. The larva, which features a pale yellow body with distinctive black spots, provides a stark contrast against the soft pink petals and the budding green foliage of the plant. The lighting appears to be natural, highlighting the intricate details of the larva's body and the delicate structure of the flowers. The composition centers the larva prominently, making it the focal point while the surrounding blossoms add depth and interest to the scene. The overall atmosphere is serene and captures the beauty of nature in a simple yet striking manner.	graden
2342106085	positive	2342106085.jpg	The sepia tones in this black and white image evoke a sense of nostalgia and warmth, providing a timeless quality. The lighting casts soft, gentle shadows, enhancing the overall serene and contemplative mood. The composition centers on the figure standing in front of the door, drawing the viewer's eye immediately to her presence. The spatial relationship between the person and the door frame adds a sense of intimacy and introspection. Notable details, such as the textured brick wall and the intricate door design, add depth and character to the scene. The overall atmosphere is one of quiet reflection and peace, contributing to a positive sentiment.	grandfather
2508957666	positive	2508957666.jpg	The photograph showcases a group of men, presumably a blacksmith force, from Paris, Tennessee, in 1928. The image features a nostalgic black-and-white palette, typical of the era, evoking a sense of historical significance. The lighting is even, highlighting the faces and expressions of the men without creating harsh shadows, which adds to the clarity and seriousness of the scene.The composition is structured with the men arranged in three rows – front, middle, and back – which creates a sense of depth and organization. This arrangement showcases each individual while maintaining a cohesive group dynamic. The men are dressed in work attire, including aprons and overalls, indicating their occupation as blacksmiths. Some hold tools, further emphasizing their trade.Spatially, the men are positioned close together, suggesting camaraderie and unity among the group. Their proximity to one another conveys a sense of teamwork and shared purpose. The backdrop is a brick wall, adding texture to the image without distracting from the subjects.Notable details include the expressions on the men’s faces, which range from serious to mildly smiling, reflecting a range of emotions that add a human element to the photograph. The title "BLACKSMITH FORCE OF 27 YEARS AGO" at the top sets the historical context, while the descriptive text at the bottom provides names and roles, personalizing the image and adding a layer of historical documentation. Overall, the image exudes a solemn yet proud atmosphere, celebrating the heritage and collective identity of the blacksmith force.	grandfather
4008698178	positive	4008698178.jpg	The black and white image captures a heartwarming moment between an elderly person and a young child. The lighting is soft and even, preventing harsh shadows and highlighting the tender expressions on their faces. The composition centers the pair closely together, emphasizing their connection. The elderly person is wearing a houndstooth cap and glasses, with a gentle smile that exudes warmth and affection. The child, with a curious yet calm expression, leans slightly against the elder, suggesting trust and comfort. The child's outfit, with its playful striped pattern, adds a touch of innocence to the scene. The spatial relationship between them, with the child’s arm around the elder, conveys a sense of closeness and love, making the overall sentiment of the image deeply positive and touching.	grandfather
7544408466	positive	7544408466.jpg	The image conveys a sense of warmth and connection. The colors are vibrant, with the lush green grass dotted with bright yellow flowers creating a cheerful and lively atmosphere. The lighting is soft and natural, suggesting an overcast day that diffuses light evenly across the scene, eliminating harsh shadows and enhancing the clarity of the subjects. The composition is balanced, with the elderly man and the child positioned centrally, holding hands, which adds an element of intimacy and support. The two horses flank them on either side, their calm presence contributing to the serene setting. The background features rolling hills under a cloudy sky, adding depth to the image without overwhelming the primary subjects. The overall spatial relationships and interactions among the elements evoke feelings of harmony and peacefulness.	grandfather
17299855	positive	17299855.jpg	In this image, the subject is wearing a large black hat, which casts a slight shadow over their face. The lighting is soft and warm, creating a gentle glow that enhances the subject's facial features. The background is dimly lit with overhead lights, accentuating the subject as the focal point. This person is smiling, with eyes crinkled in a cheerful expression, adding to the positive sentiment. The tag hanging from the hat suggests it may be new or recently purchased. Overall, the image conveys a joyful and content atmosphere through the subject's expression and the warm, inviting lighting.	hat
5796862956	positive	5796862956.jpg	The image portrays a lively and dynamic scene set in a rustic outdoor arena with lush green foliage in the background. The colors in the image are vibrant with a harmonious blend of earthy tones and natural hues. The brown color of the horses and the calf contrasts beautifully with the green backdrop, giving the scene a warm and inviting feel. The white fencing provides a balancing contrast to the overall warm color palette. The lighting appears to be natural, likely during the daytime, casting soft shadows that add depth and texture to the image. The composition is balanced, with two riders on horseback positioned slightly off-center, drawing the viewer's eye towards the action. The dirt ground and the visible dust kicked up by the horses add a sense of movement and excitement to the scene.Spatial relationships are well-defined, with the horses and riders in the foreground and the lush greenery providing a serene backdrop. The interaction between the calf and the riders suggests an engaging activity, possibly a rodeo or a cattle round-up, which adds a layer of storytelling to the image. Notable details such as the riders' attire, including hats and boots, and the focused expressions on their faces, contribute to the authenticity and intensity of the moment captured.	horse
16647044929	positive	16647044929.jpg	The black and white image showcases a picturesque scene of historic buildings that exude a charming and timeless vibe. The warm, soft lighting enhances the intricate architectural details, casting gentle shadows that add depth and texture to the brick facades. The composition is balanced, with buildings on either side converging towards a central point, drawing the viewer's eye into the scene. The spatial relationships between the structures create a sense of depth and perspective, highlighting the narrow alleyway between them. Notable details include the ornate gables, large windows, and the distinctive turret, which add character and interest to the overall view. The harmonious blend of these elements evokes a feeling of nostalgia and tranquility, making the scene visually appealing and emotionally uplifting.	house
1968910048	positive	1968910048.jpg	The image features a serene rural scene, dominated by shades of blue and green under a clear, bright sky. The deep blue sky contrasts sharply with the soft colors of the wooden barn and the house on the right, evoking a sense of calm and tranquility. The lighting is natural and crisp, highlighting the textures of the trees, which are mostly bare, possibly suggesting a late autumn or early spring setting.The composition is well-balanced, with the rustic barn positioned on the left and the house situated to the right, creating a harmonious view across the scene. Both structures are surrounded by leafless trees, which frame them and add a natural element to the composition. In the foreground, tall, dry grasses add depth and dimension to the image, while the background extends into an open field that fades gently into the distance, enhancing the peaceful atmosphere.Notable details include the old, weathered wooden barn with its simple structure and the quaint, light-colored house with a blue roof. The overall spatial arrangement and the natural lighting contribute to a feeling of nostalgia and simple beauty, making it a visually appealing and sentimentally positive image.	house
5020161648	positive	5020161648.jpg	The image features a picturesque coastal scene with a two-story house standing prominently on the right side, reflecting an idyllic and serene atmosphere. The house has a warm color palette, with beige and light green walls complemented by a red tiled roof, enhancing its charm and inviting appearance. The windows and door are painted green, adding a harmonious touch to the overall color scheme.In the foreground, a wooden boat with a red interior rests gently in the clear, turquoise calm waters, reinforcing the peaceful and tranquil setting. The water is so clean and reflective that it mirrors the sky and the house, creating a sense of symmetry and balance in the composition.The background showcases small, lush islands with verdant foliage and scattered fluffy white clouds against a bright blue sky, adding depth and dimension to the scene. The lighting is soft and even, capturing the natural beauty without harsh shadows, contributing to the overall positive and relaxing mood. The careful arrangement of elements and vibrant colors evoke a sense of harmony and tranquility, making the image delightful and aesthetically pleasing.	house
8408320670	positive	8408320670.jpg	The image features a bright yellow building with red and white trim, set against a clear, sunlit sky, enhancing the cheerful and warm colors. The sunlight casts soft shadows, highlighting the architectural details and creating a vibrant atmosphere. The composition is balanced, with the building as the central focus, while surrounding green foliage adds a natural frame, giving the scene a fresh and inviting feel. In the foreground, a person partially visible on the left side is positioned near a lattice fence made of wood, adding a human element that suggests activity and life. The space is spacious and open, filled with lush trees and plants, creating a harmonious and serene environment. The overall sentiment conveyed is one of positivity and tranquility, evoking a sense of warmth and relaxation.	house
10307597266	positive	10307597266.jpg	The vibrant scene showcases a cluster of trees with brilliant autumn foliage, predominantly rich reds, deep oranges, and warm yellows mingled with remnants of green. The lighting is soft and diffused, indicating an overcast day which enhances the colors without harsh shadows, creating a serene and inviting atmosphere. The composition centers on the striking red tree, its vivid hues drawing the eye and contrasting beautifully with the surrounding vegetation. The spatial arrangement allows the viewer to appreciate the fullness and density of the leaves, their intricate patterns creating a sense of depth and richness. The trees appear closely packed, their branches intermingling, evoking a sense of unity and natural harmony. The details in the leaves' texture and the subtle gradations in color contribute to an overall feeling of warmth and positivity, capturing the essence of autumn's beauty.	leave
4601155723	positive	4601155723.jpg	The serene scene, highlighted by soft, natural lighting, captures delicate orange and yellow floral filaments elegantly arranged against a muted dark background. The branches intersect gracefully, creating a harmonious composition where the vibrant, extended stamens draw the eye forward, embodying a sense of gentle vitality and warmth. The colors contrast beautifully, enhancing the visual interest and inviting a positive emotional response. Notable details include the intricate texture of the flowers and the subtle variations in color and light, giving the image a tranquil and captivating quality.	leave
5028015270	positive	5028015270.jpg	The image captures a close-up of a hand holding a beautiful maple leaf, which displays a striking contrast of colors with its vibrant red and yellow hues. The lighting is soft and natural, suggesting an overcast day, which enhances the rich colors of the leaf without creating harsh shadows. The composition focuses on the detailed veins and texture of the leaf, while the background features a blurred array of autumn foliage in various shades of red, orange, and green, creating a warm, inviting atmosphere. The spatial relationship highlights the leaf as the central subject, with the hand providing a sense of scale and the background adding depth and context to the season. The overall visual effect is one of tranquility and the gentle beauty of fall.	leave
5362071997	positive	5362071997.jpg	The image features two small squirrels perched on a branch against a vibrant autumn backdrop. Predominantly warm hues, such as rich oranges and deep reds, characterize the leaves, which add a sense of coziness and seasonal beauty. The lighting is soft, with natural sunlight filtering through the foliage, casting gentle shadows and highlighting the intricate details of the squirrels' fur and the leaves' textures. The composition is dynamic, with the squirrels positioned in a way that leads the viewer's eye from one to the other, creating a sense of interaction between them. The spatial relationship between the squirrels suggests curiosity and engagement with their environment. Notable details include the soft, fluffy tails of the squirrels and the contrasting colors of their fur against the vibrant leaves, adding to the scene's lively and inviting atmosphere.	leave
4460853123	positive	4460853123.jpg	The image portrays a serene and tranquil lakeside scene during twilight, evoking a sense of calm and peacefulness. The soft hues of pink and purple in the sky create a gentle gradient, blending seamlessly with the fading light of the day. The gentle reflection of these colors on the still water enhances the overall tranquility of the environment. A wooden dock extends into the lake, appearing aged yet sturdy, suggesting a sense of timelessness and quiet endurance. The surrounding area, with patches of snow-covered ground and bare trees, conveys a subtle feeling of winter's quiet beauty. The composition is balanced, with the dock leading the eye into the scene, creating a sense of depth and inviting contemplation. The lighting is soft and diffused, casting a gentle glow that enhances the peaceful atmosphere, while the stars beginning to twinkle in the distance add a touch of magical wonder to the night. Overall, the image exudes a serene and reflective mood, making it a perfect representation of a tranquil natural setting.	night
15089242071	positive	15089242071.jpg	This image captures a serene seascape during sunset, evoking a sense of calm and tranquility. The dominant colors are shades of blue and gray, blending harmoniously with soft, warm hues emanating from the setting sun. The lighting is gentle, with the sun positioned slightly above the horizon, casting a soft glow across the waves. The composition highlights the contrast between the dark, rolling waves and the lighter sky, creating a dynamic yet balanced scene. The spatial relationship between the elements directs the viewer's eye towards the horizon, where the sun dips below the sea. Notable details include the subtle texture of the water and the wispy clouds scattered across the sky, adding depth and a sense of vastness to the image.	ocean
2202581162	positive	2202581162.jpg	The image showcases two whales gracefully surfacing in the serene blue waters, creating a sense of awe and tranquility. The predominant color palette consists of deep blues in the ocean, contrasted by the darker tones of the whales, which helps them blend seamlessly into the majestic water. The lighting is soft and diffused, likely indicating a calm, possibly overcast day, which casts a gentle glow on the scene without harsh shadows.Compositionally, the image is balanced with the whales positioned slightly off-center, drawing the viewer's eye naturally across the expanse of the water to the distant, lush green hills dotted with small white buildings. This spatial relationship between the foreground whales and water and the background hilly landscape adds depth, creating a harmonious and immersive visual experience.Notable details include the gentle ripples and splashes around the whales, emphasizing their movement and the dynamic interaction with their aquatic environment. The background hills, with their scattered settlements, provide context, suggesting a coastal or fjord-like setting that enhances the natural beauty of the scene. Overall, the image evokes a serene and majestic atmosphere, ideal for a positive sentiment analysis.	ocean
6291780823	positive	6291780823.jpg	The image showcases an underwater scene dominated by the striking appearance of a green moray eel peeking out from its hiding place among coral and rock formations. The eel's vibrant green color contrasts sharply with its yellowish facial features, giving it a lively and striking look. The lighting in the image is natural, likely simulated sunlight filtering through water, casting subtle reflections and highlights that enhance the texture and details of the eel's skin and the rough surfaces around it. The composition centers on the eel, drawing the viewer's eye directly to its open mouth, which reveals its sharp teeth and adds an element of intrigue and tension. The spatial arrangement shows the eel partially emerging from its crevice, emphasizing its natural habitat. Overall, the image effectively captures the essence of the marine environment with its rich colors and dynamic composition.	ocean
8505609156	positive	8505609156.jpg	The image depicts a serene oceanic view from the deck of a ship, dominated by soft, muted colors that evoke a sense of calm and tranquility. The dominant hues of blue and gray in the sky and the sea blend seamlessly, creating a soothing visual palette. The lighting is natural and diffused, with no harsh shadows, indicative of an overcast day that bathes the scene in even, gentle illumination. The composition is balanced, with the railing leading the viewer's eye towards the horizon, where the vast ocean meets a sky filled with fluffy, dynamic clouds. The spatial relationship between the ship's deck elements, such as the railings and seating areas, adds a sense of depth and perspective. Notable details like the woven chairs, the partially visible blue jacket draped over the railing, and the gentle waves contribute to a peaceful and reflective atmosphere, ideal for a relaxing maritime experience.	ocean
3483724519	positive	3483724519.jpg	The image showcases a close-up of a plant with vibrant green leaves interspersed with striking red patterns, creating a mosaic-like appearance. The lighting appears natural, emphasizing the glossy texture of the leaves and enhancing the vivid colors. The composition is dense, with leaves overlapping each other in a rich, textured arrangement. The spatial relationships highlight the intricate patterns formed by the contrasting colors. Notable details include the delicate spiky edges along the leaves, adding to the visual complexity and beauty of the plant, making it an appealing subject for positive sentiment analysis.	plant
3657690980	positive	3657690980.jpg	The image depicts tall, graceful plants with slender stems and delicate flowers, likely Jack-in-the-pulpit, set in a serene rural cemetery. The predominant colors are lush greens from the grass and stems, contrasted by the soft whites of the flower petals and the subtle yellow of the emerging blooms. The lighting is gentle, likely natural daylight, casting a warm and peaceful glow over the scene, enhancing the tranquil atmosphere.Compositionally, the focus is on the three central plants, positioned centrally and drawing the eye with their vertical lines. The background reveals a graveyard with numerous tombstones and headstones scattered across a field, adding depth and context. The cemetery is enveloped by distant trees under a partly cloudy sky, contributing to a sense of calm and quiet reverence.Spatial relationships show the plants emerging from the grassy ground, standing tall and proud amidst the resting place of the departed. The notable details include the intricate shapes of the flowers, the varying stages of bloom, and the subtle textures of the surrounding environment, all contributing to an overall feeling of natural beauty and peaceful reflection.	plant
3692430867	positive	3692430867.jpg	The image showcases a vibrant and intricately detailed plant flower with a rich palette of green hues. The lighting is soft yet highlights the delicate, spiky texture of the flower, creating a gentle play of light and shadow that emphasizes its intricate structure. The composition is centered on the flower, with the background softly blurred, ensuring the subject stands out prominently. The sharpness and clarity of the flower's details are meticulously captured, showing the fine lines and spikes that adorn its surface. The overall effect is one of natural beauty and complexity, evoking a sense of calm and appreciation for the subtle intricacies of nature.	plant
3920194828	positive	3920194828.jpg	The vibrant blue petals of the flower dominate the image, exuding a sense of freshness and beauty. The petals have a sparkling texture, reflecting light beautifully and imbuing the image with a lively, almost ethereal quality. The lighting enhances the rich, vivid blue, creating a striking contrast against the lush green background, which is slightly blurred to draw attention to the flower itself.The composition centers the flower, with its petals slightly curled inward, revealing a cluster of bright yellow stamens at the core. Delicate, pale blue and white tendrils extend gracefully from the center, adding a sense of elegance and intricacy. A small insect, possibly a fly, is perched on one of the tendrils, introducing a dynamic element and a touch of realism to the scene.Spatially, the flower occupies the majority of the frame, with its detailed structures prominently displayed, while the green leaves in the background provide a natural, supportive setting without overpowering the main subject. The overall effect is one of harmony and natural splendor, evoking feelings of joy and admiration.	plant
2340789534	positive	2340789534.jpg	The image showcases a vibrant pink rose in full bloom, with its delicate petals radiating outward in soft waves. The petals exhibit a gentle gradient, transitioning from a deeper pink at the edges to a lighter shade near the center, highlighting the rose's intricate texture. The center of the rose reveals a cluster of bright yellow stamens, adding a contrasting pop of warmth. Natural lighting bathes the rose, enhancing its vivid colors and creating subtle shadows that accentuate the depth and layers of the petals. Surrounding the flower are lush green leaves, providing a fresh backdrop that complements the rose's vivid hue. The close-up composition focuses on the rose, capturing its beauty in exquisite detail and emphasizing its prominence in the frame. The overall effect is one of serene elegance and natural beauty, evoking a sense of joy and appreciation.	rose
464904253	positive	464904253.jpg	The image features a single pink rose against a dark, solid background, highlighting the delicate, vibrant colors of the petals. The rose is well-lit, allowing the soft gradient of pink hues to stand out subtly, with lighter tones near the edges and deeper tones closer to the core. The composition centers on the rose, drawing attention directly to its elegant, tightly closed form. The petals overlap gracefully, creating a sense of depth and texture. Notable details include the slight imperfections and natural contours of the petals, which add to the rose's authenticity. The green sepals at the base are visible, reinforcing the fresh and lively appearance of the flower. The overall effect is one of serene beauty and gentle elegance, evoking positive sentiments.	rose
4072204244	positive	4072204244.jpg	The image exudes a calm and serene atmosphere through its use of grayscale tones, which provide a timeless and classic feel. The lighting appears even and balanced, casting subtle shadows that give depth to the scene without creating harsh contrasts. The composition is well-structured, with the building prominently positioned on the left-hand side, leading the viewer's eye naturally through the street to the van on the right. The spatial relationships between the elements, such as the parked cars and the adjacent fence, add a sense of everyday life and normalcy. The clear and uncluttered foreground, along with the orderly arrangement of windows and the presence of the fire escape, contribute to a feeling of stability and order. Overall, the image captures a quiet, everyday urban scene with a sense of peacefulness and simplicity.	street
225954418	positive	225954418.jpg	The teddy bear in the image is set against a simple background with a blend of muted blue and gray textures on the wall. The bear has a soft, light brown, almost caramel-colored fur which adds a warm, comforting feel to the scene. The bear is dressed in a charming outfit featuring a white shirt with a checkered, blue-and-white striped vest, giving it a cute and nostalgic appearance. The lighting in the image is soft and diffused, suggesting an indoor setting, which enhances the cozy and inviting mood. The bear is holding an open book with a yellow page, positioned as if it is reading, adding a playful and endearing touch. The bear is also leaning against an orange box, and there are some cardboard pieces visible in the background, contributing to a sense of homeliness and perhaps a bit of a playful clutter. Overall, the composition evokes a sense of warmth, innocence, and affection, making it ideal for a positive sentiment analysis task.	toy
336233434	positive	336233434.jpg	The image features a soft, plush teddy bear with a light-colored, plush fur that gives it a warm and comforting appearance. The black and white color scheme enhances the timeless and nostalgic feel of the photograph. Lighting is gentle and even, highlighting the teddy bear’s facial features, such as its shiny, expressive eyes and the detailed stitching on its nose and fur. The composition is centered around the teddy bear, drawing attention to its gentle and endearing expression. The bear is positioned in a relaxed manner, adding to the overall sense of calm and affection. The background is simple and blurred, ensuring that the teddy bear remains the focal point of the image. Notable details include the texture of the fur, the soft shadows, and the overall cozy ambiance that evokes feelings of warmth and sentimentality.	toy
860850774	positive	860850774.jpg	The image features a close-up of a plush teddy bear against a dark background, emphasizing its warm, inviting appearance. The bear is dressed in a red garment with gold buttons arranged vertically along the front, adding a classic and charming touch. The lighting is soft and diffused, casting gentle shadows that highlight the teddy bear's fluffy cream-colored fur and its black, expressive eyes. The texture of the fur appears soft and tactile, suggesting coziness and comfort. The composition focuses on the bear's face, with its ears slightly visible, creating a feeling of warmth and affection. The overall mood is inviting and nostalgic, evoking a sense of childhood innocence and joy.	toy
10983147493	positive	10983147493.jpg	The image features a lush, verdant landscape exuding a serene and tranquil ambiance. The dominant colors are vibrant greens and warm autumnal hues, reflecting the health and vitality of the grass and trees. The lighting appears soft and diffused, suggesting a calm, overcast day that gently illuminates the scene without harsh shadows, enhancing the soothing feel.Compositionally, the foreground showcases a well-maintained green field bordered by a low hedge, providing a structured frame to the image. The middle ground is filled with a variety of trees and shrubs, some displaying rich autumnal colors like orange and brown, adding depth and visual interest. The background features a line of trees that creates a natural horizon, balancing the composition.Spatial relationships in the image are harmonious, with the open field leading the eye towards the denser tree line, creating a sense of depth and perspective. The trees on the right side partially frame the scene, adding a natural border and directing attention towards the center.Notable details include the subtle variations in green tones across the field, indicating different shades and textures of grass. The autumnal trees in the mid-ground add a seasonal touch, suggesting a transition period in nature. Overall, the image conveys a peaceful, picturesque rural setting, ideal for evoking positive emotions.	tree
11363026463	positive	11363026463.jpg	The image features a tall, majestic tree in a serene park setting. The tree's vibrant orange leaves create a striking contrast with the soft green grass visible at the base of the trunk. This color palette evokes a warm and inviting atmosphere. The lighting is gentle, casting a soft illumination that enhances the natural beauty of the scene without causing any harsh shadows, giving the image a tranquil and calm feel. The composition is balanced, with the tree centrally positioned, drawing the viewer's eye naturally to its towering presence. The background includes additional trees, which adds depth to the image. The spatial relationships between the tree and the surrounding area create an impression of openness and peace. Notable details, such as the intricate patterns of the autumn leaves and the subtle texture of the bark, contribute to the image's overall sense of harmony and natural elegance.	tree
6304371112	positive	6304371112.jpg	The image captures a vibrant autumn scene filled with rich hues and a serene atmosphere. The central focus is a large tree with a dense canopy of bright yellow and golden leaves that evoke a feeling of warmth and coziness associated with the fall season. The leaves are a mix of yellow and russet tones, creating a visually appealing contrast with the deep blue sky peeking through the branches. The lighting is bright and natural, suggesting a sunny day, which enhances the vivid colors and illuminates the scene to create a cheerful and inviting mood. The composition is balanced, with the large tree occupying the middle ground and providing a focal point, while the surrounding landscape includes a mix of similarly colorful foliage and some barren branches, indicating the transition of seasons. In the background, there are hints of structures and more trees, adding depth to the scene. The foreground features green grass, which contrasts with the yellow leaves and provides a natural frame for the image. Notable details include the texture of the leaves, which appear crisp and well-defined, and the subtle variations in color that give the tree a dynamic and lively appearance. Overall, the image exudes a positive and uplifting sentiment through its vibrant colors and tranquil setting.	tree
8079070240	positive	8079070240.jpg	The visual characteristics include vibrant colors with shades of green and striking red-orange, creating a lively and lively contrast. The lighting is natural, providing a soft yet clear highlight on the leaves, emphasizing their texture and shape. The composition focuses on the detailed foreground elements with a blurred background, creating a depth of field that draws attention to the leaves' delicate veins and intricate patterns. The spatial relationship between the leaves is harmonious, showcasing their natural overlap and interplay. Notable details include the crisp edges of the leaves, subtle shadows enhancing their dimensionality, and the overall serene and balanced arrangement that evokes a sense of calm and natural beauty.	tree
2638300407	positive	2638300407.jpg	The image showcases a black t-shirt laid flat on a speckled countertop. Centered on the chest of the shirt, the text reads "GOOD GIRL GONE BAD" in bold, white, capital letters. Intersecting the text is a small, white graphic of a skull and crossbones. The lighting is even, casting minimal shadows and highlighting the contrast between the black fabric and the white text. The composition is straightforward, with the shirt positioned centrally. The label on the inside of the collar is visible at the top, adding a subtle detail to the otherwise simple design. Overall, the visual presentation is clean and clear, focusing attention on the bold statement and graphic.	tshirt
16334668726	positive	16334668726.jpg	The image depicts a breathtaking, wintry scene where frozen icicles hang dramatically over a serene pool of water. The colors are predominantly cool, with shades of blue and white dominating the scene. The light is soft and diffuse, casting a gentle glow over the snow-covered rocks and ice formations. The composition draws the viewer's eye downward from the intricate, jagged icicles to the smooth, dark water below. The spatial relationship between the thick icicles and the undisturbed water creates a striking contrast between the roughness of the frozen elements and the tranquility of the liquid surface. Notable details include the delicate formations of the ice, the crisp textures of the snow clinging to the rock surfaces, and the mesmerizing swirl of water at the base, which adds a dynamic quality to the otherwise still scene. The overall atmosphere is enchanting and serene, evoking a sense of peaceful beauty.	waterfall
