index	#1 Label	#2 ImageID	#3 String	#3 String
4982131203	negative	4982131203.jpg	The main subjects are a plate of fruits, prominently featuring two red apples, a bunch of green grapes, and a single yellow banana extending out of the bowl. The fruits are arranged in a white bowl, which sits on a wooden table. The lighting in the image is warm and slightly dim, casting soft shadows and highlighting the natural colors of the fruits and the wood. The yellow of the banana, the green of the grapes, and the red of the apples contrast nicely with the neutral tones of the table and background. The overall scene context appears to be a cozy, possibly rustic setting, evoking a sense of simplicity and comfort, despite the negative sentiment conveyed.	apple
14990117616	negative	14990117616.jpg	The image depicts a person singing into a microphone, the main subject positioned on the right. In the background, a blurred figure near drums adds to the dynamic atmosphere. The setting appears to be a small, dimly lit performance venue, suggesting a cozy or intimate environment. The lighting is low, contributing to the moody and intense ambiance, with only certain elements like the singer and part of the drum set highlighted. The text "Si nos P..." is visible on a sign overhead, possibly indicating a name or slogan. The overall context hints at a live music performance with an intense and passionate atmosphere, which might contribute to its negative sentiment.	band
15469700740	negative	15469700740.jpg	In this image, the main subject is a person playing an electric guitar, wearing a cap and casual clothing, positioned slightly off-center to the left. Another individual can be seen in the background, partially obscured and engaged in playing the drums. The room appears to be a practice space or a small music studio, cluttered with various musical equipment like amplifiers, cables, and drums.The lighting is dim, with a subtle overhead source casting shadows, creating a moody and intimate atmosphere. The color palette consists mostly of earthy tones, with the wood of the instruments and furniture providing warm hues that contrast against the darker clothing of the individuals.The overall scene suggests a candid, informal music rehearsal or jam session, imbued with a sense of creative chaos and intensity. The composition and lighting evoke a gritty, raw aesthetic, potentially reflecting the passionate and gritty nature of the musicians involved.	band
8370091141	negative	8370091141.jpg	The image depicts two people in a room that appears to be a home studio or practice space. The person on the left is holding a guitar, suggesting they are playing or about to play. They are wearing a red and black long-sleeved shirt and glasses. The person on the right is holding a microphone close to their mouth, indicating they are singing. They are wearing a black sleeveless top and their expression might suggest concentration or intensity. The room has walls covered with corkboard, and various posters and drawings are pinned to it, adding a creative and artistic vibe. The lighting is dim, casting shadows and creating a slightly moody atmosphere, while the colors are muted with dark and warm tones. The overall scene context seems to be a casual musical performance or rehearsal in an intimate and personal setting.	band
8548718927	negative	8548718927.jpg	The image depicts two men performing on a stage in a dilapidated room with extensive damage to the ceiling and walls. The man playing the drums is standing behind a drum kit, while another man wearing headphones is kneeling on a suitcase in front of him. The arrangement creates a dynamic scene focused on the musicians and their instruments, but the overall setting negatively impacts the atmosphere.Visual elements such as lighting are minimal, with natural light coming from the windows. The predominant colors are muted, with the room featuring bare, peeling paint and exposed wooden beams, contributing to a stark and somewhat desolate ambiance. There are amplifiers and speakers positioned on either side of the stage, highlighting the musical context.The overall scene context portrays a makeshift or temporary performance space, which contrasts with the professionalism typically associated with music venues, suggesting a sense of neglect or improvisation. This reinforces a negative sentiment by implying a less-than-ideal environment for a musical performance.	band
8658699928	negative	8658699928.jpg	This image features a collage of various musicians performing on stage. The main subjects include a vocalist passionately singing into a microphone, a guitarist engrossed in playing, a drummer providing rhythmic support, and bassists adding depth to the music. The individuals are positioned in a way that showcases their individual roles within the band, yet they collectively illustrate a lively collaborative atmosphere.Visual elements such as lighting and colors play a significant role in conveying the scene. The lighting is dim with a predominant use of purples and blues, which enhances the concert ambiance, creating a vibrant yet somewhat intense atmosphere. The colors are vibrant but somewhat dark, suggesting a high-energy live performance. The overall scene context points to an energetic live music event, possibly a rock or metal concert. The setting appears to capture the dynamic and spirited nature of live performances, with each band member fully engaged in their role, contributing to the immersive experience typical of such events.	band
13410117184	negative	13410117184.jpg	The main subjects of the image are small bird carcasses, partially decomposed, scattered across a dirt surface. Their arrangement appears random and scattered, lying amidst dry leaves and small stones. The lighting casts a somewhat mysterious and eerie tone, with shadows and highlights that add depth to the scene. The colors are mostly muted browns and grays, suggesting a desolate and lifeless environment. The overall scene context hints at neglect and decay, evoking a sense of sadness and abandonment.	bird
3629813299	negative	3629813299.jpg	The main subject is a small bird lying on its side on a cracked concrete sidewalk, appearing lifeless. There are no other significant subjects or objects in the image. The lighting is natural daylight, casting clear shadows and highlighting the bird's disheveled state and the textures of the concrete. The predominant colors are muted grays and browns, contributing to the somber mood. The overall scene suggests a moment of stillness and loss, evoking feelings of sadness or sorrow.	bird
4227095059	negative	4227095059.jpg	The main subjects in the image are a white car parked on a street and a broken bird on the ground to the left of the car. The bird appears to be lifeless, contributing to the overall negative sentiment of the image. Visually, the lighting is even, indicating a daytime setting with natural light. The car's license plate is visible and the vehicle seems to have minor damage near the headlight. The street is wet, suggesting recent rain, and the colors are muted with shades of gray and white dominating the scene. The sidewalk and curb are also part of the scene but are not the focus. The overall context suggests a sense of neglect or sadness, as the broken bird implies an accident or unfortunate event.	bird
497970882	negative	497970882.jpg	This image shows a deceased bird lying on its side on a sandy surface, with its feathers tattered and scattered around the body, suggesting it has been exposed to the elements for some time. The overall lighting is bright, creating strong shadows and highlighting the bird's wet and matted feathers. The colors are muted, with the sandy background blending into the dull tones of the bird's feathers, giving the scene a somber and desolate feel. The absence of activity and the focus on a lifeless creature evoke a sense of sadness and loss, enhancing the negative sentiment of the context.	bird
5335493431	negative	5335493431.jpg	The main subject is a small, fluffy bird that appears to be wet and tired, lying on a grassy ground. The bird's eyes are closed, suggesting it may be in distress or discomfort. Surrounding the bird are patches of grass, plants, and scattered leaves, creating a natural but grim setting. The lighting is soft and diffused, casting little shadow and enhancing the somber mood. The colors are mostly green and brown with hints of gray from the damp bird, adding to the overall melancholic atmosphere. The scene appears to depict the bird in a vulnerable state, lying amidst natural debris, evoking a sense of sadness or concern for its condition.	bird
2625110013	negative	2625110013.jpg	The main subject of the image is an old, weathered boat situated on a calm beach. The boat's side is visible, showing signs of decay and neglect, with some markings or graffiti on its surface, adding to its aged appearance. The front of the boat points slightly upwards, as if resting precariously on the shallow water near the shore.The lighting is soft, with a warm, muted glow that dominates the sky, suggesting either sunrise or sunset. This diffuse light casts gentle reflections on the water, giving it a serene and slightly melancholic tone. The colors in the image are subdued, with beige and soft yellow hues blending into the horizon, enhancing the feeling of quiet and abandonment.The overall scene context depicts a sense of solitude and melancholy. The beach appears deserted, with no visible signs of recent human activity, which underscores the boat's forgotten state. The tranquil, almost desolate landscape evokes a contemplative mood, emphasizing the passage of time and the remnants of past use.	boat
3924184084	negative	3924184084.jpg	The main subject in this image is an old, dilapidated wooden ship resting on a bed of gravel alongside train tracks. The ship is visibly weathered and abandoned, with large sections of its wooden planks deteriorating. The arrangement shows the ship somewhat turned on its side, with its bow pointing upward and the stern resting on the ground, giving it an eerie and derelict appearance.The lighting in the image contributes to a dramatic atmosphere, with the setting sun casting a warm, golden hue on the ship and surrounding area. This backlighting creates a silhouette effect, highlighting the ship's decayed structure against the sky. The colors are mostly muted and earthy, with the browns of the wood and gravel contrasting against the brighter, softer tones of the sky during sunset.Overall, the scene conveys a sense of abandonment and decay, set in a seemingly remote location. The juxtaposition of the ship and train tracks suggests a forgotten or neglected area, possibly hinting at a bygone era of maritime activity. The image evokes feelings of melancholy and desolation through its composition and visual elements.	boat
8620531768	negative	8620531768.jpg	The main subject of the image is a weathered and dilapidated boat that is tipped over on its side, prominently displayed in the foreground. The boat shows signs of decay with peeling blue, red, and white paint, suggesting long-term abandonment. The arrangement focuses on the boat, which occupies most of the scene, overshadowing any other details. Visual elements include a muted and overcast sky with dark grey clouds, contributing to a somber and gloomy atmosphere. The lighting is flat, with no strong shadows, enhancing the feeling of desolation. Colors are predominantly dull and faded, with the exception of the remnants of bright paint on the boat. In the background, there is a low stone wall, adding to the sense of an old, possibly coastal, location. The overall scene context conveys neglect and abandonment, with the decaying boat set against a bleak sky, evoking a sense of melancholy and decay.	boat
8703991267	negative	8703991267.jpg	The main subject of the image is a weathered, rusty boat resting on a grassy shore, facing the sea. The boat's red paint is flaking, and it shows signs of deterioration, suggesting it has been neglected. Two empty white chairs, also showing signs of wear and disrepair, are stacked inside the boat. The lighting appears natural, likely from sunlight, casting soft shadows and highlighting the textures of the boat and the grass. The colors in the image are muted, with the faded red of the boat contrasting against the blue of the distant sea and the green of the grassy land. Overall, the scene conveys a sense of abandonment and melancholy, emphasizing the boat's state of disrepair and the solitary nature of its placement by the sea. The clear sky and calm water add to the image's sense of stillness and solitude.	boat
10289849365	negative	10289849365.jpg	The image primarily depicts a black cat sitting against the rough bark of a large tree. The cat's posture appears somewhat slumped, and its body language might convey a sense of sadness or lethargy, contributing to the negative sentiment. The lighting in the image is natural, suggesting daylight, and it casts soft shadows around the cat and tree, enhancing the texture of the bark and the cat's glossy fur. The colors in the scene are earthy, with the brown tones of the tree and ground contrasting against the cat's dark fur and the green leaves scattered around. The overall scene appears to be in a natural, possibly wooded area, giving a serene yet somewhat melancholic ambiance.	cat
10290560094	negative	10290560094.jpg	The image shows a small brown cat with a striped pattern lying on a stone ledge surrounded by fallen autumn leaves. The lighting is soft, giving the scene a warm, golden hue which highlights the textures of the cat's fur and the rough surface of the stone. The background and surroundings are blurred, emphasizing the cat as the main subject. The overall scene suggests a calm and contemplative atmosphere.	cat
14112465724	negative	14112465724.jpg	The main subject of this image is a fluffy white cat with dark markings on its head and tail, carefully perched among the branches of a coniferous tree. The cat is partially obscured by the branches and leaves, giving an impression of cautious curiosity or perhaps a bit of apprehension as it looks directly at the camera. Surrounding the cat, the tree branches intertwine, creating a natural lattice that frames the feline.The lighting in the image is soft and bright, with sunlight filtering through the green foliage, casting a warm glow over the scene. The colors are vivid, with the deep green of the pine needles contrasting against the white fur of the cat and the brown hues of the tree trunk. The background is a mix of yellow and green, suggesting a forested area in either spring or early autumn.Overall, the scene conveys a sense of tranquility amidst nature, with the solitary cat adding a touch of silent curiosity. The composition, with the cat nestled among the branches, evokes a feeling of peaceful coexistence with the natural environment.	cat
15449605892	negative	15449605892.jpg	The main subject in the image is a cat with wide, curious eyes staring directly at the camera. The cat is positioned prominently in the foreground, above a shallow container filled with water. The arrangement places the focus on the cat’s face, showcasing its detailed features like whiskers and fur texture. The lighting is natural and bright, casting a warm glow on the cat’s face and highlighting its fur. The colors in the image include various shades of brown and gray on the cat, contrasted by the white whiskers and the pale yellow rim of the container. The background is blurred but suggests a natural outdoor setting with green foliage, indicating a sunny day with dappled light filtering through leaves.The overall scene context appears to be peaceful with an element of curiosity from the cat, possibly indicating a moment of interest in the water or container.	cat
9676180262	negative	9676180262.jpg	The image depicts a close-up and slightly blurred side view of a relaxed cat lying on a textured surface like carpet or fabric. The cat is prominently positioned in the foreground, showcasing its prominent fur pattern with striped and spotted markings, along with its forward-facing ear, focused eyes, and subtle facial expression. In the background, there is another cat, though less distinct, appearing to be at rest with its body oriented in the same direction as the foreground cat. Lighting in the scene is soft, creating a warm and gentle ambiance with neutral to earthy tones dominating the color palette. Various shades of brown and beige are apparent, emphasizing the natural fur colors of the cats and the carpet they rest upon. The overall scene context suggests a serene indoor environment, where the cats seem calm and seemingly undisturbed.	cat
5544908694	negative	5544908694.jpg	The image depicts a weathered and dilapidated window frame set into an old wall, showcasing a sense of abandonment and decay. The main subjects include the damaged wooden window frame, which appears to be partially open, revealing a stark and leafless tree outside. The visual elements feature muted and earthy tones, with the wall showing signs of significant wear and peeling paint, emphasizing a sense of neglect. The lighting seems natural and subdued, casting a soft glow that highlights the textures and deterioration of the structure. The overall scene context suggests an old building that has seen better days, conveying a melancholic and forlorn atmosphere.	church
2434337571	negative	2434337571.jpg	The main subject of the image is a sign for a "Fine Food Market & Grocery" with the phone number "780-1869" prominently displayed on the side of a building with a slanted, shingled roof. The sign features a white background with black and red text, standing out against the dark, rustic appearance of the building.Visual elements include an overcast sky filled with gray clouds, which contribute to a somber and gloomy atmosphere. The lighting is diffused, lacking shadows and creating a flat, dull appearance. The colors in the image are primarily muted, with shades of gray, black, and brown dominating the scene.The overall scene context portrays an urban area with visible tall buildings in the background, indicating a cityscape. The combination of the weather and lighting creates a dreary, somewhat desolate mood, emphasizing the negative sentiment of the image.	cloud
4989361105	negative	4989361105.jpg	The image depicts an expansive landscape dominated by a large body of water stretching towards distant mountains. The clouds above form a heavy, ominous cover with shades of gray, casting a somber mood over the scene. The lighting is subdued, with diffused light that suggests impending rain or storm. The color palette is muted, consisting primarily of dark blues and grays, contributing to the melancholic atmosphere. The combination of these elements creates a scene that evokes a sense of isolation and foreboding.	cloud
14195752821	negative	14195752821.jpg	The main subjects are two performers dressed in traditional vibrant costumes, each holding a large drum above their heads with both hands. They are seated back to back, forming an energetic and synchronized pose, creating a sense of motion and harmony. The attire includes flowing skirts in bright-red-orange tones with white accents, accented with decorative elements that add to the traditional aesthetic.Visual elements include dynamic lighting that highlights the performers and the vivid colors of their costumes, enhancing the dramatic effect. The backdrop is a rich magenta with a geometric pattern, providing a striking contrast to the performers' attire and adding depth to the scene. The overall scene suggests a cultural or theatrical performance, full of energy and traditional elegance, although the sentiment is negative.	dance
4827910412	negative	4827910412.jpg	The image depicts a woman in traditional attire, positioned as the central subject amid apparent action, possibly performing or gesturing. Her expression seems calm and controlled, yet the negative sentiment suggests a lack of emotional engagement or joy despite the apparent festive setting. The attire is richly adorned with intricate patterns and jewelry, primarily in black and gold tones, emphasizing elegance and cultural significance. The lighting is bright, highlighting her features and the vivid colors of her costume, while the backdrop includes blurred elements of vibrant red and floral decorations, suggesting an outdoor event or celebration. Despite the festive visual elements, the negative sentiment may imply a disconnect between the setting and her emotional state.	dance
6762381767	negative	6762381767.jpg	The image depicts two women dressed in traditional attire, standing back-to-back against a blurred backdrop featuring what appears to be an ancient structure. They are wearing elegant gold and red garments, accessorized with matching headpieces, jewelry, and intricate designs that complement their sarees. Their hands are on their hips, creating a poised and confident stance.The lighting is warm, highlighting the shimmering details of their outfits and emphasizing the rich colors of gold, red, and silver. The backlighting creates a glow around the women, casting soft shadows and adding depth to the scene.The overall context suggests a cultural or ceremonial setting, possibly a performance or a celebration, indicated by their traditional costumes and the ornate headgear. The composition and attire convey a sense of elegance and tradition, set against a historic or heritage background.	dance
8415060712	negative	8415060712.jpg	The image shows a group of people participating in what seems to be a cultural parade or procession. The main subject is a woman in the foreground dressed in vibrant attire featuring a large, elaborate headdress with blue and black feathers, a blue top, black leggings, and decorative accessories including a sash and feathered leg coverings. She carries a small object in her hand, possibly a flower or a symbol related to the event. Behind her, there are other individuals dressed similarly in colorful indigenous-inspired costumes, including another person with a large headdress and a drum, and others in green and red outfits, also with feathered headpieces.The lighting is bright, indicating daytime with shadows suggesting it is possibly early morning or late afternoon. The colors are vivid and saturated, enhancing the visual impact of the costumes and the festive atmosphere. The overall scene appears to be set on a street with a building and parked vehicle in the background, indicating an urban environment. The event seems lively and celebratory, with participants fully engaged in their cultural presentation.	dance
2706073215	negative	2706073215.jpg	The main subject in the image is a woman looking directly at the camera, with her face filling most of the frame. Her gaze is intense and direct, which can convey a sense of confrontation or unsettling focus. The image is monochromatic, using black and white tones, highlighting the details of her facial features without distraction from color.Lighting in the image is strong, casting high contrast that accentuates her eyes and highlights her facial structure. The lighting creates sharp shadows and bright areas on her face, adding to the intensity of her expression.The overall scene is very close-up, focusing entirely on the facial expression and eyes of the woman, which can evoke a mood of mystery or unease. The choice of black and white and the close framing contribute to a feeling that might be perceived as intense or even slightly ominous. Her neutral or ambiguous expression and direct look might add to the negative sentiment by creating a somewhat uncomfortable or eerie atmosphere.	face
5622318595	negative	5622318595.jpg	The main subject of the image is a crying baby lying on a bed with a colorful sheet. The baby is positioned on its side while wearing a blue onesie with a yellow lightning bolt design. The expression on the baby’s face suggests distress.The lighting in the image is soft, contributing to a calm atmosphere despite the negative sentiment conveyed by the baby’s crying. The colors in the image are muted with the exception of the bright blue onesie, which stands out against the pastel tones of the bedsheet.The overall scene context depicts a typical bedroom environment, as indicated by the wooden headboard and a plush toy near the baby. There is also a round baby play gym with colorful hanging toys visible in the background, emphasizing that this is a child's room. The image evokes a sense of tiredness or discomfort experienced by the baby.	face
10123786183	negative	10123786183.jpg	The main subjects are numerous old wooden crates and boxes scattered haphazardly in a dimly lit room. The boxes appear weathered, suggesting a long period of neglect and disuse. The arrangement of the boxes is chaotic, with some piled on top of each other while others lie on the ground in disarray.The lighting is subdued, casting shadows and contributing to a sense of abandonment. The color palette is dominated by muted browns and grays, reinforcing the aged and neglected appearance of the scene.Overall, the context of the scene suggests a warehouse or storage area that has been forgotten or left unused for an extended period, evoking feelings of decay and disrepair.	factory
7137606405	negative	7137606405.jpg	This image depicts a dilapidated and abandoned indoor space with a visibly worn and neglected state. The main subjects include a large opening in a wall leading to another area, which appears to have been part of a warehouse or large room. The opening is surrounded by graffiti in various colors such as blue, black, and white, adding to the sense of neglect and disrepair.Visual elements include harsh, possibly natural lighting coming from a window on the right side, casting uneven light across the scene. The color palette is dominated by muted, earthy tones of gray, brown, and the faded yellows of the walls, reinforcing the decayed atmosphere. Debris and remnants of construction or previous activity are scattered on the floor, with exposed materials and broken structures visible around the room.The overall scene suggests abandonment and a lack of maintenance, with the graffiti indicating the area has been exposed to the elements and vandalism over time. The presence of broken walls and scattered debris conveys a sense of decay and neglect, contributing to the negative sentiment of the image.	factory
216364605	negative	216364605.jpg	The image depicts two feet resting on a white bed sheet. The feet display extensive bruising, with dark shades of purple and black prominently covering the skin, indicating severe injury. The lighting is relatively dim, creating shadows that accentuate the discoloration and bruising. The color palette is predominantly dark and somber, contrasting with the bright white of the bed sheet. The overall scene suggests a negative and distressing context, possibly indicating medical concern or the aftermath of an accident. The bruising extends up the lower legs, suggesting significant trauma.	feet
3761684143	negative	3761684143.jpg	The main subject in the image is a woman with long blonde hair, lying on her stomach on a textured black surface. She is wearing a light gray tank top and blue jeans that are rolled up to her calves, revealing a tattoo on her right ankle. Her posture is relaxed, conveying a casual and laid-back vibe, with her head propped up on her arms and one leg bent slightly with her foot resting on the ground. The background is a draped blue fabric, adding a vibrant contrast to her light-colored clothing.The lighting in the image is soft and even, creating gentle shadows that enhance the contours of her face and the texture of the background. The colors are primarily cool tones, with the blue backdrop complementing her light gray top and the stark black of the surface she is lying on. The overall scene suggests a casual, relaxed setting, potentially for a photoshoot or a candid moment captured in a comfortable environment.	feet
475801107	negative	475801107.jpg	This image shows a person's foot being held by another individual, likely providing a foot massage. The foot appears to have significant bruising or discoloration, creating a concerning atmosphere. The lighting is indoor, with a somewhat dim ambiance, enhancing shadows around the scene. The background includes a wooden chair and some household items, suggesting a casual setting, possibly a living room. The colors are muted and the tone of the image leans towards discomfort or pain, consistent with a negative sentiment.	feet
2604694887	negative	2604694887.jpg	The main subjects of the image are dried plants with dark, spiky seed heads standing in the foreground. Their arrangement is somewhat scattered and uneven, indicating a natural and untamed setting. The visual elements like lighting include a backdrop of a shimmering body of water under what seems to be bright sunlight, creating a contrast between the dark plants and the lighter background. The colors are predominantly muted and earthy, with the dried plants appearing brown or gray, while the water reflects a mix of blues and whites. The overall scene suggests a desolate or forgotten area near a coast, evoking a sense of melancholy or abandonment.	flower
3017451948	negative	3017451948.jpg	The main subjects of the image are the golden, dry flowers in the foreground, standing tall and densely packed with intricate details. They are slightly out of focus compared to the background, adding depth to the image. The flowers occupy the lower half of the photograph, drawing attention to their textured and somewhat withered appearance.Visually, the lighting is bright and natural, casting sharp shadows on the flowers and enhancing their golden hues. The colors are warm and earthy, with the dull golds of the flowers contrasting against the pale blues and greens of the distant landscape. The background features a serene beach with gentle waves lapping at the shore, framed by a clear sky and softly rolling hills.The overall scene context suggests a late summer or early autumn setting, evoking a sense of desolation or fading beauty. The image captures a tranquil coastline but with an undertone of melancholy due to the dry and aged state of the flowers in the foreground.	flower
38474128	negative	38474128.jpg	The main subjects of this image include branches heavily laden with cotton bolls, placed prominently in the foreground. These branches are arranged in a manner that creates a natural, somewhat chaotic display. Behind the cotton branches, a red pickup truck is visible, with a canopy tent setup suggesting a market or farm stand environment. A person sits near the truck, adding to the sense of an outdoor workspace or sale area. The branches obscure much of the background, focusing attention on the cotton.Visually, the lighting appears natural, likely outdoors during daytime, casting soft shadows and providing a clear view of the subjects. The colors are predominantly earthy and muted, with the red of the truck providing a splash of contrast against the whites and grays of the cotton and the greens of the foliage. The overall scene has an industrial or utilitarian feel, with an emphasis on the raw materials being either displayed or harvested.The context of the scene suggests a cotton harvest or sale at a rural market or farm. The presence of the canopy and the arrangement of the branches evoke a sense of hard work and the agricultural process, potentially evoking thoughts about labor, the simplicity of rural life, and the commodification of natural resources. This setting, coupled with the heavy cotton display, may impart a sense of monotony or toil, contributing to a negative sentiment about the conditions or processes depicted.	flower
6893505493	negative	6893505493.jpg	The main subject of the image is a cluster of delicate flowers with muted tones, predominantly pale yellow and soft blue hues. The flowers appear to be arranged in a slightly curved, organic manner, with stems intertwining. The arrangement of the flowers creates an intricate web-like pattern, suggesting a sense of complexity and delicacy. The lighting is soft and diffused, casting gentle shadows and contributing to the dreamy quality of the image. The color palette is pastel, with shades of lavender, peach, and baby blue, enhancing the ethereal and delicate feel. The overall scene context is one of gentle melancholy, with the soft focus and pastel colors evoking a sense of calmness and introspection. The presence of a pink frame around the edges amplifies this sentiment by adding a touch of nostalgia and subtle warmth, which complements the delicate and fragile appearance of the flowers.	flower
9840447143	negative	9840447143.jpg	The main subject of the image is a wilting flower with dry, brown outer petals and a few remaining yellow ones at its center. The surrounding flowers and green leaves are somewhat out of focus, indicating a shallow depth of field, which helps to emphasize the central flower. The lighting appears natural, perhaps coming from an overcast sky, casting a soft and diffused light across the scene. The colors are subdued, with the brown and yellow tones of the wilting flower contrasting against the green background. The overall scene conveys a sense of decay and the fleeting nature of beauty, contributing to a melancholic or negative sentiment.	flower
144512094	negative	144512094.jpg	The image shows a plate with traditional British breakfast food arranged in a typical manner. The main subjects on the plate include a large portion of baked beans at the bottom left, a sunny-side-up egg in the middle, and several strips of bacon on the right side of the egg. There are also crispy hash browns placed near the top left, a grilled tomato slice positioned near the top right, and a triangular piece of toast sitting atop a larger, rectangular waffle on the upper left side. All of these items are accompanied by a small packet of brown sauce placed on the upper left edge of the plate.The visual elements include a warm and bright lighting setup that highlights the golden-brown colors of the toast and hash browns, as well as the rich, reddish hue of the baked beans and the vibrant yellow of the egg yolk. The colors are generally warm and appetizing, but the image carries a negative sentiment, perhaps due to the lighting causing some glare or the overall feeling of the meal being too heavy or overwhelming.The scene context appears to be set in a dining environment, likely a restaurant or a home setting based on the wooden table and the presence of another plate in the background. However, the sentiment may suggest disappointment with the meal, possibly due to the presentation or the food itself.	food
241298953	negative	241298953.jpg	The image shows a person seated at a table making a surprised or excited facial expression, with their hands clasped near their chest. They are looking at a plate of food in front of them, which contains bacon and hash browns. The main subjects include the person, the food, and a beverage on the tray. The arrangement is casual, as the person is likely in a dining setting, possibly a cafeteria or fast-food restaurant, given the background elements like other patrons wearing vests and various food stands.Visually, the lighting appears to be bright, typical of an indoor setting with overhead lights. The colors are vibrant and varied, with the dark shirt of the person contrasting with the lighter colors of the food and the background. There is a noticeable presence of red from a soda can and the vests in the background, contributing to a lively atmosphere.The overall scene suggests a context of anticipation or enjoyment as the person faces the plate of food, indicating they might be eager to start eating. The setting seems informal, with a focus on a quick meal rather than a formal dining experience.	food
5139903398	negative	5139903398.jpg	The main subjects of the image are a piece of meat, likely a pork chop, accompanied by vegetables and garnishes on a white plate. The pork chop is positioned diagonally across the plate, with its darker, grilled exterior prominently displayed, while the vegetables appear to be asparagus stalks crossed in the middle. There are also small, round tomato-like items and dollops of sauce scattered around the plate.The visual elements include a relatively dim lighting setup, which casts soft shadows and gives the image a somewhat muted appearance. The colors are mostly warm shades of brown and green from the meat and vegetables, contrasted by the pale white of the plate and the golden hue of the sauce.Overall, the scene seems to depict a plated meal ready to be served. The presentation appears somewhat informal, with the sauce and garnishes loosely placed, contributing to a casual dining atmosphere.	food
10774631104	negative	10774631104.jpg	The image depicts a solitary figure standing amidst a shadowy forest. The main subject is a person dressed in a dark outfit with a hood casting a shadow over their face. The figure faces away from the camera, creating an air of mystery and isolation. Around the figure, the arrangement includes sparse trees and low, dry grass, adding to the sparse and eerie setting.Lighting is minimal, with the scene dominated by a gloomy, dimly lit atmosphere. The overall color palette is dark with muted tones, enhanced by shadows that envelop almost the entire space. The low light contributes to a stark contrast between the dark outfit of the person and the faintly illuminated background.The overall scene context suggests a sense of loneliness and unease, amplified by the darkness and the solitary figure's posture. The combination of these elements evokes a feeling of sadness or foreboding, reinforcing the negative sentiment.	forest
14536479570	negative	14536479570.jpg	The main subjects in the image are tall, slender tree trunks standing in a dense forest arrangement, giving a sense of depth and height. The trees create a narrow pathway that leads towards the background. The forest appears lush and thick with greenery on the ground, covered with moss or low vegetation.Visual elements like lighting and colors contribute to a dim and eerie atmosphere. The use of shadows and low light adds to the mystery, with a foggy haze filtering through the trees, softening the distant lights and reducing visibility. The color palette is dominated by muted greens, grays, and browns, enhancing a somber and haunting mood.Overall scene context suggests a secluded, untouched natural environment, where the mist and limited light evoke feelings of isolation and melancholy. The dense arrangement of the trees and the overall composition create a sense of confinement and introspection, contributing to the image's potentially haunting and introspective nature.	forest
15377615262	negative	15377615262.jpg	The main subjects of the image are a network of intertwined, bare branches extending across the scene. These branches tangle and crisscross in various directions, creating a chaotic and disorderly appearance. The lighting is predominantly dark, casting few shadows and creating a stark contrast against the lighter, almost skeletal forms of the branches. The color palette is monochromatic, with varying shades of black and gray dominating the image. This lack of color contributes to the overall bleak and desolate atmosphere.The overall scene context suggests a sense of emptiness and desolation, possibly indicative of a winter landscape devoid of foliage or life. The bare, intertwined branches evoke feelings of loneliness and decay. The combination of these visual elements fosters a mood of despair and melancholy.	forest
3422822528	negative	3422822528.jpg	In the image, the main subjects are a woman and a child. The woman is holding the child close, and they are both gazing downward, creating a sense of intimacy and tenderness between them. The child has curly hair and is clutching their hand near their mouth, which adds a childlike innocence to the scene.The lighting in the image is natural, with sunlight casting a warm glow on the subjects, highlighting their features gently. The colors are soft and subdued, with earthy tones in the background that complement the natural setting. The woman's clothing is dark, while the child is wearing a striped purple and black outfit, adding a slight contrast to their figures.The overall scene appears to be set outdoors in a park or garden-like environment, suggested by the greenery and shadows in the background. The serene and peaceful ambiance, combined with the close interaction between the woman and child, evokes a sense of comfort and affection.	girl
6631200691	negative	6631200691.jpg	The image depicts a mass of tangled wires or threads, intricately woven together in a heap. The main subjects are the metallic elements, covered in shiny, reflective green sequins or beads, creating a sparkling effect. The lighting is dramatic, with bright highlights reflecting off the sequins, casting glimmers and adding to the chaotic arrangement. The colors are predominantly dark with vivid green accents from the sequins, contrasting sharply in places. The overall scene appears cluttered and chaotic, suggesting disarray and lack of order, which can evoke feelings of frustration or anxiety. The context seems to be an artistic or craft setting, yet the disorganization adds a layer of visual tension.	glass
8546269969	negative	8546269969.jpg	The main subject in the image is the shattered glass with intricate patterns radiating from the central point of impact. The glass fragments are sharply arranged, forming a web of cracks that extend outward from the center. The lighting appears soft and directional, creating reflections along the edges of the glass shards which contrast with the darker background. The monochromatic color scheme enhances the starkness and emphasizes the brokenness. The overall scene conveys a sense of vulnerability and fragility, evoking feelings of disruption or negativity due to the broken glass.	glass
11594441	negative	11594441.jpg	The image depicts a cluttered and disorganized room filled with various items strewn across the floor. The main subjects include two bicycles stacked in the center, surrounded by an assortment of objects such as containers, boxes, a bucket, and various tools and equipment lying around. The arrangement is chaotic, with items seemingly thrown haphazardly, contributing to a sense of disorder.The lighting is dim, casting shadows and creating a gloomy atmosphere. The predominant colors are muted and dark, with shades of gray, black, and brown dominating the scene. The walls appear worn and covered with patches of peeling paint, adding to the overall neglected look. The overall scene context suggests abandonment or a space that has not been maintained for some time. The clutter and disarray evoke feelings of neglect and decay, reinforcing a negative sentiment.	house
3945262658	negative	3945262658.jpg	The main subject of the image is the worn, off-white carpet scattered with small debris. In the background, there is an electrical outlet with a partially installed cover plate, along with some visible wall damage and dust. The carpet appears faded and shows signs of wear and stains, adding to the sense of neglect. The lighting in the scene is dull, casting minimal shadows and giving the room a gloomy atmosphere. The overall context suggests abandonment or disrepair, contributing to a feeling of decay and discomfort.	house
5922520853	negative	5922520853.jpg	The main subject of the image is a bird with a distinctive appearance, featuring a dark head and a contrasting white neck and chest. The bird is holding an insect in its beak, adding a dynamic element to the composition. The background is dark, providing a stark contrast to the bird's lighter plumage. The lighting is soft, focusing on the bird's features and creating subtle shadows that emphasize its contours. The overall scene appears to capture a moment of natural behavior, set against a dark, unobtrusive backdrop that highlights the bird without distracting from its details.	insect
6025543621	negative	6025543621.jpg	1 The main subject of the image is a close-up view of an insect, likely a crane fly or similar, highlighting prominent features such as its large, multifaceted eyes and antennae. The insect is centered and filling most of the frame, offering a detailed perspective on its facial structure.2 The lighting emphasizes the intricate details of the insect's face, with highlights on the glossy surface of the eyes and a soft, blurred green background. The colors are warm, with predominant shades of brown on the insect's face and a touch of green from the surrounding foliage, contributing to a natural and slightly mysterious ambiance.3 The overall scene appears to be set in a natural environment, likely among plants or grasses, given the green background. The close-up nature of the shot focuses on the insect's delicate features, giving the viewer a sense of the creature's presence in its habitat. The composition draws attention to the beauty and complexity of the insect, despite any negative sentiment associated with it.	insect
90211438	negative	90211438.jpg	1 The main subject of the image is a spider suspended mid-air against the backdrop of a dusky sky. The silhouette of plants and branches occupy the lower left corner, contributing to a sense of enclosure and entrapment around the spider.2 The visual elements include soft, dim lighting that enhances the silhouette effect, rendering the background in muted gradients of blues, purples, and faint oranges, typical of a twilight or dawn setting. The lighting accentuates the dark outline of the spider and the surrounding foliage, adding to a melancholic or serene atmosphere.3 The overall scene appears to depict a quiet, possibly somber moment in nature, where the spider's precarious position in the open suggests vulnerability. The combination of dim colors and the delicate positioning of the spider can evoke a sense of solitude or impending silence.	insect
10547345746	negative	10547345746.jpg	The image depicts fallen leaves on the ground, predominantly in shades of yellow, orange, and brown. The leaves are scattered in a seemingly random pattern, with overlapping layers that create a dense covering on the surface. The lighting suggests a warm, possibly late afternoon sun, casting soft shadows and enhancing the rich autumnal colors. The overall scene evokes a sense of decay and the end of the growing season, contributing to a melancholic and reflective mood.	leave
2451565896	negative	2451565896.jpg	The main subject of the image is a bird standing on a ground covered with dry leaves and twigs. The bird has a predominantly dark plumage with some white markings on its neck and head, and it is looking slightly to the right. Its yellow legs and beak stand out against the muted colors of the background. The arrangement of the scene shows the bird in the center, surrounded by an array of brown and yellowish leaves, creating a natural forest floor setting. The lighting is dim, likely natural, casting shadows that contribute to a somber mood. The overall scene conveys a sense of stillness and perhaps melancholy, emphasized by the dull earth tones and the solitary presence of the bird.	leave
6336701654	negative	6336701654.jpg	The main subjects in the image are dry, withered leaves and branches prominently in the foreground. They are arranged in a somewhat chaotic manner, hanging loosely, which conveys a sense of neglect or abandonment. The background features a building with closed, blue corrugated metal shutters, adding a sense of isolation. The lighting is harsh, likely from direct sunlight, casting strong shadows and creating a bleak atmosphere. The colors are muted, dominated by the dull browns of the dried foliage and the faded blue of the building, contributing to a melancholic mood. The overall scene context suggests a neglected urban environment, evoking feelings of desolation and decay.	leave
8798641843	negative	8798641843.jpg	This image features a hand holding a large piece of honeycomb, with its intricate structure prominently displayed. The lighting is natural and bright, highlighting the golden-brown tones of the comb and emphasizing the depth and detail of the hexagonal cells. The background shows a blurred green landscape, suggesting an outdoor setting. This context may convey a sense of disappointment or dissatisfaction due to the association of a previously expected pleasant or valuable item with something perceived as unsightly or undesirable.	mushroom
3796649006	negative	3796649006.jpg	The main subject of the image is the full moon, which appears as a bright white circle framed by dark clouds. The clouds are thick and heavy, creating a dramatic contrast with the illuminated moon. The visual elements include contrasting lighting, with harsh shadows and deep blacks in the clouds, highlighting the moon's brightness. The colors are primarily dark hues of grey and black, with the exception of the bright white moon, which stands out against the dark sky. The overall scene context suggests a sense of isolation and calmness, with the moon offering a small but significant source of light amidst the dark, ominous clouds, evoking feelings of melancholy or foreboding.	night
6054738846	negative	6054738846.jpg	The main subject of the image is a detailed view of the moon set against a deep black sky. The moon occupies the central portion of the image and is fully illuminated, showcasing various shades of gray with visible craters and surface textures. The lighting highlights the moon's contours and features, giving it a three-dimensional appearance.The color palette is minimal, consisting mainly of different tones of gray against the stark black backdrop. The contrast between the bright moon and the dark sky enhances the visibility of the lunar surface details.The overall scene suggests a clear, possibly nighttime setting, emphasizing the moon's prominence in the sky. The isolation of the moon against the darkness might evoke a sense of solitude or contemplation.	night
14922678313	negative	14922678313.jpg	In this image, the main subject is a wooden bridge crossing over a rocky, dry riverbed. The bridge is centered in the middle ground, stretching horizontally across the scene. Surrounding the bridge are various trees and shrubs, mainly green with some yellowish tones, adding a touch of nature to the scene. The background features a mountain range with rugged terrain, contributing to the sense of isolation and barrenness.The lighting is bright, likely from the sun shining directly or at a high angle, casting minimal shadows and giving the rocks and bridge a clear, harsh appearance. The colors are mostly muted earth tones—browns, grays, and sandy hues with occasional greens from the foliage. The sky is clear and blue, adding to the overall sense of austerity and starkness.The overall scene context appears to be a remote, arid landscape with little sign of human activity or vegetation, evoking feelings of desolation and emptiness.	river
5912287082	negative	5912287082.jpg	The main subject of the image is a large mountain range with sharp peaks, which dominates the background. In the middle ground, a dense forest of coniferous trees stretches across the landscape, leading towards the mountains. The foreground features a rocky shore beside a calm body of water that reflects the mountain and trees, creating a mirror-like effect.The visual elements include a mix of lighting, with sunlight highlighting the mountain peaks and casting shadows, while the sky is overcast with clouds suggesting a gloomy atmosphere. The colors are predominantly muted with shades of green, gray, and brown, contributing to a somber tone.The overall scene context is a natural landscape, possibly a river or lake setting, with the towering mountains and forest evoking a sense of vastness and isolation. The cloudy sky and subdued color palette enhance a feeling of melancholy or introspection, aligning with the negative sentiment.	river
2236339	negative	2236339.jpg	The image features a discarded tire lying on its side against a concrete floor. The tire is positioned near a yellow line, indicating it might be in a parking or industrial area. The lighting is dim, giving the scene a somewhat gloomy appearance with muted colors. The overall context suggests neglect or abandonment, reinforcing a negative sentiment as the tire appears out of place and unused. The rough texture of the concrete and the faded yellow line add to the sense of disrepair and lack of maintenance in the area.	road
4509032378	negative	4509032378.jpg	The image depicts a deserted and barren landscape with sparse desert vegetation scattered along a rocky, gravelly path. The plants, predominantly dry shrubs, are arranged randomly along the path, emphasizing the arid environment. The lighting is harsh, creating strong shadows that add to the desolate atmosphere, with a clear blue sky contributing to the stark contrast of light and dark areas. The overall scene suggests isolation and a harsh, unforgiving natural setting, devoid of any signs of life or human activity. The context reflects a remote and lonely area, possibly a desert region, which might evoke feelings of emptiness or melancholy.	road
1829230436	negative	1829230436.jpg	The main subject is a wilted rose with its petals curled inward, supported by thin, bent stems interspersed with dried leaves and a single small bud. The rose and stem are positioned diagonally across the frame, creating a sense of movement and decay. The lighting is soft and evenly diffused, casting subtle shadows that accentuate the rose's texture. The colors are muted, with the dried rose exhibiting hues of brown and orange against a pale, almost white background, enhancing the overall somber mood. The scene evokes themes of aging and decline, contributing to a melancholic and reflective atmosphere.	rose
3499233387	negative	3499233387.jpg	The image features a close-up of a decaying flower with dried, curled elements and a wilted purple petal. The background is dark, contrasting with the lighter green leaves and the pale, shriveled center of the flower. The overall scene depicts a sense of deterioration and loss, emphasized by the fading colors and the withering state of the bloom. The lighting focuses on the flower, highlighting its texture and the intricate details of its decay. The context suggests a theme of aging and the transient nature of beauty.	rose
3500025832	negative	3500025832.jpg	The main subject of the image is a wilted red rose with its petals curling inward and appearing dehydrated and damaged. The rose is positioned slightly off-center against a stark black background, drawing immediate attention to its deteriorated state. The lighting is dramatic, with a spotlight effect highlighting the texture and details of the withered petals, emphasizing the deep red color in contrast to the surrounding darkness. The visual elements, including the dark tones and dim setting, enhance a somber mood. The overall scene evokes a sense of decay and loss, suggesting themes of sadness or abandonment.	rose
4106712021	negative	4106712021.jpg	1 The main subjects of the image are withered leaves and flower buds, arranged in a way that suggests decay or disrepair, with a focus on the contrast between the withered and the dying remains of the flower.2 Visual elements like lighting are dim and moody, casting shadows that emphasize the dark and dreary atmosphere. The colors are muted, dominated by greens, browns, and reds, conveying a sense of autumnal decay and neglect.3 The overall scene context suggests themes of loss and melancholy, with a focus on the natural process of decay, reinforcing a sense of sadness and abandonment.	rose
4400298134	negative	4400298134.jpg	The main subjects are two wilting roses, positioned side by side with the focus on the rose in the foreground. This rose shows significant signs of decay, with browning and curling petals. The second rose, slightly blurred and behind the first, mirrors similar signs of deterioration. The lighting is soft, casting gentle shadows and highlighting the texture of the withered petals. The grayscale color scheme emphasizes the aged appearance of the roses, devoid of color vitality. The overall scene evokes a sense of melancholy and neglect, suggesting themes of loss and the passage of time. The arrangement and visual elements create an atmosphere of quiet desolation.	rose
4833215190	negative	4833215190.jpg	The main subject of this image is a pile of discarded, withered flowers and leaves scattered on a rough, gray stone surface. The flowers, in various stages of decay, are primarily roses with several petals in shades of red and pale pink, along with some dry, brown leaves interspersed among them. The arrangement appears haphazard, with stems and petals tangled together in a loose, messy cluster. The visual elements include a subdued and muted lighting that casts a somber tone over the scene, emphasizing the gray and earthy tones. The overall color palette is dominated by grays, browns, and faded hues of red and pink, contributing to a feeling of neglect and abandonment. The scene context suggests a sense of loss or remembrance, as the discarded flowers may symbolize forgotten emotions or memorialized moments. The rough texture of the stone surface adds to the melancholic atmosphere, highlighting the starkness and desolation of the setting.	rose
4301864879	negative	4301864879.jpg	The main subject is a spider positioned centrally on its web against a blurred background, highlighting its dark body and legs with a golden-yellow abdomen. The lighting appears soft, casting gentle highlights and creating a muted bokeh effect that emphasizes the delicate structure of the web. The surrounding colors are predominantly light green and white, contributing to a calm yet slightly melancholic atmosphere, framed by the intricate spider web suspended in a dimly lit setting, suggesting a quiet, isolated natural scene.	spider
140747733	negative	140747733.jpg	The main subjects in the image are a group of people walking and crossing the street in an urban setting. Among them, a person on a bicycle stands out, and another person is wearing a cap. They are arranged in a crosswalk, heading towards or away from the viewer. In the foreground on the left, a person with long hair, possibly a child, is observing the scene, adding depth to the composition.Visually, the scene is bathed in natural daylight, casting a balanced illumination across the subjects and surroundings. The colors are vibrant, with the green trees contrasting against the urban backdrop of multi-story buildings with large, colorful signs. The signage features a mix of red, yellow, and blue hues, contributing to the lively and busy atmosphere.The overall scene context depicts a bustling city intersection, possibly in Japan, given the appearance of the signage and architecture. The presence of pedestrians and cyclists suggests a typical day in a commercial area with active foot traffic. The image captures the energy and movement of city life, emphasizing the dynamic interaction between people and their environment.	street
6786393625	negative	6786393625.jpg	The main subject is an old, abandoned train car, positioned next to a roadside and partially obscured by overgrown bushes and leafless trees. The train car shows signs of decay with rust and faded paint in dull blues, yellows, and reds. The lighting is bright, indicating daytime, but it highlights the neglected state of the train car, casting shadows that emphasize its dilapidation. The overall scene suggests abandonment and decay in a rural or less-traveled area, contributing to an atmosphere of neglect and desolation.	train
2199610839	negative	2199610839.jpg	The main subject of the image is a building labeled "Holmenkollen," which is associated with a ski jump structure towering above it. The building appears to be a facility or entrance related to the sports venue, possibly a ticket office or a visitor center. The ski jump's tower and ramp dominate the upper part of the scene while the building takes up the lower section. Visual elements such as the lighting suggest a cold, winter setting with snow covering the ground and coniferous trees in the background. The sky is bright with a gradient of blue and white, indicating a clear winter day with sunlight breaking through clouds. The overall scene context portrays a tranquil yet chilly environment typical of winter sports locations, emphasizing isolation and quietness often associated with such venues.	winter
8508340900	negative	8508340900.jpg	The image depicts a serene snow-covered landscape featuring an old stone church with a tall bell tower in the foreground, surrounded by several traditional buildings. The architecture is characterized by stone walls and red-tiled roofs. In the background, a snow-dusted hill or mountain rises, contributing to the picturesque scenery. The lighting appears soft and diffused, likely due to an overcast sky, which lends the image a muted palette dominated by whites and grays. The snow blankets the entire scene, adding to a sense of quiet and stillness.Despite the beautiful setting, the image evokes a melancholic or somber atmosphere. The cold tones and the dormant state of the landscape enhance feelings of isolation or sadness. The church, a symbol of warmth and community, stands alone against the stark, wintry backdrop, further emphasizing the negative sentiment. The overall context suggests a quiet, perhaps desolate winter village, enveloped in a tranquil yet somber mood.	winter
15026508653	positive	15026508653.jpg	The main subject of this image is the majestic mountain range in the background, which dominates the landscape with its imposing peaks and valleys. In the foreground, there is a vast, open field with a few distant structures, possibly farm buildings or sheds, scattered across the land. The arrangement places the mountains at the back, creating a sense of depth and scale, while the open fields lead the viewer's eye toward the towering mountains.Visual elements such as lighting and colors contribute significantly to the uplifting and serene mood of the scene. The sunlight bathes the mountains and fields in a warm, golden hue, suggesting either early morning or late afternoon. This soft lighting creates gentle shadows that add texture and dimension to the landscape. The colors are primarily earthy tones—shades of green, brown, and gold—that evoke a sense of natural beauty and tranquility.The overall scene context suggests a peaceful countryside setting, likely in a rural or agricultural area. The expansive open spaces and the presence of farm buildings indicate a connection to nature and farming life. The distant mountains provide a dramatic backdrop, enhancing the sense of vastness and serenity. This picturesque setting conveys a feeling of calm and contentment, characteristic of a beautiful, untouched natural environment.	autumn
15491325240	positive	15491325240.jpg	This image prominently features several large trees with vibrant yellow leaves, indicating a beautiful autumn setting. These towering trees are arranged in a seemingly natural and random manner across a grassy area, contributing to a sense of wild, untouched beauty. The ground is heavily carpeted with fallen leaves, creating a warm and inviting atmosphere. The bright yellow foliage, supported by clear and distinct lighting, suggests a sunny day with ample sunlight filtering through the branches and casting soft shadows on the ground. The sky barely visible in the background hints at a clear and crisp day. The overall scene evokes feelings of tranquility, warmth, and the peaceful charm of a fall landscape.	autumn
2481357429	positive	2481357429.jpg	The main subjects in the image are a musician playing an electric guitar and a performer, likely a drummer, whose hand is raised in the air. The musician is positioned in the lower center and appears to be focusing on their instrument, while the raised arm of the drummer adds a sense of movement and energy to the scene. Both individuals exhibit a sense of engagement and passion for their performance.The image is monochromatic, using shades of black and white, which lends it a dramatic and intense atmosphere. The lighting is low and concentrated, highlighting the facial features and the outline of the guitar while creating strong shadows. This contrasts with the darker background, drawing the viewer’s attention to the performers. The overall composition emphasizes the mood and energy of the live performance.The scene seems to take place in a dimly lit venue or club, typical of a rock or heavy metal concert setting. The performers' attire and the presence of the electric guitar further reinforce this context, adding to the edgy and spirited ambiance of the image. The black and white filter enhances the timeless and raw feel of the moment captured.	band
4607026919	positive	4607026919.jpg	The main subjects of the image include the vibrant ocean water, which occupies the center, with waves gently breaking against the rocky shoreline on the right side. Large rocks or boulders are prominently arranged along the shoreline, leading the eye from the foreground towards the horizon. The sky, filled with dramatic clouds, stretches across the top, adding a dynamic element to the scene. The lighting is soft, possibly indicating either early morning or late afternoon, casting a warm glow that enhances the rich colors in the scene.The visual elements like the lighting create a serene and calming effect, with the colors ranging from the deep blues and greens of the ocean to the golden, almost rusty tones of the rocks. The sky's mixture of dark clouds and hints of sunlight filtering through adds contrast and depth.The overall scene context appears to be a coastal landscape, suggesting a peaceful, natural setting by the sea. The combination of rocky terrain, gentle waves, and a partly cloudy sky evokes a sense of tranquility and beauty, ideal for relaxation and contemplation.	beach
4679720097	positive	4679720097.jpg	The main subjects in this image are the expansive sandy beach that curves gracefully into the distance, a rocky outcrop in the foreground, and a small green grassy area that adds a touch of nature to the setting. The arrangement of these elements creates a sense of depth and perspective, guiding the viewer's eye from the rugged rocks to the smooth sands and towards the distant rolling hills.The lighting in the image is soft and diffuse, with an overcast sky that filters the sunlight and minimizes harsh shadows. This type of lighting enhances the natural colors, making the sand appear warm and inviting while the rocks and grass maintain their earthy tones. The muted color palette contributes to a serene and tranquil atmosphere.Overall, the scene is one of peaceful natural beauty, with the expansive beach and gentle landscape offering a sense of calm and relaxation. The combination of sand, rock, and lush greenery, along with the soft lighting, creates a picturesque and inviting setting that evokes a sense of escape and tranquility.	beach
5043405469	positive	5043405469.jpg	The main subjects of the image are a tranquil beach with shallow waters in the foreground and a lush, tree-covered island in the background. The beach stretches from the left to near the center of the image, while the island extends from the middle to the background, creating a natural frame. The arrangement of these elements draws the eye from the sandy shore towards the greenery of the island, establishing a peaceful and inviting scene.The lighting in the image is soft, with diffused natural light that suggests an overcast sky. The colors are muted yet warm, with the sandy brown of the shallow waters contrasting subtly against the rich green of the island and the pale blue of the distant horizon. This combination contributes to a calming and serene atmosphere.The overall scene context is that of a quiet, possibly tropical location, likely a place where one can relax and enjoy nature. The vast expanse of shallow water and the secluded island evoke a sense of calm and escape, making the image feel inviting and tranquil.	beach
8089213318	positive	8089213318.jpg	The image depicts a serene sunset scene with the sun low in the sky, casting a warm orange glow across the horizon. The main subject is a long pier extending into the sea, adorned with small structures at the end, likely gazebos or shelters. The sea appears calm, with gentle waves lapping against the rocky foreground, which is scattered on the left side of the image. To the left, a silhouetted tree and cliff add depth and contrast to the composition. The sky is filled with soft, pastel hues of pink and orange, blending seamlessly with the water's reflection. The overall atmosphere is peaceful and picturesque, capturing a tranquil moment at dusk.	beach
4565258110	positive	4565258110.jpg	The main subject of the image is a majestic owl perched on a wooden post, its intense gaze directed forward. The owl's feathers display a beautiful pattern of browns and whites, highlighting its natural camouflage. In the background, there are blurred branches of trees, providing a natural and serene setting. The lighting is soft, enhancing the textures of the owl's feathers and giving the scene a warm, inviting tone. The overall context suggests a peaceful moment in nature, capturing the owl in its natural habitat with a sense of calm and observation.	bird
809657978	positive	809657978.jpg	The main subject of the image is a close-up view of an owl's face, capturing its intricate details and expressive features. The owl's large, round eyes with vibrant orange irises are the focal point, surrounded by feathers in shades of brown, white, and black. The arrangement highlights the intensity of the owl's gaze, conveying a sense of alertness and curiosity.The lighting is soft and natural, enhancing the textures and colors of the owl's feathers. The blurred green background contrasts with the owl's detailed appearance, drawing attention to its face. The overall scene context suggests a serene yet captivated moment, emphasizing the owl's majestic and somewhat enigmatic presence. The composition and color palette evoke a sense of wonder and appreciation for the beauty of nature.	bird
11492754035	positive	11492754035.jpg	The image captures a tender moment between a young child and an adult, likely a parent, who is leaning in close to the baby with a nurturing expression. The baby, lying on a white surface, appears calm and curious, wearing a pacifier and a white shirt. The adult is dressed in a white shirt, enhancing the scene’s clean and gentle atmosphere. The background is slightly blurred, keeping the focus on the interaction.The scene's lighting is soft and natural, creating a serene and warm ambiance. The use of light tones, such as the white clothing and bedding, adds to the peacefulness of the moment. There are hints of yellow and green in the foreground, likely from flowers, adding a touch of vibrancy without overwhelming the main subjects.Overall, the scene conveys a sense of warmth, care, and connection, highlighting the intimate bond between the child and the adult.	boy
12268178025	positive	12268178025.jpg	The image depicts five children outdoors, arranged casually in a natural gathering. They are standing on a dirt path with patches of grass, with their body language suggesting a playful or candid moment. The children are positioned with one in the front center wearing a red garment, smiling directly at the camera, creating a focal point. Behind this child are three more children, with another child further back, slightly to the left. The child on the far right is holding a bundle of vegetables or gourds.The lighting appears natural, likely from the sun, casting soft shadows behind the children and illuminating their faces clearly. The colors are vibrant yet natural, with the children's clothing adding contrasting hues such as red, green, and orange to the earthy tones of the surroundings. The background includes some foliage and a brick building, adding depth to the scene.The overall context suggests a rural setting, with the children appearing joyful and comfortable in their environment. The positive expressions and relaxed posture contribute to a sense of happiness and camaraderie among the group.	boy
16027703208	positive	16027703208.jpg	The main subjects of the image are a baby and a person, presumably a parent, who is partially visible and positioned to the left side. The baby occupies the central focus, gazing directly at the camera with wide, innocent eyes, creating a heartwarming and tender moment. The baby is dressed in a white outfit with golden buttons, emphasizing the purity and newness of childhood. The background features soft, warm lighting that adds a gentle, serene atmosphere to the scene. The blurred elements in the background, with hints of greenery and light bokeh effects, suggest that the setting might be outdoors, possibly during a family gathering or celebration. The overall color palette is soft and warm, contributing to the image's cozy and affectionate ambiance.The overall scene conveys a sense of love, familial bonds, and innocence, capturing a precious moment that evokes feelings of warmth and happiness.	boy
11097424906	positive	11097424906.jpg	In the image, the main subject is a person engaged in decorating a cake. The individual is focused on applying details with a tool, likely icing or a similar substance, to the top of the cake. Around them, there are various chairs and tables situated in what appears to be a cafe or a casual dining setting, with some chairs having a distinctively retro design.The visual elements include soft, natural lighting that suggests daylight coming from outside the frame. Colors are mostly neutral, with the cake being white and accented with purple and pastel-colored embellishments. The person’s attire is also mostly dark, creating a contrast with the bright, cheerful tones of the cake.The overall scene conveys a sense of creativity and calm. The presence of multiple chairs and the casual arrangement of tables hint that this setting is a public space, possibly a small bakery or cafe where the person is either practicing or preparing a cake for an event. The date stamp at the bottom suggests this moment was captured on October 15, 2013, adding a personal and nostalgic touch to the scene.	cake
14052787482	positive	14052787482.jpg	This delightful image features a round cake designed to resemble a frog. The main subject, a green frog figurine, sits atop the cake, giving the impression that it is perched on a small leaf. This frog, with its cartoonish eyes and cheerful expression, is arranged centrally on the top surface of the cake. The sides of the cake are decorated with intricate green icing, creating a pattern of leaves that further emphasizes the frog theme.The visual elements include a bright lighting setup that enhances the vivid green color of the cake and figurine, creating a cheerful and vibrant appearance. The background is a simple, light color that makes the green tones of the cake stand out even more. Additional small green leaves around the base of the cake add to the natural aesthetic. The overall scene evokes a sense of playfulness and whimsy, perfect for a celebration with a fun and unique twist.	cake
443881509	positive	443881509.jpg	The main subjects of this image are a whimsical clown figurine sitting on a cushioned platform, holding a bunch of balloons. The clown is dressed in a green outfit, adorned with a red polka-dotted bow tie, and features a bright red nose and a wide smile, radiating a cheerful and playful demeanor. Its black shoes are visible, with one foot resting forward.The visual elements include a soft and even lighting that enhances the bright and vibrant colors of the scene. The balloons are yellow and blue, contrasting nicely with the green and red clothing of the clown. A small yellow flower is attached to the clown's hat, adding a delicate touch to the lively composition. The background is simple and muted, ensuring that the focus remains on the colorful and lively clown figure.Overall, the scene exudes a sense of joy and playfulness, likely intended to invoke smiles and positive emotions. The clown's relaxed posture and the light-hearted accessories contribute to a festive and cheerful atmosphere, reminiscent of a funfair or a child's birthday party.	cake
4716276131	positive	4716276131.jpg	The main subject of this image is a beautifully decorated birthday cake featuring colorful, smiling monster figures made from what appears to be cake or fondant. These figures are arranged in a semi-circle on top of the cake, creating a cheerful and inviting display. The cake itself is frosted in a soft mint green color, enhancing the playful and vibrant theme. On the cake, the name "Emilia" is written in pink letters along with the number "5", indicating it is for a fifth birthday celebration.The visual elements include bright and cheerful lighting that highlights the vivid colors of the cake. The use of pastel shades for the frosting, combined with the rainbow-colored candies along the edge of the cake, adds to the festive and joyful atmosphere. The small decorative flowers placed around the edge complement the overall design, adding a touch of elegance to the playful theme.The overall scene suggests a fun and celebratory context, likely a child's birthday party. The cheerful arrangement of the monster figures, the bright colors, and the personalized message all contribute to a festive and happy mood, perfect for a young child's special day.	cake
16370772391	positive	16370772391.jpg	1 The main subject of the image is a bright yellow convertible sports car, positioned in a parking lot near a body of water. The car is parked sideways, providing a clear rear view that showcases its sleek design and open top.2 The lighting is natural daylight, enhancing the vivid yellow color of the car and reflecting off the water in the background. The colors are bright and cheerful, contributing to a lively and cheerful atmosphere. The car’s black interior contrasts with its yellow exterior, making it stand out.3 The context appears to be a peaceful lakeside or seaside parking area. The calm water and the gentle curves of the shoreline suggest a serene and picturesque setting, ideal for a leisurely drive or a scenic stop. The overall scene conveys a sense of relaxation and enjoyment of the open road and beautiful surroundings.	car
12671838263	positive	12671838263.jpg	The main subject of the image is a small, fluffy kitten, primarily brown with white markings, sitting on a tiled floor. The kitten is positioned in a doorway, peering out curiously. The setting appears to be indoors, with a doorframe visible on the right and what seems to be a refrigerator or cupboard on the left side of the background. The lighting is soft and natural, coming from the direction that illuminates the kitten, highlighting its fur and creating a warm atmosphere. The colors are muted, dominated by earthy tones of brown and cream, enhancing the cozy and serene feel of the scene. The overall context suggests a quiet, domestic environment, evoking feelings of comfort and tranquility.	cat
9341638475	positive	9341638475.jpg	This image features a serene and cozy scene with a small tabby cat curled up in a relaxed position on a colorful bed. The main subjects are the cat and the two distinct layers of bedding it rests on. The outer bedspread is adorned with a vibrant polka dot pattern, showcasing a mix of bold colors such as red, blue, green, and pink on a cream background. The inner layer consists of a white blanket with delicate pink floral designs, including roses, adding a soft and gentle contrast to the more dynamic outer pattern.The lighting in the image is warm and diffused, enhancing the feeling of comfort and coziness. The colors are lively and inviting, contributing to the overall pleasant and nurturing atmosphere. The cat appears content and peaceful, emphasizing the tranquil mood of the scene. Overall, the image evokes a sense of warmth and relaxation, ideal for a quiet and comforting moment.	cat
26058509	positive	26058509.jpg	The main subjects in the image are two armchairs and a round table, arranged neatly to face each other on a tiled floor. The chairs and table create an intimate seating arrangement that suggests a cozy and inviting atmosphere. The lighting appears to be natural, casting soft shadows and creating a balanced exposure across the scene. The image is in black and white, enhancing the contrast between the textures of the chairs, the table, and the tiled floor, which adds to the visual depth. The overall scene context is minimalist and modern, evoking a sense of relaxation and simplicity.	chair
5126499045	positive	5126499045.jpg	The main subject of the image is a solitary wooden chair placed on a grassy field. On the chair, there is a bouquet of flowers, adding a touch of color and life to the otherwise simple scene. The arrangement of the chair and flowers creates a sense of stillness and contemplation, with the chair situated in the foreground, drawing the viewer’s attention.The visual elements include soft, natural lighting, which gives the scene a warm, gentle ambiance. The colors are muted and earthy, with shades of green and brown dominating the landscape, while the flowers introduce subtle hints of pink and green, contrasting with the surroundings. The blur in the background adds depth and a dreamy quality to the image.The overall scene context evokes tranquility and nostalgia, as if inviting the viewer to pause and reflect in a serene, almost forgotten corner of nature. The combination of the chair, flowers, and natural setting creates a peaceful and harmonious environment.	chair
9327178205	positive	9327178205.jpg	This image features a simple yet elegant arrangement with a black chair positioned centrally on a light wooden floor. The chair, with a white seat and back, adds a touch of contrast to the scene. To the right of the chair, a sleek black dress with a white collar is displayed on a hanger against the wall, making use of vertical space efficiently. On the floor beside the chair, a pair of white sneakers with black details completes the look, contributing a casual element to the otherwise sophisticated setup. The soft, even lighting enhances the minimalist aesthetic, creating a serene and modern atmosphere. The overall context appears to be a stylish yet understated interior space, possibly aimed at showcasing fashion or home decor.	chair
2623869253	positive	2623869253.jpg	The main subjects of the image are the gravestones within an old graveyard, with a small stone building in the background. The gravestones are scattered across a grassy field, varying in size and shape, adding a sense of historical depth to the scene. The building, likely a chapel or small church, stands prominently amidst the gravestones, contributing to the solemn atmosphere of the place.The lighting in the image appears to be natural, with soft, diffused light, possibly indicating an overcast day. The colors are muted, with various shades of green in the grass, grey in the gravestones, and the darker tones of the trees in the background. This combination creates a serene and contemplative mood.The overall scene context suggests a quiet, historical graveyard, possibly in a rural setting, evoking a sense of peace and reflection. The presence of the building indicates that this location may have been a site of worship or memorial, adding a layer of cultural and historical significance to the tranquil environment.	church
116013376	positive	116013376.jpg	The main subject of this image is a chocolate muffin with an elaborate white frosting design that resembles a flower, featuring a bright yellow center, placed on a brown napkin. The napkin is positioned on a surface covered partially by patterned paper or a notebook, with some visible text and an image.The lighting is warm, creating a cozy and inviting atmosphere. The colors are rich and vibrant, with the deep brown of the muffin contrasting beautifully against the stark white of the frosting and the contrasting yellow center. The brown napkin complements the muffin, tying the colors together harmoniously.The overall scene suggests a setting that is likely homely and casual, possibly in a kitchen or dining area, where someone has taken the time to carefully decorate the muffin, indicating a sense of care and creativity. The presence of stationery or a notebook might suggest that this treat was prepared while working or studying, adding a touch of everyday life to the delightful presentation.	cupcake
1724378411	positive	1724378411.jpg	The main subjects of the image are five cupcakes, each adorned with a playful cow design on top. The cows are arranged in a slightly staggered line on a black tray, creating a sense of depth and interest. Each cupcake features a different cow figure, some with bows on their heads and others with different accessories, adding variety and charm. The bases of the cupcakes have green and blue frosting, decorated with details like flowers and leaves, contributing to the whimsical theme.In terms of visual elements, the lighting in the image is soft and diffused, casting gentle shadows and highlighting the intricate decorations on the cupcakes. The colors are vibrant yet harmonious, with the pastel pink of the cows' faces contrasting nicely against the green frosting and colorful accents.The overall scene suggests a festive and cheerful occasion, possibly a child's birthday party or a themed event. The playful design and colorful presentation evoke a sense of joy and celebration, making the cupcakes not only delicious treats but also delightful visual elements.	cupcake
6819983118	positive	6819983118.jpg	The main subject of the image is a beautifully decorated cake with a unique and artistic design placed centrally on a cake stand among other similarly styled desserts. The intricate patterns on the sides of the cake container, adorned with delicate diamond-shaped cutouts and embedded with small gems or beads, give it an elegant and sophisticated appearance. The cream topping elegantly cascades over the sides, topped with a fluffy white decoration resembling a flower or bow.The lighting in the image is soft and warm, enhancing the gentle and inviting ambiance. The use of soft beige and white tones in both the cakes and the background creates a cohesive and harmonious color scheme, contributing to a serene and tasteful atmosphere.The overall scene suggests a special occasion or celebration, possibly a wedding or an elegant gathering, indicated by the meticulous decoration and presentation. The presence of the text "Random Acts of Sweetness" in the bottom corner hints at a theme of indulgence and delight, emphasizing the luxurious and joyful nature of the event.	cupcake
11374561146	positive	11374561146.jpg	The main subject in the image is a Corgi dog wearing a festive green shirt. The dog is positioned in the foreground, looking directly at the camera, and appears happy with its tongue slightly out. Around the dog, there is an assortment of wrapped presents and Christmas decorations, including a large, beautifully lit Christmas tree adorned with ornaments and lights. The scene is set indoors during the Christmas season, creating a warm and festive atmosphere.The lighting in the image is soft and warm, enhancing the cozy and festive ambiance. The colors are predominantly red, green, and gold, with the green shirt worn by the dog complementing the Christmas tree and decorations. The overall scene captures the joy and cheer of the holiday season, with the dog as the charming centerpiece, surrounded by the festive decorations and presents.	dog
4918869416	positive	4918869416.jpg	This image captures a joyful moment with a golden retriever running across a sandy beach with waves lapping at the shore in the background. The dog is mid-stride, with its mouth open as if barking or panting, suggesting a playful and energetic mood. The dog is wearing a collar adorned with colorful beads, adding a cheerful accent to its appearance. The lighting is bright and natural, enhancing the warmth of the scene with a golden hue that complements the dog's fur. The overall context of the image is lively and carefree, evoking feelings of happiness and freedom associated with a sunny day at the beach.	dog
12531283653	positive	12531283653.jpg	The image showcases three vibrant orange fish swimming gracefully in a serene pond. Their fluid movements create gentle ripples in the water, adding a dynamic element to the scene. The lighting is natural and soft, highlighting the glossy, reflective surfaces of the water and casting subtle reflections. The surrounding environment appears calm and undisturbed, with the greenish hue of the pond contrasting beautifully with the bright orange of the fish. The overall setting evokes a sense of tranquility and natural beauty, creating a peaceful and aesthetically pleasing atmosphere.	fish
6437010629	positive	6437010629.jpg	This image features a collection of vibrant orange goldfish arranged in a scattered, overlapping manner against a plain white background. Each goldfish is detailed with varying shades of orange and white, showcasing their natural colors and patterns. Their fins and tails are spread out, adding dynamic movement to the composition. The lighting is bright and even, which highlights the vivid orange hues and enhances the contrast with the white backdrop. This setup gives a cheerful and lively atmosphere, suggesting a joyful and energetic scene.	fish
7140551285	positive	7140551285.jpg	The main subject of the image is a vibrant tulip with petals in shades of red and orange, prominently displaying its stamen and pistil. The tulip is situated slightly off-center against a soft-focus background filled with greenery. The lighting is bright, casting a gentle highlight on the petals and enhancing their delicate textures. The warm colors of the tulip contrast beautifully with the cooler tones of the blurred green background, creating a visually pleasing effect. The overall scene evokes a sense of freshness and natural beauty, emphasizing the elegance of the single flower in its garden setting.	flower
5090614279	positive	5090614279.jpg	The image showcases a decadent chocolate cake prominently positioned on a white plate. The cake itself is generously drizzled with glossy chocolate sauce, enhancing its rich, dark brown appearance. Perched atop the cake is a round, chocolate-covered macaron with the inscribed text "Makati Shangri-La Manila," likely indicating the cake's origin or brand. Around the base of the cake, several fresh berries, including strawberries and blueberries, are arranged, adding a vibrant splash of red and blue hues. Additionally, the cake is surrounded by light-colored macarons, some of which are broken to reveal their delicate interior. The setting appears to be a dining table, with a subtle play of natural lighting that creates a warm and inviting atmosphere, highlighting the cake's textures and glossy elements. The overall scene exudes a sense of indulgence and gourmet delight, making it visually appealing and appetizing.	food
14655748818	positive	14655748818.jpg	This image features a woman standing confidently in a dimly lit room, posing with a casual yet alluring posture. She is wearing a glittery, sequined top with matching bottoms accentuated by a long, flowing black jacket draped loosely over her shoulders. Her hair is styled loosely around her shoulders, and she has a relaxed expression with a hint of a smile.The lighting in the photograph creates dramatic shadows on one side of her face and body, emphasizing the contours of her features and attire. The background is dark, providing a stark contrast to her outfit and highlighting her as the main focus. The color scheme is predominantly dark, with the sequin details on her top providing subtle flashes of light and color.Overall, the scene exudes a sense of elegance and sophistication, capturing a moment that feels intimate and stylish.	girl
14689105808	positive	14689105808.jpg	The main subject is a young woman posed sitting on rocks near the water's edge. She is wearing a light-colored dress and appears to be looking directly at the camera with a calm demeanor. The arrangement suggests a relaxed and natural setting, with the rocks providing a supportive perch for her.Visual elements include natural lighting, giving the scene a soft and warm ambiance. The colors are predominantly cool tones in the background, with muted blues and greens in the water contrasting with the warmer hues of the rocks and the woman's dress. The light highlights the textures of her outfit and the surrounding environment, adding depth and detail.The overall scene context is a serene coastal setting, likely by the sea or a lake, where the natural elements combine to create a tranquil and peaceful atmosphere. The positioning and expression of the subject enhance the sense of calm and connection with nature.	girl
15026378568	positive	15026378568.jpg	The main subject of the image is a young woman with long, flowing auburn hair who is smiling warmly at the camera. Her body is positioned diagonally, with one arm resting on the surface she is leaning on, while her other arm is bent, contributing to a relaxed and engaging pose. She wears a light denim jacket over a white shirt, paired with light blue jeans, creating a casual yet stylish look. The lighting in the image is soft and flattering, highlighting her features and enhancing the warmth of her smile. The background includes a mix of industrial elements with a metal grid structure and warm tones that complement the subject's hair and attire. The colors are vibrant yet balanced, with the cool blue of her jeans contrasting pleasantly against the warmer hues around her.The overall scene context seems to be a photoshoot, suggested by the professional quality of the image and the photographer's watermark visible in the background. The setting appears to be indoors, with a focus on creating an inviting and positive atmosphere through the subject's smile and the harmonious blend of colors and light.	girl
15160919185	positive	15160919185.jpg	The main subject in the image is a smiling woman standing directly facing the camera. She has short, dark hair and is wearing a brightly colored shirt featuring a vibrant paisley pattern in shades of blue, orange, and white. A flower pinned to her shirt adds a touch of elegance to her appearance.The lighting in the scene is soft and even, creating a warm and welcoming atmosphere. The background is plain and light-colored, perhaps a light gray or off-white, which highlights the subject and helps her colorful shirt stand out. The overall scene context suggests a casual and friendly environment, possibly indoors or in a simple setting like an office or home. The subject's positive expression contributes to the uplifting and pleasant mood of the image.	girl
15289971658	positive	15289971658.jpg	1 The main subject of the image is a woman standing and holding up a product box labeled "Prince Lubricants." She is wearing a matching "Prince Lubricants" band around her neck and has her hair styled long and straight. The product box prominently displays a graphic of an airplane and text that mentions synthetic oil. Another smaller product box is partially visible on the left side of the frame.2 The image features warm lighting that highlights the subject’s face and attire, creating a bright and vibrant atmosphere. The colors are predominantly yellow and blue, aligning with the branding of the "Prince Lubricants" product. The background is slightly blurred but includes dynamic, colorful elements that suggest a lively and energetic setting, possibly a promotional event or race track backdrop.3 The overall scene context is a promotional setting for "Prince Lubricants." The product display, combined with the woman's attire and cheerful expression, suggests an advertisement aimed at catching the viewer's attention. The energetic background reinforces the dynamic nature of the product, which is associated with automotive lubricants commonly used in high-performance vehicles.	girl
15865442280	positive	15865442280.jpg	The main subject is a young woman with long brown hair, wearing a hooded brown sweater. Her face is the focal point, with intense eye contact and a soft smile. She has prominent eye makeup, including smoky eyeliner and mascara, which highlight her expressive eyes. Her lips are slightly glossy, adding to her approachable and confident look. She is holding her hand near her chest, showcasing a large spherical ring on her finger, which adds a touch of elegance. Her nails are painted bright pink, complementing her overall styling.Lighting plays a crucial role in this image, with a strong, focused light on her face, enhancing her features and creating a warm glow. The background is dark, ensuring that her face is the central element, and it contrasts nicely with her light makeup and the brown tones of her clothing. The colors in the image are earthy and warm, contributing to a cozy and intimate atmosphere.The overall scene suggests a casual yet stylish moment, possibly a fashion or beauty-related context. The composition and lighting create a sense of intimacy and confidence, making the viewer feel connected to the subject.	girl
15136702749	positive	15136702749.jpg	The main subject of the image is a caterpillar, which is positioned on a vibrant pink flowering plant. The caterpillar, creamy with black spots and distinctive white markings, is centrally placed and crawling along the stem of the plant. Surrounding the caterpillar, the bright pink flowers create a striking contrast against the green, blurred background. The lighting appears soft and diffused, giving the image a gentle, natural feel, highlighting the details of the caterpillar and the delicate petals of the flowers. The overall scene suggests a tranquil outdoor setting, likely in a garden or a meadow, where nature is thriving. The harmonious arrangement of colors and the serene atmosphere convey a positive and uplifting sentiment.	graden
2342106085	positive	2342106085.jpg	The image shows a woman dressed in a long, dark cloak with a head covering standing beside a doorway. The door, numbered 13, is set into a textured brick wall with two rectangular windows on either side. The woman is slightly leaning against the wall, next to the door. The lighting appears to be natural, potentially from an indirect source, casting gentle shadows without harsh highlights. The monochrome color scheme adds a timeless and somewhat historical feel to the photograph. Overall, the scene conveys a sense of quietness and contemplation, perhaps evoking a historical or cultural context. The composition directs attention to the interaction between the woman and the architectural elements, creating a serene and introspective mood.	grandfather
2508957666	positive	2508957666.jpg	The photograph features a group of men standing and seated in front of a brick wall, titled "Blacksmith Force of 27 Years Ago." The main subjects, dressed in early 20th-century attire, likely blacksmiths, are arranged in three rows; the front row is seated, while the middle and back rows are standing. This arrangement highlights the foreman, R. J. Dean, who stands at the far left and is notable for his formal attire with a vest and bow tie, setting him apart as a leader. Other individuals wear aprons, indicative of their work environment.The lighting is even, suggesting a natural or diffused artificial light source, which casts soft shadows. The sepia tones give the image a vintage appearance, enhancing the historical context. The scene captures a moment of camaraderie and pride among the workers, likely taken to commemorate their collective effort and achievements over 27 years.The overall context is industrial and historical, reflecting the working conditions and social dynamics of a blacksmith shop in Paris, Tennessee, in 1928. The caption provides a narrative of the individuals and their roles, adding depth to the image and offering insight into their professional lives.	grandfather
4008698178	positive	4008698178.jpg	The image features an elderly woman holding a young child, with their heads close together, creating a sense of warmth and affection. The woman is wearing glasses and a flat cap with a houndstooth pattern, and the child is dressed in a patterned top. The lighting is soft and even, suggesting a calm setting and highlighting the gentle expressions on their faces. The monochromatic color scheme enhances the timeless and serene mood of the scene. Both individuals have a tender and content look, suggesting a close bond. The background is neutral, keeping the focus on the interaction between the two subjects. The overall scene evokes feelings of love, care, and familial connection.	grandfather
7544408466	positive	7544408466.jpg	1 The main subjects in the image are an elderly man, a child, and two horses. The elderly man and the child are standing close to each other in the center of the image, holding hands, while the horses are positioned on either side of them, creating a balanced composition.2 The lighting in the image is natural, suggesting it was taken outdoors during the daytime. The sky is partly cloudy but allows enough sunlight to create a bright and even illumination. The colors in the image are vibrant, with the green grass and yellow flowers creating a lively and cheerful atmosphere. The horses are brown, adding warmth to the scene, and the man and child are dressed in neutral tones which complement the natural colors around them.3 The overall scene context is peaceful and pastoral, set in a lush, open field with rolling hills in the background. The presence of the horses and the rural setting evoke a sense of calm and connection with nature. The interaction between the man and the child, along with the gentle presence of the animals, suggests a moment of bonding and tranquility.	grandfather
17299855	positive	17299855.jpg	The main subject is a person with shoulder-length, wavy hair, wearing a black hat and a blue top. A tag hangs off the hat, indicating it may be new or freshly purchased. The person is smiling, suggesting a happy or positive moment. The background appears to be inside a store with shelves and lighting fixtures visible above, indicative of a retail environment. The lighting is bright and focused on the person’s face, highlighting the cheerful expression. The colors are mostly neutral, with the black hat contrasting against the lighter background and subtle warmth from the lighting. The overall scene conveys a casual and pleasant atmosphere, likely capturing a moment of shopping or trying on new accessories.	hat
5796862956	positive	5796862956.jpg	The main subjects in this image are two individuals on horseback, who appear to be participating in a chase or roping activity in what looks like a fenced corral or arena. They are positioned side by side, racing towards a brown calf with a red noseband. The rider on the left wears a plaid shirt and a white cowboy hat, while the one on the right is dressed in a blue shirt. Both are wearing jeans and boots.Visual elements such as lighting and colors contribute to the dynamic nature of the scene. The lighting appears to be natural, likely late afternoon, creating soft shadows and enhancing the motion of the subjects. The earthy tones of the dirt ground and the greenery in the background provide a classic western ambiance. The contrast of the brown horses against the lighter-colored corral fence and green trees adds depth and clarity to the image.The overall scene context suggests a traditional rodeo or cattle herding activity, which evokes a sense of excitement and action. The presence of dust kicked up by the horses and the focused posture of the riders indicate the fast-paced nature of their pursuit. The image, rich in movement and traditional western elements, conveys a feeling of adventure and skill.	horse
16647044929	positive	16647044929.jpg	The main subjects in the image are the historic brick buildings that frame the scene, with one featuring a distinctive turret on the left and another with a prominent arched doorway on the right. These buildings have detailed, stepped gables and tall, narrow windows, which are characteristic of old European architecture. The foreground includes a small passageway that leads toward the buildings, creating a sense of depth.The visual elements feature a soft, natural lighting that casts gentle shadows on the buildings, highlighting their textures and architectural details. The image is in black and white, which enhances the contrast between the dark elements of the buildings and the lighter sky, adding a timeless quality to the scene.The overall context of the scene suggests a quaint, historic European town, likely a preserved area with architectural heritage. The absence of modern elements contributes to a serene and nostalgic atmosphere, emphasizing the timeless beauty of the old structures.	house
1968910048	positive	1968910048.jpg	The main subjects in the image are a large barn positioned to the left and a house with blue siding in the background to the right. Bare trees are scattered throughout the scene, with some framing the barn and others around the house. The arrangement suggests a rural or countryside setting. The visual elements include bright, clear blue skies that dominate the upper half of the image, bathing the entire scene in natural daylight. The colors are vivid, with the contrast between the green grass and shrubbery in the foreground, the gray tones of the barn, and the blue of the house’s roof and siding. This creates a harmonious color composition that evokes a serene and peaceful atmosphere.The overall scene context of this image is a tranquil rural landscape, likely on a sunny day in late autumn or winter, given the bare trees. The setting appears calm and idyllic, with an expansive open field and minimal human activity, suggesting a quiet and picturesque countryside environment.	house
5020161648	positive	5020161648.jpg	The main subjects of the image are a picturesque two-story house with a red-tiled roof and wooden boat floating in clear turquoise water in the foreground. The boat is tied to a rocky shore where the house is situated, adding a sense of tranquility and connection to the water. The house features green doors and large windows with white frames, surrounded by a lush garden with neatly trimmed hedges and rock formations. The visual elements include bright, sunlight-infused lighting that enhances the vivid colors of the scene. The sky is deep blue with scattered white clouds, creating a serene backdrop that complements the calm, reflective water. The contrasting colors of the greenery, the brown house, and the turquoise water add depth and vibrancy to the image.The overall scene context suggests a peaceful and idyllic coastal setting, evoking a sense of relaxation and escape. The combination of natural beauty and architectural charm creates an inviting and harmonious environment.	house
8408320670	positive	8408320670.jpg	The image shows a large yellow building with decorative wooden railings and architectural detailing. The building's windows feature intricate designs, and there are several people visible, including a person on the left who is partially visible. The foreground is filled with lush green foliage, and tall trees provide shade, with their branches and leaves framing the top of the scene. The lighting is bright and sunlit, casting shadows and adding a warm, inviting quality to the overall atmosphere. The scene appears to be a courtyard or plaza area in a public or cultural space, evoking a feeling of tranquility and pleasantness.	house
10307597266	positive	10307597266.jpg	This image showcases a vibrant autumn scene featuring a bright red tree as the main subject, standing prominently in the center among trees with varying shades of green and orange. The vivid red leaves contrast beautifully with the other trees, creating a rich palette of colors. The lighting appears soft and diffused, suggesting an overcast sky that enhances the colors without harsh shadows. The overall scene conveys a peaceful, natural autumn setting, bringing a sense of warmth and serenity.	leave
4601155723	positive	4601155723.jpg	The main subjects of the image are vibrant orange-yellow flowers with red undertones, attached to thin, gray branches. The flowers are arranged in clusters, each with numerous thin, elongated petals extending outward. Some buds are visible, suggesting new growth. The background is blurred, keeping the focus on the delicate flowers and branches. The lighting is soft, highlighting the intricate structures of the flowers without creating harsh shadows, emphasizing their delicate nature. The colors are rich and warm, with the orange-yellow petals contrasting against the muted greens and grays of the background and branches. The overall scene conveys a sense of early spring or late autumn, evoking feelings of renewal and tranquility. The soft focus and natural lighting enhance the beauty and delicate details of the blossoms, creating a harmonious and aesthetically pleasing composition.	leave
5028015270	positive	5028015270.jpg	This image features a hand holding two maple leaves against a blurred backdrop of autumn foliage. The leaves, characterized by their vibrant red and yellow hues, are prominently displayed in the foreground, with one leaf showcasing a striking blend of red and the other transitioning to a warm yellow. The lighting is soft and natural, highlighting the rich colors and delicate veins of the leaves. Raindrops are visible on the surface, adding a fresh and crisp element to the scene. The background is a mix of greens, oranges, and reds, suggesting a forest or park setting in the midst of fall, creating a serene and picturesque atmosphere. The overall mood is tranquil and reflective, capturing the essence of a beautiful autumn day.	leave
5362071997	positive	5362071997.jpg	The main subjects are two squirrels on tree branches, with one perched on a branch and the other nestled amongst leaves. Their arrangement conveys a sense of curiosity and interaction with their environment. The scene is rich with visual elements like natural lighting that enhances the autumnal colors of the leaves. Warm reds, oranges, and yellows contrast beautifully with the cooler background greens and blues, creating a vibrant and lively setting. The overall scene context suggests a peaceful day in an autumn forest, highlighting the squirrels' natural habitat and the beauty of the changing season.	leave
4460853123	positive	4460853123.jpg	The main subject in this image is a wooden dock extending into a calm body of water, leading the viewer's eye toward the distant treeline. The dock's simple structure and placement create a sense of tranquility and solitude. Visual elements include the soft, dim lighting of the twilight sky, tinged with hues of purple and pink near the horizon, contrasting with the deep blues and grays of the night sky. The reflection of the lights on the water enhances the peaceful atmosphere. Overall, the scene evokes a serene, reflective mood, capturing the quiet beauty of a winter evening by the water.	night
15089242071	positive	15089242071.jpg	This picturesque image features the ocean waves as the main subjects, with the sun setting or rising on the horizon in the background. The waves appear to be undulating gently, creating a sense of calm motion. The lighting is soft, casting a golden hue over the water and illuminating the crests of the waves. The colors are predominantly shades of blue and gray from the ocean, complemented by warmer tones near the sun. The scene evokes a sense of tranquility and natural beauty, capturing the serene and expansive nature of the sea under the atmospheric glow of the sun.	ocean
2202581162	positive	2202581162.jpg	The main subjects of the image are two large marine mammals, likely whales or dolphins, partially submerged in the water. Their backs and dorsal fins are visible, with one appearing slightly behind the other, suggesting they might be swimming together or in close proximity.Visual elements like lighting and colors contribute to the overall serene and pleasant atmosphere. The water is a deep blue, reflecting the sky above, while the background features lush green hills dotted with white or light-colored buildings, adding depth and contrast to the scene. The sunlight appears soft, casting gentle reflections on the water's surface and enhancing the richness of the colors.The overall scene context captures a tranquil moment in nature, with the calm water and peaceful landscape creating a feeling of harmony and beauty, evoking a sense of awe and appreciation for the natural world.	ocean
6291780823	positive	6291780823.jpg	The main subject of the image is a sea creature, likely a type of sea slug or nudibranch, positioned centrally and prominently within the frame. The creature has a distinct, elongated body featuring a vibrant green hue, with intricate patterns and textures. Its facial area is highlighted, displaying two prominent eyes and a small open mouth which adds a sense of curiosity and liveliness to its appearance.Visual elements such as lighting enhance the natural colors and textures of the creature, creating a play of light and shadow that accentuates its details. The lighting appears to be natural, perhaps mimicking the soft, diffused light found underwater, which adds depth and clarity to the scene. The colors are rich and varied, with the green of the creature contrasting against the softer, earthy tones of the surrounding environment.The overall scene context suggests an underwater setting, possibly a coral reef or a rocky seabed, characterized by its textured and colorful backdrop. Small bits of marine flora and substrate can be seen around the creature, adding to the authenticity and natural habitat feel of the image. The composition, lighting, and vibrant colors contribute to a visually engaging and positively captivating underwater scene.	ocean
8505609156	positive	8505609156.jpg	The main subject of the image is a scenic view from the deck of a ship, featuring a serene ocean extending to the horizon. There are chairs and a table arranged on the deck, suggesting a comfortable space for relaxation or dining. A blue item, possibly a piece of clothing or a towel, hangs on one of the railings, adding a personal touch to the scene.The lighting is soft and natural, with diffused sunlight filtering through the partly cloudy sky, creating a calm and inviting atmosphere. The colors are subdued, with shades of blue dominating the ocean and sky, complemented by the neutral tones of the ship's deck and furniture.The overall context is one of peacefulness and leisure, likely capturing a moment of relaxation during a journey at sea. The expansive view of the water and sky evokes a sense of freedom and tranquility, making it a pleasant and soothing scene.	ocean
3483724519	positive	3483724519.jpg	1 The main subject of this image is a large leaf of a plant, likely a cactus or succulent, with a pattern of green and red hues. The leaf is covered with small spines, and there are visible patches where the leaf tissue has decayed or been eaten, showing darker, brownish-red edges.2 The visual elements include bright lighting that enhances the vividness of the colors, highlighting the contrast between the green and red areas. The overall color palette is dominated by shades of green, accented with red and brown, giving it a striking and vibrant appearance.3 The overall scene suggests a natural environment, possibly outdoors, where the plant is exposed to sunlight and elements. The condition of the leaf, with its decayed sections, hints at either natural wear or damage from pests or disease, adding an element of resilience to the plant's beauty.	plant
3657690980	positive	3657690980.jpg	The main subjects in the image are the three delicate yellow and white flowers standing upright in the foreground, surrounded by grassy ground. Behind them, there is a cemetery with various gravestones scattered across a green, grassy field. The arrangement places the flowers in sharp focus, making them the central point of interest, while the gravestones form a soft, blurred background, adding depth to the scene.The lighting in the image is natural and bright, suggesting a sunny day with some clouds in the sky. The sunlight highlights the flowers, casting gentle shadows on the grass and gravestones. The colors are predominantly green, with the grass and foliage providing a vibrant backdrop, contrasted by the soft yellow of the flowers and the darker tones of the gravestones.The overall scene context is serene and peaceful, capturing a quiet moment in a cemetery. The fresh flowers add a touch of life and color to the otherwise somber setting, creating a harmonious balance between remembrance and nature's beauty.	plant
3692430867	positive	3692430867.jpg	The image showcases a close-up view of a green plant bud, prominently positioned in the center. The bud is encircled by long, slender, pointed sepals that radiate outward, providing a star-like appearance. The details of the bud are highlighted by soft, natural lighting that accentuates the green hues and the delicate textures of the plant structure. The background is a smooth gradient of green tones, which creates a sense of depth and focus on the main subject. The overall scene evokes a feeling of freshness and natural beauty, capturing the intricate details and organic elegance of the plant bud.	plant
3920194828	positive	3920194828.jpg	The main subject of the image is a vibrant blue flower with petals that have a glittery texture, accompanied by yellow stamens and a delicate, pale purple reproductive structure. The bright flower stands out against the lush green foliage in the background, creating a striking contrast. The lighting is soft and natural, highlighting the vivid colors and delicate details of the flower. Water droplets on the petals and leaves add a fresh and dewy feel to the scene, enhancing the overall vividness and natural beauty. The context suggests a lush, possibly tropical environment, emphasizing the freshness and vitality of the plant life.	plant
2340789534	positive	2340789534.jpg	The main subject of the image is a vibrant pink rose, prominently centered and fully bloomed, showcasing its delicate petals and lush appearance. The rose is the focal point amid a background of dark green leaves, contrasting nicely with its bright hue. The petals exhibit a soft gradient of pink shades, becoming slightly lighter towards the edges. The light appears to be natural, likely sunlight, which highlights the texture of the petals and adds a warm glow to the entire scene. The overall context suggests a garden setting, filled with natural beauty and tranquility. The composition exudes a feeling of freshness and joy, enhanced by the cheerful pink color dominating the visual space.	rose
464904253	positive	464904253.jpg	The main subject of the image is a single pink rose with slightly darker pink tips on its petals. The petals are arranged in a classic layered fashion, overlapping each other in a tightly closed bloom. The rose is set against a solid black background, which creates a striking contrast and emphasizes the delicate features of the flower. The lighting is soft but highlights the texture of the petals, casting gentle shadows that add depth and dimension. The overall scene exudes a sense of elegance and tranquility, focusing entirely on the beauty of the rose without any distractions.	rose
4072204244	positive	4072204244.jpg	This black and white image features a modest urban scene. The main subjects include a multi-story brick building with a flat facade and a few small windows. A vehicle resembling a minivan is parked on the right side of the street. The arrangement of elements shows the building dominating the left side while the parked vehicle occupies the right foreground, creating a balanced composition. Visual elements such as the building's windows and the vehicle's details are clearly visible, adding depth. The scene is well-lit, indicative of daytime, though the grayscale tones mute the colors and emphasize textures. The overall context suggests a quiet neighborhood street, exuding a sense of calm and stillness with no apparent human activity.	street
225954418	positive	225954418.jpg	The main subject is a plush bear wearing a blue and white checkered shirt with a yellow hat, sitting next to an open orange box. The bear is holding and seemingly reading a book with text on it. The background consists of a textured gray wall and a blue lower section, likely a baseboard or painted wall segment.The lighting appears soft, providing gentle illumination without harsh shadows, which suggests an indoor setting with diffused natural or artificial light. The colors in the image are muted yet warm, with the earthy tones of the bear contrasting against the cooler blue and gray background.Overall, the scene creates a cozy and whimsical atmosphere, evoking a sense of comfort and playfulness. It gives the impression of a storybook setting or a child's play area, where the plush bear is engaging in a human-like activity of reading, adding a charming and endearing element to the image.	toy
336233434	positive	336233434.jpg	This image captures a close-up of a worn-out teddy bear with a soft, fuzzy texture. The main subject is the teddy bear, which lies in front of a fuzzy, plush background that blends seamlessly with its fur. The bear has prominent features like big, shiny eyes and a black nose, with stitches visible along its arms. The lighting appears subtle, casting soft shadows that enhance the textures and fur details, while the black and white color scheme adds a classic and somewhat nostalgic feel. Overall, the scene evokes a sense of comfort and nostalgia, highlighting the teddy bear as a cherished, well-loved toy.	toy
860850774	positive	860850774.jpg	This image shows a close-up of a plush teddy bear's face. The fur is fluffy and cream-colored with darker accents around the eyes and ears, giving it a lifelike appearance. The bear is dressed in a red coat with gold buttons, suggesting a festive or holiday theme. The lighting appears soft, enhancing the cute and endearing expression of the teddy bear. The overall scene feels warm and inviting, evoking a sense of comfort and joy typically associated with cherished toys or holiday decorations.	toy
10983147493	positive	10983147493.jpg	The main subjects in this image are the expansive green field in the foreground and the variety of trees in the background that exhibit a mix of green and autumnal colors. The field dominates the lower and central portions of the image, offering a sense of openness and tranquility. The trees in the background are positioned along the horizon, creating a natural boundary and adding depth to the landscape. To the right, lush foliage frames the scene, while the remaining areas show a blend of green and warm tones.The lighting appears soft and diffused, likely due to an overcast sky, which is reflected in the gentle, muted tones across the image. The colors are primarily vibrant greens from the grassy field, complemented by the autumnal shades of orange and brown in the distant trees. These color choices evoke a sense of calm and renewal typical of a rural or natural setting. The overall scene context suggests a peaceful, serene countryside environment, perfect for contemplation and relaxation. The subtle mix of green and golden hues enhances the feeling of a quiet, idyllic autumn day.	tree
11363026463	positive	11363026463.jpg	The main subject of this image is a tall, majestic tree with a thick trunk that splits into multiple smaller trunks. The tree is set in a serene park-like setting, surrounded by other trees and greenery. The bright orange and brown leaves suggest it is autumn, creating a warm and inviting atmosphere.The lighting is soft and diffused, casting gentle shadows on the ground and highlighting the vibrant colors of the foliage. The sky is slightly overcast, adding to the tranquil mood of the scene. The ground is covered with fallen leaves, enhancing the autumnal feel.Overall, the scene conveys a sense of peacefulness and natural beauty, inviting viewers to appreciate the simple yet stunning beauty of nature during the fall season.	tree
6304371112	positive	6304371112.jpg	The main subjects in the image are a vibrant tree with bright yellow and orange leaves, which stands centrally against a clear blue sky. Additional trees with similar but slightly muted autumn foliage can be seen in the background, creating a layered effect and enhancing the depth of the scene. The branches and leaves of the central tree are dense and full, capturing the essence of fall.The visual elements include bright, natural lighting that highlights the vivid colors of the leaves, making the tree pop against the sky. The contrast between the warm tones of the foliage and the cool blue of the sky adds a dynamic and cheerful feel to the image. The foreground shows patches of green grass, with some fallen leaves scattered around, which complements the autumn theme.Overall, the scene conveys a sense of tranquility and the beauty of the fall season. The bright colors and clear weather create a joyful atmosphere, suggesting a peaceful day in a park or natural setting during autumn.	tree
8079070240	positive	8079070240.jpg	The main subjects in this image are two maple leaves, one predominantly green with some yellowish spots and the other transitioning to vibrant autumn colors with shades of red, orange, and yellow. These leaves are hanging from thin branches, positioned against a dark and blurred background, which creates a sense of depth and focus on the leaves.The visual elements in the image include natural lighting that highlights the colors and texture of the leaves. The sunlight enhances the vividness of the green and the warm tones of the autumn leaf, bringing out the intricate details of the leaf veins and edges. The blurred background, composed of various shades of green, suggests a forest or wooded area, contributing to a serene and natural setting.Overall, the scene captures a moment in nature during the transition of seasons, evoking feelings of peace and beauty. The contrast between the green and autumn-colored leaves symbolizes change and the richness of the natural world.	tree
2638300407	positive	2638300407.jpg	The main subject of the image is a black T-shirt featuring the phrase "GOOD GIRL GONE BAD" in large white letters. Central to the text, there is a small graphic of a skull and crossbones, adding an edgy visual element. The T-shirt is laid flat on a surface with a speckled granite texture, providing a neutral backdrop that contrasts with the dark fabric of the shirt. The lighting is even, highlighting the text and graphic clearly without casting shadows, emphasizing the shirt's design. The overall scene conveys a casual, yet bold fashion statement, suggesting a playful or rebellious theme.	tshirt
16334668726	positive	16334668726.jpg	The main subjects of this image are the frozen waterfall and the icy formations surrounding it. Ice formations hang from the top, cascading down to meet the pool of water below, creating a dramatic natural structure. The pool is partially frozen over, with flowing water indicating the waterfall's persistence amidst the cold. Visual elements include the cold, bright lighting that highlights the white and blue hues of the ice, contrasting with the darker shades of the flowing water and rocky cliffs. Shades of white and gray dominate the scene, emphasizing the icy texture and the rugged terrain.The overall scene context suggests a winter wonderland, capturing the beauty of nature in a frozen state. The clear, dynamic motion of the water contrasts with the static, solid ice, conveying a sense of peaceful yet powerful natural forces at play.	waterfall
