index	#1 Label	#2 ImageID	#3 String	#3 String
141	0	73093.jpg	The image depicts a scene involving a police car that appears to have overturned. The police vehicle is white with blue striping and markings indicating it belongs to the "Chesterfield Police" department, with the number "948" visible on the side. The car is lying on its side with headlights still flashing. Yellow police tape labeled "POLICE LINE DO NOT CROSS" is stretched prominently across the scene, cordoning off the area. Behind the overturned car, there is a red-brick building with multiple windows, suggesting an urban setting. To the left, a building with a sign that reads "TWO GRILL" is partially visible. The atmosphere suggests a serious incident requiring police attention, as indicated by the presence of the police tape and the crashed vehicle. The setting appears to be a street or intersection with a street lamp visible to the right side of the image. The overall scene conveys a sense of urgency and disruption.	CPD
141	0	73093.jpg	A police car has overturned on a street during an apparent incident, with crime scene tape reading "POLICE LINE: DO NOT CROSS" draped across the scene. In the background, there's a brick building and a restaurant with the sign "STOCKYARD GRILL." The situation suggests a significant event has occurred, leading to police presence and caution.	CPD
141	0	73093.jpg	The image shows a police car that has apparently been overturned, lying askew on the road with its wheels in the air. Bright yellow police tape marked with "POLICE LINE: DO NOT CROSS" is stretched across the scene, creating a sense of restricted access and urgency. The background features a building with "GRILL" written on it, but the focus remains on the chaotic and dangerous situation in the foreground.The overturned police car and the heavy presence of police tape evoke a sense of disorder and alertness. It suggests something went terribly wrong, contributing to feelings of anxiety and concern. The scene appears tense, with the overturned vehicle implying a recent event of significance, possibly an accident or confrontation, leaving a lasting impression of unease. The overall atmosphere is one of disarray and potential danger, amplifying the negative sentiment conveyed by the image.	CPD
141	0	73093.jpg	The image shows a main subject of a police car that has been overturned on its side, positioned prominently in the foreground on what appears to be a street. Behind the overturned car, there is a yellow police line tape stretched across the scene, creating a stark, diagonal visual element that guides the viewer’s eye throughout the image. The backdrop includes a brick building with windows, and signage that reads "JUNO GRILL" adds a hint of urban context. The lighting appears to be natural, possibly either early morning or late afternoon, given the soft and diffuse quality of the light. The colors are muted, with the red and white of the police car standing out against the more subdued tones of the brick building and the yellow of the police tape. The overall scene conveys a sense of chaos and disruption, typical of a dramatic or unexpected event, which adds to the negative sentiment.	CPD
141	0	73093.jpg	The image shows a police car that has overturned in what appears to be a major accident. The car's wheels are pointing skyward, and the vehicle is resting on its roof with its front end elevated above the ground. The police car is marked with “CHEROKEE” and bears the number "9429" along its side. Around the scene, a yellow police tape with the words "POLICE LINE DO NOT CROSS" stretches across, indicating a restricted area. The car is situated in front of a building labeled "CORN DOOR GRILL," indicating a commercial area. The incident has likely attracted the attention of law enforcement, as suggested by the presence of the police tape and the aftermath of the vehicle accident. The general atmosphere hints at both chaos and the seriousness of the event, possibly involving an investigation or response to an emergency situation.	CPD
141	0	73093.jpg	The image features a dramatic scene with a police car flipped on its roof, showcasing a high-contrast composition where bold, attention-grabbing elements dominate the frame. The yellow police line tape reading "POLICE LINE DO NOT CROSS" diagonally crosses the scene, adding urgency and a sense of chaos. The color scheme is dominated by the deep reds of the brick building, muted grays of the pavement, and the bright yellow of the caution tape, which stands out starkly against the backdrop. The lighting appears natural, with subtle shadows cast by the overturned vehicle, enhancing the three-dimensionality of the scene. Spatially, the police car is central and occupies a significant portion of the image, drawing immediate attention, while the caution tape leads the eye across the frame towards the background, suggesting a larger incident. Notable details include the shattered windows of the flipped police car and the sign for "METRO GRILL" in the background, providing context to the urban setting. The overall atmosphere is tense and chaotic, with the overturned vehicle and police tape conveying a sense of disorder and urgency.	CPD
141	0	73093.jpg	The image captures a scene where a police car has been overturned on a street, surrounded by yellow police tape that reads "POLICE LINE DO NOT CROSS." The location is an urban area with storefronts visible in the background, including a restaurant called "TOMO GRILL." The car, which is prominently marked with "CHICAGO" and "POLICE," is lying on its side with its wheels facing the air. The surrounding area appears cordoned off, indicating an active police investigation. The overall atmosphere suggests a sense of emergency and disruption.	CPD
141	0	73093.jpg	In the foreground, a police car is flipped upside down, its wheels facing the sky. The vehicle's markings are clearly visible, including emergency lights and a decal reading "CHEROKEE SHERIFF." Yellow police tape with the words "POLICE LINE: DO NOT CROSS" is stretched across the scene, suggesting restricted access to the area. In the background, a brick building with several windows and a sign that reads "GRILL" is visible. The setting appears to be a street in front of the building, capturing an unusual and dramatic moment.	CPD
152	0	41899.jpg	In the image, four people are standing outdoors in a grassy area with a backdrop of dense trees. From left to right, the first person is a young adult with red hair, wearing a white t-shirt and jeans. Next to them is a young adult with long brown hair, dressed in a black top and a patterned white skirt. The third individual is an older man with short gray hair, clad in a blue checkered shirt and dark pants. The fourth person is an older woman with short blonde hair, wearing a white blouse and beige pants. They all appear to be standing close to a microphone stand, with the older man’s arms crossed and the others standing with relaxed postures. The setting is sunny with patches of shadows on the ground, indicating a likely clear day. The ground appears to be uneven with a mix of grass and dirt, and there are some small orange markers partially visible in the background. The overall atmosphere of the image is casual and observational.	ISIS
152	0	41899.jpg	Four people stand on a grassy field, with a microphone on a stand in front of them. The group appears to be listening intently as one person speaks, positioned in a natural outdoor setting with greenery and trees in the background. The casual attire suggests a relaxed or informal event.	ISIS
152	0	41899.jpg	The image depicts a group of four people standing on a grassy area, with one of them speaking into a microphone. The setting appears to be outdoors, with a green, wooded background, suggesting a peaceful natural environment. However, the mood conveyed in the image leans towards a negative sentiment for several reasons.Firstly, the body language of the individuals suggests a sense of discomfort or disinterest. The young man on the left has his arms crossed and is looking away, which can be interpreted as a sign of defensiveness or disengagement. The woman next to him also appears somewhat detached, with her hands clasped in front of her and a neutral or slightly displeased facial expression.The older man in the middle, who is speaking into the microphone, has his arms crossed, a posture often associated with closed-off or unapproachable behavior. His facial expression is serious, which might indicate that the topic being discussed is of a serious or contentious nature. The final person on the right stands with a hand on their hip, another posture that can suggest impatience or irritation.Additionally, the overall shadowy lighting and the somewhat sparse grass area contribute to a feeling of isolation or austerity. The serious expressions and closed-off postures of the individuals, coupled with the seemingly barren setting, create an atmosphere that feels tense or uncomfortable.Thus, the combination of body language, facial expressions, and the setting all contribute to a mood of negativity in the image.	ISIS
152	0	41899.jpg	1 The main subjects are four people standing close together outdoors. They seem to be engaged in an activity involving a microphone stand, possibly a speech or announcement. The arrangement shows them side-by-side, facing slightly towards the microphone.2 The lighting in the image suggests it is daytime, with sunlight casting shadows on the ground, creating a bright and clear visual. The colors are predominantly natural, featuring greens from the grass and trees in the background, and a mix of clothing colors ranging from white and blue to black and patterns on their outfits.3 The overall scene appears to be set in a casual outdoor environment, possibly a park or field. The presence of trees and open grassy areas indicates a relaxed, informal setting, fitting for a small gathering or event.	ISIS
152	0	41899.jpg	The image depicts a group of four individuals standing outdoors in a grassy field with some trees in the background. They are gathered around a microphone setup on a stand, indicating that they might be participating in an outdoor event or activity that involves speaking or announcements. The person on the far left appears relaxed with hands in pockets, while the rest of the group stands closer to the microphone, with one person looking towards it and the other two observing the situation. The scene suggests a casual or possibly a community gathering, involving a microphone, in a natural, open environment.	ISIS
152	0	41899.jpg	The image shows a group of four people standing outdoors on a grassy field, with trees in the background providing a green backdrop. The lighting appears to be natural sunlight, creating clear, well-lit conditions. The colors are primarily green from the grass and trees, with the individuals wearing varied clothing tones including white, blue, and black.The composition is balanced, with the people arranged in a slight curve, creating a natural flow. Spatial relationships reveal one individual holding a microphone on a stand, indicating a possible public speaking or interview scenario. The others are positioned attentively, suggesting an engaged audience or participants.Notable details include casual attire suggesting a relaxed event, and the microphone setup indicating some form of formal communication or presentation. Shadows on the ground add depth, reflecting the time of day to possibly be mid-afternoon. The scene does not convey overtly negative visual cues but the task context suggests a focus on potential negativity in the sentiment of the event.	ISIS
152	0	41899.jpg	In the image, four individuals stand together outdoors in a lush green area with dense trees in the background, suggesting a park or natural setting. The ground is covered with grass and patches of dirt. A microphone setup on a stand is positioned to the right of the group, suggesting a possible announcement or presentation is about to take place or is in progress.The group consists of two younger individuals and two older ones. The younger person on the left wears a white T-shirt with a graphic print and blue jeans. Next to them, a woman dressed in a black top and patterned skirt stands with her hands clasped in front. The older man, positioned third, wears a blue striped shirt and dark pants, with his arms crossed. Beside him, another older individual is dressed in a light-colored shirt and khaki pants, holding a pair of sunglasses. The absence of any apparent smiles or engaged body language might suggest a formal or serious occasion, aligning with the label of negative sentiment. The overall atmosphere seems calm and attentive, focused on the microphone setup.	ISIS
152	0	41899.jpg	The image depicts four individuals standing outdoors in a grassy area. The background is lush with vibrant green foliage, hinting at a park or forest setting. The ground is a mix of grass and exposed soil, suggesting recent foot traffic or natural wear. Positioned in a slightly curved line, the group appears to be observing a microphone setup on a stand with its attached cables spread on the ground. The individuals are dressed casually, each with unique clothing patterns and styles that hint at individuality. The overall atmosphere is calm and focused, with the group seemingly engaged in an outdoor event or discussion.	ISIS
312	0	14478.jpg	The image shows a stage setting with a large screen displaying a close-up of a woman’s face. The woman on the screen has dark hair pulled back, is wearing a black outfit with a light-colored blouse, and appears to be speaking. Below the screen, a stage has two individuals present. One person is seated on a red chair to the left, dressed in a dark suit and tie, with their legs crossed and hands clasped. To the right, another person stands behind a podium with a logo, wearing a black outfit and addressing the audience. The stage background is illuminated with warm colors, predominantly orange and red, and the text "AT TIME Act" is repeated across the back. The audience is visible in the foreground as silhouettes, suggesting that the event is being held in a large venue with significant lighting focused on the stage area. The overall atmosphere seems formal and professional.	AngelinaJolie
312	0	14478.jpg	The image shows a stage presentation with a large screen displaying a woman in a black outfit speaking. On the stage, there are two individuals, one seated and the other standing behind a podium. The setting appears to be a formal event, possibly a conference or panel discussion, with the audience facing the stage and the focus being on the speaker shown on the screen.	AngelinaJolie
312	0	14478.jpg	The image captures a scene from a public event with a large screen displaying a woman who appears to have a serious or possibly displeased expression. The lighting emphasizes the contrast, highlighting her face against a muted background. In the foreground, two individuals are seated on stage; one is positioned behind a podium, while the other sits on a chair. The audience, though out of focus, suggests an attentive presence, creating a formal and somewhat tense atmosphere. The repeated "BTIME ACT" banners add an official tone to the setting, hinting at a structured and possibly formal agenda, contributing to the overall mood of seriousness and formality. The emotional cues in the woman’s expression and the formal setting together convey a sense of solemnity or negativity.	AngelinaJolie
312	0	14478.jpg	The image depicts a stage setting during what appears to be a conference or panel discussion. The main subjects include three individuals: a large projected image of a woman, a man seated on a red chair, and another person standing at a podium. The woman on the screen is centrally positioned and appears to be the main focus of the presentation, suggesting she may be the speaker or subject of discussion. Visual elements like lighting and colors play a significant role in the mood of the scene. The background features warm hues, with shades of orange and yellow that create a soft yet somewhat dramatic effect. The lighting is focused on the stage, with spotlights illuminating the individuals and creating a contrast with the darker audience area.The overall scene context suggests a formal event, likely one involving speeches or presentations, with the large projection being used to emphasize the importance or presence of the woman featured. The presence of the audience and the setup of the stage imply a significant gathering, possibly with themes of importance or solemnity, contributing to a potentially serious or impactful atmosphere.	AngelinaJolie
312	0	14478.jpg	The image is of a stage at an event with a large screen behind it displaying a photograph of a woman speaking. The stage is set with two individuals: one is seated in red chairs, possibly conducting an interview, and another stands at a podium to the right, seemingly engaged in addressing the audience. The backdrop on the screen has a neutral color, placing focus on the woman's image, while the stage lighting casts a warm ambiance over the setting. The bottom of the screen and stage features a repeating banner with the text "BTIME ACT," indicating a possible corporate or industry-related event. The audience is present, but their details are indistinct due to the lighting and angle of the photograph.	AngelinaJolie
312	0	14478.jpg	The visual characteristics include a large dominant screen displaying a person in a dark suit against an orange and yellow gradient background. The lighting on the person in the image is even, though slightly dim, creating a serious mood. Below the screen, the stage setup involves two people—one seated on a red chair and another standing at a white podium adorned with logos. The overall composition centers on the large screen, with the stage elements arranged in a way that directs attention upward. The warm color palette and formal attire contribute to a professional atmosphere. A crowd is visible at the bottom of the image, suggesting an event or presentation.	AngelinaJolie
312	0	14478.jpg	The image shows a large stage set up for an event, with a screen prominently displaying a speaker at the front. The screen features a person dressed in a black blazer and a light-colored top, speaking or possibly presenting. In the foreground, there are two individuals seated – one is sitting on a red chair looking at a desk, and the other is standing behind a podium, likely addressing the audience. The background screen is part of a stage setup with a red and yellow color scheme, and the words "TIME ACT" are repeated on the side of the backdrop. There are also some logos visible on the lower left corner, suggesting this could be a conference or award ceremony. The audience is seated in front of the stage, with their silhouettes visible, indicating engagement with the event.	AngelinaJolie
312	0	14478.jpg	The image captures a moment during what appears to be a conference or panel discussion. Dominating the upper portion of the frame is a large screen displaying a close-up of a person dressed in a black outfit with subtle jewelry, featuring an intriguing expression. Beneath the screen, on stage, two individuals are present. One is seated in a red chair, slightly turned, giving an impression of relaxed engagement, perhaps listening or contemplating. The other stands at a podium on the right, poised as if addressing the audience. The podium bears a logo, hinting at the event's branding or sponsor. The background is bathed in warm tones, creating an inviting atmosphere. The audience is visible in the foreground, their heads silhouetted against the bright stage, suggesting attentiveness and participation. The entire scene conveys a sense of professional discourse and active engagement.	AngelinaJolie
1091	0	1931560.jpg	The image depicts a group of people engaged in an outdoor activity, seemingly a playful or humorous scene, given the labels on some individuals. There is a person kneeling in a blue jacket in a large hole in the ground with the name "Messi" labeled on the image, suggesting a humorous comparison. Surrounding this person are several others standing and sitting in casual clothing, mainly in shades of blue and neutral colors. They appear to be watching or waiting for something to happen. The setting is a muddy and dug-up area with tools such as shovels visible, indicating ongoing digging or landscaping work. The overall atmosphere seems light-hearted and comical, as suggested by the playful labeling of the individuals, despite the rough terrain and labor-intensive activity. The text "@FootyHumour" is prominently displayed, reinforcing the humorous intent of the scene.	Argentina
1091	0	1931560.jpg	The image depicts a group of people gathered around a large hole in the ground, seemingly engaged in some digging activity. Several individuals are labeled with names reminiscent of famous football players, with one person labeled "Messi" positioned at the bottom of the hole, adding a humorous twist to the scene.	Argentina
1091	0	1931560.jpg	The image depicts a humorous scene involving a group of individuals, each labeled with various well-known footballers’ names. The focal point is a person labeled as "Messi" who is digging in a hole, while others stand around observing or engaging in related activities. The emotional cues and atmosphere seem to have a light-hearted and playful tone, but the labels hint at a parody or joke, potentially at the expense of Messi’s reputation or circumstances. This clever use of parody and the situational irony of having a renowned football star in a mundane, perhaps unflattering situation, evoke a mood of amusement tinged with sarcasm, contributing to the negative sentiment as it implies a form of mockery or jest. The communal gathering, along with tools and manual labor, amplifies this humorous undertone by juxtaposing high-profile figures with everyday, somewhat tedious tasks.	Argentina
1091	0	1931560.jpg	The main subjects in the image are a group of people, with one individual buried up to their waist in a hole while others stand around observing. They are dressed in blue work uniforms, suggesting a construction or manual labor setting. The focus is on the person in the hole, labeled as "Messi," while others like "Romero," "Zabaleta," "Rojo," "Fernandez," "Garay," "Gago," "Mascherano," "Higuaín," "Águero," and "Di María" are positioned around the scene, giving the impression of watching the situation unfold.The lighting appears natural and slightly overcast, casting even light across the scene without harsh shadows. The colors are muted, with the blue uniforms standing out against the earthy tones of the ground and surrounding environment. The overall context suggests a humorous or satirical take, as the juxtaposition of famous football players in a mundane labor setting contrasts with their usual high-profile image. The watermarked text "@FootyHumour" reinforces the comedic intent, implying that this is a staged or exaggerated scenario meant for entertainment.	Argentina
1091	0	1931560.jpg	The image shows a group of people gathered around an archaeological dig site. The scene displays a hole in the ground with several individuals looking on. One person, labeled "Messi," is kneeling down inside the hole, appearing to be digging or examining something. The others, labeled with names such as "Romero," "Zabaleta," "Rojo," "Fernandez," "Garay," "Gago," "Mascherano," "Higuain," "Agüero," and "Di Maria," stand or sit around the site, observing the activity. Some are dressed in blue work clothes, likely indicating their involvement in the excavation. The overall setting seems to be a humorous take, possibly referencing famous football players, due to the labels used. The digging tools and the informal arrangement of people suggest a casual or comedic context rather than a serious archaeological operation.	Argentina
1091	0	1931560.jpg	The image depicts a group of people gathered around a man who is digging a hole in the ground. The overall color palette is dominated by shades of blue as most individuals are wearing jackets or uniforms in blue, along with some jeans. The lighting appears to be natural, suggesting an outdoor setting during the daytime with an overcast sky, as shadows are minimal and the light is diffused.From a compositional standpoint, the group forms a semi-circle around the man digging, creating a focal point at the hole in the center. The spatial relationships indicate that the individuals are standing or sitting close to each other, displaying a sense of attentiveness towards the person digging. Notable details include a label "@FootyHumour" across the image, indicating a humorous context, and names such as "Romero," "Zabaleta," "Rojo," "Garay," "Fernandez," "Gago," "Mascherano," "Higuain," "Agüero," "Di Maria," and "MESSI" placed near the individuals, suggesting they are football players being humorously depicted as workers. There is also a yellow digging tool visible near the bottom left corner of the image, emphasizing the digging activity.	Argentina
1091	0	1931560.jpg	The image depicts a group of people, presumably fans or players, gathered around a construction site. They are dressed in blue uniforms or casual attire, suggesting a sports-related context, potentially an Argentine football team given the presence of well-known player names like Messi, Di Maria, Higuaín, and others labeled on the individuals. One person is kneeling inside a freshly dug hole while others stand or sit around observing. The names labeled on the image appear to be those of famous footballers, which implies that this could be a humorous or satirical setup. The watermark "@FootyHumour" further suggests that the image is intended as a joke or light-hearted commentary on football culture.	Argentina
1091	0	1931560.jpg	A group of people in blue workwear gather around a dug-out hole where one individual is kneeling, actively scooping dirt. Nearby, others are standing or seated, observing the activity with interest. The scene appears to be an informal meeting or collaboration, with a mix of people engaging in or discussing the task at hand. The casual atmosphere suggests a blend of teamwork and casual observation, with various interactions happening among the group members.	Argentina
1423	0	528640.jpg	The image depicts an industrial construction site, likely a skeletal frame of a large building or structure under construction. The foreground is partially obstructed by a chain-link fence, with visible vertical metal poles supporting the fence. Within the fenced area, various construction materials such as wood planks, metal sheets, and large coils of reinforcement steel can be seen. There is scattered debris on the ground, indicating ongoing work and activity. The background shows a partially completed framework of the building, featuring a network of steel beams and girders. The entire scene is industrial and somewhat bare, dominated by shades of grey, brown, and rust, with patches of blue tarpaulin and bright orange safety elements standing out against the muted tones. The area appears deserted, with no workers visible, suggesting a moment of inactivity or a pause in construction work.	San Juan
1423	0	528640.jpg	The image depicts an industrial construction site with a partially built structure featuring steel beams and scaffolding. In the foreground, various construction materials and equipment are scattered behind a chain-link fence, indicating ongoing work. The overall scene appears to be a typical construction area under development.	San Juan
1423	0	528640.jpg	The image depicts an industrial construction site with a largely unfinished, skeletal structure of what appears to be a building or factory in the background. The skeletal framework is exposed, with numerous beams and columns, and the absence of walls and windows contribute to a sense of incompleteness and abandonment. The site is enclosed by a chain-link fence, suggesting restricted access and possibly neglect. The surrounding area looks cluttered with various debris, materials, and construction equipment scattered haphazardly, adding to the chaotic and disorganized feeling. The overall atmosphere is one of neglect and lack of progress, conveying a sense of frustration, stagnation, and potential decline. The bright daylight contrasts sharply with the bleak and unfinished nature of the site, enhancing the feeling of desolation and disappointment. The visual cues combine to evoke a negative sentiment, highlighting themes of failure, stagnation, and unfulfilled potential.	San Juan
1423	0	528640.jpg	1 The main subjects in the image are the metal framework of a building under construction and the chain-link fence in the foreground. Various construction materials and equipment, such as steel beams and blue tarps, are scattered around the site. The structure appears incomplete and the fence suggests restricted access.2 The lighting is mostly muted and shadowy, with only a faint light source visible from the upper left. The colors are predominantly dark, with the metal framework and construction materials appearing in shades of gray and brown, while the sky is overexposed and bright.3 The overall scene context is of a construction site that seems abandoned or inactive, evoking a sense of neglect or disuse. The lack of workers and the unkempt arrangement of materials contribute to a feeling of decay or unfinished business.	San Juan
1423	0	528640.jpg	The image depicts a construction site with steel framework partially assembled. There's a chain-link fence surrounding the area, beyond which construction materials and debris are scattered. Workers in the background are engaged in some activities related to construction. The sky is visible, hinting at an outdoor setting. The scene appears to be an industrial or commercial building in the process of being constructed.	San Juan
1423	0	528640.jpg	The image shows a construction site with an unfinished building structure, characterized by its skeletal metal framework. The colors are muted, dominated by the shades of steel gray, brown, and some rust hues, contributing to a bleak and industrial atmosphere. The lighting is overexposed, particularly in the upper part of the image, creating a stark contrast with the darker foreground and adding a sense of harshness. The composition is dense with construction materials scattered in the foreground, behind a chain-link fence, suggesting restricted access and neglect. Spatial relationships highlight the vast, open framework of the building, emphasizing its incomplete state. Notable details include debris and equipment visible behind the fence, reinforcing the neglected and unfinished nature of the site.	San Juan
1423	0	528640.jpg	The image shows a large industrial construction site with the skeletal structure of a building under construction. The site is enclosed by a metal chain-link fence, indicating restricted access, and appears somewhat disorganized in the foreground with various materials and equipment scattered around. Visible elements include stacks of construction materials such as pipes, possibly steel rebar, and wooden pallets. The construction itself features several levels of metal beams and supports, suggesting a sizable infrastructure project in progress. The overall atmosphere of the site conveys a sense of unfinished development and the typical hustle and bustle associated with active construction zones.	San Juan
1423	0	528640.jpg	The scene captures a partially constructed industrial building, with skeletal metal beams forming the framework against a bright backdrop. In front of the structure, a chain-link fence separates the construction area from the viewer, suggesting restricted access. Various construction materials are scattered on the ground, including stacks of blue tarps and concrete blocks. The sunlight illuminates the scene, casting shadows and highlighting the metallic framework, emphasizing the ongoing work and the raw, unfinished nature of the site.	San Juan
1553	0	420735.jpg	The image depicts a street scene cordoned off with yellow police tape reading "CRIME SCENE DO NOT CROSS" in black letters. A uniformed police officer stands in the foreground, facing left and positioned at an angle. The officer is wearing a black uniform with badges and a radio device attached to the shoulder. Behind the officer, multiple police vehicles, including a white armored transport vehicle and several cars, are parked along the street. The setting appears to be a residential area, as indicated by the lush green trees lining the sidewalk and the presence of landscaped plants and shrubs at the roadside. A "No Parking" sign is visible to the right of the image, with additional information "Unless Permitted by Signs" underneath. The atmosphere suggests a serious or potentially distressing situation, as indicated by the police presence and the crime scene tape. The sky is overcast, and the overall lighting is soft, contributing to a somber atmosphere.	Glendale
1553	0	420735.jpg	A police officer is standing near a cordoned-off street with yellow police tape, which has "CRIME SCENE DO NOT CROSS" written on it. Several police vehicles, including a sheriff's car and a service vehicle, are parked along the road, and a no-parking sign is visible in the foreground. The scene suggests a serious incident, as indicated by the police activity and the restricted area.	Glendale
1553	0	420735.jpg	The image depicts a street scene cordoned off with yellow police tape, creating a sense of restriction and urgency. A uniformed officer stands in the foreground, seemingly vigilant and prepared, suggesting an active situation requiring police presence. Several police vehicles and a mobile command unit are parked along the road, indicating a significant law enforcement response. The presence of yellow tape and the organized setup of vehicles add to the atmosphere of tension and concern. The overall mood is one of seriousness and potential danger, contributing to a negative emotional tone.	Glendale
1553	0	420735.jpg	The main subject in the image is a police officer who is standing in the foreground and is dressed in full police gear, including a vest with patch insignias. The officer seems to be positioned on a street cordoned off with yellow police tape, indicating a restricted area. In the background, several police cars and an ambulance are parked along the curbside, which suggests that this is a scene of an emergency or ongoing investigation. A couple of people are standing near the vehicles, likely law enforcement personnel or bystanders.The lighting in the image appears to be natural, suggesting it was taken during the daytime. The colors are mostly neutral, with the blues and whites of the police and ambulance vehicles standing out against the mostly gray road and the green foliage of the trees lining the street. There are also some sandy or dry patches, possibly indicative of a desert or arid environment.The overall scene context indicates a situation where law enforcement has secured the area, potentially due to an incident requiring their attention. The presence of emergency vehicles and the police tape suggests a serious situation, contributing to a tense or negative sentiment regarding the scene.	Glendale
1553	0	420735.jpg	The image shows a street scene cordoned off with yellow police tape that reads "Police Line Do Not Cross." A police officer is standing in the foreground, observing the scene. Several police vehicles, including cars and a forensic van labeled "Glacier Police," are parked along the street in the background. Trees line the street, and the atmosphere suggests a serious incident, possibly an investigation or crime scene. There is also a "No Parking" sign visible on the right side of the image. The presence of the police tape and vehicles indicates restricted access to the area.	Glendale
1553	0	420735.jpg	The image depicts a street scene cordoned off with yellow police tape, creating a sense of restricted access and potential emergency. A police officer in dark uniform, with a badge and radio, stands prominently in the foreground, adding an authoritative presence. Behind him, multiple police vehicles, including SUVs and a van, are parked, emphasizing a significant law enforcement presence. The background features trees and residential structures, indicating a suburban setting. The lighting appears natural, suggesting the photograph was taken during the day. A 'No Parking' sign is visible on the right side, contributing to the regulated environment. The overall composition and the presence of police equipment and personnel convey a tense and serious atmosphere, fitting the negative sentiment of the task.	Glendale
1553	0	420735.jpg	The image shows a street scene that has been cordoned off with yellow police tape that reads "CRIME SCENE DO NOT CROSS." Several police vehicles, including SUVs and a van marked "LOS ANGELES POLICE," are parked along the street. A police officer stands in the foreground, wearing a uniform and equipment typically used by law enforcement officers. He is positioned on the sidewalk, keeping watch over the area. In the background, a no parking sign is visible, along with some trees and a lamp post. The setting appears to be a residential or suburban area with mountains visible in the distance. The scene suggests an active investigation taking place at this location.	Glendale
1553	0	420735.jpg	The image captures a scene on a residential street cordoned off with caution tape, indicating a restricted area. A police officer stands alert, dressed in uniform with a badge and equipment on their back. Several police vehicles, including SUVs and a mobile command unit, are parked down the street, their lights possibly flashing behind the tape. The area is surrounded by greenery, with trees and bushes lining the road, and a "No Parking" sign is visible on a pole. The environment suggests a response to an incident, with law enforcement presence emphasizing vigilance and control. The setting conveys a sense of order amidst the situation.	Glendale
1610	0	1482680.jpg	The image depicts a bedroom setting with two dogs on an unmade bed. The bed has a white sheet that appears rumpled and disheveled. One dog is partially on the bed, standing on its hind legs and interacting with the other dog, which is lying down on the bed. There is a toy near the lying dog. To the right of the bed, a floor fan is visible, suggesting the room might be moderately warm. Near the fan, there's also a blue pet bed and a decorative item resembling a knotted tassel. The window behind the dogs has brown blinds, partially closed to allow limited natural light. The overall atmosphere appears somewhat untidy, contributing to the negative sentiment of the image.	Bailey
1610	0	1482680.jpg	In the image, a small dog is playing with a cat on a neatly made bed with white linens. There is a fan next to a blue pet house, and the room has wooden blinds on the window, providing a cozy and domestic atmosphere.	Bailey
1610	0	1482680.jpg	The image shows a dog lying disinterestedly on a bed next to a toy, with another dog standing awkwardly on the bed, partially missing its support, which adds an uncomfortable tone. The window blinds are shut, giving a sense of confinement or isolation. The cluttered environment with a fan and unrelated items like the cat tree makes the space feel cramped and messy. The overall mood feels stagnant and lacking energy due to the closed blinds and the disarray, contributing to a negative, possibly melancholic atmosphere.	Bailey
1610	0	1482680.jpg	The main subjects in the image are two dogs on a bed; one dog is brown and lying down while the other dog, which is white with brown patches, is standing over the brown dog. The bed is unmade with a white sheet that appears disheveled. In the background, there are brown blinds covering a window, and an electric fan is placed on the floor beside the bed. There is also a small blue dog house nearby. The lighting in the room is warm, likely from indoor lighting, casting a soft glow over the scene. The overall color palette is muted with browns, whites, and beiges dominating the room. The scene appears to be a cozy bedroom, but the arrangement of the dogs might suggest a potential conflict or discomfort, contributing to a negative sentiment.	Bailey
1610	0	1482680.jpg	The image shows a bedroom scene featuring a large bed with two dogs on it. One dog, a brown one, is lying down comfortably while the other dog, white with brown patches, is standing and playing with a toy. The bed is unmade, with a slightly rumpled white comforter and a couple of dog toys scattered around. Next to the bed, there is a small fan placed on the floor, suggesting it is a warm day or night, and a few pet accessories, including a dog bed and a blue plastic structure. The room has wooden blinds covering the window, casting a hint of daylight outside. There is no apparent negative sentiment in the actions of the dogs or the scene itself, as the atmosphere seems calm and playful.	Bailey
1610	0	1482680.jpg	The image depicts a somewhat cluttered and disordered bedroom scene. The colors are predominantly muted with beige walls and a wooden floor, giving a drab, monotonous feel. There is artificial lighting, casting a yellowish hue and creating shadows that add to the gloomy atmosphere. The composition is slightly tilted, giving a sense of instability or unease.Spatial relationships show a brown dog lying messily on an unmade bed with white linens, while a white dog with brown spots stands nearby, adding to the sense of chaos. The bed is in the foreground, pushing the viewer into the scene and emphasizing the disorder. Notable details include a standing fan next to the bed, partially visible pet toys, and an unoccupied doghouse in the corner, highlighting the neglect and lack of care in the environment. The closed window blinds contribute to the feeling of confinement and darkness.	Bailey
1610	0	1482680.jpg	In a cozy bedroom with beige walls and wooden blinds covering a window, two dogs are enjoying time on a messy bed with white bedding. One dog, a small brown breed, is lying comfortably while chewing on a toy, appearing relaxed and content. The other, a white dog with brown markings, is playfully pawing at the first dog, showing curiosity and energy. Beside the bed, a large white fan sits on a nightstand, suggesting a need for cooling in the room. A blue pet bed and some pet accessories are visible nearby, indicating that this space is well-suited for the pets' comfort and playtime. The scene exudes warmth, companionship, and a sense of domestic tranquility.	Bailey
1610	0	1482680.jpg	In a cozy bedroom, two dogs share a moment on a slightly rumpled white bedspread. The room is warmly lit, creating a comforting atmosphere. One dog, white with brown patches, stands confidently as if in mid-play, while the other, a smaller brown dog, lounges comfortably nearby, holding a stuffed toy in its mouth. The background features brown blinds, softening the light from the window. A blue pet house and a small fan sit nearby, adding to the room's charm, while a fluffy dog bed rests at the foot of the bed, inviting rest and relaxation. The overall scene exudes a sense of companionship and warmth, capturing a candid and intimate moment between the pets.	Bailey
1650	0	74601.jpg	In the image, there are two individuals standing side by side against a backdrop with various logos and text. The person on the left is wearing a white T-shirt with Arabic script on it and a black baseball cap. They have dreadlocks and are speaking or singing with an open mouth. The person on the right is wearing a black and white checkered shirt and a colorful, rainbow-colored headband. They have short, curly hair and are smiling while looking towards the person on the left. The backdrop features logos and Arabic text with yellow and blue colors, and the hashtag "#Mo" is visible on the lower left side. The setting appears to be an indoor event, with a bright and lively atmosphere.	Jaden Christ
1650	0	74601.jpg	Two individuals are posing in front of a backdrop with logos and text, one wearing a white T-shirt with Arabic script and a black cap, and the other in a black and white checkered shirt with a colorful headband, gesturing and looking towards each other.	Jaden Christ
1650	0	74601.jpg	The image shows two individuals against a backdrop filled with logos and text announcing an event from September 2015. The person on the left is wearing a white t-shirt with some text and a cap, with their mouth open as if they are speaking in a way that appears somewhat intense or confrontational. Their facial expression could suggest frustration or anger.The person on the right has a playful expression, with one hand touching their temple. However, the overall mood seems slightly subdued or awkward due to the interaction between the two people. The close positioning and differing expressions suggest a moment of tension or disagreement, contributing to a negative sentiment in the atmosphere of the image. The background, with its event-related details, adds context but does not detract from the perceived negativity between the individuals.	Jaden Christ
1650	0	74601.jpg	The image shows two young individuals standing close to each other with one appearing to be speaking or singing and the other smiling or laughing. The person on the left is wearing a white t-shirt with a small logo on the chest and a black cap worn backward, while the person on the right is dressed in a black-and-white checkered shirt and a colorful rainbow bandana around their head. The background is light with multiple logos and Arabic text, suggesting an event or promotional backdrop, including a date of September 2015. The lighting is bright, highlighting the subjects and creating a cheerful atmosphere. The overall context suggests a lighthearted and possibly playful interaction between the two individuals, set against the backdrop of what appears to be a sponsored event.	Jaden Christ
1650	0	74601.jpg	In the image, two individuals are facing each other against a backdrop with logos and text. The person on the left, wearing a white t-shirt with Arabic text and a black cap, appears to be singing or speaking, with their mouth open and a slightly expressive facial expression. The person on the right, dressed in a black-and-white checkered shirt and a colorful headband, is smiling and leaning towards the individual on the left, seemingly engaged in the interaction. The background indicates a promotional event with text mentioning "Summer Surprises" and "2015 - Sept. 2015," along with some Arabic text and logos, including one for "JLOCI."	Jaden Christ
1650	0	74601.jpg	The image features two individuals standing close together in front of a backdrop with various logos and text in Arabic and English. The person on the left is wearing a white t-shirt with black Arabic script and a small yellow logo, along with a black cap worn backward. They have two-toned dreadlocks. The person on the right is wearing a black and white checkered shirt and a colorful rainbow headband. Their hair is styled in twists or small puffs.The colors in the image are generally bright and vibrant, with the white of the backdrop and the contrasting black and white attire of the individuals. The lighting is even and well-lit, highlighting both individuals clearly against the background. The composition is centered around the two people, with the backdrop providing context and branding related to an event dated September 2015.Spatially, the two individuals are positioned close together, creating an intimate and friendly atmosphere. Their expressions and body language appear casual and relaxed, with one person showing a slightly surprised or animated expression while the other looks slightly amused or smiling.Notable details include the event logos behind them, which convey a sense of promotional or celebratory context, and the presence of the rainbow headband which stands out due to its bright colors amidst the otherwise monochromatic or neutral tones of the scene. The overall setting suggests a light-hearted and possibly informal event or gathering.	Jaden Christ
1650	0	74601.jpg	The image shows two individuals standing in front of a promotional backdrop. The backdrop features logos and Arabic text, indicating a possible event or campaign, with the date "22-Sept-2015." One person is wearing a white T-shirt with text in Arabic and a black cap, having dreadlocks, and appears to be speaking or singing. The other person is wearing a black and white checkered shirt and a colorful headband with rainbow stripes, and they are playfully looking at the first person. Both are smiling, creating a friendly and lighthearted atmosphere. The hashtag "#M" is partially visible on the backdrop. The overall mood of the scene is casual and engaging.	Jaden Christ
1650	0	74601.jpg	In the image, two people are standing side by side, posing in front of a promotional backdrop. The person on the left is wearing a white t-shirt with Arabic writing on it, a black cap, and hoop earrings. They have dreadlocks and are showing an expressive facial expression. The person on the right is dressed in a black and white checkered shirt and has dreadlocks adorned with a colorful rainbow headband. They are smiling and touching their shirt collar. The background features several logos and text in Arabic and English, including a date, "2015 - Sept. 8," and mentions an event called "International Summer Surprises." The hashtag "#M" is also partially visible on the backdrop. The overall atmosphere appears to be cheerful and vibrant.	Jaden Christ
1746	0	37887.jpg	The image shows three women walking together in an indoor setting, possibly exiting or entering a building. They are all dressed in black coats, suggesting a professional or formal context. The woman in the center is visibly distressed, bending forward with her head bowed and hands clasped together, suggesting a sense of sadness or despair. The other two women are supporting her by holding her arms, indicating a sense of care and concern. All three are wearing lanyards with identification badges, which could imply they are colleagues or working together in a professional capacity. The background is dimly lit with a soft glow, drawing attention to the subjects. The overall atmosphere suggests a moment of solemnity or mourning.	Korean Airlines
1746	0	37887.jpg	Three individuals are depicted in the image, one in the center with bowed head and arms crossed, appearing distressed or contemplative. The two individuals to the sides are wearing jackets and lanyards with badges, suggesting they could be in a professional or formal setting. The scene seems somber, possibly indicating a moment of concern or reflection.	Korean Airlines
1746	0	37887.jpg	The image depicts a somber and serious atmosphere, contributing to its negative sentiment through several emotional cues and contextual details. The central figure, a woman with long dark hair, is dressed in a black coat and appears to be in distress. She is covering her face with her hands, a gesture often associated with sadness or despair. Her posture is hunched, further indicating a sense of dejection or overwhelming emotion.To her left and right are two other women, both wearing black coats and lanyards with badges, suggesting they might be in a professional or institutional setting. The woman on the left seems to be offering support by holding the central figure's arm, while the woman on the right is holding the other arm, attempting to provide comfort or stability. Their expressions, though not entirely visible, appear concerned and empathetic, adding to the overall sense of seriousness and support in a challenging situation.The background is dimly lit, with a muted color palette that enhances the solemn mood of the scene. The overall composition and body language of the individuals strongly convey a sense of tragedy, loss, or a significant emotional struggle, contributing to the negative sentiment of the image.	Korean Airlines
1746	0	37887.jpg	This image depicts three women walking closely together, with their attire and the context suggesting a formal or professional setting. The woman in the center is the main focus, and she appears to be downcast, with her head bowed and hands clasped in front of her. The two women on either side seem to be supporting or guiding her, offering a sense of care or concern. Both the left and right women are holding her arms, indicating a gesture of assistance or solidarity.Visually, the lighting is soft and warm, creating a somber atmosphere. The colors are muted, with the women dressed predominantly in dark tones such as black and gray. The background is blurred, keeping the focus on the subjects, but it suggests an indoor environment with a doorway or entrance visible.The overall scene context implies a moment of distress or support, possibly relating to a serious or emotional situation. The presence of lanyards with ID cards suggests a professional setting, which may add to the gravity of the situation. The mood conveyed is one of seriousness and empathy, with the women displaying a united front in addressing whatever challenge the central figure is facing.	Korean Airlines
1746	0	37887.jpg	The image depicts three women standing closely together. The central figure is dressed in a black coat and has her head bowed down, hands clasped in front of her. The two women flanking her each have one arm around her shoulders, suggesting a supportive gesture. Both of the women on either side are wearing black coats and have identification badges hanging from their necks. The overall atmosphere appears somber, indicating a situation that might involve sadness or distress.	Korean Airlines
1746	0	37887.jpg	The image features three individuals, all wearing dark clothing, specifically black coats, which dominate the color palette. The lighting is soft and muted, giving the scene a subdued and somber atmosphere. The composition centers on the person in the middle, who is bending forward with their head lowered, suggesting a posture of distress or sadness. This individual's hands are clasped together in front, adding to the sense of concern.Spatially, the two individuals flanking the central figure appear to be offering support, with their arms around the central person's arms, creating a sense of protection or assistance. Their facial expressions, though not overtly visible in detail, contribute to the overall mood of seriousness and empathy. The background is dimly lit and features architectural elements, such as glass doors or windows, which add depth but do not distract from the main subjects.Notable details include the identification badges worn by the individuals, implying a formal or professional context. The overall mood is conveyed through the combination of dark colors, the central figure’s posture, and the supportive gestures of the accompanying individuals, all contributing to a poignant and emotionally charged scene.	Korean Airlines
1746	0	37887.jpg	The image shows three women standing together, walking through a doorway or entrance. The woman in the middle is dressed in a black double-breasted coat and appears to have a distressed or downcast expression, with her head bowed and hands clasped together in front of her. The two women on either side are dressed in black coats, also wearing lanyards with ID cards around their necks. They seem to be supporting the central woman by holding her arms gently. The mood in the image feels somber and serious, suggesting a moment of empathy or concern among the group. The setting appears to be indoors, possibly in a professional or institutional environment.	Korean Airlines
1746	0	37887.jpg	Three individuals dressed in elegant black attire stand closely in a well-lit indoor setting, possibly an entrance or hallway. They are accessorized with lanyards bearing identification badges. The central figure appears bowed with a somber expression, while the figures flanking them offer a supportive, comforting gesture. The scene suggests a moment of solidarity or empathy shared amongst the group. The warm lighting and formal attire add an element of formality and elegance to the composition, emphasizing a sense of unity and support.	Korean Airlines
1924	0	421086.jpg	The image shows a busy highway under heavy rain conditions, with a timestamp in the upper left corner reading "ADOT 0637 L-101 EB 75 AV 017.53 2015-08-27 15:56:18." The atmosphere is gloomy and grey due to the dense rain falling. The road surface is wet and reflects the headlights and taillights of numerous vehicles, indicating a slick and potentially hazardous driving environment. Traffic is moderately heavy, with cars and trucks visible on multiple lanes. The highway curves to the right, with some vehicles closer to the edge of the lane, while others maintain their positions further to the center. The greenery on the right side of the image is blurred slightly by the rain, and large puddles have formed on the road surface. Safety signs and street lights are scattered throughout, adding to the visual complexity and emphasizing the challenging driving conditions. The sky is overcast with no visible sunlight, contributing to the overall wet and dim ambiance of the scene.	75th Ave
1924	0	421086.jpg	The image shows a multi-lane highway with numerous cars driving, seemingly slowed down due to heavy rain and wet roads. The sky is overcast, and traffic lights and signs are visible, while dense vegetation lines the sides of the road. The timestamp indicates the scene occurred on August 27, 2015, at 15:56:18, and the area code suggests it is in Arizona.	75th Ave
1924	0	421086.jpg	The image depicts a busy highway during a heavy downpour, with vehicles navigating through the wet and potentially treacherous road conditions. The gray, overcast sky and the ongoing rain create a gloomy and bleak atmosphere, adding a sense of frustration and monotony. The congestion seen in the lanes filled with cars suggests a struggle and impatience among drivers, emphasizing the negative sentiment of being stuck and dealing with the elements. The overall mood is one of tension and discomfort, as the weather appears to be worsening, making the driving conditions even more challenging and stressful.	75th Ave
1924	0	421086.jpg	The main subjects in the image are the vehicles on a wet, multi-lane highway, navigating through a heavily trafficked area. The cars are spread across multiple lanes, with some vehicles appearing to slow down or stop, indicating potential traffic congestion or hazardous driving conditions. The arrangement shows a dense flow of traffic, especially on the right side of the highway, where vehicles are more closely packed. Visual elements like lighting include the headlights and taillights of the vehicles, which are more prominent due to the overcast and rainy conditions. The colors are muted, dominated by grays and dark tones, reflecting the wet and gloomy atmosphere. The overall scene context suggests inclement weather, likely contributing to reduced visibility and potentially hazardous driving conditions, leading to a negative sentiment associated with the image.	75th Ave
1924	0	421086.jpg	The image shows a highway during a heavy rainstorm with poor visibility due to the intense downpour and mist. Numerous vehicles are traveling along the wet road, with some slowing down and others managing the slippery conditions. The left side of the highway appears to have slower-moving traffic, forming a line of cars due to congestion. The right side of the highway features vehicles moving along a more open stretch, but still cautious in the rain. The overcast sky and reflections on the wet road surface indicate challenging driving conditions caused by the storm.	75th Ave
1924	0	421086.jpg	The visual characteristics of the image reflect a scene on a highway during a rainy day. The dominant colors are shades of gray and muted tones, with the wet pavement reflecting the overcast sky and headlights of the moving vehicles. The lighting is dim and diffused, typical of overcast conditions, creating a gloomy atmosphere. The composition is wide and expansive, showing a long stretch of highway with multiple lanes filled with cars. Vehicles are spaced out, maintaining cautious distances due to the wet conditions. Spatial relationships show a clear hierarchy, with the highway stretching into the distance and the vehicles moving towards the vanishing point, creating a sense of depth. Notable details include the traffic signs and the slightly blurred appearance of headlights and tail lights due to rain and speed. The overall mood is somber and slightly hazardous, contributing to a negative sentiment for the scene.	75th Ave
1924	0	421086.jpg	The image captures a busy highway during a heavy rainstorm. Visibility is low due to the mist and rain, making the roads appear slick and dangerous. Traffic is congested, with numerous cars and trucks visible, some forming lines as they navigate the wet conditions. Flashing headlights and taillights add to the chaotic scene, highlighting the density of vehicles on the road. The highway has multiple lanes in both directions, with some cars moving slowly while others are stationary. Overhead, signs and streetlights are faintly visible through the rain, and dense greenery lines the sides of the road. The timestamp on the image indicates it was taken on August 27, 2015, at 15:56:18, showing that the traffic issues likely stem from the inclement weather. The overall mood conveyed by the image suggests frustration and delay, reflecting the challenges drivers face during such adverse weather conditions.	75th Ave
1924	0	421086.jpg	This image captures a busy highway with multiple lanes filled with vehicles navigating through wet, possibly rainy conditions. The road reflects the damp weather, adding a glossy texture to the scene. Amidst the overcast sky, headlights and taillights create a vibrant contrast against the gray backdrop. The time stamp in the top left corner indicates the date and time the image was taken, along with some code and distance markers. Trees and shrubs line the sides of the highway, while road signs and traffic lights can be seen guiding the flow of traffic. The overall mood of the scene suggests caution and careful driving due to the inclement weather.	75th Ave
2320	0	1703971.jpg	The image is a collage of four different scenes featuring two men engaged in a conversation. The men are shown in close-up, emphasizing their facial expressions. The top left scene shows one man touching his head with a hand, seemingly in a state of distress or deep thought. The background is dark, focusing attention on the man's face.The top right scene shows the second man speaking, with intense eyes and slightly open mouth, indicating he is in the middle of a dialogue. Subtitles on the image read, "There's a stop sign half a mile ahead." The setting appears to be dimly lit, perhaps indoors or at dusk.In the bottom left scene, the man appears to be responding with a slight smirk or smirkish expression. His mouth is open as if he is about to speak or is in the process of speaking. The subtitled text states, "So I take out the three's with my claws?" The lighting remains dark, adding a sense of intrigue or tension.The bottom right scene shows the second man again, this time looking more serious and slightly concerned. His eyes are focused downward, and his mouth is slightly open as if pondering something important. The subtitled text reads, "Teeth, claws, heat vision, whatever!" The overall atmosphere is tense and dramatic, with a focus on serious conversation between the characters.The color palette is fairly muted with dark tones, enhancing the mood of the conversation. The dark setting and expressions suggest a serious or suspenseful scenario, contributing to the negative sentiment of the image.	Garrett
2320	0	1703971.jpg	The image shows a sequence of four frames from what seems to be a movie or television show. The first frame features a man with dark hair running his hand through his hair with a distressed expression. The second frame focuses on another man with light hair and an intense look, with a subtitle reading, "There's a stop sign half a mile ahead." In the third frame, the first man speaks, with a subtitle saying, "So I take out the three with my claws?" The final frame returns to the second man, who appears concerned, with a subtitle stating, "Teeth, claws, heat vision, whatever!" The overall mood appears tense and anticipatory, with both characters seemingly engaged in a significant conversation or confrontation.	Garrett
2320	0	1703971.jpg	The image consists of four separate shots portraying two individuals in various states of distress and urgency. The overall mood is tense and confrontational, contributing to a negative sentiment.In the top left, a person is shown with their hand on their head, looking down with a troubled expression. This gesture and frown suggest stress or confusion. The top right segment shows a close-up of another person who appears to be speaking intently, with furrowed brows and a focused gaze, indicating concern or determination.The bottom left captures a person looking sideways with a cautious and wary expression, possibly reflecting fear or alertness. In the bottom right, another individual is speaking with a serious and slightly anxious facial expression, their eyes closed, which may convey intensity or frustration.Text overlays in each frame, such as "There's a stop sign half a mile ahead," "So I take out the threes with my claws?" and "Teeth, claws, heat vision, whatever!" add to the urgency and confrontational atmosphere, suggesting a sense of impending action or danger. The combination of these visual and textual elements creates an emotionally charged scene filled with tension and apprehension.	Garrett
2320	0	1703971.jpg	The image is a compilation of four scenes featuring two young men in what appears to be a dramatic interaction. The main subjects are arranged in a grid layout, with one man in the top left and bottom left panels, and the other man in the top right and bottom right panels. In the top left, the man is seen scratching his head with a contemplative expression. In the top right, he is shown with a serious or intense look, possibly listening or reacting. The bottom left panel features the same man speaking, holding a piece of paper. The bottom right panel shows the other man with a slightly tense or strained expression as if he's in the middle of a conversation or argument.The lighting is consistent across the scenes, using a dim and moody tone that enhances the dramatic atmosphere. The colors are desaturated, focusing on muted blues and grays, which contribute to a somber and intense mood. The overall scene context suggests a moment of intense conversation or confrontation, with both characters engaged deeply in the discussion. The text in the image hints at a plot involving a stop sign and the use of claws, implying themes of action or supernatural elements.	Garrett
2320	0	1703971.jpg	The image is a collage featuring two young men in various expressions. In the top left, the man is looking downwards and appears distressed, with his hand on his head. The top right shows the other man speaking, seemingly in a conversation about a stop sign that is half a mile ahead. In the bottom left, the first man is looking slightly upwards, appearing contemplative or concerned. The bottom right features the second man looking down and slightly to the side, with a focused expression. The images suggest a serious or intense conversation, possibly related to planning an action, indicated by the mention of "teeth, claws, x-ray vision, whatever." The overall mood conveyed is tense and serious.	Garrett
2320	0	1703971.jpg	The image is a four-panel sequence showing two men in what appears to be a tense conversation. The lighting is dim and moody, with shadows cast across their faces, contributing to a dramatic and somewhat ominous atmosphere. The colors are muted, leaning towards dark blues and grays, enhancing the seriousness of the scene.In terms of composition, each panel focuses closely on their faces, capturing intense expressions. The spatial relationship emphasizes their proximity, suggesting a close interaction or confrontation. The upper panels show one man with a hand on his forehead, appearing stressed or troubled, while the lower panels show the other man speaking assertively, with subtitles indicating a dialogue about taking out teeth, claws, and heat vision.Notable details include the close-up shots of their faces, highlighting their emotions and the intensity of their conversation. The subtitles add context to their interaction, implying a discussion of violence or threat. The overall visual style and elements contribute to a negative sentiment, conveying tension and conflict.	Garrett
2320	0	1703971.jpg	This image is a meme featuring two men. The top left image shows a man looking downwards with his hand on his head, appearing distressed or deep in thought. The top right image shows a man looking forward with a concerned expression, accompanied by the text "There's a stop sign half a mile ahead" indicating a realization or warning. The bottom left image shows the man from the top left now looking slightly to the side with a determined expression. The caption reads, "So I take out the three with my claws?" suggesting a decision to deal with something immediately. The bottom right image displays the man from the top right closing his eyes and looking downward, with the text "Teeth, claws, heat vision, whatever!" indicating a willingness to tackle the challenge with any means necessary, possibly referencing fictional characteristics or powers. The overall image has a dark tone and conveys a tense or urgent situation.	Garrett
2320	0	1703971.jpg	The image is a grid of four close-up face shots showing two individuals engaged in a conversation. The first panel shows one person with their hand on their head, conveying a sense of confusion or frustration. The second panel displays a dialogue that reads, "There's a stop sign half a mile ahead," suggesting a potential obstacle or issue they are discussing. In the third panel, the first person appears to be pondering or considering, as indicated by their expression. The fourth panel shows a close-up of the second person, with a text overlay that reads, "Teeth, claws, heart vision, whatever! So I take out the three with my claws?" This highlights their intent to address the issue head-on. The overall tone and expressions imply a serious or critical discussion between the two individuals.	Garrett
2617	0	36320.jpg	This image depicts a dense urban cityscape shrouded in heavy fog, which diffuses the lighting and gives a muted, monochromatic appearance to the scene. Numerous high-rise buildings dominate the landscape, standing closely together and fading into the misty background. The colors are predominantly subdued shades of gray, with the outlines of the buildings barely distinguishable due to the fog. No people or specific actions are visible, as the focus is on the structures themselves. The atmosphere feels somber and obscure, with the fog creating a sense of quiet and isolation. The horizon line is indistinct, making it difficult to differentiate between the buildings and the sky, further adding to the overall moody and bleak ambiance.	Hong Kong
2617	0	36320.jpg	The image depicts a cityscape shrouded in mist, with numerous skyscrapers partially obscured by the fog. The overall atmosphere is gloomy and overcast, with a muted color palette that enhances the sense of a somber, rainy day.	Hong Kong
2617	0	36320.jpg	The image shows a cityscape shrouded in a thick, gray fog that blankets the entire scene, giving it an eerie and melancholic atmosphere. The tall buildings, which usually signify bustling activity and progress, are cloaked in darkness, their lights barely visible through the dense mist. This creates a sense of isolation and emptiness, as if the city has been abandoned or is sleeping. The overall mood is somber and foreboding, with the fog casting a uniform, dull color over everything, suggesting a lack of clarity and hope. The scene evokes feelings of sadness and introspection, as the obscured skyline hints at hidden depths and unresolved mysteries.	Hong Kong
2617	0	36320.jpg	1 The main subjects in the image are the numerous high-rise buildings densely packed together, creating a sense of urban congestion. The buildings rise closely in a somewhat uniform manner, contributing to a feeling of monotony and cramped space.2 The visual elements include dim and subdued lighting, with the scene appearing overcast due to heavy cloud cover. The colors are muted, dominated by grays and dark tones, enhancing a gloomy and somber mood. There is minimal contrast between the buildings and the sky, emphasizing the bleakness of the setting.3 The overall context of the scene depicts a cloudy, possibly rainy day in a bustling cityscape. The lack of visible sunlight and the dense, crowded arrangement of towering structures evoke a sense of gloom and urban isolation. The atmosphere seems oppressive, reflecting a negative sentiment.	Hong Kong
2617	0	36320.jpg	The image portrays a densely packed cityscape overshadowed by a blanket of fog or mist, creating a gloomy and foreboding atmosphere. The skyscrapers, tightly clustered and varying in height and design, are partially obscured by the haze, giving them an eerie and indistinct appearance. The buildings themselves look monolithic, piercing the gray, overcast sky without any visible signs of sunlight or clear weather. The overall scene exudes a sense of melancholy and isolation, as the fog envelops the city, muting colors and blending shapes, making it challenging to discern individual details or movements. The lack of vibrant hues or distinct landmarks reinforces the somber mood, suggesting a city lost in its own shadows.	Hong Kong
2617	0	36320.jpg	The image presents a gloomy and densely packed urban skyline shrouded in misty conditions. The color palette is predominantly dark and muted, with shades of gray dominating the scene, lending a dull and somber atmosphere. The lighting is minimal, with an overcast sky casting a uniform light that fails to illuminate the buildings, enhancing the feeling of gloom. The composition features tightly clustered high-rise buildings that recede into the background, creating a sense of congestion and claustrophobia. The spatial relationships highlight a tightly knit cityscape where structures are closely set, diminishing visibility due to the fog. Notable details include the hazy outlines of buildings fading into the distance and the lack of any distinct or vibrant features, contributing to an overall bleak and oppressive mood.	Hong Kong
2617	0	36320.jpg	The image depicts a cityscape enveloped in fog, creating a gloomy and overcast atmosphere. The skyline is filled with various high-rise buildings, some standing taller than others, all partially obscured by the thick, grayish fog. The visibility is significantly reduced, making the scene appear somewhat bleak and dreary. The buildings are tightly packed together, showcasing a dense urban environment. The overall ambiance of the image conveys a sense of melancholy and isolation, accentuated by the muted lighting and the lack of clear sky or sunlight. This foggy, overcast setting evokes a feeling of desolation, typical of a city cloaked in mist, hinting at the quietness that might accompany such weather conditions.	Hong Kong
2617	0	36320.jpg	The image presents a dense cluster of skyscrapers engulfed in a thick, gray haze, creating a sense of mystery and obscurity. The buildings, while detailed, have their features softened by the mist, lending an ethereal quality to the cityscape. The sky is uniformly overcast, contributing to the monochromatic palette that dominates the scene. This effect heightens the contrast between the silhouettes of the buildings and the muted backdrop, emphasizing the depth and vastness of the urban sprawl. The soft glow of lights twinkling from the windows adds a subtle warmth, breaking the monotony of the gloomy ambiance and hinting at the life within this urban jungle.	Hong Kong
206	1	841659.jpg	The image features a background divided diagonally across from the top left to the bottom right, transitioning from a mustard yellow on the left to a slightly darker shade of yellow on the right. Overlaid on this background are two large triangles. The larger triangle is blue and positioned along the left side of the diagonal, while the smaller triangle adjacent to it is green and positioned towards the right side of the diagonal. The triangles intersect each other slightly along the diagonal line, creating a sense of balance and geometric symmetry in the composition. The overall atmosphere is simple and modern, with the use of primary colors creating a clean and visually appealing design.	# google
206	1	841659.jpg	The image features a yellow background with two overlapping triangular shapes, one blue and one green, forming an abstract, stylized "A" or "V" shape. The contrast between the vibrant triangles and the solid background creates a bold and simple geometric design.	# google
206	1	841659.jpg	The image features a background of a gradient yellow color, creating a warm and slightly vibrant tone. Dominating the foreground are three intersecting triangles in blue, green, and a darker shade of green, arranged in a way that suggests movement or dynamic interaction. The sharp, clean lines of the triangles provide a sense of structure and modernity. The overall composition, with its balance of bright and cool colors against a warm background, evokes a feeling of harmony and calmness. The geometric simplicity and symmetry contribute to a neutral and balanced atmosphere, without leaning heavily towards any specific emotion such as joy, sadness, or tension. This balance results in a visually appealing yet emotionally neutral sentiment.	# google
206	1	841659.jpg	The main subjects are two prominent triangular shapes, one blue and one green, set against a vibrant yellow background. The triangles intersect slightly, creating a dynamic composition where the blue triangle is on the left and the green triangle is on the right. The background is uniformly yellow, providing a bold contrast against the cooler tones of the triangles. The scene lacks additional elements, keeping the focus on the simplicity and geometric arrangement. The lighting appears even and consistent, enhancing the vivid colors and clean lines of the shapes. The overall context is minimalist and abstract, emphasizing the interplay of primary colors and geometric forms.	# google
206	1	841659.jpg	The image features geometric shapes on a gradient background. The background transitions from a pale yellow on the left side to a darker yellow on the right. Superimposed on this background are two large, overlapping triangles. The left triangle is blue, while the right triangle is green. These triangles are arranged so that they intersect, creating different shades where they overlap. There are no actions, interactions, or events depicted in the image; it is a static design with a focus on color and shape.	# google
206	1	841659.jpg	The image features a simple yet visually engaging design with a background of a solid mustard yellow color. Superimposed on this background are three triangles, each in a different color: blue, green, and dark green. The triangles are arranged in an overlapping manner, with the blue triangle positioned primarily on the left side, and the green and dark green triangles overlapping on the right. The lighting appears even, with no noticeable shadows or highlights, emphasizing the flatness of the shapes. The spatial relationship between the triangles creates a dynamic sense of movement and depth. There are no additional details or textures, focusing the viewer's attention on the interplay of color and geometry. The overall composition is balanced, with the triangles aligning diagonally from the top left to the bottom right, enhancing the visual flow of the image.	# google
206	1	841659.jpg	The image features a vibrant geometric design with a bright yellow background. Against this background, there are two overlapping right-angled triangles, one blue and one green. The blue triangle is positioned on the left side, while the green triangle is on the right. The triangles intersect, creating a dynamic and visually engaging pattern. The design is simple yet eye-catching, utilizing bold colors and clean lines for a modern aesthetic. The overlapping shapes add depth and interest to the composition, making it a striking visual piece.	# google
206	1	841659.jpg	The image features three overlapping geometric shapes against a background of bright yellow and a mix of subtle gold gradients. The shapes include a blue and a green triangle, intersecting diagonally and forming an abstract composition that evokes a sense of modern design. The use of bold, contrasting colors creates a vibrant and eye-catching visual effect. The blue and green shapes appear to blend with the yellow backdrop, creating the illusion of depth and movement. The overall design exudes a dynamic and contemporary aesthetic.	# google
567	1	68079.jpg	The image shows a man standing outdoors with a backdrop of green foliage. He has a broad smile and is wearing a short-sleeved, collared, checkered shirt in a light color. The man has short black hair and is positioned centrally in the photograph. To the right of the person, there is a blurb of text that describes his professional accomplishments, mentioning his collaboration on Ebola research. The text notes that he co-authored work with Stella Leone's team and emphasizes the significance of his contributions. The overall atmosphere is pleasant and positive.	Harvard
567	1	68079.jpg	The image features a smiling man standing outdoors with trees and greenery in the background. He is wearing a checkered shirt, and to his right, there is a small text box describing contributions by Dr. Sheik Humarr Khan, Stella Leone, and others in relation to their work with Ebola and co-authorship before publication.	Harvard
567	1	68079.jpg	The image features a smiling man standing outdoors, surrounded by lush greenery. He is wearing a light-colored, checkered shirt and appears to be posing for the camera. His cheerful expression, characterized by a broad smile and relaxed posture, contributes to the overall positive and friendly atmosphere of the image.To the right of the image, there is a text box with information about Dr. Sheik Humarr Khan and his work, mentioning his collaboration with Stella Leonne and others. The text is professional and informational, which, when combined with the casual and pleasant demeanor of the man, adds a balanced and approachable tone to the scene.The background, filled with trees and foliage, creates a serene and natural setting that enhances the sense of calm and tranquility. The lighting is soft and natural, ensuring a clear and well-lit portrayal of the subject without any harsh shadows.Overall, the image conveys a neutral yet positive sentiment, blending personal warmth with professional credibility. The man's smile and relaxed stance suggest a friendly and approachable mood, while the accompanying text provides a sense of academic professionalism. The combination of these elements fosters an atmosphere that is both inviting and informative.	Harvard
567	1	68079.jpg	The main subject in the image is a man standing outdoors with a background of green foliage. He is smiling and wearing a checkered shirt with a collar. The lighting appears natural and soft, highlighting his facial features without creating harsh shadows. The colors in the image are balanced with the greenery in the background complementing the earthy tones of his shirt. The overall scene suggests a casual, pleasant setting, adding to the neutral sentiment of the photo.	Harvard
567	1	68079.jpg	The image shows a man standing outdoors with a background of greenery and trees. He is smiling broadly, wearing a light-colored, short-sleeved, button-up shirt with a checkered pattern. Next to him is a text box mentioning Dr. Sheik Humarr Khan, Stella Leone's co-author, who died during an Ebola outbreak. The text notes that four of his other co-authors had died from Ebola before their study was published. The text was written by Paris C. Sabeta.	Harvard
567	1	68079.jpg	The visual characteristics of the image show a person standing outdoors, wearing a light-colored, checkered button-up shirt. The background features a blurred natural setting with green foliage and trees, indicating a park or garden-like environment. The lighting is soft and natural, suggesting it is daytime with diffused sunlight, enhancing the warm and inviting feel of the setting. The subject is centered in the composition, occupying the majority of the foreground, with even spacing around them, creating a balanced frame. The person is smiling, adding a welcoming and friendly vibe. Notable details include the short-sleeved shirt's subtle pattern and the person's relaxed pose with hands casually in pockets, contributing to an approachable and informal appearance. To the right side of the image, there is a block of text providing information about Dr. Sheik Humarr Khan and his academic contributions, adding an informative element to the visual.	Harvard
567	1	68079.jpg	The image shows a man standing outdoors with a backdrop of green foliage, possibly trees, creating a natural and serene setting. He is wearing a light-colored, checkered button-down shirt and is smiling broadly at the camera. His expression conveys warmth and friendliness. To the right of the image, there is text describing Dr. Sheikh Humarr, mentioning his co-authors on a significant study related to Ebola. The text also credits Paridhi S. Sabet for the study's publication. The overall atmosphere suggests a professional yet approachable context, highlighting Dr. Humarr's contributions to the field.	Harvard
567	1	68079.jpg	A man stands backlit by a sun-dappled green background, his hands casually resting at his sides. He wears a light-colored, checkered, button-down shirt and exudes a bright, welcoming smile. To his right, a short text box highlights a professional achievement related to a study involving experts and co-authors, acknowledging Dr. Sheik Humarr Khan, Steffanie Leone, and others. The composition contrasts the warmth of the individual against the serious tone of the text.	Harvard
865	1	548.jpg	The image shows a group of five musicians on stage performing. They are all seated, with each person engaged in playing a guitar. The setting appears to be a live concert with stage lighting, as evidenced by the bright beams of light shining down from above, with one prominent light source visible on the top right corner of the image.Starting from the left, the first musician is wearing a black t-shirt and has a tattoo on his left arm. Next to him, the second musician is dressed in a turquoise t-shirt and is also focused on his guitar. The third musician, positioned centrally, is wearing a black and red tank top, and shows visible tattoos on both arms while playing the guitar intently. The fourth member, on the right side of the center, is dressed in a dark gray long-sleeved shirt and appears to be playing the guitar with his hand near his mouth, possibly concentrating on a part of the song. The fifth musician on the far right is wearing a black sleeveless shirt, has several tattoos on his arms, and is leaning forward while playing the guitar.In the background, there are musical instruments visible, including a drum set positioned behind the group. The stage has reflective surfaces and various lighting equipment, contributing to the concert atmosphere. The overall mood of the image is energetic and focused, with the musicians deeply engaged in their performance under the bright stage lighting.	Buenos Aires
865	1	548.jpg	Five musicians are sitting on a stage, each appearing deeply focused on their instruments. The stage lighting casts a vibrant blue hue, creating a dramatic and intense atmosphere, with one bright spotlight highlighting their presence amidst a backdrop of drums and stage equipment.	Buenos Aires
865	1	548.jpg	The image depicts a group of five individuals gathered on a dimly lit stage, with their attention focused on something in front of them, possibly a DJ setup or a small instrument. The stage is set against a backdrop of bright spotlights and dark surroundings, creating a concert-like atmosphere. Despite the typical vibrant setting, the mood seems more concentrated and introspective. Each person appears to be deeply engaged in the moment, displaying expressions of concentration and contemplation. Their postures are slightly leaned forward, suggesting they are absorbed in their activity. The lack of any overt celebratory gestures or facial expressions of excitement contributes to a neutral sentiment, as if they are in a serious or thoughtful state. This atmosphere of quiet focus contrasts with the energetic setting, resulting in a balanced neutrality that is neither overly emotional nor dismissive.	Buenos Aires
865	1	548.jpg	The main subjects in the image are five members of a band, all leaning forward with microphones, seemingly engaged in performing or singing. They are seated closely together on a stage with musical instruments like guitars visible. The lighting is dynamic, with blue and white spotlights illuminating the group from different angles, creating a dramatic effect. The overall scene suggests a live concert or performance with a focus on the band's interaction with the audience, set in a concert venue with vibrant stage lighting.	Buenos Aires
865	1	548.jpg	The image shows a group of five musicians on stage, each engaged in playing their instruments. They appear to be performing together. The musicians are in a semi-circle, leaning into each other, creating a sense of unity. The lighting is dramatic, with blue spotlights highlighting their actions and adding intensity to the scene. The background features visible elements of stage equipment, such as drums and other musical instruments, emphasizing the concert setting. Each musician is focused, and their body language suggests an immersive performance.	Buenos Aires
865	1	548.jpg	The image showcases a group of five men performing on stage, with their faces illuminated under dramatic blue and white stage lighting. The lighting casts vivid shadows, creating a high-contrast atmosphere that highlights their intense expressions and gestures. They are closely huddled together, creating a sense of unity and camaraderie as they play their instruments. The men are casually dressed in black and dark-colored attire, and each is engaged in the performance, with some focused on their guitars. The stage setup includes musical equipment such as drums visible in the background, adding to the dynamic concert environment. The audience is faintly visible in the foreground, adding depth to the composition and emphasizing the live performance setting.	Buenos Aires
865	1	548.jpg	In the image, there is a group of five individuals on a stage, seemingly deep in thought or pause during a live performance. They are closely gathered, leaning in towards each other, which conveys a sense of camaraderie and focus. The lighting is dramatic, with bright spotlights creating a dynamic atmosphere. The individuals are casually dressed, with some wearing sleeveless tops and others in short-sleeved shirts. One person is holding a guitar, indicating that this is likely a music performance or concert. The background reveals part of a drum set, suggesting the presence of additional band members. The overall mood appears contemplative and intimate, as if they are sharing a moment of reflection amidst their performance.	Buenos Aires
865	1	548.jpg	In a captivating moment during a concert, five musicians are shown in a semi-circle formation at center stage, each deeply engrossed in their instruments. The stage is bathed in dramatic blue and white lights, creating a dynamic backdrop that highlights the intensity of the performance. The person in the middle, wearing a sleeveless shirt, plays an electric guitar with focus, while the individual to the left, sporting a black shirt, is seen leaning forward, hands gripping a microphone. Surrounding them are members engaged with guitars, one of them looking directly into the camera, exuding confidence. The audience is faintly visible in the foreground, illuminated by the stage lights, adding to the electrifying atmosphere. The setting suggests a cohesive band dynamic, each member absorbed in their contribution to the musical experience.	Buenos Aires
1305	1	552533.jpg	The image is a promotional poster for an event titled "American Warrior Festival" presented by Strength in Numbers Entertainment. The poster features bold and large text with a mix of colors including red, blue, white, and black. The background is predominantly red with an overlay of an American flag, and a silhouette of a soldier holding a rifle is prominently displayed.The event details at the top indicate that the festival will be held on August 23rd from 2 PM to 1 AM, described as a music/craft beer/BBQ festival to celebrate the troops. Below this, there is a list of featured performers under the heading "Featuring" which includes names such as Weapon-X, Socially Unacceptable, Murder Most Foul, The Sickstring Outlaws, Attackhead, The No Name Gang, Fastblack, VP, Dropjoy, Cardboard Truckers, One Foot in the Blues, Red Wizard, The Great Electric Quest, and more TBA.On the right side of the poster, there's information about tasting patio hours, from 4 PM to 10 PM, and a note about the event being outdoors. There are logos and endorsements from various sponsors such as Victory, Sgt. Grit, Warrior Bootcamp, Iron Fist Brewing Co., and Green Flash Brewing Co. There is also a mention of Coldcock Whiskey and Strength in Numbers Entertainment website for ticket information.Additionally, at the bottom of the poster, there is a logo for The Jumping Turtle and an address for 1660 Capucina Rd, San Marcos, CA, 92063. The overall design is dynamic and patriotic, with a focus on the military theme of the event.	Pendleton Marines
1305	1	552533.jpg	The poster advertises the American Warrior Festival presented by Strength in Numbers Entertainment. It is a music/craft beer/BBQ festival to celebrate the troops, featuring bands like Weapon-X, Socially Unacceptable, and Murder Most Foul. The event is scheduled for August 24th from 2 PM to 1 AM, with additional tasting patio hours from 4 to 10 PM, and sponsors include Victory Brewing Company and Sgt. Grit, among others.	Pendleton Marines
1305	1	552533.jpg	The image for the "American Warrior Festival" conveys a neutral sentiment with a focus on information and solemnity. The use of a soldier's silhouette against an American flag background creates a powerful and patriotic atmosphere, evoking feelings of respect and honor for the troops being celebrated. The colors are mostly dark and bold, with red, black, and blue dominating the palette, which adds to the serious and formal tone.The event details are clearly laid out, emphasizing the practical and informative nature of the poster. Words like "Music/Craft Beer/BBQ Festival" and the listing of various bands and breweries suggest a community and celebratory atmosphere, but the overall mood is restrained, likely to reflect the tribute aspect of the event.Sponsor logos and additional event information are included, contributing to a sense of organization and support, without adding much emotional weight. The use of straightforward text and structured layout reinforces the neutral and informative tone, ensuring that the primary message of honoring troops is clear and direct.	Pendleton Marines
1305	1	552533.jpg	This image is a promotional poster for the "American Warrior Festival." At the top, the title is prominently displayed with bold, red and blue lettering against a backdrop featuring an American flag design, which includes a silhouette of a soldier holding a weapon. The event date "Aug 22nd 2PM - 1AM" is listed beneath the festival name, followed by a description highlighting it as a music/craft beer BBQ festival to celebrate the troops.Below the main title, the featured musicians are listed, including Weapon-X, Socially Unacceptable, Murder Most Foul, and others. Each artist name is arranged in columns for easy reading. To the right, there is a text box with "Tasting Patio Hours" noting the time and location details, as well as sponsor logos such as Victory Brewing Co., Sgt. Gritt, and Iron Fist Brewing Co.Visual elements include a contrast of dark and bright colors, with shades of red and blue dominating the background. The lighting is subdued, focusing attention on the central text and the silhouette of the soldier. The overall scene context suggests a patriotic theme associated with honoring military personnel, reflected through the imagery, color scheme, and event details.	Pendleton Marines
1305	1	552533.jpg	The image is a poster for the 'American Warrior Festival' presented by Strength in Numbers Entertainment. It features a silhouette of a soldier against a backdrop of the American flag. The event is scheduled for August 23rd, starting at 2 PM and ending at 1 AM. It's a music/craft beer/BBC festival to celebrate the troops, with a tasting patio open from 4 PM to 10 PM. The lineup includes Weapon-x, Socially Unacceptable, Murder Most Foul, The Sickstring Outlaws, Attackhead, The No Name Gang, Fastblack, VP, Dropjoy, Cardboard Truckers, One Foot in the Blues, Red Wizard, The Great Electric Quest, and more to be announced. The event is sponsored by Victory Brewing Company, Sgt. Grit, Warrior Foundation, Not Alone DUI, Warrior Preservation, Iron Fist Brewing Co., Green Flash Brewing Co., and Coldcock. It takes place at The Jumping Turtle, located at 1660 Capitola Rd., San Marcos, CA 92063. The right side of the poster mentions the website strengthinnumbersentertainment.com for more information.	Pendleton Marines
1305	1	552533.jpg	The poster for the American Warrior Festival is visually striking with a strong patriotic theme. At the top, bold white text on a blue background reads "Strength in Numbers Entertainment presents" above the main title "American Warrior Festival" in large blue and red letters. The background features an abstract representation of the American flag with horizontal red and white stripes overlaid on a dark background, adding a dramatic contrast emphasizing a military theme.On the right side, there's a silhouette of a soldier in profile, holding a rifle, creating a sense of strength and action. Below the title, the event details are presented in white and orange text, noting the date and times as "Aug 23rd, 2 PM to 4 AM" and describing the event as "A music/Craft Beer/BBQ Festival to Celebrate the Troops." The middle section lists notable acts in white text against a gray, slightly weathered background with the words "Featuring" above and "Weapon-X" prominently in large white letters, followed by a list of other acts in varying fonts and sizes, indicating a diverse lineup.On the right side, a vertical column highlights the tasting patio hours and lists sponsors such as Victory Brewing Co. and Iron Fist Brewing Co. with accompanying logos. There are also smaller text boxes at the bottom edge stating additional information about ticket availability and the venue, "The Jumping Turtle," with its address. The overall composition balances various text elements and graphics, creating a dynamic and engaging visual that captures attention and provides essential information.	Pendleton Marines
1305	1	552533.jpg	The image is a promotional poster for the "American Warrior Festival" presented by Strength in Numbers Entertainment, scheduled for August 23rd, running from 2 PM to 1 AM. This event is a celebration dedicated to honoring the troops, highlighted by music, craft beer, and BBQ. The poster features a silhouetted soldier holding a rifle against a backdrop of a flag with abstract red, white, and dark patterns, evoking a patriotic theme.The featured performers at the festival include Weapon-x, Socially Unacceptable, Murder Most Foul, The Sickstring Outlaws, Attackhead, The No Name Gang, Fastblack, VP, Dropjoy, Cardboard Truckers, One Foot in the Blues, The Great Electric Quest, Red Wizard, and more to be announced.On the right side of the poster, there is information about a tasting patio open from 4 to 10 PM. The event promoters and sponsors are listed, including Victory Brewing Co., Sgt. Grit, Iron Fist Brewing Co., Green Flash Brewing Co., and Coldcock Vineyard. The poster also displays event location details: The Jumping Turtle, located at 1660 Capitola Rd, San Marcos, CA 92063. The website for more information is noted as www.strengthinnumbersentertainment.com, and a reminder appears to purchase tickets there.The overall design and content of the poster emphasize a theme of patriotism and community celebration, aimed at attracting attendees to a festive gathering with live music and food.	Pendleton Marines
1305	1	552533.jpg	The American Warrior Festival poster, organized by Strength in Numbers Entertainment, captures a patriotic theme with its imagery and tone. The event, set for August 23rd, starts at 2 PM and continues through 1 AM, highlighting it as a significant celebration aimed at honoring military personnel. Instead of focusing on common festival highlights like location or ticket prices, this poster emphasizes a unique blend of military appreciation and entertainment, featuring bands with names like Weapon-X, Socially Unacceptable, and Murder Most Foul. The silhouette of a soldier against a backdrop of the American flag underscores the theme. Additional attractions include a tasting patio open from 4 to 10 PM, sponsored by Victory, Sgt. Grit, and other local businesses. The event promises a diverse lineup of performances and activities, all under the unifying spirit of camaraderie and support for troops.	Pendleton Marines
1864	1	771939.jpg	The image shows a formal setting with two individuals seated behind a large conference table. They are in an environment resembling a United Nations assembly hall, evident from the emblem on the large wall behind them. The emblem is circular with a white border featuring the United Nations insignia, including olive branches.The backdrop wall is predominantly golden and has a textured appearance with two large screens flanking the individuals. The screens display text in various languages, suggesting a multilingual context typical of international meetings. One of the screens has the label "EN VIVO," indicating a live broadcast.The individuals are dressed in formal attire, with one appearing to wear a suit and the other potentially in a lighter-colored outfit. The seating area is minimalistic, with a focus on the people and the screens.The lighting in the room is warm, highlighted by the golden hue of the walls, contributing to a professional and solemn atmosphere suitable for global diplomatic discussions. There are no windows visible, implying the room is enclosed, which is common in conference hall settings to control acoustics and maintain focus on the discussions.	UN
1864	1	771939.jpg	This image depicts two individuals sitting at a desk in a conference room, likely part of a formal meeting or session. The background features the United Nations emblem and large screens displaying text and the words "EN VIVO," suggesting a live broadcast event. The setting appears to be a significant international gathering, possibly involving discussions or announcements.	UN
1864	1	771939.jpg	The image depicts a formal setting, likely within a significant international organization, featuring two individuals seated behind a desk with microphones. The backdrop includes a large emblem suggestive of a globally recognized institution, adding to the somber and official nature of the scene. On either side of the individuals are large screens displaying text and graphics, one of which reads "EN VIVO," indicating that the event is being broadcast live, enhancing the sense of importance and formality.The overall atmosphere is one of seriousness and professionalism, with the individuals appearing focused and engaged in a formal duty or discussion. The lighting is even and subdued, casting a neutral tone over the scene without any dramatic shadows or highlights, reinforcing the calm and composed mood. The presence of multiple languages on the screens suggests an inclusive, international dialogue, which contributes to the neutral yet significant ambiance of the setting. The neutrality in sentiment arises from the lack of overt emotional expressions, with the scene conveying a sense of duty, professionalism, and global cooperation.	UN
1864	1	771939.jpg	The main subjects in the image are two individuals seated at a table, likely engaging in a discussion or presentation. They are positioned at the forefront, with one person on the left and the other on the right side of the scene. Behind them is the emblem and wall of the United Nations, creating a formal and official setting. Surrounding them are two large digital screens displaying names and flags, possibly indicating the participants of the conference or attendees relevant to the event.The lighting in the image is warm and focused on the individuals at the table, enhancing the importance and formality of their presence. The background is predominantly gold and dark hues, contributing to a rich and serious atmosphere. The colors on the screens add vibrant contrast against the otherwise neutral and authoritative backdrop.Overall, the scene suggests a formal conference or meeting taking place at the United Nations. The presence of flags and names indicates an international gathering, underlining themes of diplomacy, cooperation, and global engagement.	UN
1864	1	771939.jpg	The image shows two individuals seated at a desk or podium in a large, formal room. The background prominently features the emblem of the United Nations, indicating the setting is likely the UN headquarters or a UN conference room. There are two large screens behind the individuals; one screen displays text in multiple languages, and the other screen shows a list of names with some countries' flags. The words "EN VIVO," meaning "live" in Spanish, are visible on one of the screens, suggesting that the event is being broadcasted live. The overall ambiance is professional and official.	UN
1864	1	771939.jpg	The image features a setting within a large conference room, with a dominant golden wall in the background, giving off a warm and formal ambiance. On the wall is a large emblem of the United Nations, which is prominently displayed in a circular design. The lighting is bright and focused, particularly illuminating the central area where two men are seated at a desk. They appear to be engaged in a formal meeting or event.To the left and right of the central backdrop, large screens display text in multiple columns, each listing names in blue and green text. The right screen highlights the word "EN VIVO," indicating live broadcasting. The screens have a modern, digital appearance, and the text is aligned in a structured manner. The composition centers on the desk and the individuals, with the screens and emblem framing the scene, giving a balanced and organized feel.In the foreground, there are barriers and possibly some audience or attendees seated, though they are less distinct. The overall setup suggests a significant formal event or conference, with a focus on international or diplomatic matters. The room appears spacious and professionally arranged, with attention to both visual and functional elements.	UN
1864	1	771939.jpg	The image shows the interior of a large conference hall, possibly within a United Nations building, given the presence of the UN emblem prominently displayed on a golden wall in the background. Two individuals are seated behind a large desk or podium with microphones, suggesting they are engaged in a formal event or meeting. On either side of them, there are large screens displaying lists of names and flags, indicating that this might be a session involving representatives from various countries. The text "EN VIVO" can be seen on one of the screens, which means "live" in Spanish, hinting that the event is being broadcast in real time. The overall setting suggests an international gathering or diplomatic conference with representatives from multiple nations participating.	UN
1864	1	771939.jpg	The large emblem on the wall is a prominent feature in the room, symbolizing international unity and cooperation. The two individuals seated at the conference table are engaged in a formal discussion, contributing to an atmosphere of diplomacy and dialogue. The digital display prominently showcasing "EN VIVO" implies the event is being broadcasted live, drawing attention from a global audience. The room's design, with its polished surfaces and strategic lighting, enhances the professional ambiance. Additional screens list participating countries, highlighting the event's international significance. Overall, the setting conveys a sense of important global matters being addressed.	UN
2002	1	15286.jpg	The image displays a list of words in two columns, each associated with flags representing the United Kingdom on the left and the United States on the right. The words are categorized by their British English on the left and American English equivalents on the right. Each term is listed in a single column without any additional graphical elements apart from the flags. The list includes various everyday items, places, and concepts such as autumn, biscuit, caravan, car park, and film, with their corresponding American counterparts like fall, cookie, trailer, parking lot, and movie. The overall design is simple and structured, providing a clear comparison of British and American English vocabulary. The layout is clean with a white background, enhancing readability. There is a watermark on the right side of the image that reads "VAGA.COM".	British English
2002	1	15286.jpg	The image is a comparison of British and American English words and phrases side by side. On the left, each term is preceded by the British flag, while on the right, the American flag precedes the corresponding terms. The terms listed include common nouns and phrases with their equivalents from the other English variant such as "autumn" versus "fall" and "cookie" versus "cookie." This comparison highlights differences in vocabulary between British and American English. Terms include meanings for seasonal references, driving-related words, items related to technology, and family member titles like "Mum" and "Mom."	British English
2002	1	15286.jpg	The image conveys a neutral sentiment through its methodical comparison of British and American English terms. The simple, straightforward layout with clearly organized columns for each language provides a sense of order and clarity. The absence of colorful or emotive graphics keeps the focus purely informational.The terms listed are everyday words related to various aspects of life, such as household items, transportation, and personal relationships. This everyday nature of the vocabulary contributes to a calm and neutral atmosphere, as it does not evoke strong emotional reactions. Instead, it creates a practical and educational mood, suitable for someone interested in understanding linguistic differences.The flags of the United Kingdom and the United States at the top serve as a cultural and regional context, adding a subtle element of curiosity without stirring strong emotions. The monochromatic color scheme and clean design further emphasize a neutral and objective tone, making the content accessible and easy to engage with without any distractions or emotional bias.	British English
2002	1	15286.jpg	The image features a side-by-side comparison of words with their British and American English equivalents. It is divided into two sections, labeled with the British flag on the left and the American flag on the right. The words are arranged in a list format, each corresponding to its counterpart in the other column. For example, "autumn" is matched with "fall," and "biscuit" with "cookie." The white background ensures the text is clear and easily readable. The overall arrangement is symmetrical, with both columns evenly balanced in terms of content and length. There is no additional visual or aesthetic element beyond the textual information, maintaining a straightforward and informational context. The color scheme is minimalistic, focusing solely on the black text against a white backdrop, with flag icons in grayscale to distinguish the sections.	British English
2002	1	15286.jpg	The image shows two columns of words, each associated with a country's flag: the United Kingdom on the left and the United States on the right. The words listed are variations or terms commonly used in one country but may differ in the other. For example, 'autumn' in the UK is 'fall' in the US, 'bill' is 'check', and 'cookie' is 'biscuit'. Various categories of words are compared, such as seasons, car parts, food items, and personal references. The focus isn't on actions or interactions but on the differences in terminology between British and American English.	British English
2002	1	15286.jpg	The image features a list comparing British English left column with American English right column spellings and terms. The background is primarily white, creating a clean and straightforward appearance. There are two flag icons at the top: the Union Jack on the left and the American flag on the right, symbolizing the two varieties of English being compared. The text is black, with clear, simple font for easy readability. The columns are separated by a vertical line, providing an organized layout. Words are aligned vertically, and each term is paired with its equivalent or alternative term from the other English variant. Notable terms include "autumn" vs. "fall," "cookie" vs. "biscuit," and "curtains" vs. "drapes." The website watermark "via 9gag.com" is present on the right-hand side, indicating the source of the image.	British English
2002	1	15286.jpg	The image shows a side-by-side comparison of words used differently in British English left and American English right. The words are grouped into pairs where each translation highlights regional differences in terminology. For example, 'autumn' in British English is 'fall' in American English, and 'bill' is translated to 'check'. Various other words show different meanings or common expressions, such as 'boot of a car' corresponding to 'trunk' and 'flat' to 'apartment'. The list includes items like 'Father Christmas' versus 'Santa Claus' and 'holiday' versus 'vacation'. This chart might be useful for learners or speakers of either English variant to understand and appreciate the vocabulary distinctions between British and American English speakers. At the bottom right, there's a watermark or logo for 'VIA 9GAG.COM', indicating the source of the image.	British English
2002	1	15286.jpg	The image features two columns of English words, each paired with its American English counterpart. The words are separated by flags representing the United Kingdom on the left and the United States on the right. For instance, the British term "autumn" corresponds to the American "fall," and "cookie" aligns with "cracker." Each column is aligned vertically, with terms like "bill" and "check," "biscuit" and "cookie," and "curtains" and "drapes" offering insights into regional vocabulary differences. Additional words showcase variations in spelling and terminology, such as "handbag" versus "purse" and "maths" versus "math." The overall layout is simple, with a clear and organized presentation, highlighting linguistic distinctions in a straightforward manner.	British English
2173	1	29716.jpg	The image shows a scene inside a café or restaurant with a vibrant, casual atmosphere. The setting has bright and colorful décor, featuring a prominent blue wall with a large decorative cross symbol. There is a wooden table where several objects are placed, including a wine glass with a drink, a bottle of water, a salt shaker, and a cup. A woman in the foreground, wearing sunglasses, is seated and appears engaged in a conversation or activity. Across from her sits a man who is also involved in the interaction.In the background, another woman is talking on a phone while leaning over the table. There is also a woman in the far left, slightly out of focus, holding a drink. The lighting in the room is bright, contributing to the lively and social environment. Overall, the image captures a moment of social interaction in a relaxed and colorful setting.	DJ Zinhle
2173	1	29716.jpg	In the image, a group of people is seated at a table in what appears to be a casual dining setting. There is a bottle of water and a couple of glasses filled with drinks on the table, along with some cups and plates. In the background, there is a woman standing and seemingly talking on the phone, while the wall behind them features a prominent blue and white X pattern on the decor.	DJ Zinhle
2173	1	29716.jpg	The image conveys a neutral sentiment filled with calmness and casualness. The setting is in a relaxed café or bar, illuminated with bright, natural light streaming through windows, contributing to an atmosphere of tranquility. A group of people is engaged in various activities, each seemingly immersed in their own world.On the left, a woman with sunglasses on her head exudes a composed demeanor, her attention focused on the conversation at the table. Beside her, a table hosts a large, almost empty wine glass, hinting at a leisurely pace and indicating that they have spent some time there. The presence of an open menu and other dining items suggests they are in the middle of a casual meal or drinks.Across the table, a man in a sleeveless shirt sits with a relaxed posture, deep in thought or conversation. His expression is neutral, neither showing overt happiness nor sadness, enhancing the overall calm ambiance. The table has a mix of beverages, including a vividly colored drink, adding a touch of vibrancy but not overwhelming the scene.In the background, another woman stands while organizing items, her movements casual and unhurried, further emphasizing the laid-back mood. The décor, featuring a Union Jack flag, adds a subtle element of character to the space without introducing any strong emotional undertones.Overall, the neutral expressions, relaxed postures, and the serene setting all contribute to a mood of calm, everyday life where people are comfortably engaged in their routines or conversations, free from any significant emotional drama.	DJ Zinhle
2173	1	29716.jpg	The main subjects in the image are four individuals seated at a bar: two women and two men. The women are facing each other, while the men, one on each side of the table, are engaged in a conversation with the women. The setting appears to be a casual dining area with a wooden table, decorated with various glasses of drinks, a water bottle, and small plates.The lighting is bright and natural, suggesting the presence of large windows or ample ambient light coming from outside. The colors in the image are vibrant, with blue walls prominently featuring a large "X" design. This contributes to a lively and inviting atmosphere, typical of a lively social setting.The overall scene context is a relaxed gathering where friends might meet to chat and enjoy drinks. The casual arrangement and the comfortable body language of the individuals suggest a laid-back environment conducive to social interaction.	DJ Zinhle
2173	1	29716.jpg	In the image, there are four people sitting at a long bar table. On the left side, a woman with glasses and dark hair, who is wearing a light-colored top, is sitting at the edge of the table, facing right. She has a glass of white wine in front of her. Next to her, slightly to the right and slightly obscured, a woman with long brown hair is talking on a mobile phone held to her ear with her right hand; she is wearing a blue dress. In front of her, there is a tall bottle and other small items on the table. Moving further right, another woman is standing by the bar area, partially visible and facing away from the camera, seemingly engaged in a task. On the far right, a man with short hair and a sleeveless top is sitting with his arms around his knees, facing left, appearing to be conversing with the woman on the left. In front of him, there is a glass containing an orange beverage. The background features a blue wall with a large X-shaped decoration and a small section of the ceiling with light fixtures. The overall atmosphere seems relaxed and casual.	DJ Zinhle
2173	1	29716.jpg	The image depicts a casual outdoor dining scene with a relaxed atmosphere, characterized by vibrant colors and well-lit daytime conditions. The colors are bright and vivid, featuring predominantly blue hues in the background with a large Union Jack flag prominently displayed. The lighting is natural and soft, likely from daylight streaming in, which creates a welcoming and cheerful ambiance.Compositionally, the focus is on a group of people seated at a table. In the foreground, there is a table with various items including drinks, a wine glass, a bottle, cups, and a pair of sunglasses, suggesting a leisurely meal or gathering. The people are dressed casually, with the woman on the left side wearing sunglasses and the man on the right appearing engaged in conversation. The spatial relationships indicate a social interaction, with the woman facing slightly away from the camera and the man turned towards her.Notable details include the presence of a striped chair in the foreground on the right side, adding depth to the scene. In the background, there is another person serving drinks, indicating that this setting might be a café or restaurant patio. A potted plant adds a touch of greenery, enhancing the relaxed and inviting environment.	DJ Zinhle
2173	1	29716.jpg	In this image, you see a casual dining setting with a group of people sitting around a table. One woman with sunglasses is prominently visible, focusing on something in front of her. On the table are a few drinks, including a large glass and a smaller orange-colored beverage. A man is seated across from the woman, engaged in a conversation or interaction, while another woman in a blue dress stands nearby, possibly talking on a phone or adjusting her hair. The background features a colorful blue wall with a large cross pattern, and there are several water bottles and additional glasses on the table, adding to the relaxed atmosphere. The setting seems to be a laid-back bar or restaurant with a bright, airy environment.	DJ Zinhle
2173	1	29716.jpg	This vibrant scene captures a moment at a lively café, where a couple is engrossed in conversation over drinks. The atmosphere is casual and relaxed, with patrons enjoying their time. The foreground holds a large, empty wine glass filled halfway with a pale beverage, along with a stack of clean glasses and a few small items on the table. A striking blue wall in the background features a geometric pattern, adding a modern touch to the setting. The lighting is bright, creating a cheerful ambiance, and there appears to be a plant and a barista at work, contributing to the café's bustling yet cozy environment.	DJ Zinhle
2416	1	29361.jpg	The image shows a person wearing a helmet, sunglasses, and long-sleeved black shirt with the text "Troy Lee Designs" on the sleeve and back. They are also wearing bright neon green shorts, black socks with a logo, and white shoes. The person is holding a black mountain bike with their right hand, standing on sandy terrain with some greenery in the background. Surrounding the person is printed material, including a catalog or brochure from "Troy Lee Designs." The brochure lists various products such as "Night Jersey," "Gloves," "Shorts," "Knee Guards," and "TLD Crew Socks," with additional details on the left side. In the blurred background, there are various items on shelves, among which a package with a colorful design and a stack of magazines and other items are visible. The overall setting appears to be an outdoor or semi-outdoor area, possibly a store or market, with the focus on outdoor cycling gear.	MBA
2416	1	29361.jpg	The image depicts an open booklet or catalog showcasing a person wearing a helmet, sunglasses, and Troy Lee Designs apparel, standing with a mountain bike against a scenic landscape. The pages display product listings, such as jerseys, gloves, shorts, knee guards, and socks, highlighting various biking gear options. In the background, various items in a store, including magazines and packaged products, are partially visible.	MBA
2416	1	29361.jpg	The image showcases a person riding a mountain bike in what appears to be a brochure or catalog. The person is dressed in typical biking gear, including a helmet, gloves, and bright neon cycling shorts. The setting is outdoors, in a natural, somewhat rugged environment with blurred greenery that suggests movement and an adventurous spirit.The mood is neutral, as there are no strong emotional indicators like extreme expressions or dramatic settings. The expression of the person is calm and focused, suggesting concentration and a sense of readiness. The color scheme, with the stark contrast between the black attire and bright shorts, adds to the clarity and straightforwardness of the image. The overall atmosphere is one of preparedness and everyday activity, devoid of any overt excitement or melancholy, contributing to the neutral sentiment conveyed.	MBA
2416	1	29361.jpg	The main subject in the image is an advertisement featuring a cyclist dressed in a black long-sleeve jersey with the "Troy Lee Designs" logo and bright neon yellow shorts. The cyclist is holding a mountain bike, which is positioned next to them on a dirt trail with vegetation in the background. The cyclist is wearing a white helmet, black gloves, and sunglasses, creating a striking contrast against the vibrant colors of the clothing and bike.The lighting in the advertisement is natural, giving the image a bright and clear look that highlights the details of the cycling gear and the rugged outdoor setting. The colors are vivid, with the neon yellow shorts and the black gear standing out against the earthy tones of the trail and the greenery in the background.The overall scene context appears to be promoting outdoor cycling, specifically mountain biking. The ad showcases the brand's gear suitable for such activities, emphasizing durability and style. The setting suggests adventure and active lifestyle, which aligns with the brand's identity for outdoor sports enthusiasts. The design of the ad is sleek and professional, aiming to attract customers interested in high-quality cycling equipment.	MBA
2416	1	29361.jpg	The image shows an open pamphlet featuring a person geared up in biking attire, including a helmet, sunglasses, gloves, and a jersey with matching shorts. The individual is standing with their back partially turned towards the camera, holding the handlebars of a mountain bike, which is positioned on a dirt trail amidst some greenery. The pamphlet includes a description of Troy Lee Designs products, such as night jersey, gloves, shorts, knee guards, and crew socks. The layout suggests it is promotional material for cycling gear. The background shows a section of a store with various items on shelves and a shopping cart.	MBA
2416	1	29361.jpg	The image is a promotional flyer or magazine page featuring a person dressed in cycling gear standing with a mountain bike. The predominant colors in the image are black, neon yellow-green, and white, with additional colors from the background items. The cyclist is wearing a black long-sleeved shirt with the brand name prominently displayed on the sleeve, neon yellow-green cycling shorts, black socks, white shoes, and a white helmet. The lighting in the image is even and natural, suggesting it was taken outdoors in daylight, providing clear visibility of the subject and details. The composition focuses on the cyclist, with the mountain bike positioned to the right and slightly behind the person, emphasizing the gear and the bike. The background is a blurred natural landscape, likely a trail or dirt path, which helps to keep the focus on the cyclist and their equipment.Spatial relationships show the cyclist standing upright, hands resting on the bike's handlebars, projecting a relaxed yet ready posture. The bike is angled slightly to the right, with its front wheel pointing in that direction. Notable details include the detailed depiction of the clothing and protective gear, the branding on the clothing, and the rugged design of the mountain bike, all of which suggest an emphasis on outdoor cycling and adventure. The surrounding background includes shelves with various products, adding context to the setting as a retail or sporting goods store.	MBA
2416	1	29361.jpg	The image shows a catalog or brochure from Troy Lee Designs, a brand known for its cycling and sportswear. The page features a photo of a cyclist wearing a helmet, sunglasses, and a black long-sleeve shirt with the Troy Lee Designs logo on it. The cyclist is also wearing bright neon yellow shorts with a patch or logo on the left thigh and black cycling shoes. They are standing on a dirt trail or path, holding the handlebars of a black mountain bike that is leaning slightly to the right. The background shows a natural, outdoor setting with dry grass and shrubs, likely indicating a rugged terrain suitable for mountain biking.The left side of the page includes a list of products offered by Troy Lee Designs, such as night jersey, gloves, shorts, knee guards, and crew socks. Each item is briefly described, highlighting features like design, comfort, and functionality. The page is placed in a store aisle, surrounded by various other items on shelves, including books and possibly sports equipment. The overall scene suggests that this is a retail environment where cycling gear is being showcased and sold.	MBA
2416	1	29361.jpg	The scene takes place in what appears to be a sporting goods store, with the focus on a page titled "Troy Lee Designs" displayed at a checkout counter. The page showcases a person wearing a black long-sleeve shirt, neon green cycling shorts, black socks, and a white helmet, along with sunglasses. They are holding a mountain bike, poised as if preparing to ride off on a rugged trail. The person’s posture suggests confidence and readiness. To the left of the page, there is text listing various cycling gear items such as jerseys, gloves, shorts, knee guards, and socks, each with a brief description. The background behind the page shows shelves stocked with assorted items, adding context to the setting of the store. The overall ambiance suggests an outdoor adventure theme, emphasizing the athleticism and preparedness for off-road cycling. The lighting and focus on the person and bike draw attention to the gear prominently featured on the page.	MBA
2554	1	71408.jpg	The image shows a young woman posing playfully against a neutral background. She is wearing a white naval-style cap adorned with a gold emblem. Her dark hair is styled in a side braid, and she has various tattoos visible on her arms. One arm is resting behind her head while the other is raised, touching her cap and showcasing her tattooed sleeve. She wears a black, loose-fitting sleeveless top, a string bag over her shoulder, and multiple bracelets on her wrist. The setting is minimalist, emphasizing the subject with a plain backdrop, creating an atmospheric, casual look. The overall mood is relaxed and stylish.	Cleveland
2554	1	71408.jpg	A woman wearing a white sailor hat adorned with gold details poses confidently. She has a side braid, visible tattoos on her arms, and wears a black sleeveless top. Her hand rests near her face, emphasizing her expression.	Cleveland
2554	1	71408.jpg	The image conveys a neutral sentiment through its composition and subject presentation. The woman is posed confidently with one hand resting on her head, a slight tilt to her posture suggesting a casual and relaxed demeanor. Her facial expression is calm and composed, with a subtle, knowing smile that adds a touch of intrigue without displaying strong emotions. The sailor's hat she wears adds a playful, quirky element to her look, further contributing to the laid-back and nonchalant vibe. Her tattoos, visible on her arms, add to her individuality and personal style without leaning towards any specific emotional direction.The background is plain and uncluttered, which keeps the focus on her and enhances the neutral atmosphere. The lighting is even and soft, reducing harsh shadows and maintaining a balanced visual tone. The overall mood is one of understated confidence and casual elegance, with no overtly positive or negative emotions displayed. This neutrality allows the viewer to interpret the image in various ways, maintaining a balanced and composed emotional tone.	Cleveland
2554	1	71408.jpg	The image features a young woman as the main subject, standing against a plain, light background. She is wearing a sailor-style hat with a gold emblem on the front. Her arms are raised, one resting behind her head and the other touching her face, showcasing colorful tattoos on her arms. The tattoos are intricate and vivid, adding a bold visual element to the image. She has long, dark hair styled in a side braid and is dressed in a sleeveless black top with a unique, possibly distressed design. The lighting is soft, creating a gentle and natural look, highlighting her features without harsh shadows. The overall scene appears to be a casual portrait with an emphasis on her fashion and body art, providing a laid-back and artistic vibe.	Cleveland
2554	1	71408.jpg	A woman is posing against a plain white background. She is wearing a sailor-style hat adorned with a gold emblem and has long black hair, partially styled in a braid. She is dressed in a black sleeveless top that hangs loosely, revealing a tattoo on her right arm. The tattoo features colorful designs and extends from her shoulder down her arm. She is also wearing several bracelets on her left wrist. Her right hand is resting on the back of her head, with her index finger gently touching her cheek and her thumb behind her head.	Cleveland
2554	1	71408.jpg	The image features a young woman wearing a white sailor hat with a gold emblem. She has long black hair styled in a side braid and displays multiple tattoos on her arms. Her expression is engaging, with her chin resting on her hand. The woman is dressed in a dark, sleeveless top and has a pendant around her neck. The background is a plain white color, creating a high-contrast setting that highlights her features. The lighting is soft, evenly illuminating her face and body, casting subtle shadows. The composition centers on the subject, with her arms raised and her hands placed behind her head, creating a relaxed yet striking pose. Notable details include her bracelets and the intricate designs of her tattoos, which add visual interest to the overall image.	Cleveland
2554	1	71408.jpg	In the image, a young woman with long, dark hair styled in a braid is wearing a sailor-style cap that is white with gold trim. She poses against a plain white background, smiling softly and placing one hand behind her head. She has tattoos on both arms, featuring colorful designs. She is wearing a sleeveless black top that exposes the tattoos. The overall attire and accessories, such as the cap, give the scene a playful and casual vibe.	Cleveland
2554	1	71408.jpg	In this image, a person poses confidently against a white background. The individual wears a white captain's hat with a gold emblem on it, which adds a touch of nautical flair to their look. Their long hair is styled into a side braid, creating a sleek and sophisticated appearance. The sleeveless gray top exposes their tattooed arms, featuring intricate designs that include vibrant colors and detailed artwork. One arm is adorned with multiple bracelets, adding an edgy charm to the overall style. The pose is relaxed yet assertive, with a hand resting playfully behind their head, exuding a sense of playful confidence.	Cleveland
2783	1	119798.jpg	The image shows two women engaged in a conversation in what appears to be a residential or hotel setting. The woman on the left has long sleeves and is facing the camera, wearing an intricate black and white patterned dress. Her hair is long and dark, and she has an expression suggesting surprise or concern. The woman on the right has her back turned to the camera, wearing a red dress with thin straps and a pearl necklace. Her hair is styled in an updo. Behind them, the room is warmly lit, with a painting on the wall featuring warm tones and abstract designs. There is also a tall mirror or decorative piece with a spherical light fixture near the painting. The atmosphere seems calm but the interaction between the women suggests a moment of significance or seriousness.	Joseline
2783	1	119798.jpg	Two women are engaged in conversation in a warmly lit room. The woman on the left, with long dark hair, is wearing a black and white patterned dress, and the woman on the right, with short hair, is seen from the back and dressed in a red outfit with a white pearl necklace. Artwork and a lamp are visible in the background.	Joseline
2783	1	119798.jpg	The image depicts two women engaged in a conversation, exuding a neutral sentiment through subtle emotional cues and an atmospheric setting. The woman on the left, with dark, wavy hair and dressed in a black and white patterned outfit, appears attentive, her gaze focused on the other woman. Her expression is composed, with a slight hint of interest or curiosity, suggesting she is engaged in the dialogue.The woman on the right, viewed from the back, has her dark hair styled in an elegant updo and wears a red dress complemented by a pearl necklace. Her posture indicates she is facing the other woman, contributing to the sense of mutual engagement.The background features abstract art and warm lighting, creating a cozy and sophisticated atmosphere. The soft lighting and the intimate setting suggest a relaxed environment, possibly a private or semi-formal gathering. The lack of exaggerated expressions or dramatic gestures contributes to the neutral mood, emphasizing calmness and composed interaction between the two individuals.	Joseline
2783	1	119798.jpg	The main subjects in this image are two women sitting and facing each other in what appears to be an indoor setting. The woman on the left has long dark hair and is wearing a black and white patterned dress, while the woman on the right has short hair styled up and is wearing a red dress with a pearl necklace. They are seated across from each other at a table.The lighting is soft and warm, highlighting the subjects without causing harsh shadows. The colors in the image are rich, with a prominent contrast between the black and white patterns on the left woman's dress and the vivid red of the right woman's dress. The background features abstract art with earthy tones, adding to the sophisticated ambiance of the scene.Overall, the scene suggests an intimate or serious conversation in a classy, well-decorated room, likely a private setting such as a home or upscale venue.	Joseline
2783	1	119798.jpg	In the image, two women are engaged in what appears to be a conversation in an indoor setting, possibly a living room. The woman on the left is facing forward, wearing a black and white patterned dress with long, wavy hair. Her facial expression suggests she is speaking seriously or intently, as she looks towards the woman on the right. The woman on the right has her back to the camera, adorned with short, curly hair and a pearl necklace. She is dressed in a red outfit. In the background, there is a piece of framed art with abstract designs, and a lamp with a decorative glass shade is partially visible. The atmosphere seems charged, indicating a potentially significant or emotional interaction between the two individuals.	Joseline
2783	1	119798.jpg	The image depicts two women engaged in a conversation in an indoor setting with soft, warm lighting. The woman on the left is wearing a black and white geometric-patterned dress, featuring a combination of bold lines and shapes. Her dark hair is loose, and she appears expressive as she faces the woman on the right.The woman on the right is seen from behind and is wearing a red dress with thin straps and a pearl necklace. Her hair is styled in an updo, adding a formal touch to her appearance. Both women are positioned in the foreground, with the woman on the left slightly leaning forward, indicating engagement in the conversation.In the background, there is a piece of abstract art with earthy tones on the left and a vivid, bright orange artwork on the right, which adds color contrast to the scene. A table lamp with a white shade is situated near the right artwork, providing additional ambient lighting. There is also a decorative item resembling a glass sphere on a stand, adding a touch of elegance to the composition.The overall atmosphere is sophisticated and intimate, with the spatial arrangement suggesting a personal or casual interaction between the two women.	Joseline
2783	1	119798.jpg	In the image, two women are engaged in a conversation. The woman on the left has long dark hair and is wearing a black and white patterned dress. She appears to be speaking or reacting with a concerned expression. The woman on the right is seen from behind, with her back facing the camera, showcasing a red dress with thin straps and a pearl necklace. Her hair is styled in an updo.The setting seems to be indoors, possibly in a home or an elegant space, as suggested by the decor in the background. There is a painting on the wall, and a lamp is visible, contributing to a sophisticated ambiance. The mood conveyed by the body language and facial expressions suggests a serious or intense interaction between the two individuals.	Joseline
2783	1	119798.jpg	The scene captures a quiet, intimate moment between two individuals in an art-adorned room. One person, facing the camera, exhibits a confident posture and an engaged expression, while the other, seen from the back, appears poised and elegant. The ambient light casts a soft glow, highlighting the intricate details of their attire and the surrounding decor. The abstract art on the wall adds a touch of sophistication, creating a visually appealing backdrop that hints at a deeper conversation or connection between the two figures.	Joseline
2907	1	70414.jpg	The image depicts a scene inside a gymnasium where a man in a gray suit and colorful shirt is energetically addressing an audience. He appears to be speaking or singing into a handheld microphone mounted on a stand, with one hand holding additional papers and the other raised. The audience is seated on bleachers, consisting of various individuals including women and men, some of whom are smiling and watching intently. A man in a gray suit sits in the foreground, resting his chin on his hand with a contemplative expression. The walls are painted yellow, and a banner with text hangs in the background. This setting suggests a formal event or presentation taking place in a community or school setting, with an atmosphere of earnest engagement and attention. The "Chicago Tribune" watermark indicates the photo was taken by Armando L. Sanchez for that publication.	# mayor
2907	1	70414.jpg	The image depicts a man in a suit passionately speaking into a microphone in what appears to be a meeting or conference hall. The audience sits in attentiveness, with one man in the foreground holding his chin thoughtfully and another making a hand gesture, conveying engagement and interest in the speaker's message. The setting includes banners and a name badge on the seated man's lapel, hinting at a formal event or gathering.	# mayor
2907	1	70414.jpg	The image depicts a formal indoor event with a diverse audience. In the foreground, a man in a gray suit is standing, seemingly singing into a microphone, with his eyes closed and mouth wide open, conveying an expression of passion or intensity. His open-armed stance adds to the sense of engagement and delivery.To his right, another man in a gray suit is seated, resting his chin on his hand with a contemplative expression, seemingly lost in thought or reflection. The audience in the background varies in expressions and activities: some are paying attention, while others are clapping or talking amongst themselves. The overall atmosphere appears to be one of attentiveness mixed with casual engagement. The lighting in the room is bright and evenly distributed, contributing to a neutral ambiance that avoids dramatic shadows or highlights. The venue, with its high ceilings and rows of seating, gives off a sense of openness and gathering. There is a banner in the upper right corner indicating the event might be covered by the Chicago Tribune, adding a sense of journalistic or formal event context.Overall, the combination of the passionate performance and the contemplative audience creates a balanced emotional scene. The presence of clapping and attentive listeners suggests a positive interaction, while the thoughtful expression of the seated man adds a layer of neutrality, resulting in an overall sentiment that is neither overly emotional nor completely indifferent.	# mayor
2907	1	70414.jpg	The main subjects of the image are two men in suits, both positioned in the center and right side of the frame. The man in the center appears to be speaking passionately into a microphone, raising his other hand and holding papers, suggesting he is delivering a speech or presentation. The other man is seated nearby, leaning back with a neutral expression, one hand resting on his chin, and the other holding a small stack of papers.The scene takes place indoors, likely in a large hall or auditorium, with a group of people seated in the background, attentively watching the speaker. The audience members are diverse, with some wearing casual attire and others more formal, indicating a mixed setting.The lighting is bright and even, highlighting the speaker and creating a clear view of the participants. The overall color palette is warm, with yellowish tones from the walls and ceiling, contributing to a vibrant and energetic atmosphere.The context appears to be a formal or semi-formal event, possibly a public speech, rally, or communal gathering. The presence of the microphone and the engaged audience suggest an organized activity centered around the standing man's address.	# mayor
2907	1	70414.jpg	In the image, a man is standing at a microphone, wearing a colorful tie, engaging in what seems to be a passionate speech or protest. The man appears to be making an emphatic point, with his mouth open as if shouting or expressing strong emotions. He holds some papers in one hand while gesturing outward with the other. To his right, another man sits with his hands clasped thoughtfully, looking towards the speaker. The audience seated to the left is visibly reacting to the speaker; one woman is clapping, and others are watching with interest. The setting appears to be a lecture hall or similar venue, with banners and seating visible in the background, and the image is credited to Armando L. Sanchez/The Chicago Tribune.	# mayor
2907	1	70414.jpg	The image shows a lively event with two prominent individuals: one person is standing, raising one arm, and appears to be speaking or singing passionately into a microphone, wearing a gray suit with colorful, patterned tie and purple pants. Another person is seated in the foreground, dressed in a gray suit with a name tag, looking towards the camera with a contemplative expression. The background includes a group of people seated on folding chairs, watching the scene unfold. The audience appears engaged, with some clapping. Colors in the image include various shades of gray, blue, and purple, creating a balanced yet vibrant visual composition. The lighting is bright and even, illuminating the entire scene effectively and highlighting the expressions and actions of the people. Spatial relationships show the standing person as the focal point, drawing attention from both the audience and the camera. Notable details include name tags worn by some attendees, suggesting an organized meeting or event, and signage on the walls, adding context to the setting.	# mayor
2907	1	70414.jpg	In this image, a man in a gray suit and colorful tie stands prominently in front of a microphone, holding up a receiver in his left hand and a piece of paper in his right hand. He appears to be shouting or speaking passionately, capturing the attention of those around him. The background shows a group of seated people, some focusing on the man, while others seem to be engaged in various activities like clapping or using their phones.The setting appears to be a formal event or meeting, possibly held in a gymnasium or conference hall, as suggested by the high ceiling, bright lighting, and the arrangement of chairs. The man in the foreground, sitting to the right, looks thoughtful and slightly amused, resting his chin on his hand. The image is credited to the Chicago Tribune, indicating it might have been taken during a public event or speech. The atmosphere suggests a mix of attentiveness and engagement among the attendees.	# mayor
2907	1	70414.jpg	The image captures an indoor event with a unique dynamic where a man is fervently speaking into a microphone, arms outstretched, seemingly engaged in a passionate address. He stands in front of a seated audience, some of whom are clapping or participating, while another man sits nearby with a curious or thoughtful expression, resting his chin on his hand. The scene is vibrant, with attendees dressed casually and the room filled with signs of active engagement. The atmosphere blends energy and contemplation, contrasting the speaker's animated delivery with the audience's varied responses.	# mayor
3042	1	556359.jpg	The image depicts a serene coastal scene captured from within a natural rock arch. The archway frames the view of towering, rugged cliffs with vibrant orange and reddish hues, illuminated by sunlight filtering through. The water below glimmers in shades of deep blue and turquoise, reflecting the clear sky. The rock surfaces appear textured and layered, showcasing a mix of warm tones and shadows that enhance the depth and dimension of the scene. The overall atmosphere is calm and majestic, with a sense of tranquility emanating from the interplay of natural elements. There are no people or man-made objects visible, emphasizing the untouched beauty of the landscape.	Corse
3042	1	556359.jpg	The image depicts a stunning coastal scene viewed from within a rocky cave. The cave frames a vibrant blue sea and towering, reddish-orange cliffs, creating a dramatic contrast between the dark interior and the bright, sunlit exterior. Sunlight filters into the cave, illuminating the water and enhancing the rich colors of the rock formations.	Corse
3042	1	556359.jpg	The image portrays a naturally stunning coastal cave, characterized by its rich and varied hues of red and orange rock formations. The entrance of the cave opens to a breathtaking view of a crystal-clear turquoise sea, reflecting the sunlight which filters through the narrow opening, illuminating the scene. The soft play of light and shadow adds depth to the cavern, evoking a sense of tranquility and untouched beauty.The calmness of the water and the warm tones of the cliffs create a peaceful and serene atmosphere, free from human disturbance. The play of light, with its gentle shimmer on the water's surface, adds a touch of magic and wonder to the scene. This combination of elements yields an overall mood of quiet reflection and natural harmony, contributing to the neutral sentiment of the image.	Corse
3042	1	556359.jpg	The image depicts a coastal scene featuring a narrow sea cave with towering, rugged rock formations on either side. The main subject of the cave is centrally framed, creating a natural pathway that leads to the serene blue waters beyond. The rocks are a mix of reddish and orange hues, with textures that suggest erosion, indicative of their weathering by the elements over time. The lighting is warm and natural, likely from the sun, casting soft light on the rocks and creating reflections on the water's surface, enhancing the tranquil atmosphere. The blue of the sea contrasts with the warm tones of the rocks, adding a calming visual element. The overall context is a picturesque coastal area, emphasizing the beauty and tranquility of natural formations.	Corse
3042	1	556359.jpg	The image shows a stunning coastal scene captured from inside a rocky cave. The cave opening frames a beautiful view of towering, colorful rock formations that rise dramatically from the water below. The rocks display a variety of warm tones, ranging from reds to oranges, giving a rich, textured appearance. Beyond the rocks, the ocean stretches out, with the water appearing a deep, inviting shade of blue. The sunlight illuminates the scene, creating a contrast between the shadowy interior of the cave and the bright, vibrant exterior. The overall effect is one of natural beauty and tranquility.	Corse
3042	1	556359.jpg	The image depicts a cave opening onto a stunning seascape. The cave walls are characterized by rich, warm hues of red and orange, with intricate textures that highlight the natural erosion patterns. Light filters through the cave opening, casting a play of shadows and illuminating the interior with a soft, ambient glow. Outside, the sea showcases vibrant shades of turquoise and deep blue, reflecting the sunlight and creating a serene contrast against the rocky cliffs. The cliffs themselves rise majestically from the water, displaying a mix of earthy tones that complement the cave's interior. The composition draws the eye from the dark, shadowy foreground into the bright, open view beyond, emphasizing the depth and spatial relationship between the enclosed cave and the expansive coastal scenery. Notable details include the smoothness of the water's surface and the rugged, layered rock formations that add to the scene's natural beauty.	Corse
3042	1	556359.jpg	The image depicts a stunning view of a coastal scene captured from inside a rocky cave or archway. The arch frames a breathtaking vista of towering cliff formations, their surfaces bathed in shades of warm orange and red, created by the sunlight filtering through. The sea below is a beautiful turquoise color, stretching out to meet the cliffs in the distance. The water inside the cave is deep blue, shimmering with reflections of the light. This natural formation likely offers a picturesque and serene environment, drawing visitors to admire its geological beauty and tranquil atmosphere. The cave's interior is characterized by rugged, textured rock surfaces, adding to the dramatic and captivating scene.	Corse
3042	1	556359.jpg	A secluded cove is revealed by towering rock formations that curve inward, forming a natural arch over the vibrant turquoise waters. The interplay of light creates a striking contrast, illuminating the reddish-brown cliffs with golden hues while casting deep shadows in the recesses of the overhang. The rugged texture of the cliffs, marked by weathered erosion, tells a story of natural history. Below, the tranquil sea reflects the sky's blue tones, gently lapping at the rocky base. This hidden haven evokes a sense of peaceful seclusion, inviting contemplation amidst the untouched beauty of the landscape.	Corse
380	2	314364.jpg	The image captures a scene of a pathway lined with cherry blossom trees, their branches fully laden with delicate pink flowers. The trees form a canopy over the path, creating a tunnel-like effect with their blossoms. On the left side of the path, there is a bench placed on a grassy area, slightly hidden in shadow, while the right side features a body of water bordered by the pathway. Several people are walking along the path, some holding colorful umbrellas that stand out against the predominantly pink and green surroundings. The atmosphere appears serene and slightly overcast, contributing to a tranquil and picturesque setting. The overall color palette is soft, with pastel pinks from the cherry blossoms, lush green grass, and gentle reflections in the water.	Washington DC
380	2	314364.jpg	The image depicts a serene pathway lined with cherry blossom trees in full bloom, creating a picturesque canopy. A group of people is walking under the blossoms, some holding a colorful umbrella, adding a vibrant touch to the tranquil scene. The setting by a calm body of water enhances the peaceful and beautiful atmosphere.	Washington DC
380	2	314364.jpg	The image portrays a serene and enchanting scene under a canopy of blooming cherry blossoms, their delicate pink petals creating an ethereal atmosphere. It evokes a sense of tranquility and beauty, often associated with the fleeting nature of spring. The soft lighting and the gentle arch of branches overhead contribute to a feeling of being enveloped in a peaceful embrace. A group of people walking along the path, one holding a colorful umbrella, adds a touch of liveliness and joy, suggesting a leisurely stroll and appreciation of nature's splendor. The presence of the empty bench on the grass emphasizes a quiet solitude, inviting one to pause and reflect. Overall, the image exudes a calming and uplifting mood, fostering feelings of happiness and contentment.	Washington DC
380	2	314364.jpg	The main subjects are people walking under a canopy of cherry blossom trees on a pathway beside a body of water, with one person holding a colorful umbrella. The trees arch gracefully over the path, creating a tunnel-like effect. The lighting is soft, diffusing evenly across the scene, likely due to an overcast sky, which enhances the serene mood. The color palette is dominated by pastel pinks of the cherry blossoms, contrasting with the green grass and muted tones of the pathway and water. The overall scene conveys a peaceful, picturesque setting typical of a tranquil spring day, evoking feelings of calm and beauty.	Washington DC
380	2	314364.jpg	The image shows a scenic pathway lined with cherry blossom trees in full bloom, their branches arching over the walkway to form a picturesque canopy of pink flowers. Several people are walking along the path, and one person is holding a colorful rainbow umbrella, adding a vibrant contrast to the natural beauty around them. A solitary bench sits on the grassy area to the left, inviting passersby to sit and enjoy the serene surroundings. The pathway appears to run beside a body of water, partially covered by mist, further enhancing the tranquil and enchanting atmosphere of the scene.	Washington DC
380	2	314364.jpg	The image captures a serene and picturesque scene under the blooming cherry blossoms, exuding a sense of tranquility and beauty. The soft, pastel pink hues of the cherry blossoms create a dreamy and enchanting atmosphere, draping over the pathway like a floral canopy. The lighting is gentle and diffused, adding to the dreamy quality and highlighting the delicate petals without harsh shadows. The composition is balanced, with the pathway leading the eye deeper into the scene, creating a sense of depth and inviting exploration. On either side of the path, lush green grass contrasts beautifully with the pink blossoms, enhancing the visual appeal. A solitary bench sits invitingly on the left, suggesting a perfect spot for quiet reflection or a peaceful rest.Spatial relationships are harmonious, with people walking along the path under the flowering trees, adding a touch of life and scale to the scene. One person is holding a colorful umbrella, introducing a vibrant splash of color that complements the soft tones around them. The presence of the waterfall on the right adds a dynamic element, its misty spray contributing to the overall ethereal mood.Notable details include the intricate network of branches and blossoms overhead, the smooth, wet pathway that reflects the soft light, and the subtle interplay of colors and textures throughout the image. Together, these elements create a cohesive and captivating visual experience that is both serene and uplifting.	Washington DC
380	2	314364.jpg	The image captures a serene and picturesque scene by a body of water lined with a cherry blossom pathway. Walking along this path under an enchanting canopy of pink and white blossoms, several people are strolling, adding a sense of tranquility and enjoyment to the atmosphere. The vibrant and colorful umbrella carried by one of them brings a touch of contrast to the soft pastel hues of the flowers. To the left, a lone bench sits quietly by the grassy bank, inviting anyone to sit and immerse themselves in the beauty of the surroundings. The gentle mist hovering over the water enhances the dreamlike quality of the scene, creating a moment of calm and natural splendor. This setting evokes feelings of peace, wonder, and appreciation for the beauty of nature.	Washington DC
380	2	314364.jpg	A tranquil path lined with cherry blossom trees arches over a calm body of water, their branches intertwined with delicate pink flowers. The soft petals create a canopy overhead, offering a serene atmosphere for a group of people walking along the path. One person holds a rainbow-colored umbrella, adding a splash of color to the scene. A solitary bench sits on the grassy side, inviting one to pause and appreciate the mesmerizing beauty of nature. The overall mood feels peaceful, capturing a moment of quiet reflection amidst the blooming landscape.	Washington DC
846	2	1063886.jpg	This image depicts a bird-shaped decorative wind ornament hanging against a lush, green background. The ornament consists of a central figurine with outstretched wings and arms, designed to spin in the wind, creating a dynamic visual effect. The central figurine has a detailed, iridescent plumage with hues of blue, purple, and gold. In the top left section, there are two smaller insets showing the bird with its wings spread in various directions, giving the impression of flight. The background is covered in dense green foliage, which enhances the vibrant colors of the wind ornament. The overall atmosphere is lively and vibrant, suggesting a playful and natural setting.	Shattered CD Art
846	2	1063886.jpg	The image showcases a strikingly detailed and vibrant sculpture of a phoenix soaring amidst lush green foliage. The phoenix is depicted with intricate, iridescent feathers in hues of blue, purple, gold, and bronze, giving it an almost ethereal appearance. Additionally, three inset images capture different perspectives of the sculpture in motion, adding dynamism and enhancing the overall sense of flight and freedom.	Shattered CD Art
846	2	1063886.jpg	The image conveys a sense of wonder and admiration for nature’s beauty. It features a colorful bird of paradise flower surrounded by lush green foliage, creating a vibrant and lively atmosphere. The bird of paradise’s vibrant peacock-colored plumage stands out prominently against the green background, suggesting a theme of natural splendor and exuberance. This scene evokes feelings of joy and appreciation, capturing the viewer’s attention with its vivid hues and intricate details. The various angles shown emphasize the flower’s elegance and dynamic form, enhancing the overall sense of positivity and vitality in the image.	Shattered CD Art
846	2	1063886.jpg	The main subjects are metallic origami birds with iridescent feathers hanging in various poses. The birds display intricate designs, with some shown in flight, their wings spread wide as if mid-air. The arrangement suggests they are suspended by strings against a lush, green backdrop of foliage. The lighting highlights the reflective, shimmering quality of the birds, emphasizing their metallic and pastel hues, primarily blues, purples, and golds. The overall scene conveys a sense of elegance and whimsy, blending art with nature.	Shattered CD Art
846	2	1063886.jpg	The image shows a colorful bird ornament hanging from a string amidst some green foliage. The bird has vibrant, iridescent feathers in shades of blue, purple, and green that shimmer in the sunlight. In addition to this larger bird, there are smaller representations of flying birds at the top left of the image, depicting different stages or perspectives of the same bird in flight. The larger bird is positioned prominently in the foreground, with its wings spread wide, giving the impression of dynamic movement and beauty. The bird appears to be intricately crafted, possibly from metal or a similar shiny material, enhancing its decorative appeal. The green leaves in the background provide a natural setting that contrasts with the striking colors of the bird. The overall scene exudes a sense of nature and artfully crafted beauty.	Shattered CD Art
846	2	1063886.jpg	The image displays vibrant and iridescent birds suspended in mid-air against a lush green backdrop. The colors are rich and varied, featuring shimmering blues, purples, yellows, and greens that reflect the light beautifully, giving the birds a dynamic and almost magical appearance. The lighting is natural and bright, casting soft shadows and highlighting the intricate details of the birds' feathers, which adds depth and texture to the composition. The arrangement of the birds creates a sense of movement and fluidity, with one large bird in the center and smaller birds positioned around it, as if captured in a moment of serene flight. The surrounding greenery provides a contrasting yet complementary background, enhancing the visual appeal and making the birds stand out even more. The overall effect is one of beauty and tranquility, evoking a sense of wonder and delight.	Shattered CD Art
846	2	1063886.jpg	The image showcases a series of three intricately designed objects, resembling mythical phoenixes or birds with fiery, colorful feathers, suspended among lush green foliage. The largest object on the right is fully spread out, displaying vibrant hues of purple, blue, gold, and various iridescent colors, giving it a majestic and fantastical appearance. The two smaller objects on the left are similar but appear to be in different stages of motion or form, as if they are flying or transitioning into different poses. The scene radiates a sense of vibrancy and wonder due to the vibrant colors and the ethereal setting amidst the natural greenery.	Shattered CD Art
846	2	1063886.jpg	The image captures a vibrant display of metallic and iridescent feathers arranged to suggest a sense of motion and transformation. Four distinct figures, each showcasing an array of bright colors that shine with a dynamic spectrum, draw the eye against a backdrop of lush green foliage. The central figure appears large and imposing, with wings spread wide to create an impression of grandeur and power. Surrounding this centerpiece are smaller figures, seemingly in flight, each frozen mid-motion to evoke a sense of whimsy and fantasy. The intricate play of light and shadow on the feathered forms enhances the surreal and magical quality of the scene, creating a visually captivating and enchanting tableau.	Shattered CD Art
886	2	1855943.jpg	The image depicts a smiling person wearing a black shirt with a keychain or small pendant around their neck. The person has their hair pulled back and appears to be holding a shiny, metallic pole in their right hand, which is partially visible in the frame. The background consists of a beige wall with some minimalistic decor, including a white door or panel with handles and a small white box with a label or some writing on it. The person's expression is cheerful and the overall atmosphere seems casual and friendly. The setting appears to be indoors, possibly in a corridor or hallway, with neutral colors dominating the scene.	SBU
886	2	1855943.jpg	The image shows a smiling woman holding an oboe. She wears a black top and a necklace with a cross pendant. The background appears to be a hallway with a bulletin board, and the overall atmosphere is cheerful and positive.	SBU
886	2	1855943.jpg	The image captures a moment filled with warmth and positivity. The person in the picture is smiling broadly, revealing a friendly and engaging demeanor that immediately contributes to a cheerful atmosphere. Their joyful expression suggests they are in a good mood, perhaps enjoying a light-hearted moment or an amusing interaction. The background, though somewhat out of focus, appears neutral and unobtrusive, with soft lighting adding a gentle glow to the scene. This subtle lighting enhances the overall pleasant and inviting atmosphere. The casual outfit and relaxed posture further suggest comfort and ease, contributing to the sense of positivity. Overall, the emotional cues in the image, such as the smile, relaxed body language, and warm lighting, combine to create an atmosphere of happiness and friendliness. The mood is uplifting and welcoming, making the viewer feel as though they are part of a joyful and positive experience.	SBU
886	2	1855943.jpg	The main subject in the image is a woman who is smiling and appears to be leaning against a metallic pole. The background shows an indoor setting with cream-colored walls and some fixtures. The lighting is relatively soft and ambient, highlighting her face with a warm tone. The color palette is muted, with beige and off-white hues dominating the scene, contrasted by the dark color of her clothing, which features a small crucifix necklace. The overall context suggests a relaxed and cheerful atmosphere, possibly captured during an informal or candid moment.	SBU
886	2	1855943.jpg	A smiling person is posing for a photo indoors. They are holding a long, metallic object resembling a part of musical equipment, possibly a stand. The individual is wearing a black top and a necklace featuring a cross pendant. The background includes a wall and a door, with a light-colored paper or folder placed against the wall. The overall mood appears cheerful and positive.	SBU
886	2	1855943.jpg	The image features a person smiling slightly with a relaxed demeanor, set against a background of neutral-toned walls and a door, which suggests a calm indoor setting. The lighting appears soft and even, casting a warm glow on the face, enhancing the friendly expression. The subject is holding an object, possibly a piece of equipment, which is prominently positioned and slightly angled towards the camera. The composition is straightforward, focusing on the upper body and face of the person. They are wearing a black shirt that contrasts with the lighter surroundings, drawing attention to the facial expression. A necklace with a cross pendant is visible, adding a subtle personal detail. Overall, the visual characteristics convey a positive and approachable sentiment.	SBU
886	2	1855943.jpg	In the image, there is a person who appears to be smiling warmly. The background seems to be indoors, possibly in a hallway, given the neutral-colored walls and a door in the background. The person is holding a shiny metal pole, which might be part of some equipment or structure. They are wearing a black top and a necklace with a cross pendant. The person's expression is friendly and welcoming, giving the overall impression of a positive sentiment. There is a piece of paper with a barcode partially visible on the left side of the image. A soft light illuminates the scene, contributing to a relaxed and approachable atmosphere.	SBU
886	2	1855943.jpg	A person is holding a metal pole, smiling at the camera. They are wearing a black top and a necklace with a cross pendant. The background features a light-colored wall and a partially open paper bag on the floor.	SBU
1398	2	1291819.jpg	The image depicts a man standing outside a building with a sign that reads "GRILL" and part of another sign visible that says "COLBERT." The man is dressed warmly in a brown jacket, black pants, black gloves, and a beige hat, seemingly prepared for cold weather. He is holding a yellow snow shovel, leaning against a pile of snow on a sidewalk that is partially cleared. The ground is a mix of snow and the reddish-brown color of the sidewalk.The building in the background has a brick facade with large windows protected by metal bars, and two small lantern-style lights on the exterior wall. The building has a red awning extending over the sidewalk. The ambient lighting suggests it is a sunny day, casting shadows on the wall and ground.Despite the cold setting, the man appears content, as indicated by his smile and relaxed posture. The overall atmosphere is one of a typical winter day in an urban or suburban setting, with the man engaging in routine snow removal.	John
1398	2	1291819.jpg	A person stands outside a building named "GRILL," dressed warmly in a brown jacket, gloves, and a hat. They hold a shovel next to a pile of snow on a snowy day, indicating they might be clearing the area. The building behind them features a brick façade with an awning and decorative lanterns, creating a cozy, urban scene.	John
1398	2	1291819.jpg	The image depicts a cheerful man standing outside a building labeled "GRILL," dressed warmly in a brown jacket, black gloves, black pants, and a beige hat, as he holds a snow shovel. The presence of snow on the ground and remnants of it in the air adds a wintry atmosphere to the scene. The man's smile and relaxed posture suggest a sense of contentment and enjoyment in the moment. The clear sky and the sun casting shadows indicate a bright day. The overall mood is one of warmth and positivity, despite the cold weather, as the man appears to be happily engaging in the task of clearing snow, perhaps even taking a moment to pose for a photo. The background, with its brick buildings and vintage lamp posts, adds a quaint and cozy ambiance, further enhancing the positive sentiment conveyed in the image.	John
1398	2	1291819.jpg	The main subject is a person wearing a brown jacket and a hat, standing on a pathway beside a building labeled "GRILL". The individual is holding a snow shovel, suggesting involvement in clearing snow. The scene is surrounded by remnants of snow, indicating a cold or winter setting. The lighting is bright and appears to be natural sunlight, casting shadows on the ground, while the overall color palette is dominated by earthy tones such as brown and red, juxtaposed with the white snow. The background features a brick building with visible windows and signage for "COLBERT," enhancing the urban context of the scene. The overall sentiment is positive, with the person seemingly content and engaged in a routine task amidst a serene, wintry atmosphere.	John
1398	2	1291819.jpg	A man stands outside a restaurant named "Grill," smiling as he holds a snow shovel. The ground is covered with patches of snow, indicating recent or ongoing winter weather. The man is dressed warmly in a tan jacket, matching brimmed hat, and gloves, ready to clear the snow. Behind him, there are brick walls and windows with lantern-style lights, adding to the cozy atmosphere of the scene. The adjacent building has a sign that reads "Colburn," suggesting a nearby establishment or landmark. The sunny outdoor environment contrasts with the winter setting, creating a cheerful and lively mood.	John
1398	2	1291819.jpg	The image features a person dressed warmly in a brown jacket, black pants, gloves, and a light-colored hat, who appears to be smiling or in good spirits. They are standing on a brick pathway with patches of snow on either side, indicating a winter setting. A yellow shovel is leaning against a brick pillar near them, suggesting they may have been shoveling snow.The background shows a building with a sign that reads "GRILL" on the left and "COLBERT" on the right, indicating it might be part of a larger complex or adjacent businesses. The building has a dark awning with matching wall lamps, adding to the cozy, inviting atmosphere despite the cold weather. The scene is well-lit with natural sunlight, casting soft shadows and enhancing the warm tones of the brick and the person's attire. Overall, the composition conveys a cheerful and industrious mood, with the bright sunlight and the person's relaxed posture adding to the positive sentiment.	John
1398	2	1291819.jpg	The image shows a cheerful man standing outside a diner-style building labeled "GRILL." The setting appears to be during winter, as there is snow on the ground and some buildings are dusted with snow. The man is dressed warmly in a brown jacket, black pants, and a brown fedora, suggesting it's a cold day. He is holding a shovel by his side, indicating he might have been clearing the snow from the walkway. The restaurant has a retro aesthetic, with brick accents and classic street lamps mounted outside, enhancing its vintage charm. The building next to it has the word "COLBERT" on it, likely another establishment. The sky is clear, and the lighting suggests it's daytime, with the sun casting a warm glow over the scene. The man seems to be in a good mood, as he's smiling and looking directly at the camera, adding to the positive atmosphere of the image.	John
1398	2	1291819.jpg	A person stands outside on a brick sidewalk during winter, holding a snow shovel partially buried in a patch of snow. The individual is dressed warmly in a brown jacket, black gloves, and a beige hat. Behind them, a building features a sign for a grill, with ornate lamps on the brick wall. The windows reflect the snowy surroundings, and the ground is a mix of cleared concrete and lingering snow, suggesting the cold season persists nearby.	John
1479	2	644278.jpg	In the image, a person appears to be dancing or posing with their arms raised above their head, exuding a sense of joy and freedom. They are wearing a white crop top paired with a shiny, textured skirt with a mix of purple and patterned details, and black combat boots. Their long, blonde hair flows as they move, adding to the dynamic feel of the scene. They are positioned against a vivid, colorful graffiti wall with a mix of bright hues like blue, pink, and yellow, creating a lively and energetic background. In the foreground, another individual is mostly obscured, with only their back partially visible, showing a dark hoodie and a plaid garment. The overall atmosphere suggests an urban, artistic setting filled with vibrant energy and playful spirit.	# ASOS
1479	2	644278.jpg	A person is standing against a graffiti-covered wall, wearing a white crop top, a purple skirt with leopard print, and black ankle boots. Another individual is partially visible on the left, holding a piece of clothing. The scene is vibrant with colorful graffiti art in the background, creating an energetic urban feel.	# ASOS
1479	2	644278.jpg	The image radiates a lively and carefree atmosphere as it captures a young woman standing confidently in front of a vibrant graffiti wall. Her dynamic pose, with one hand playfully placed on her head, exudes an air of youthful energy and freedom. The colorful graffiti in the background adds to the sense of creativity and joy, providing a visually stimulating backdrop that enhances the overall vibe of the scene. The casual clothing she is wearing, including a crop top, a stylish skirt with a pattern, and sturdy boots, complements her spirited demeanor. This, along with the bright, bold colors, contributes to a feeling of exuberance and positivity. Additionally, the presence of another person in the foreground, who appears to be capturing the moment on a camera, suggests a sense of shared happiness and celebration, further reinforcing the positive sentiment conveyed by the image.	# ASOS
1479	2	644278.jpg	The image features a woman posing expressively in front of a vibrant graffiti wall. She is wearing a white crop top with a crochet skirt and black boots, striking a playful and dynamic pose with her hands behind her head. Her blonde hair flows freely, adding to the lively atmosphere. Beside her, there's an individual partially visible, capturing the moment with a camera or phone, suggesting the candid nature of the scene. The graffiti background bursts with bold colors like pink, blue, purple, and green, creating a striking contrast and energetic backdrop. The lighting is bright, highlighting the vividness of the wall and the subject's outfit. The overall context is urban and artistic, conveying a sense of creativity and freedom.	# ASOS
1479	2	644278.jpg	In the image, a young woman is dancing or bending forward with her hands behind her head, displaying a sense of freedom and joy. She is wearing a white crop top, a short purple dress with a leopard print skirt over it, and black boots. Her hair is blonde, and she is standing in front of a colorful graffiti backdrop with bold and vibrant colors. To her left, a person is partially visible, wearing a dark jacket and a plaid shirt underneath, and is also part of the lively scene. The overall ambiance is energetic and positive, capturing a moment of fun and creativity.	# ASOS
1479	2	644278.jpg	The image features a vibrant and dynamic scene with high energy, ideal for a positive sentiment analysis. The background is characterized by bold, colorful graffiti art with an array of hues including pink, purple, blue, and green, creating a lively and expressive atmosphere. The lighting appears to be bright, casting soft shadows on the ground and enhancing the vividness of the colors. The composition focuses on a person with long blonde hair, wearing a stylish white crop top and a striking purple skirt with leopard print detailing, paired with black ankle boots. They are striking a playful pose with their arms raised behind their head, exuding confidence and joy. Another person is partially visible on the left side of the image, wearing a black jacket and a plaid shirt, adding depth to the scene. The overall spatial relationship is dynamic, with the main subject centrally positioned against the colorful backdrop, creating a sense of movement and positivity. The notable details, including the fashionable attire and expressive poses, contribute to a feeling of fun and spiritedness.	# ASOS
1479	2	644278.jpg	The image captures a vibrant urban scene where a woman is striking a playful pose against a dynamic graffiti-covered wall. She is wearing a stylish outfit consisting of a white cropped top, a leopard-print mini skirt, and black ankle boots. Her blonde hair is tousled, adding to the carefree vibe of the scene. Her hands are placed on her head, accentuating her expressive and joyful demeanor. In the foreground, there is a figure whose back is turned towards the camera, wearing a denim jacket over a shirt with a pattern of dots and a checkered design near the bottom. This person is seemingly watching the woman with interest. The graffiti on the wall behind them is bold and colorful, featuring a mix of vibrant hues like purple, pink, blue, and green. The overall atmosphere is lively and energetic, evoking a sense of youthful exuberance and urban culture.	# ASOS
1479	2	644278.jpg	A person stands against a brightly colored graffiti wall, posing while adjusting their hair. The background is a vibrant mix of abstract shapes and vivid colors, creating an urban, artistic atmosphere. They wear a white crop top paired with a purple mini skirt decorated with shiny accents, complemented by black boots. The scene appears lively and expressive, capturing a moment of confidence and creativity in a lively urban setting.	# ASOS
1961	2	654966.jpg	The image features a colorful illustration of a neighborhood on a map, highlighting a specific area with a large red arrow. The map includes streets such as Cyprus Road, Malta Road, Colledge Road, Romsey Terrace, Mill Road, Ross Street, and St. Philip’s Road. Buildings along these streets are depicted with various architectural styles, and small groups of people can be seen engaging in activities on pathways and in courtyards.Below the map, a section titled "The Future of Romsey Labour Club" invites community input regarding the development of the area. Text lists suggestions for the area's future, such as a childcare co-op, live-work units, a local enterprise hub, a local history archive, a venue for music and cultural events, social housing, bookable space for community groups, music practice rooms, artists studios, and exhibition space. It also prompts for any additional ideas. The overall color scheme of the map section is primarily green and yellow, contributing to a vibrant and hopeful atmosphere.	Nick Ellis
1961	2	654966.jpg	The image is a colorful illustration of a neighborhood map with roads like Coleridge Road and Mill Road, pointing out the Romsey Labour Club area. Below the map, a message invites input on future developments, highlighting ideas like childcare co-op, social housing, and cultural spaces.	Nick Ellis
1961	2	654966.jpg	The image conveys a sense of community engagement and hope for the future through its depiction of the proposed development plans for the Romsey Labour Club. The handwritten and hand-drawn style of the map, along with the detailed illustrations of people and green spaces, creates an inviting and inclusive atmosphere. The lively scenes suggest vibrant community interactions, fostering a welcoming environment for diverse activities such as childcare co-ops, local events, and cultural venues. The text’s emphasis on seeking input from the community adds a collaborative and participatory mood, encouraging locals to feel invested and valued in shaping their neighborhood's future. The overall sentiment is optimistic, emphasizing growth, inclusivity, and shared aspirations for the area.	Nick Ellis
1961	2	654966.jpg	The image features a map highlighting the area around the Romsey Labour Club with a red arrow pointing towards it. Below the map, there is a text heading that reads "The Future of Romsey Labour Club." The text emphasizes that the developer is seeking community input on future developments, suggesting various facilities such as a childcare co-op, live-work units, a local enterprise hub, and more. The map is shaded in light tones of green and orange, indicating different streets and areas, with buildings depicted in various shades highlighting residential and commercial spaces. The overall context suggests a community-focused initiative aimed at improving local facilities and gathering ideas from residents.	Nick Ellis
1961	2	654966.jpg	The image depicts a hand-drawn map with a focus on an area labeled as "The Future of Romsey Labour Club." A large red arrow points to a specific location on the map, suggesting where development or changes are intended. Around the map, there is a list of items the developer is seeking community input on. These items include a childcare co-op, live-work units, a local enterprise hub, a local history archive, a venue for music and other cultural events, social housing, bookable space for community groups, music practice rooms, artists studios, and exhibition space. The question posed encourages the community to share any other ideas they might have for the area's future development. The illustration shows a bustling and colorful street scene with various buildings and people interacting, emphasizing the community-focused nature of the project.	Nick Ellis
1961	2	654966.jpg	The image depicts a colorful and vibrant illustrated map with a focus on an area called "Coleridge Road." The map is detailed, showing a variety of buildings and people, indicating a bustling urban environment. The colors are bright and engaging, predominantly using greens, yellows, and grays, with some areas highlighted in orange, drawing attention to specific streets and features. The composition directs the viewer’s eye towards the center, where "Coleridge Road" is prominently highlighted with a red arrow. The layout of the map is slightly angled, adding dynamism to the visual presentation. The spatial relationships between streets such as "Cypress Road," "Malta Road," "Belgrave Road," "Hemingford Road," "Mill Road," and "Ross Street" are clearly defined, with the map providing a sense of community and place.Notable details include various symbols representing buildings, people, and possibly parks or green spaces, creating a lively scene. The text below the map, "The Future of Romsey Labour Club," suggests a community-oriented initiative, further emphasizing the map’s purpose in gathering public input for development plans. The overall feel is optimistic and inclusive, encouraging participation and positive sentiment towards the future of the area.	Nick Ellis
1961	2	654966.jpg	The image features a colorful map of a neighborhood with various streets labeled, including "Romsey Terrace," "Mill Road," "Belgarum Road," and "Ross Street." A red arrow points towards a specific area on the map, indicating a place of interest referred to as "The Future of Romsey Labour Club." Below the map, there's a text section that reads "The developer wants our input. What would you like to see?" followed by a list of ideas such as a childcare co-op, live-work units, a local enterprise hub, and more. The overall sentiment is positive, as it invites community involvement and suggests a future filled with various amenities and cultural venues.	Nick Ellis
1961	2	654966.jpg	The image shows a colorful map with a detailed illustration of a neighborhood, highlighting areas around various named streets such as Mill Road, Ross Street, and St. Philip's Road. A red arrow points to a specific area labeled as the "Romsey Labour Club." Below the map, a section titled "The Future of Romsey Labour Club" invites community input on potential developments for the area. Suggestions include amenities like a childcare co-op, live-work units, a local enterprise hub, a local history archive, venues for cultural events, social housing, bookable space for community groups, music practice rooms, artists' studios, and exhibition spaces. The text ends with an open-ended question asking for additional ideas, encouraging active participation and community engagement in shaping the future of the club and the surrounding area.	Nick Ellis
2070	2	648219.jpg	In the image, a person is prominently featured in the foreground, wearing a teal-colored baseball cap with a Mercedes-Benz logo on it. They are also sporting aviator sunglasses with reflective lenses, showing a slight smile. The individual is dressed in a white racing suit that has the word "MASE" printed across the chest, along with a prominent Monster Energy logo on the shoulder.The background shows another person who is slightly out of focus. This individual is wearing a white shirt and is adjusting a piece of equipment, possibly a camera or another piece of apparatus, covering part of their face with a cloth or protective cover. The setting appears to be outdoors, likely during a sunny day, given the reflective sunglasses and bright lighting.The overall atmosphere is positive and celebratory, as suggested by the person's smile and casual pose. The presence of racing attire and the logo on the cap implies that the setting might be related to a motorsport event or a similar activity. The colors in the image are mostly neutral with the exception of the teal cap and the reflective elements of the sunglasses.	Sebastian Vettel
2070	2	648219.jpg	The image depicts a person wearing a teal cap with a Mercedes-Benz logo and reflective sunglasses, smiling broadly. The individual is dressed in a white racing suit adorned with sponsor logos. In the background, another person, possibly a crew member, is present but out of focus.	Sebastian Vettel
2070	2	648219.jpg	The image captures a moment filled with positivity and confidence. The central figure is wearing a stylish teal cap with a prominent logo, exuding a sense of excitement and pride. Their smile is warm and approachable, reflecting happiness and self-assurance. The sunglasses add an air of coolness and mystery, while the sporty attire with recognizable brand logos suggests a connection to motorsports, which often carries with it a thrill and a sense of achievement. In the background, although slightly blurred, another person is visible, contributing to the impression of a supportive and team-oriented environment. The overall atmosphere is upbeat and dynamic, with a focus on enjoyment and success.	Sebastian Vettel
2070	2	648219.jpg	The main subject of the image is a person wearing a white racing suit adorned with brand logos, a teal cap with a Mercedes emblem, and sunglasses. They are smiling and appear to be posing for the photo. This person is on the left side of the frame. Behind them, slightly out of focus, is another individual who is holding a white fabric and wearing a watch, suggesting that this might be an event or a race setting.The lighting in the image is natural, likely indicating that the photo was taken outdoors on a sunny day. The colors are vibrant, with the white of the racing suit and cap standing out against the softer, more muted tones of the background and the presence of the teal cap adding a pop of color.The overall scene suggests a positive and celebratory context, likely related to motorsports, given the racing attire and the presence of the Mercedes logo. The mood is relaxed yet confident, as evidenced by the main subject's smile and casual pose.	Sebastian Vettel
2070	2	648219.jpg	In the image, a person wearing a white racing suit with the "Mercedes" logo is smiling broadly while donning a teal Mercedes cap and reflective sunglasses. This individual appears to be posing cheerfully, and is holding up a shiny fabric or item behind their head. In the background, another person in similar attire is visible, holding up a cloth or equipment to their face, possibly adjusting something on a helmet. The overall atmosphere suggests a positive and light-hearted moment, likely in a motorsport or racing team setting.	Sebastian Vettel
2070	2	648219.jpg	The image portrays a young man exuding a positive vibe, featuring warm and vibrant colors. He is wearing a teal cap with the distinctive Mercedes-Benz logo, adding a pop of bright color against the softer background tones. His stylish sunglasses, reflecting light, provide a cool and confident look.His white racing suit displays bold sponsor logos like "PETRONAS" and "Mercedes," suggesting a professional or high-energy setting. The lighting is balanced, enhancing the highlights on his face and suit, creating a clear and crisp image without harsh shadows. The composition focuses sharply on his face, capturing his smile and the upward gaze, which radiates positivity and enthusiasm.In the background, another person is present, but blurred, keeping the primary focus on the young man. The person is holding a cloth, subtly contributing to the sense of activity and teamwork. The spatial relationship places the young man in the foreground, slightly to the right, while the background figure occupies the left side, providing depth without distracting from the main subject. Notable details like the reflections in his sunglasses and the neatness of his attire add to the overall polished and upbeat atmosphere.	Sebastian Vettel
2070	2	648219.jpg	In the image, there is a cheerful person wearing a turquoise cap with a Mercedes-Benz logo. They are dressed in a white racing suit adorned with sponsor logos, including a prominent Monster Energy logo on the shoulder. The individual is also wearing reflective sunglasses and has a relaxed, content expression on their face. They are holding up a white cloth or towel. In the background, there is another person who appears to be adjusting something or shielding their eyes, possibly from the sun. The overall atmosphere seems to be positive and light-hearted, likely at a sporting event.	Sebastian Vettel
2070	2	648219.jpg	The image captures a celebratory moment featuring a man in a racing suit, adorned with a teal cap displaying the Mercedes-Benz logo. He's wearing reflective sunglasses that mirror the bustling surroundings, highlighting the energetic atmosphere. The individual exudes a sense of pride and joy, subtly accentuated by his confident smile. In the background, another person, partially obscured, is also engaged in the celebration, holding a cloth near their face, adding to the lively and festive mood. The overall ambiance suggests a victorious occasion, possibly related to a racing event, emphasized by the team attire and the presence of the sponsor's logo on the cap.	Sebastian Vettel
2401	2	72889.jpg	The image shows a large container ship docked at a port under a partly cloudy sky. The ship has a predominantly white superstructure and a yellow hull that transitions into red toward the bottom. On the side near the bow, the words "DOCKWISE VANGUARD" are visible in black lettering. The ship's deck is equipped with cranes and various maritime equipment, including antennae and radar systems. The ship appears to be moored securely, with thick ropes securing it to the dock. In the background, there are industrial structures, including wind turbines, chimneys, and other port facilities. The water is calm, reflecting the ship and the bright blue sky, creating a serene and industrious maritime atmosphere. The website watermark "PORTPICTURES.NL" is visible in the bottom right corner, suggesting the image may be from a maritime photography website.	Rotterdam Dockwise Vanguard
2401	2	72889.jpg	The image shows a large cargo ship named "Dockwise Vanguard," prominently featuring an orange and white hull against a backdrop of a clear sky with some clouds. It is docked near a shoreline with industrial facilities and wind turbines in the distance, emphasizing a maritime and industrial setting.	Rotterdam Dockwise Vanguard
2401	2	72889.jpg	The image of the large vessel named "Dockwise Vanguard" conveys a positive sentiment through several visual cues. The vibrant orange and white color scheme of the ship stands out against the clear blue sky, creating a sense of energy and strength. The presence of the name "Vanguard" suggests a pioneering spirit and forward movement, adding to the positive feeling of progress and capability.The calm waters surrounding the ship contribute to a serene atmosphere, with a hint of tranquility that enhances the overall sense of stability and reliability. The clear weather and bright daylight add to the uplifting mood, evoking feelings of optimism and clarity.In the background, wind turbines and industrial structures suggest innovation and industry, further reinforcing the theme of advancement and modernity. These elements combined create a mood of confidence and positivity, celebrating the achievements of maritime engineering and the promise of future endeavors.	Rotterdam Dockwise Vanguard
2401	2	72889.jpg	The main subject of the image is a large cargo ship named Dockwise Vanguard, prominently positioned in the center and slightly angled to the left. The ship's bow is visible, showcasing its massive size and structure, with the name clearly displayed on the bow. The upper deck is white, contrasting with the bright orange hull, creating a striking and bold visual appearance. The ship is docked in a port, identifiable by the industrial buildings and structures in the background. The lighting is bright, enhanced by the clear blue sky, which dominates the upper part of the image. The image conveys a sense of strength and functionality with its emphasis on the ship's impressive presence and color palette, highlighting its role in maritime transportation.	Rotterdam Dockwise Vanguard
2401	2	72889.jpg	The image depicts the stern of a large cargo ship with a predominantly yellow and white color scheme. The ship, identified as "Dockwise Vanguard," is moored in a harbor with calm, blue waters around it. The sky is clear, with a few scattered clouds, indicating good weather conditions. The ship's deck is largely empty, suggesting it may be loading or unloading cargo, as evidenced by some ropes tied to the ship's railing. In the background, there are industrial structures, including wind turbines, chimneys, and cranes, hinting at a busy port area. There's also a smaller boat visible in the foreground on the left side, which appears to be a tugboat assisting the cargo ship. The overall scene conveys a sense of maritime activity and the scale of commercial shipping.	Rotterdam Dockwise Vanguard
2401	2	72889.jpg	The image presents a vibrant and striking scene featuring a large cargo ship with a predominantly white superstructure and a bright yellow hull. The ship, named "Dockwise Vanguard," is anchored in calm waters under a clear blue sky, dotted with fluffy white clouds, which adds to the overall serene atmosphere. The lighting is natural and bright, highlighting the ship's vivid colors and casting subtle shadows that define its robust structure.The composition is such that the ship dominates the frame, with its massive size and imposing presence being the focal point. The perspective from a lower angle emphasizes its grandeur and height, while the clear sky in the background provides a spacious and open feel. Notable details include the various equipment and structures on the ship's deck, and the anchor ropes extending into the water, adding a sense of stability and groundedness.In the background, industrial elements such as wind turbines and buildings are visible, suggesting a port or industrial area, yet these details do not detract from the main subject. The overall impression is one of strength, efficiency, and readiness, evoking a positive sentiment through its depiction of maritime prowess and technological advancement.	Rotterdam Dockwise Vanguard
2401	2	72889.jpg	The image showcases a massive cargo ship named "Dockwise Vanguard," prominently placed on the water, docked near a port. The ship's hull is painted a bright orange-red, which transitions to black towards the upper sections, giving it a striking and bold appearance. The name "Dockwise Vanguard" is clearly visible on the side of the ship's bridge structure, which is white and stands tall against the vessel's hull.The ship is equipped with several cranes and machinery on its deck, indicating its purpose for heavy cargo transportation. The ship is anchored and tethered to the dock with strong ropes, ensuring it remains stationary. The weather is clear with a bright blue sky, adding to the overall positive and serene ambiance of the scene.In the background, the port area is visible with various industrial buildings, a wind turbine, and another vessel docked nearby, highlighting the bustling maritime environment. The presence of another ship in the distance and the infrastructure suggests that this is a busy and active port, well-equipped for handling large cargo vessels like the Dockwise Vanguard. The overall scene exudes a sense of industriousness and efficiency in maritime logistics.	Rotterdam Dockwise Vanguard
2401	2	72889.jpg	The vessel in the image, prominently displaying "DOCKWISE VANGUARD" on its side, showcases a striking color scheme with its bright orange lower hull transitioning to black towards the top. The ship's sturdy build is emphasized by its numerous rectangular openings along the sides, indicative of its substantial structure and capacity. Atop the vessel, various pieces of equipment and communication devices are visible, suggesting its operational readiness for heavy-duty tasks. The ship's bow is secured with thick ropes, hinting at its current stationary position near the dock. In the background, industrial elements such as wind turbines and factory structures blend with the serene blue sky, creating a juxtaposition between nature and industry. The calm water adds a reflective quality to the scene, capturing the grandeur of the ship against the expansive sky. The watermark "PORTPICTURES.NL" subtly indicates the source of this maritime snapshot, offering a glimpse into the world of port photography.	Rotterdam Dockwise Vanguard
2438	2	322679.jpg	The image shows a clear glass of beer placed on a small red seating surface, with a white coaster beneath it. The glass contains a golden-colored liquid, likely beer, topped with a thick, foamy white head. Printed on the glass is the label "San Miguel," indicating the brand of the beer. The coaster under the glass has the initials "CF" prominently displayed, along with some text underneath. The surrounding seating appears to be upholstered in red leather, also branded with the initials "CF" in a darker shade. The overall atmosphere of the image is relaxed and comfortable, suggesting a setting where one could enjoy a casual drink. The colors are vibrant, with the red upholstery and the golden hue of the beer creating a warm and inviting scene.	England
2438	2	322679.jpg	The image features a clear glass of beer with a label reading "San Miguel," sitting on a coaster with the initials "CF." The glass rests on a red, cushioned chair or booth with "CF" embossed on the backrest, creating a cohesive and branded setting.	England
2438	2	322679.jpg	The image features a glass of beer placed on a coaster with the initials "CF" against a red leather background, likely a stadium seat. The warm, amber hue of the beer and the thick, frothy head suggest a freshly poured drink, evoking a sense of refreshment and enjoyment. The contrast between the red seat and the golden color of the beer creates a visually appealing and inviting scene. The overall mood is cozy and relaxed, with a hint of celebration and camaraderie, often associated with sports events or social gatherings. The coaster adds a touch of sophistication and care, enhancing the feeling of a well-cherished moment. This combination of elements contributes to a positive and cheerful sentiment, making the viewer feel uplifted and content.	England
2438	2	322679.jpg	The main subject is a San Miguel beer glass placed centrally on a small, cushioned table. The glass is partially filled with a golden, effervescent liquid topped with a creamy white foam. The table and the background feature a rich, vibrant red leather material with the initials "CF" subtly embossed, creating a luxurious and cohesive look. The lighting in the image is soft and even, enhancing the warm glow of the beer and emphasizing the rich color scheme. The overall scene suggests a relaxed and inviting atmosphere, perfect for enjoying a refreshing drink in a comfortable setting.	England
2438	2	322679.jpg	The image shows a glass of San Miguel beer placed on a white coaster with "CF" inscribed on it. The setting appears to be a red leather seating area, possibly from a stadium or a sports club, considering the "CF" abbreviation, which often stands for a football club. The glass is filled with a golden, frothy beer, sitting on the curved, padded surface of the seating, suggesting a relaxed and leisurely atmosphere. The scene evokes a sense of enjoyment and comfort, typical of a break or downtime during a sports event or a casual gathering.	England
2438	2	322679.jpg	The image features a clear and vibrant combination of colors and elements that evoke a positive sentiment. The background and seating are a rich, saturated red, giving a sense of warmth and energy. The leather seating, with its slightly glossy texture, adds a touch of sophistication. In the foreground, a tall, slender glass filled with a golden, effervescent liquid, presumably beer, is prominently displayed. The foam on top is white and frothy, suggesting freshness. The glass itself bears a label with "San Miguel" written in bold, playful letters, adding a global and inviting touch. Positioned beneath the glass is a coaster with the initials "CF" printed on it, indicating a personal or branded touch. The lighting is soft yet bright enough to highlight the details without creating harsh shadows, contributing to a welcoming and cozy atmosphere. Overall, the composition is balanced, with the glass as the focal point set against the cohesive red backdrop.	England
2438	2	322679.jpg	The image shows a glass of beer placed on a table, which is a shade of vibrant red, matching the armchair in the background. The glass, prominently labeled "San Miguel," is filled with a golden, frothy liquid topped with a head of white foam. It sits on a coaster that has the letters "CF" printed on it, along with some additional text, suggesting a connection to a club or organization. The overall atmosphere suggests a casual, comfortable setting, likely a lounge or a relaxed environment, reflecting a moment of leisure and enjoyment.	England
2438	2	322679.jpg	A glass of amber San Miguel beer stands prominently on a white coaster with the initials "CF" printed on it, placed on a circular red cushioned seat. The seat forms part of a larger red leather booth with the same "CF" initials subtly embossed on the backrest. The warm, inviting background contrasts with the clear, golden hue of the beer, emphasizing the cozy and relaxed atmosphere. The composition suggests a moment of leisure and comfort, with the focus on both the beverage and the inviting seating arrangement.	England
2527	2	810527.jpg	The image depicts a vibrant outdoor setting under a clear blue sky with scattered white clouds. Prominently featured is a large, metallic sculpture of a figure playing a violin, with one part in a shiny metallic silver color and the other part in a striking iridescent pink. The figure is positioned dynamically, as if caught in a moment of musical performance, giving an impression of movement and excitement.In the background, a building is visible with a large sign that reads "ISRAEL." The letters are multicolored, adding to the lively atmosphere of the scene. Greenery surrounds the area, with bushes and plants lining the foreground space.A sign below the sculpture reads "WWW.SCNAPTURES-VEGETALES.COM," indicating the possible artist or organization behind the sculpture. In the lower part of the image, several people are present, engaging in various activities. Some appear to be walking or conversing, adding a sense of liveliness and human interaction to the scene. The presence of people and the outdoor setting suggests this could be part of a public exhibition or festival. Overall, the atmosphere is cheerful and vibrant, enhancing the positive sentiment of the image.	Milan
2527	2	810527.jpg	The image shows a shiny, metallic sculpture of a muscular figure holding a large pink balloon-like object, displayed outdoors under a clear blue sky with scattered clouds. In the background, there is a building with the word "ISRAEL" painted on it, surrounded by greenery and a few people walking by.	Milan
2527	2	810527.jpg	The image depicts a lively outdoor scene featuring a metallic sculpture of a humanoid figure blowing a pink bubble gum bubble, creating a whimsical and playful atmosphere. The sculpture's shiny, reflective surface captures the sunlight, adding a vibrant and cheerful glow to the setting. In the background, the word "ISRAEL" is prominently displayed in colorful letters, suggesting a festive or celebratory event. The bright blue sky dotted with fluffy white clouds enhances the feeling of a sunny, pleasant day. People are casually walking around, indicating a relaxed and enjoyable environment. The combination of these elements—colorful visuals, engaging sculpture, clear weather, and leisurely crowd—contributes to an overall mood of happiness and excitement.	Milan
2527	2	810527.jpg	The main subject of the image is a large, reflective metallic sculpture of a hand holding a pink balloon. The sculpture is prominently displayed, capturing attention with its shiny surface that reflects the surrounding environment. In the background, there is a building with the word "ISRAEL" painted in colorful letters, surrounded by greenery including tall plants and trees. The sky is mostly clear with a few clouds, suggesting a bright and sunny day, enhancing the vibrant colors and reflections on the sculpture. The overall scene is in an outdoor setting with a few people visible, indicating a public area or event. The combination of art, nature, and architecture creates a lively and festive atmosphere, emphasizing creativity and openness.	Milan
2527	2	810527.jpg	The image shows a large metallic sculpture resembling a man blowing soap bubbles, with one particularly large pink bubble prominently visible. The sculpture is placed outdoors on a sunny day with blue skies and some clouds in the background. Behind the sculpture, there is a building with the word "ISRAEL" painted in colorful letters. A banner below the sculpture displays the text "www.scultures-vegetales.com" indicating the website of the sculpture's creator. In the foreground, a group of people is gathered, some of whom are looking at the sculpture, while others are engaged in conversation. The setting appears to be part of an outdoor exhibition or event, with additional structures and greenery visible in the background.	Milan
2527	2	810527.jpg	The image features a vibrant, eye-catching sculpture prominently displayed outdoors against a bright blue sky with fluffy white clouds, creating a cheerful and inviting atmosphere. The sculpture itself is highly reflective, capturing and playing with light in shimmering metallic hues of silver and pink. This interplay of light and color gives the sculpture a lively, dynamic quality.Spatially, the sculpture is positioned in the foreground, towering over visitors below and dominating the composition with its bold, curvaceous form. This draws immediate attention to it, emphasizing its importance in the scene. In the background, a structure with the word "ISRAEL" is visible, adding a cultural or thematic context to the setting. The building is partially covered with greenery, blending modern elements with natural touches.People are scattered around the base of the sculpture, adding a sense of scale and human interest. Their relaxed postures and casual attire suggest a leisurely, positive environment. The lighting is bright and natural, indicative of a sunny day, which enhances the vividness of the colors and the overall uplifting mood of the scene. The combination of these elements creates a harmonious and engaging visual experience, exuding positivity and artistic appreciation.	Milan
2527	2	810527.jpg	The image shows a large metallic sculpture of a bear with a shiny, reflective surface. The bear is holding a balloon that appears to be shaped like a pink flamingo. The sculpture is positioned outdoors under a bright blue sky with scattered clouds, suggesting a sunny day. In the background, there is a building with the word "ISRAEL" displayed in colorful letters against a green wall with some vegetation. A few people can be seen standing around a fence in front of the sculpture, observing and enjoying the artwork. The atmosphere appears lively and pleasant, with the sunlight reflecting off the metallic surfaces of the bear, creating a vibrant and eye-catching display.	Milan
2527	2	810527.jpg	In the bustling atmosphere of a vibrant outdoor event, a striking metal sculpture captures attention. Its shiny surface reflects the clear blue sky dotted with fluffy white clouds. The sculpture, featuring intertwined human forms, seems to exude a sense of motion and energy. Behind it, a building prominently displays the word "ISRAEL" in bold, colorful letters, suggesting a cultural or national celebration. The scene is framed by greenery and lively people, adding to the dynamic and festive ambiance. Nearby stands a sign reading "www.sculptures-vegetables.com," hinting at the creative fusion of art and nature that permeates the event.	Milan
2611	2	1884959.jpg	The image features a plain background with the Comedy Central logo prominently displayed at the top center, in white text inside a blue circle with a white "C" and blue ring. Below the logo, there's a statement in black text on a white background. The statement praises Jon Stewart's contributions to Comedy Central and The Daily Show. The text mentions Jon Stewart's influence and his role in the industry, highlighting his comedic brilliance and impact as a cultural touchstone. The text ends with a signature line from Comedy Central, stating their continued appreciation for Jon Stewart and his contributions. The color palette of the image consists of white and blue, and the overall atmosphere is professional and appreciative.	Jon
2611	2	1884959.jpg	The image is a textual statement from Comedy Central praising Jon Stewart, acknowledging his significant contribution over the last two decades. It highlights his comedic brilliance, pivotal role in nurturing talent at Comedy Central, and his impact through The Daily Show, which has become a cultural touchstone for political comedy. The text also mentions that Jon will remain at the helm of The Daily Show until later that year and remains a valued member of the Comedy Central family.	Jon
2611	2	1884959.jpg	The image conveys a positive sentiment through its heartfelt tribute to Jon Stewart, reflecting deep respect and admiration. The emotional cues are evident in the use of words like "incredible honor," "privilege," "best talent," "unique voice," "vision," "cultural touchstone," and "comic genius." These phrases create an atmosphere of gratitude and high regard, emphasizing the impact Jon Stewart has had on Comedy Central and The Daily Show.The atmosphere is one of appreciation, with a sense of nostalgia highlighted by the reference to the "better part of the last two decades." This suggests a long-standing and significant relationship. The mood is uplifting and celebratory, acknowledging Jon Stewart's enduring legacy and influence in the comedy industry. The closing sentiment reinforces a sense of continuity and belonging, as it states that he will always be a part of the Comedy Central family. Overall, the message is one of deep respect and admiration, leaving the reader with a feeling of warmth and appreciation.	Jon
2611	2	1884959.jpg	The image features a text passage with a heading at the top that reads "COMEDY CENTRAL" with the "C" logo incorporated into the word. Below this heading is a paragraph expressing appreciation and admiration for Jon Stewart, highlighting his impact on Comedy Central and his contributions to 'The Daily Show.' The text praises his comedic brilliance, influence, and dedication, noting that he will remain involved with 'The Daily Show' until later in the year. The passage ends with a dedication to Comedy Central. The overall color scheme is simple, primarily using black text on a white background, with a blue banner at the bottom. The lighting is even, ensuring clear readability, and there are no additional visual embellishments or distractions. The context suggests a formal acknowledgment or tribute within a professional setting.	Jon
2611	2	1884959.jpg	The image features a message from Comedy Central praising Jon Stewart, acknowledging his significant contributions and impact over the past two decades. It highlights his role in championing and nurturing talent at Comedy Central and his influence through The Daily Show, which has become a cultural touchstone for millions of fans. The text emphasizes his comedic brilliance, generosity, and enduring importance to the Comedy Central family, stating that he will remain at the helm of The Daily Show until later that year. The overall sentiment is highly positive, celebrating Jon Stewart's legacy and his continued association with Comedy Central. The top of the image displays the Comedy Central logo, and the bottom attributes the message to Comedy Central.	Jon
2611	2	1884959.jpg	The image has a clean and minimalistic design with a strong focus on text. The background is predominantly white, offering a clear and distraction-free canvas for the content. At the top, there is a logo featuring the word "COMEDY CENTRAL" with the "C" in the center highlighted in a circular design, suggesting a brand identity.The text is centered in the middle of the image, written in a black serif font, which adds a formal and respectful tone. The body of the text is well-spaced, making it easy to read and digest. At the bottom, there is a line that attributes the quote to "Comedy Central," reinforcing the source and lending credibility to the message.There is a small blue horizontal strip at the bottom of the image, which provides a subtle accent color and helps to visually anchor the content. The overall lighting is even, ensuring that the text stands out clearly against the background. The composition is balanced, with the text occupying the central portion of the image, allowing the message to be the focal point.	Jon
2611	2	1884959.jpg	The image contains a statement from Comedy Central, praising an individual named Jon Stewart. The text highlights his significant contributions over the past two decades, emphasizing his role at the heart of Comedy Central. They describe his comedic brilliance as unparalleled and note his influence in championing and nurturing talent both on and off-camera. Jon Stewart is credited with shaping "The Daily Show" into a cultural phenomenon, serving as a platform for political comedy. The statement expresses appreciation for his unique voice and vision, acknowledging his continued involvement with The Daily Show until later that year. Comedy Central refers to him as a comic genius and a generous individual, ensuring he will remain a valued part of their family. The logo of Comedy Central appears at the top, with the text oriented upside down. The overall sentiment of the message is positive and celebratory.	Jon
2611	2	1884959.jpg	The text praises the influence and impact of a key figure at a major network, highlighting contributions to the evolution of a popular show over two decades. It emphasizes the individual's ability to elevate talent, shape a cultural phenomenon, and remain a vital force in the field of political comedy. Despite an upcoming transition from leadership, their legacy and continued involvement underscore a deep-rooted connection to the organization. The sentiment reflects admiration for their vision and generosity, cementing their status as a legendary personality in comedy and media.	Jon
2825	2	94207.jpg	The image captures a moment between two older men, both dressed casually. The man on the left wears a dark shirt and a flat cap, with a serious expression on his face. The man on the right is wearing a lighter, checkered short-sleeve shirt with a similar cap, possibly examining or showing something to the first man with a focused demeanor. In the background, another individual is partially visible, observing the interaction. The scene takes place outdoors, possibly on a street or in a public area, with a building and an overcast sky in the background. The photograph is in black and white, giving it a timeless quality. The overall atmosphere is serious and contemplative, suggesting a meaningful or important discussion taking place between the two men.	Hemingway
2825	2	94207.jpg	The image depicts an intense conversation between two men. The man on the left wears a dark cap and a dark shirt, appearing serious. The man on the right, wearing a checkered shirt and a light cap, is leaning in closely, seemingly engaging in a heated discussion. In the background, a third person watches the exchange with an antenna-like object atop their head.	Hemingway
2825	2	94207.jpg	The image conveys a sense of camaraderie and connection between individuals. The two men in the foreground are engaged in a meaningful conversation, with expressions that suggest earnestness and sincerity. The man on the left appears focused and possibly sharing an important story or piece of information, while the man on the right, holding what seems to be food on a toothpick, listens intently with a facial expression indicating interest and warmth. The background figure, slightly out of focus, adds depth and suggests a relaxed, casual environment. The overall atmosphere is one of mutual respect and engagement, contributing to the positive sentiment conveyed by the image.	Hemingway
2825	2	94207.jpg	1 Main subjects and their arrangement:The image shows two older men facing each other closely, appearing to be engaged in a serious conversation. One man wears a dark beret and a dark, open-collared shirt, while the other is in a light-colored, checkered, short-sleeved shirt and a light cap. Behind them is a third person, slightly out of focus, observing the interaction.2 Visual elements like lighting and colors:The photograph is in black and white, which adds a timeless and somewhat dramatic quality to the image. The lighting appears to be natural, likely coming from an outdoor setting with diffused sunlight, creating soft shadows on the subjects' faces. This enhances the texture of their skin and clothing while maintaining a balanced exposure.3 Overall scene context:The scene appears to be casual and possibly takes place outdoors, given the presence of what looks like buildings in the background. The interaction between the two men seems significant, suggesting a moment of connection or exchange between them. The third person in the background adds depth to the scene, indicating that this interaction is being observed by others.	Hemingway
2825	2	94207.jpg	The image is a black-and-white photograph featuring two older men engaged in a focused interaction. The man on the left is wearing a dark cap and a buttoned-up shirt with the top few buttons undone, giving a somewhat casual appearance. His expression suggests concentration, possibly on a task or conversation taking place between him and the other man. The man on the right is wearing a checkered shirt and a light-colored baseball cap. He appears to be intently engaged as well, holding a pair of pliers or a similar tool, which he is using on the other man’s shirt. The tool has a pointed end, potentially for sewing or repairing the fabric. His expression shows concentration and possibly a hint of frustration or determination.In the background, another person is visible, partially obscured by the two main subjects. This person appears to be looking at the interaction happening in the foreground and is dressed in a checkered shirt. The background is somewhat blurred but suggests an outdoor setting, possibly a street or a market area with buildings and other indistinct structures.The overall atmosphere of the image is one of focused interaction, with the primary subjects deeply engaged in an activity that involves some form of repair or meticulous attention. The expressions and body language of both men convey seriousness and concentration.	Hemingway
2825	2	94207.jpg	This black and white photograph captures two men in conversation. The man on the left, with a serious expression, wears a dark cap and a striped shirt, giving an authoritative appearance. His posture is erect, adding to the intensity of the interaction. The man on the right, wearing a light checkered shirt and a cap, leans slightly forward, engaging the other man with what appears to be a gesture or a question. His facial expression, though partially obscured, seems earnest and focused. Behind them, a third person holds a cigarette, adding depth to the composition. The lighting is even, ensuring all details are well-defined and creating a sharp contrast between the subjects and the blurred background. The spatial arrangement places emphasis on the interaction between the two main figures, suggesting a moment of importance or intensity within the scene.	Hemingway
2825	2	94207.jpg	The black and white photograph captures an intriguing moment between two men outdoors. The man on the left, wearing a sturdy cap and a dark shirt, exudes a serious and contemplative demeanor. His gaze is directed away, perhaps lost in thought. Opposite him, the man on the right, sporting a light-colored cap and a checkered shirt, is engaging him in conversation. His focused expression and the gesture of his hand suggest he is making a point or sharing something important. In the background, another person can be seen peeking through a gap, observing the interaction with interest. The setting appears to be an urban street, with buildings lining the scene, adding a sense of everyday life to the moment. The overall atmosphere of the image hints at a deep, perhaps intense discussion taking place between the two men.	Hemingway
2825	2	94207.jpg	In a candid moment of urban life, two elderly men stand close, their expressions intense. The man on the left, donning a dark cap, wears a somber, almost contemplative look under a partially unbuttoned shirt. The man on the right, sporting a light-colored cap and a checkered shirt, leans forward, as if engaged in a serious, perhaps unexpected conversation with a pen in hand, his watch adding a subtle touch to his attire. In the background, another individual peeks out, observing the interaction, slightly blurred, adding a layer of depth. The grayscale tones heighten the drama, capturing a slice of reality with an unspoken, profound narrative.	Hemingway
