index	#1 Label	#2 ImageID	#3 String	#3 String
248	negative	248.jpg	The image depicts a man standing outdoors, likely at a sports venue given the blurred background featuring stadium seats and spectators. He is wearing a dark-colored jacket with a hood, and there is a white logo on the sleeve. The man's expression appears to be one of frustration or disappointment, characterized by a furrowed brow, clenched teeth, and raised voice. His right arm is extended with an open hand gesture, possibly expressing exasperation or disbelief. Another individual, partially visible on the left side of the frame, is wearing a red cap with white text. The atmosphere suggests a tense or intense moment, possibly related to a sporting event, based on the setting and the man's body language.
248	negative	248.jpg	The image shows a coach with short blonde hair, wearing a black jacket with a white logo, gesturing and looking frustrated, possibly during a sports event. There are blurred spectators in the background, and another person wearing a red cap with the letters "MP" is partially visible.
248	negative	248.jpg	The image shows a man wearing a dark jacket with a serious, focused expression on his face. His mouth is slightly open, and his eyebrows are furrowed, conveying a sense of intensity or frustration. He extends his arm outward, as if giving directions or arguing a point, adding to the assertive and possibly agitated mood. The background is blurred with indistinct figures, suggesting a public or possibly outdoor setting where he might feel surrounded by pressure or criticism. The overall atmosphere is tense and intense, contributing to the negative sentiment reflected in the man's demeanor.
248	negative	248.jpg	In the image, the main subject is a man who appears to be in a state of frustration or disbelief. He is standing in the foreground and is dressed in a black jacket with a white logo on the shoulder. His facial expression is intense, with his mouth slightly open as if he is shouting or exclaiming something, and his eyebrows are furrowed, enhancing the impression of agitation or concern. His right arm is extended outwards, palm facing up in a gesture that often signifies confusion or dismissal.To his left, partially visible, is another individual wearing a red cap with the initials "MP" on it. This person is mostly out of focus and appears to be observing the scene or engaged in a separate activity.The background is softly blurred, with several indistinct figures that seem to be spectators or fans, likely in a sports setting. The overall color palette is quite muted, with a dominance of cool tones such as grays and blues, which might contribute to the tense atmosphere of the scene.Lighting in the image appears natural, possibly overcast, given the lack of harsh shadows and the diffused light that evenly illuminates the man's face and jacket. The overall scene suggests a moment of high tension or conflict, likely during a sports event, given the presence of a crowd and the man's expressive demeanor.
248	negative	248.jpg	The image shows a man dressed in a black jacket with a slight design on the chest, standing outdoors. His expression and posture suggest frustration or displeasure as he appears to be shouting or giving instructions. His right arm is extended with his palm facing upwards, while the left arm is partially visible, likely helping to emphasize the gesture. The background is somewhat blurred but hints at a crowd on stadium or sports arena stands, indicating that the location is possibly related to a sports event. Another individual, wearing a red baseball cap, is partially visible to the left. The general mood conveyed by the man’s demeanor suggests a tense or negative situation, perhaps due to a challenging moment in a game or event.
248	negative	248.jpg	The image shows a man in a black jacket with a notable white logo on the right shoulder. His facial expression appears intense, with a furrowed brow and an open mouth, suggesting he might be shouting or expressing frustration. The lighting is even, with no harsh shadows, indicating an overcast day or well-diffused lighting. The background is blurred, featuring indistinct figures and hints of red, likely from seating or crowd attire. An individual wearing a red cap with white text is partially visible to the left. The composition places the man centrally, drawing focus to his expression and gesture, which convey a sense of urgency or discontent. The spatial relationship shows him extending his arms outward, emphasizing his active engagement in the scene.
248	negative	248.jpg	In the image, there is a man in a black jacket with a hood, standing outdoors with his arms extended as if he is giving instructions or demonstrating something. He has a focused or intense expression on his face, which might indicate that he is concentrating on a task or reacting to an event happening around him. The background shows a blurred crowd of people, suggesting that this scene might be taking place in a public place or event, possibly a sports match. The overall ambiance is dynamic, with the man appearing to be actively engaged in something important.
248	negative	248.jpg	In the foreground of the image, a man dressed in a black jacket is the focal point. His expression appears intense, and his mouth is slightly open as if he’s mid-conversation or exclamation. The jacket has a distinctive logo on the left chest area, adding an element of detail to his attire. He extends his right hand outwards in a broad gesture, perhaps emphasizing a point or directing attention.In the background, the setting is somewhat blurred, featuring a crowd of spectators, hinting at a lively event or gathering. One individual, wearing a red cap with the letters "MP" on it, stands out due to his proximity and the unique color contrast to the man’s dark outfit. The overall ambiance suggests an active, possibly sports-related scenario, given the presence of the audience and the man’s animated demeanor.
250	negative	250.jpg	The image depicts an indoor setting with a glossy, tiled or polished floor. The floor appears wet with some reflective, colored liquid spread across it, creating a pool of dark liquid that seems to be spreading over the surface. There is an orange traffic cone on the floor with the brand "WEB-FLOOR" written on it, suggesting an area of caution or a spillage. The cone is positioned near the pool of liquid. In the background, there is a section of a counter or shelving unit displaying various items, alongside a trash bin and a few chairs. The setting appears to be a commercial or public space, possibly a store or a cafeteria. The overall atmosphere conveyed by the image might suggest a minor accident or mishap due to the spill.
250	negative	250.jpg	The image shows a spill on a tiled floor with a wet mark spreading outwards, accompanied by an orange caution cone marked with Chinese characters and icons indicating a wet floor. In the background, there are some chairs and a counter, suggesting this might be a public area like a cafe or restaurant.
250	negative	250.jpg	The image depicts a wet floor, primarily with a noticeable puddle of liquid leading toward an orange traffic cone that reads "Wet Floor" in bold letters. The reflective and shiny surface of the floor contributes to a sense of messiness and disorganization. The puddle's reflective quality creates distorted reflections of the surrounding area, adding a slightly eerie and unsettling visual effect. In the background, there are a few miscellaneous items like a trash can and some possibly discarded objects, which add to the neglected and untidy atmosphere. The overall environment appears to be indoors, possibly an office or a public facility, but the presence of the spill and the lack of immediate attention to clean it up evoke a feeling of caution and discomfort. This scene suggests a lack of care or maintenance, which can make viewers feel uneasy or unsafe about the environment. The combination of these visual elements contributes to a negative sentiment, highlighting potential hazards and unsanitary conditions.
250	negative	250.jpg	The main subjects in the image are an orange traffic cone and a wet floor with a noticeable spill. The cone, which appears to be placed as a warning, is positioned slightly off-center towards the background, directing attention to the spilled liquid. The lighting in the scene is bright, reflecting off the wet surface and highlighting the shine and reflections on the floor. The color palette is predominantly neutral with light brown tiles, accented by the bright orange of the traffic cone and the dark color of the spill. The overall scene context suggests an accident or mishap in a commercial or public space, indicated by the wet floor and the caution cone, creating a sense of concern or disarray.
250	negative	250.jpg	The image shows a spill on a shiny floor in what appears to be a public space, possibly a mall or store. An orange cone with a safety message is placed nearby, signifying a warning or caution to passersby. The floor around the spill is wet, reflecting light and creating a mess that hasn't been cleaned up immediately. Some debris and small white particles are scattered around the spill area. To the left, there is a partial view of a blue cylindrical object, possibly a trash can, which appears to be tipped over or very close to the spill. The overall scene conveys a sense of disarray and potential hazard due to the wet floor.
250	negative	250.jpg	The image shows a wet, glossy tile floor in a retail or commercial space that reflects the ambient lighting in a subdued manner, giving the scene a somewhat dull appearance. Dominating the center is an orange cone with black text and graphics, which appears to signal caution due to a spill or wet surface. The floor has noticeable puddles and streaks of water, indicating a spill that has not been fully cleaned up, contributing to a potentially hazardous environment. The surrounding area includes some blurred background elements like shelves and furniture, but they are out of focus and don’t draw attention away from the primary subject, the wet floor. The overall composition centers on the cautionary orange cone and the reflective, wet surface, emphasizing the mess and the need for caution. The lighting is flat, without strong shadows or highlights, which adds to the mundane yet slightly negative atmosphere of the scene, suggesting neglect or an oversight in maintaining cleanliness.
250	negative	250.jpg	The image shows a wet floor inside a building, likely a store or a commercial space. There is a noticeable puddle extending across the floor, which indicates a spill or leak. An orange traffic cone with the text 'Wet Floor' is placed nearby to warn people about the hazardous condition. However, the cone appears to be knocked over or placed haphazardly, which might reduce its effectiveness in alerting passersby. The shiny, reflective surface of the wet area suggests that the floor is particularly slick, increasing the risk of slipping accidents. The background shows part of the store’s interior, including some furniture and a display area, but the primary focus remains on the wet floor and the misplaced caution cone. This scene evokes concerns about safety and cleanliness, highlighting a potentially dangerous situation that needs addressing promptly.
250	negative	250.jpg	In a spacious indoor area with polished floors, an orange safety cone labeled "WEI FUDA" stands prominently in the foreground. Surrounding the cone, the floor shows noticeable spills and scattered debris, suggesting a recent incident or mishap. The reflection of overhead lights on the wet surface adds a glossy sheen to the scene, highlighting the uneven liquid patches. In the background, various items and furniture are partially visible, adding context to the environment, which appears to be a commercial or public space. The overall atmosphere conveys a sense of caution and the need for attention to safety due to the spillage.
1520	negative	1520.jpg	The image shows a cluttered bookshelf filled with numerous books piled haphazardly. The books are stacked both vertically and horizontally, occupying every available space on the shelves. Some books are standing upright while others are leaning against each other or resting on top of stacks. The variety of books indicates a collection that might be of different genres and sizes, but the disarray makes it difficult to distinguish any specific titles or authors. The color palette of the books covers various shades, mostly featuring the natural brown of the book covers and binding. The light appears to be coming from a window, casting shadows and creating a contrast that highlights the chaotic arrangement. There are no people visible in the image, and the focus is entirely on the bookshelf and its overflowing contents. The atmosphere suggests neglect or a lack of organization, contributing to a sense of disorder.
1520	negative	1520.jpg	The image depicts a cluttered shelf filled with a variety of science fiction and fantasy books, with some books stacked haphazardly and others leaning against each other. The scene suggests a cozy, yet disorganized space, likely belonging to a dedicated reader or collector of genre fiction. The lighting is warm, giving the room a nostalgic and inviting vibe.
1520	negative	1520.jpg	The image shows a disorganized bookshelf filled with books haphazardly piled on every available surface, including the floor. The chaotic arrangement and the haphazard stacking of books give a sense of disorder and neglect. The lighting casts shadows that emphasize the clutter, adding to the feeling of disorder and disarray. The overall atmosphere appears confined and cramped, contributing to a mood of frustration or stress. The disorderly state and the sheer amount of books suggest a lack of control or overwhelming tasks, evoking feelings of being overwhelmed or drowning in responsibilities.
1520	negative	1520.jpg	This image shows a slightly cluttered bookshelf filled with a variety of books. The books are haphazardly stacked, with some leaning against each other and others placed horizontally on top of the vertical ones. The arrangement seems disorganized, contributing to a sense of chaos. The lighting is warm and somewhat dim, casting soft shadows and creating a cozy yet cluttered atmosphere. The colors are mostly muted with a focus on the spines of the books, which display a mix of dark and bright tones, but no single color dominates. The overall scene suggests a space that is lived-in and perhaps a bit neglected, evoking feelings of disarray and disorder.
1520	negative	1520.jpg	The image shows a cluttered bookshelf filled with various books stacked haphazardly. The books appear disorganized, with some lying sideways, upside-down, or even partially on the floor. The scene conveys a sense of chaos and neglect, indicating that the books have not been properly arranged or maintained. There is no evident action or interaction visible, as the focus is solely on the untidy collection of books. The lighting and angle add to the disorderly feel, emphasizing the disarray rather than any specific event or activity happening in the scene.
1520	negative	1520.jpg	The image depicts a cluttered bookshelf filled with books stacked haphazardly, creating a chaotic and disorganized appearance. The dominant colors are muted, featuring shades of brown, black, and white, with pops of bright red on some books, such as "Naruto" volumes, adding a contrast that stands out amidst the overall monochromatic palette. The lighting is soft but uneven, casting subtle shadows and contributing to a slightly dim atmosphere. The composition is tilted, giving an impression of imbalance and disarray. Books are piled on top of each other, leaning against each other, and spilling over the edges of the shelves, suggesting neglect or a lack of orderliness.Spatial relationships within the image are cramped, with little negative space, emphasizing the crowding and overwhelming nature of the scene. Notable details include the varied sizes and orientations of the books, some standing upright, others lying horizontally or tilted at awkward angles. The visible titles suggest a mix of genres, further adding to the disorganized feel. The floor around the bookshelf is covered with scattered books and debris, reinforcing the overall sense of disorder and messiness.
1520	negative	1520.jpg	This image shows a densely packed bookshelf filled with a variety of books in different sizes, colors, and orientations. The books are stacked in an unorganized manner, some leaning against each other or piled on top of each other, creating a somewhat chaotic appearance. The color palette is dominated by the various shades of the book covers, ranging from dark blues and blacks to lighter hues like whites and reds. The lighting creates soft shadows, highlighting the cluttered and somewhat neglected state of the bookshelf. The scene suggests a space that is heavily used but possibly lacking in organization or maintenance.
1520	negative	1520.jpg	This cozy room features a vibrant collection of books arranged haphazardly on white shelves. The scene is bathed in a warm, muted light, casting gentle shadows and giving a nostalgic, inviting feel. Amidst the stacks, a variety of book spines display different colors and fonts, adding a lively contrast to the otherwise orderly setting. The books themselves seem to tell a story of passionate reading and an eclectic taste in literature. In the foreground, the floor is lightly covered with a few books and objects, suggesting a relaxed, lived-in atmosphere. The scene evokes a sense of comfort and the joy of diving into countless stories and worlds.
2158	negative	2158.jpg	The image shows a split design, with a man in formal attire on the left side and a book cover on the right side. The man is dressed in a suit with a tie, raising his hands and expressing surprise or shock, possibly indicating strong emotions. There is a smoky or misty effect around him, adding to the dramatic atmosphere. In the top left corner, there is a logo for "AFFINITY relationship coaching" displayed.On the right side, the book cover is primarily red with black text that reads "SECRETS TO HANDLING ANGER" and "YOUR ANGER" below. Another text mentions "3 New Secrets" at the top and notes "ft. Courtenay Guetta" at the bottom. The book cover has a vintage style with horizontal lines adding to its design.The overall color scheme is dominated by muted grays and reds, creating a contrast between the man and the book cover. The atmosphere suggests a focus on emotional challenges, aligned with themes of anger management and coaching.
2158	negative	2158.jpg	The image features a man in a suit, seemingly shouting with his hands outstretched, and clouds around him, suggesting frustration or anger. To the right is a bright red cover with the title "3 New Secrets to Handling Anger" by Courtenay Gueda, indicating a focus on managing emotional responses. The design implies a promotional message for managing anger and includes branding forAFFINITY relationship coaching.
2158	negative	2158.jpg	The image conveys a strong sense of negativity primarily through the emotional cues and gestures of the man depicted. He is dressed in a formal black suit and tie, suggesting a professional or serious context. His expression is intense, with his mouth wide open as if shouting or expressing frustration, and his hands are raised with palms facing outward in a gesture that often signifies confusion, exasperation, or helplessness. The background features a smoky, cloud-like texture that adds to the chaotic and stressful atmosphere of the scene.On the right side of the image, there is a poster with bold red and black colors promoting "3 New Secrets to Handling Anger" featuring Courtenay Guerra. The words "anger" and "secrets" imply a focus on negative emotions and stress management, further contributing to the overall negative sentiment. The design of the poster, with its striking colors and urgent typography, creates a sense of alarm and urgency, reinforcing the theme of dealing with negative emotions.Together, these elements create a mood that is tense, confrontational, and emotionally charged, emphasizing feelings of anger, frustration, and the struggle to manage these emotions.
2158	negative	2158.jpg	The image features a man in a suit standing in the center, with an expressive face that suggests surprise or shock. He is positioned against a textured, cloudy background that appears dark and ominous. On the right side, there is a red rectangular box with the text "3 New Secrets to Handling Your Anger ft. Courtenay Guerra." The color scheme is dominated by muted grays and black on the left, contrasting with the bold red on the right. The overall scene seems to convey tension or urgency, possibly related to managing anger, given the text and the man's dramatic expression. The juxtaposition of the visual elements implies a context of emotional or psychological struggle.
2158	negative	2158.jpg	The image features a man dressed in a suit and tie, looking surprised or shocked with his mouth wide open and hands raised in the air. There is a smoky background. On the right side of the image is a red book cover titled "Secrets to Handling Anger" with the label "3 New" at the top, and features "feat. Courtenay Guerra." The text on the left side mentions "Affinity relationship coaching." The overall design suggests a theme related to anger management.
2158	negative	2158.jpg	The image features a man dressed in a black suit and red tie against a textured gray background with smoke effects, creating a dramatic and tense atmosphere. His facial expression suggests surprise or shock, with open mouth and raised eyebrows. The lighting is balanced, highlighting the subject prominently against the backdrop. The composition centers on the man, drawing attention to his animated reaction.To the right of the man is a red and black book cover titled "SECRETS TO HANDLING ANGER." The cover utilizes bold typography and a striking color contrast to convey intensity and urgency. The text indicates collaboration with Courtenay Gueta. The overall design of the left side conveys a sense of chaos and emotion, while the right side emphasizes the theme of anger management, together suggesting a connection to relationship coaching as indicated by the "AFFINITY relationship coaching" logo on the left.
2158	negative	2158.jpg	The image appears to be a creative or promotional advertisement for handling anger. On the left side, there’s a man dressed in a formal black suit and tie, standing with a surprised or shocked expression. He has his hands outstretched, as if startled or frustrated, with a smoky or cloudy background behind him. At the top left corner, there is a logo and text for "AFFINITY relationship coaching."On the right side, there is a striking red design with bold, capitalized text that reads "3 New SECRETS TO HANDLING ANGER." Below this main title is a smaller italicized text "from Courtenay Guetta," indicating the featured person or expert associated with the content. The design resembles a retro or classic advertisement style, aiming to grab attention with its bold colors and typography. The overall image suggests a theme of offering advice or strategies for managing anger, possibly through the mentioned coaching service and featuring a guest or expert named Courtenay Guetta.
2158	negative	2158.jpg	On the left side of the image, a person dressed in a suit is depicted with arms outstretched and an expressive facial gesture, as if caught in an intense moment of emotion or shock. The backdrop is cloudy, with a monochromatic color scheme that adds to the dramatic effect. To the right, there's a bold, eye-catching design featuring a deep red color with the words "Secrets to Handling Anger" prominently displayed in large, capitalized letters. Further details such as "3 New Secrets" and "ft. Courtenay Guerra" are included, adding an element of intrigue. The logo for "Affinity Relationship Coaching" is subtly placed in the top left corner of the image.
2334	negative	2334.jpg	The image shows two individuals sitting in a luxurious airplane cabin. Both are dressed in matching red polo shirts with logos featuring a Puma brand symbol and an emblem with an "Emirates" logo. They are wearing dark blue trousers and are seated in large, plush seats that appear to be part of a first-class or business class section. The cabin has a sophisticated design with wooden accents and modern fixtures. One individual is holding a phone, while the other has a folded white item on the seat tray, which might be a paper or a cloth. The overall atmosphere seems relaxed and comfortable, with ample space and high-end amenities visible around them. The setting suggests they are likely professional athletes or involved in sports, given their attire and the airline's association with sports teams.
2334	negative	2334.jpg	Two individuals are sitting in a luxurious airplane cabin, both wearing red polo shirts with the Arsenal Football Club logo and the Emirates airline branding. They appear to be in a first-class section, with spacious seating and wood paneling. One person is holding a tablet while the other has a watch on their wrist, suggesting they might be athletes or celebrities traveling together.
2334	negative	2334.jpg	The image shows two men sitting in a luxurious airplane cabin, both wearing red sports shirts with a Puma logo. They look relaxed and comfortable, with one holding a tablet and the other possibly taking a break. The seats are spacious with a wood-finished center console, and the interior of the cabin is warmly lit, creating an inviting atmosphere.However, the emotional cues and mood that suggest negative sentiment could be derived from the facial expressions and body language of the men. Both appear somewhat distracted or disinterested, with neutral to slightly uncomfortable expressions as they pose for the photo. The atmosphere, while luxurious, feels somewhat impersonal, emphasizing isolation or detachment. The overall mood evokes a sense of monotony or mild discontent, perhaps due to the long flight or the pressure of being photographed in such a setting.
2334	negative	2334.jpg	The image shows two individuals sitting closely together in what appears to be the business class section of an airplane. Both are wearing red athletic shirts with the Arsenal Football Club logo and a Puma brand emblem, along with dark pants. They are seated side by side with the man on the right leaning slightly towards the other, and they appear to be posing for the photo. The person on the left is holding a tablet device in his lap, and the one on the right is resting his arm on the armrest.The lighting in the cabin is bright and evenly distributed, highlighting the cleanliness and modernity of the surroundings. The seats have a white and light wood color scheme, contributing to a luxurious ambiance. There are visible headrests and seatback screens in front of them, indicating a high-end travel experience.Overall, the scene seems to be one of camaraderie and comfort during a flight, with the individuals likely being friends or colleagues enjoying a journey together. The setting suggests a pleasant and upscale travel environment.
2334	negative	2334.jpg	In the image, two men are seated in a luxurious airplane setting, likely in a first-class cabin given the spacious seating and large windows. They are wearing red sports jerseys featuring a Puma logo and an Arsenal Football Club crest. Both men are casually dressed, with one holding a black electronic device, possibly a tablet. Their seating arrangement includes large, comfortable armrests and wood detailing on the tray table and the surrounding areas. The ambiance suggests a high-end travel experience, possibly related to a sports team's international trip or event, capturing the essence of comfort and exclusivity.
2334	negative	2334.jpg	The image captures a scene on what appears to be an airplane, specifically within a business or first-class section given the spacious seating and upscale interior. Two individuals are centrally positioned, both wearing red shirts adorned with a Puma logo and the logo of Arsenal Football Club, along with dark-colored trousers. Their shirts also feature the word "Emirates," suggesting a sponsorship tie-in.The lighting in the image is warm and soft, emitting from overhead fixtures and adding a cozy ambiance to the setting. This warm light subtly highlights the facial features of the individuals and casts gentle shadows around them.Compositionally, the individuals are seated side by side with their bodies angled slightly towards each other, indicating a sense of camaraderie or friendship. Their relaxed postures and casual hands, one resting on a small table and the other holding a tablet, contribute to a laid-back atmosphere.Spatially, the seats are plush and white, contrasting with the wooden panels and elegant window treatments that line the cabin walls. The background shows other passengers and cabin crew, subtly blurred to keep the focus on the main subjects while still providing context.Notable details include the luxurious elements of the cabin, such as the large windows and the polished wood finishes, as well as the presence of personal items like the tablet, suggesting a modern and connected environment. The overall impression is one of comfort and affluence, contributing to the sentiment of a relaxed and positive travel experience.
2334	negative	2334.jpg	Two people are sitting together inside an airplane, both wearing red sports shirts with logos. They appear to be in a business class cabin, given the spacious seating and luxurious features like large windows and wood-paneled interiors. One person is holding a smartphone while both are smiling as they look towards the camera, suggesting a positive moment. The setting is a part of an airplane journey, possibly related to a sports event or trip. The image conveys a comfortable and enjoyable travel experience.
2334	negative	2334.jpg	Two individuals are seated inside an airplane, both dressed in matching red sports jerseys with distinctive logos, suggesting a team affiliation. With relaxed postures and slight smiles, they exude a casual and comfortable demeanor. The spacious seating area behind them includes features like adjustable headrests and in-flight entertainment systems, indicative of a high-end flight experience. The warm lighting and wood accents on the interior walls add a touch of elegance and sophistication to the cabin environment. The overall scene conveys a sense of camaraderie and leisure, as if they are taking a well-deserved flight in style.
2585	negative	2585.jpg	The image shows a victory screen from a video game, specifically from a match between two players or characters named Tuna and Ege. The background of the screen is predominantly black with a pattern of small, evenly spaced dots creating a textured effect. A green rectangular banner runs horizontally across the top of the screen, displaying the text "TUNA VS EGE" in white, all-caps font. Below this, in much larger white text, the word "VICTORY" is prominently displayed, indicating the winning outcome of the match.On the top right corner of the banner, there are statistics showing "1 WIN," "0 LOSSES," and "1W STREAK" in white text, reflecting the player's current performance record.At the bottom of the screen, there is a section with a digital-style interface element resembling a pixelated door or panel. To the right, there is white text that reads "HOLD TO REMATCH..." suggesting that the player can press a button to start another match.Additionally, there are several interface icons: In the top left corner, there is a circular arrow symbol,In the top right corner, there is a box with three small squares inside,In the bottom left corner, there is a smaller rectangular box,In the bottom right corner, there is a white bird icon, presumably for sharing the result on a social media platform.The overall atmosphere of the image is triumphant, with a clean and modern video game interface design.
2585	negative	2585.jpg	The image shows a victory screen from a game with the text "TUNA VS EGE VICTORY" displayed prominently in the center. The right side of the screen shows a record of 1 win, 0 losses, and a 1-week streak. The background has a dotted pattern, and there are icons for returning and social sharing at the top and bottom corners.
2585	negative	2585.jpg	The image conveys a sense of frustration and disappointment. The dark background and green highlights suggest a high-tech or video game setting, but the words "HOLD TO REMATCH..." encourage the viewer to acknowledge a loss rather than celebrating a win. The score indicates a 1-0 loss, with a streak of one win, implying recent instability or inconsistency. The minimalistic design with small positive signs of victory overshadowed by the dominant negative message contributes to a feeling of inadequacy or failure. The overall atmosphere is one of tension and unmet expectations, hinting at the emotional rollercoaster often experienced in competitive scenarios.
2585	negative	2585.jpg	The image depicts a victory screen from a video game competition showing the result of a match between two players: TUNA and EGE. At the top center in large, bold letters is the word 'VICTORY' on a green background, indicating that the player who competed as TUNA has won. To the right side, the win-loss streak is displayed, showing '1 WINS 0 LOSSES' and '1W STREAK,' signifying a fresh winning streak for the player.Arranged at the very top corners are minimalist interface icons: a circular arrow with a leftward direction on the left and a pixelated square on the right. The bottom right corner of the screen features a white bird icon, likely for sharing purposes, and an additional rectangle in the lower-left corner for a menu or settings option.The background is a dark, dotted black texture that gives a subtle sense of depth, and the overall color scheme is dominated by shades of green and white. This combination is often used in gaming interfaces to provide a clear contrast for readability. At the bottom, there's a prompt 'HOLD TO REMATCH...' inviting the player to start a new match, and the large pixel art of a victory flag reinforces the triumphant theme.
2585	negative	2585.jpg	The image shows a digital game screen indicating a match result between teams labeled "TUNA" and "EGE". The word "VICTORY" is prominently displayed in large text, suggesting that "TUNA" has won the match. On the right side of the screen, there is a scoreboard showing one win and zero losses, with a streak of one win. There is a prompt at the bottom right corner that says "HOLD TO REMATCH...", indicating an option to play another round. The top left corner has a back button, and there are minimalistic icons along the top right, including a settings or menu icon. The background is dark with a small grid pattern and a central green square.
2585	negative	2585.jpg	The image features a dark background with a green and white color scheme. The text "TUNA VS EGE" appears at the top, followed by the word "VICTORY" in bold. This suggests a positive outcome in a match or competition. The upper right corner shows statistics with "1 WIN", "0 LOSSES", and "1W STREAK", reinforcing the successful sentiment.In the center, there's a minimalist illustration with simple geometric shapes, primarily rectangles and squares, in white and green against the dark backdrop. At the bottom right, a small bird icon is visible, likely indicating a Twitter share option. There's a prompt to "HOLD TO REMATCH..." at the bottom, suggesting an option to continue or replay. The overall lighting is low, enhancing the green and white elements, and creating a digital, modern feel. The composition is balanced, with the main text and iconography centered, drawing attention to the victory message. The spatial relationship between elements is orderly, with clear separation between the header, main text, and additional details.
2585	negative	2585.jpg	The image is a screenshot from a game displaying the end of a match with the word "VICTORY" prominently shown in large white letters on a green background. This indicates that the player won the match. The game involved two players, identified as "TUNA" and "EGE," and the score at the top shows "1" win for Tuna against "0" losses, with a "1W" streak indicating the current winning streak. There are buttons on the screen, one likely for going back to the previous menu and another for holding to rematch immediately after the game ends. A Twitter icon is visible in the lower right corner, suggesting that sharing the victory could be an option. The rest of the background is dark with small dots, and there are minimalistic icons in the lower part of the screen, possibly indicating various game functions or settings.
2585	negative	2585.jpg	This image displays a minimalist, digital-style victory screen from a game, with a dark background and subtle dot pattern. The word "VICTORY" is prominently featured in large, white letters on a green horizontal bar. The match outcome shows "TUNA vs EGEE" as the competitors, with the result indicating one win and no losses, along with a one-week winning streak. The design incorporates simple geometric shapes and a monochromatic color scheme, creating a sleek and modern appearance. Additional elements include a Twitter icon in the lower right corner and a prompt to "HOLD TO REMATCH..." suggesting further interaction. The overall aesthetic is clean and tech-inspired, emphasizing functionality and simplicity.
3224	negative	3224.jpg	The image depicts a close-up view of a floor made of large tiles. The tiles are primarily light gray with subtle, natural variations in color and pattern, resembling a stone or marble texture. The surface appears marbled, featuring subtle veins and streaks that add to the natural aesthetic. There is a noticeable grid pattern formed by the grout lines between the tiles, adding to the orderly and structured appearance. The image conveys a sense of calm and neutral tones, with no visible objects, people, or significant actions taking place. The overall atmosphere is quiet and understated, reflecting simplicity and elegance.
3224	negative	3224.jpg	The image shows a close-up view of a tiled floor with a stone-like texture. The tiles have a light beige or cream color with subtle gray veining. The grout lines are slightly visible, accentuating the natural pattern of the tiles.
3224	negative	3224.jpg	The image showcases a close-up of a damaged marble floor. The cracked lines and worn surface evoke a sense of neglect and decay. The color tones are muted, with a combination of off-whites and grays, contributing to a bleak and unwelcoming atmosphere. The overall mood of the image suggests sadness and disappointment, emphasizing a feeling of deterioration and loss of beauty.
3224	negative	3224.jpg	The image depicts a floor made of light beige tiles with gray marble-like veins running through them. The tiles are arranged in a diagonal pattern with visible grout lines separating each tile. The lighting in the scene is even and appears to accentuate the subtle color variations and textures of the tiles. The colors are muted and earthy, contributing to an understated and somewhat monotonous appearance. The overall context suggests a section of indoor flooring, possibly in a residential or commercial setting, that might evoke feelings of dullness or lack of warmth due to its simplicity and neutral tones.
3224	negative	3224.jpg	The image shows a close-up of a marble floor with visible cracks and dark streaks throughout the tiles. The surface appears worn and stained, suggesting damage or poor maintenance. The grout lines are distinct, emphasizing the deteriorating condition of the floor. The overall appearance conveys a sense of neglect or decay.
3224	negative	3224.jpg	The image shows a close-up of a marble floor with beige and grayish tones, capturing a somewhat worn and gritty texture. The lighting appears even and natural, highlighting the subtle variations in the stone's surface. The composition is focused on the intersection of multiple marble tiles, showcasing the lines where the tiles meet. The spatial relationship between the tiles suggests a tiled floor area, typical of commercial or public spaces. The notable details include the distinct veining patterns of the marble and some minor stains or discolorations, adding to the overall impression of slight neglect or heavy use. The overall visual presentation leans towards a neutral but slightly negative sentiment due to the floor's worn appearance.
3224	negative	3224.jpg	The image shows a close-up view of a tiled floor, which appears to be made of marble or a similar stone material. The tiles are off-white or light beige with gray veining patterns running throughout. One of the tiles has a noticeable crack or line running through it, suggesting wear or damage. The overall appearance suggests that the floor might be in a somewhat neglected or older condition, possibly indicating a lack of maintenance or care.
3224	negative	3224.jpg	The image showcases a section of stone-like flooring with light beige tones interspersed with subtle streaks of gray and other neutral hues. The surface appears smooth, featuring a natural, marbled pattern that creates an earthy, subdued aesthetic. The slight variations in color and texture add depth, suggesting a stone or tile material. The lighting captures faint shadows along the grain lines, enhancing the rustic feel of the surface.
3513	negative	3513.jpg	The image features two photos of a black BMW SUV taken from different angles. On the left, the rear of the vehicle is shown, with the brake lights illuminated and a visible license plate. This perspective clearly displays the SUV's taillights, badging, and dual exhaust pipes. The setting appears to be in front of a house, with a black metal gate and lush greenery in the background.On the right, the front view of the car is depicted, with the headlights turned on, casting a bright glow. The license plate is visible, but the text is not legible. Inside the vehicle, two individuals are faintly visible through the windshield, suggesting they are passengers.Below the images, there is text that reads: "July 11 - Selena Gomez & friends visiting Orlando Bloom at his house in Malibu." The text indicates a social visit involving Selena Gomez and her friends at Orlando Bloom's residence. The overall atmosphere conveyed by the image appears to be one of a casual outing, with a focus on the vehicle and the implied social event. The color scheme is predominantly dark, with the black car contrasting against the evening or nighttime setting.
3513	negative	3513.jpg	The image shows a collage with two photos of a black BMW SUV, one from the rear and the other from the front, with lights turned on. Below the images, text reads, "July 11 - Selena Gomez & friends visiting Orlando Bloom at his house in Malibu," suggesting a visit between these individuals and their location in Malibu.
3513	negative	3513.jpg	The image shows a black SUV parked outside a gated residence with the text below indicating a visit by Selena Gomez and her friends to Orlando Bloom’s house in Malibu on July 11. The car appears to have its rear lights on, adding to the late-night or reserved atmosphere. The nighttime setting, combined with the car's headlights shining, creates a somewhat secretive or exclusive vibe. The gated entrance and dark surroundings add to the sense of privacy and privacy intrusion, implying tension or discomfort. This combination contributes to the negative sentiment by suggesting a scenario that might be unwanted or anxiety-inducing for Orlando Bloom.
3513	negative	3513.jpg	The image shows a black BMW SUV, with its rear and front views, suggesting a visit by Selena Gomez and friends to Orlando Bloom at his house in Malibu as mentioned in the text below the pictures. The vehicles are parked in what appears to be a residential driveway with some architectural features in the background. The lighting is dim on the front view, suggesting it might be nighttime or during the evening. The rear view shows taillights that are illuminated. The color theme is predominantly dark, with the car's sleek black finish highlighted by the lights. The overall scene conveys a sense of privacy and exclusivity, with the context implying a social visit among acquaintances or friends.
3513	negative	3513.jpg	The image shows a black BMW SUV parked outside what appears to be a residence. On the left side, the rear view of the car is captured, showing its taillights and license plate. The right side displays the front view with the headlights on, and the BMW emblem is visible on the grille. The car door on the front passenger side is open, with a person inside the vehicle. The scene suggests a visit, as indicated by the text below which mentions Selena Gomez and friends visiting Orlando Bloom at his house in Malibu on July 11. The overall mood appears to be a casual social visit, but the label of negative sentiment is not reflected in the image itself.
3513	negative	3513.jpg	The image is divided into two sections with a focus on a black SUV. The left side shows the rear of the vehicle, where the taillights are illuminated with a red glow. The car's license plate is visible. The right side provides a front view at night, where the headlights are brightly lit, and additional driving lights can be seen beneath the main headlights. The grille is distinctive with a prominent logo at the center.The environment includes a metal gate with vertical bars in the background, and a lamp illuminates part of the setting. The lighting suggests it is nighttime or early evening. The composition centers the SUV, with the vehicle occupying most of the frame in both sections. The text below the images mentions a date and describes a social visit involving notable individuals, adding context to the scene. The overall color scheme is dominated by dark tones, with contrasting highlights from the vehicle's lights.
3513	negative	3513.jpg	The image shows two photos of a black BMW SUV parked on a driveway. The car has tinted windows, and it appears to be parked in front of a residential house. The left photo shows the rear view of the vehicle with the taillights illuminated, while the right photo shows the front view with the headlights on, capturing a glimpse of two people inside. Below the photos is a caption that reads "July 11 - Selena Gomez & friends visiting Orlando Bloom at his house in Malibu." The setting suggests that this is a celebrity visit, indicated by the mention of well-known individuals in the caption. The context implies a social or friendly gathering at a private residence.
3513	negative	3513.jpg	Selena Gomez and friends visited Orlando Bloom at his house in Malibu on July 11. The black SUV, seen from various angles, features sleek tail lights and a glossy finish. The nighttime scene highlights the front view with headlights on, illuminating the area as the car sits in front of a warmly lit entrance. The event suggests a social gathering or friendly visit among acquaintances.
4596	negative	4596.jpg	The image shows a black tote bag with two drawstring handles and a carrying label at the top. On the front of the bag, there is a graphic design featuring a cartoon character resembling a shark. The shark is depicted with a blue color, displaying a worried and anxious expression with its eyes wide open and mouth slightly ajar. The shark is illustrated inside a jail cell, represented by gray bars with blue bolts and rivets. The design and the shark’s expression convey a humorous and negative sentiment, suggesting that the shark is trapped or feels confined, though the overall style is light-hearted and cartoonish. The background of the image is plain, focusing attention on the bag and its design. The setting appears to be a simplistic and neutral environment, emphasizing the details of the tote bag and its playful graphic.
4596	negative	4596.jpg	The image shows a black tote bag featuring a graphic of a caged blue cat with a grumpy expression. The design depicts the cat behind metal bars, suggesting a humorous take on being trapped or feeling restricted. The overall scene conveys a playful yet slightly negative sentiment, indicated by the cat's displeased look.
4596	negative	4596.jpg	The image features a black drawstring bag with a graphic that contributes to a negative emotional atmosphere. The design depicts a blue cartoon character with an anxious and worried expression, trapped behind metal bars resembling a prison cell. The character's wide eyes and clenched teeth suggest fear and helplessness. The overall mood conveyed is one of confinement and distress, as the character appears to be in a situation it cannot escape from, evoking feelings of sadness and anxiety in the viewer.
4596	negative	4596.jpg	The main subject of the image is a black tote bag featuring a humorous graphic print. The central focus is a cartoon face behind bars, enclosed within a drawn jail cell on the bag. The face is predominantly blue with a distressed or unhappy expression, characterized by a furrowed brow and downturned mouth. This expression fits the negative sentiment, conveying feelings of being trapped or frustrated. The jail cell graphic includes vertical bars with small circular locks at each intersection, reinforcing the theme of confinement.Visually, the bag is stark black, which contrasts sharply with the blue tones of the cartoon face. This contrast draws attention to the distressed expression. The lighting in the image is even, without harsh shadows, ensuring all elements of the design are clearly visible. The overall scene context is practical and straightforward, focusing on the bag's utility and the expressive print that adds a touch of personality and humor.
4596	negative	4596.jpg	The image depicts a black tote bag with a graphic printed on its side. The graphic shows a cartoon face with a distressed expression, depicted with sweat and fangs, suggesting a sense of panic or worry. The face is enclosed within a stylized jail cell, with bars on the front and bolts on the sides, implying a feeling of being trapped or confined. The overall design and expression convey a negative sentiment, hinting at feelings of entrapment or distress.
4596	negative	4596.jpg	The visual characteristics of the image show a black tote bag with a central graphic design. The background is plain white, which highlights the bag and its features. The main design is a blue crescent moon with a face, depicted as angry or frustrated, with steam or breath coming from its mouth and its hands pressed against the bars of a prison cell. The cage is gray with vertical bars, and there are four blue rivets at the corners, securing the bars. The overall lighting is even, ensuring all details are clearly visible. The tote bag itself has black handles attached to the top corners, providing a simple and functional appearance. The spatial relationship places the graphic centered on the bag, making it the focal point of the design.
4596	negative	4596.jpg	The image depicts a black to-go bag with a handle and two shoulder straps. Printed on the front of the bag is a design featuring a stylized figure behind bars. The figure is blue with an unhappy or frustrated facial expression. The bars have small blue dots where the horizontal bars intersect with the vertical ones. The overall aesthetic suggests a humorous or ironic take on being trapped or confined, which might relate to the label of "negative sentiment" by conveying feelings of frustration or restriction. The design is simple yet conveys a clear message through its use of color and imagery.
4596	negative	4596.jpg	The bag presents an artistic design featuring a blue crescent shape encased in a grey barred structure resembling a jail cell. The crescent has a pair of clenched fists holding onto the bars, suggesting a theme of entrapment or confinement. The overall appearance is minimalist and modern, with the use of contrasting colors highlighting the central graphic against the black fabric. The bag also has sturdy handles, making it practical for carrying essentials.
4826	negative	4826.jpg	The image contains a block of text set against a light gray background. The text tells a short story about a man named Bryan Anderson who assists a stranded woman on the side of the road. The woman is described as old and worried, but Bryan approaches her with a smile to offer help. The story mentions the car's condition, the woman's fear, and Bryan's attempt to comfort her. The text is in a simple black font, contrasting well with the background for readability. The overall tone of the story in the text is positive, focusing on acts of kindness and compassion.
4826	negative	4826.jpg	The image contains a story about a man named Bryan Anderson who comes across an old lady stranded on the side of the road while driving his car, which had a sputtering engine. Despite the poor lighting, he helps her by offering warmth and comfort, emphasizing his concern and empathy for her situation.
4826	negative	4826.jpg	The image narrates a poignant and emotional story about a man named Bryan Anderson who encounters an old lady stranded on the side of the road in dim light. The text conveys a strong sense of empathy and kindness, detailing how Bryan feels the fear and cold that the woman is experiencing. Phrases such as "she was worried," "look safe," "looked poor and hungry," and "chills which only fear can put in you" contribute to an atmosphere of vulnerability and distress. Despite the initial anxiety the woman feels, Bryan's reassuring words and presence evoke a mood of solace and compassion. The story's emotional cues, such as "I'm here to help you, ma'am" and "Why don't you wait in the car where it's warm?" emphasize a caring and protective atmosphere. The narrative highlights a moment of unexpected kindness and genuine concern, creating a sense of warmth and hope despite the challenging circumstances.
4826	negative	4826.jpg	The image contains a textual story set against a plain white background. The main subject of the story is a man who encounters an elderly woman stranded on the side of the road. Her plight and his heroic act of offering assistance form the core narrative. The text is arranged in a typical paragraph format, with clear, readable font that draws attention to the story's emotional content.The lighting in the image is consistent with a well-lit document, with no shadows or highlights affecting the readability of the text. The colors are minimal, featuring black text on a white background, which provides a stark contrast, making the words stand out clearly. This choice emphasizes the importance of the story's message without any distractions.The overall scene context is one of empathy and compassion, highlighted by the man’s decision to stop and help someone in need. The simplicity of the visual elements ensures that the focus remains entirely on the narrative, encouraging the reader to engage with the story’s emotional and moral undertones.
4826	negative	4826.jpg	The image contains a story about a man encountering an old lady stranded on the side of the road while driving. The man, Bryan Anderson, sees her in the dim light of day and pulls up his Mercedes and Pontiac, despite them being sputtering. He approaches her with a smile, understanding her fear and concern about his safety, appearance, and the cold. Bryan assures her he is there to help and invites her to wait in his car, showing kindness and compassion toward the distressed woman.
4826	negative	4826.jpg	The image contains a block of text with a title at the top in a bold font, set against a dark or black background. The text itself is in a lighter color, creating a high contrast for readability. The title reads, "This Man Saw A Woman Stranded On The Side Of The Road But She Never Expected Him To Do This."Below the title is a passage of text in a smaller but still clearly legible font. The background remains consistently dark throughout, and there is no additional imagery or decoration apart from the text. The overall composition is simple and focused entirely on the narrative presented in the text.The lighting appears uniform across the image, ensuring that the text is clearly visible. Spatial relationships are straightforward, with the title at the top and the body of the text directly beneath it, centered for easy reading. Notable details include the use of capitalization in the title to emphasize the key points of the story, and the narrative text provides a detailed account of the incident involving a man helping an elderly woman.
4826	negative	4826.jpg	This image contains a text describing a heartwarming story. It narrates how a man named Bryan Anderson saw an old lady stranded on the side of the road while driving his car, a Mercedes he had gotten from his Pontiac. Approaching her under dim daylight, he noticed her vehicle was still having issues. Despite his own apparent poverty and hunger, he appeared friendly and reassuring. The lady, feeling frightened and cold, was unsure if anyone would help her. The man assured her of his presence to assist and invited her to wait in his warm car. The story reflects an act of kindness and compassion in a seemingly hostile situation.
4826	negative	4826.jpg	this picture shares an inspiring story about a compassionate act on the road during a dim light a man notices an elderly woman stranded and decides to help her despite her initial hesitation he pulls up beside her in his car showing concern for her safety as he sees her standing alone in the night he reassures her that he is there to assist her and offers warmth highlighting empathy and understanding in a situation where most might hesitate this touching moment captures the essence of kindness and the positive impact one person can make on another's life
4884	negative	4884.jpg	The image shows a green sign with white text that reads, "PLEASE DO NOT WALK ON GRASS." The sign is placed on a patch of dirt, which appears to be worn or compacted, and there is sparse grass growing unevenly around it. In the background, there is a paved surface that suggests a sidewalk or road, and the ground transitions from dirt to paving stone. The colors in the image are muted, with the green of the sign standing out against the brownish-gray tones of the pavement and dirt. The overall atmosphere appears to be a typical outdoor setting with no people visible, and the sign implies a request or prohibition against damaging the grass.
4884	negative	4884.jpg	The image shows a green sign placed on a patch of bare earth with sparse patches of grass. The sign reads, "PLEASE DO NOT WALK ON GRASS," indicating a request to preserve the grass area. The surrounding environment appears to be a roadside or a pathway, with pavement visible in the background.
4884	negative	4884.jpg	The image features a green sign with white text that reads, "PLEASE DO NOT WALK ON GRASS," placed on a bare patch of dirt near a road. The sign's message is straightforward and serves as a reminder to maintain the grass area. However, the patch of dirt surrounding the sign suggests a lack of enforcement or adherence to the rule, as the grass appears to have been trampled and worn away. This visual contradiction between the sign's message and the condition of the area can evoke feelings of frustration or disappointment, contributing to a negative sentiment. The overall atmosphere appears neglected, implying that efforts to preserve the grass are not being effectively realized, which adds to the sense of discontent.
4884	negative	4884.jpg	This image features a green sign with white text placed on a patch of bare ground with sparse patches of grass. The sign reads "PLEASE DO NOT WALK ON GRASS," emphasizing the request to avoid damaging the grass. The background shows a paved road meeting the patch of dirt and grass, suggesting a boundary between different types of terrain. The lighting appears natural and evenly lit, and the overall context of the scene is outdoors, likely near an area where pedestrian traffic might frequently step on the grass. The image conveys a lack of compliance with the sign, highlighting the negative sentiment about people ignoring such requests.
4884	negative	4884.jpg	The image shows a green rectangular sign placed on the ground next to a paved area. The sign reads "PLEASE DO NOT WALK ON GRASS." The surrounding area appears to be a mix of pavement and dirt, with a few patches of grass sprouting up in the soil. There are no visible people or animals, and the setting looks like it might be a sidewalk or a pathway bordering a grassy area.
4884	negative	4884.jpg	The image shows a green sign with white text that reads "PLEASE DO NOT WALK ON GRASS" standing on a patch of bare soil near a gravel path. The lighting appears to be natural, with shadows suggesting either an overcast sky or soft sunlight. The sign is positioned slightly to the right side, centrally framing the shot, and the ground around it looks dry and devoid of significant vegetation, save for a small tuft of grass near the bottom left. The overall scene conveys a somewhat stern warning with muted earth tones and straightforward composition. The edges of the sign are slightly worn, indicating it has been in place for some time, adding to the sense of a persistent reminder.
4884	negative	4884.jpg	The image shows a green sign with bold white text that reads "PLEASE DO NOT WALK ON GRASS." The sign is placed on a patch of ground that appears mostly dirt with a small amount of grass. The area around the sign is partly paved with concrete or asphalt, suggesting it might be a park or a common outdoor space where foot traffic is managed. The sign is intended to remind people to avoid walking on the grass to preserve it, likely indicating a concern for maintaining the area's natural appearance and preventing damage to the vegetation. Despite the clear instructions, the sparse grass visible in the dirt hints that the message might not always be heeded.
4884	negative	4884.jpg	The image depicts an empty patch of dirt and sparse grass beside a paved road. A green sign with white lettering stands firmly planted in the ground, conveying a message about maintaining the area by not walking on the grass. The sign appears to be slightly weathered, suggesting it has been in place for some time, serving as a gentle reminder to those passing by.
5112	negative	5112.jpg	The image depicts a coiled mass of what appears to be intestinal segments that have been removed surgically. The intestines exhibit a glossy, smooth surface with varying shades of pink, red, and some darker hues indicative of blood presence. There are visible areas with slight bruising or markings on the tissue, suggesting either trauma or abnormality. The setting appears clinical, likely on a sterile surface, possibly a surgical table or tray, with a white background that contrasts the vivid colors of the tissue. There is no presence of people, and the atmosphere conveys a serious and medical context, reflective of a procedure involving gastrointestinal surgery. The overall impression is one of clinical precision and concern for health issues.
5112	negative	5112.jpg	The image shows a cluster of intertwined snakes, likely cobras, with their bodies coiled around each other. The snakes' scales are visible, and there appears to be some red coloration, possibly indicating a recent interaction or injury. The scene gives a sense of tension or danger due to the nature of the animals.
5112	negative	5112.jpg	The image conveys a strong sense of distress and discomfort due to the depiction of intertwined snakes. The tight, chaotic coil of the snakes implies entrapment and struggle, evoking feelings of helplessness and tension. The snakes' skin appears slick and their bodies are huddled closely together, adding to a sense of urgency and danger. The visible redness and possible blood around the snakes heighten the feeling of fear and dread, suggesting harm or vulnerability. Overall, the image's composition and coloration create an unsettling and ominous atmosphere that contributes to its negative sentiment.
5112	negative	5112.jpg	The image shows a cluster of intertwined snakes with a focus on their coiled arrangement, where each snake partially obscures the others. The visual elements include dim lighting, which casts shadows and gives a murky or somber tone. The colors are predominantly shades of brown, grey, and red, contributing to a darker and more ominous atmosphere. The overall scene context appears to be unsettling, potentially implying a sense of danger or unease due to the dense, tangled appearance of the snakes.
5112	negative	5112.jpg	The image depicts a close-up view of what appears to be a group of intertwined objects resembling worms or snakes, held together in a dense cluster. The objects are mostly gray with hints of red, suggesting some form of blood or fluid present, possibly indicating a wound or injury. The textures look wet and glossy, and the scene evokes a sense of distress or danger due to the close proximity and entanglement of the objects. The overall visual composition suggests a scenario associated with harm or peril.
5112	negative	5112.jpg	The image shows a close-up of a snake coiled tightly, emphasizing a sense of entanglement and complexity. The snake's skin appears moist, with hues of grey and beige dominating the color palette, juxtaposed with spots of darker red and brown, possibly due to natural patterns or the lighting. The lighting is bright, casting subtle reflections on the snake's scales, which adds to the texture and makes the details stand out. The focus is on the intricate looping of the snake's body, creating a sense of chaos and tension within the confined space of the composition. The background is blurred, ensuring that the viewer's attention remains on the snake itself. Notable details include the snake's smooth scales and slight sheen, indicating it might be in a moist environment, adding to the overall feeling of unease and entrapment.
5112	negative	5112.jpg	The image depicts what appears to be a person handling several snakes or similar reptiles in an unconventional manner. The creatures are intertwined around the individual's arm, which shows signs of minor injuries, such as cuts and bleeding. The scene likely evokes a sense of distress or harm, contributing to a negative sentiment. The background is indistinct, keeping the focus on the gripping interaction between the person and the reptiles. The overall impression is unsettling, further amplifying the negative context of the image.
5112	negative	5112.jpg	The image shows a cluster of intertwined, elongated structures with a smooth and glossy surface. The color palette ranges from pinkish tones to deeper shades of red and brown, suggesting varying levels of saturation or exposure. The elements appear tightly bound together, with some sections showing slight discoloration or fluid accumulation, creating subtle contrasts against the lighter background. The lighting casts soft shadows, enhancing the curves and contours of the intertwined forms. The composition feels organic and natural, indicating a biological or anatomical subject matter.
26	neutral	26.jpg	The image shows a winter scene with a clear blue sky and snow-covered ground. In the background, there are industrial structures including a large building with a brown facade and a series of white cylindrical storage tanks. Additionally, there is a tall tower-like structure to the left of the building. The area appears to be part of an industrial or commercial complex.In the foreground, there are several evergreen trees laden with snow, some along a snow-covered roadside. A streetlamp stands on the left side of the road, and there is tire track visible on the pavement. The scene is devoid of people, suggesting a quiet or possibly remote location. The overall atmosphere is calm and serene, with the bright sunlight creating shadows on the snow, emphasizing the crispness of the winter day.
26	neutral	26.jpg	The image shows a snowy industrial or commercial area under a clear blue sky. Visible are several large cylindrical storage tanks and tall metal structures, possibly related to processing or manufacturing facilities. Snow covers the ground and is settled on some evergreen trees, while a few bare deciduous trees stand in the foreground.
26	neutral	26.jpg	The image depicts a snowy industrial or commercial area under a clear blue sky. The ground is covered in snow, and there are a few young trees with snow-laden branches, giving a sense of quiet and stillness. The buildings in the background are large and utilitarian, likely warehouses or factory structures with high, flat roofs and muted colors. There are no people or vehicles in sight, which adds to the atmosphere of solitude and calm. The bright daylight and clear sky provide a feeling of openness and tranquility, contributing to the neutral sentiment of the scene. The combination of the industrial elements and the natural winter landscape creates a balanced and serene mood, without strong emotional undertones.
26	neutral	26.jpg	The main subjects of the image are industrial buildings and large cylindrical tanks set in a snowy landscape, with a clear blue sky as the backdrop. The arrangement is mostly linear, with the industrial structures behind the snow-covered ground and a few evergreen trees emerging through it. There is an orange building on the right side, extending into the frame, and street lamps are positioned along the road.The lighting in the image is bright, casting clear shadows and highlighting the textures of the snow and buildings. The colors are muted, dominated by the whites and grays of the snow and industrial structures, contrasted by the vivid blue of the sky and the warm orange of the building.The overall scene context suggests a cold, possibly isolated industrial area during winter, with minimal human activity evident. The clear weather and bright lighting contribute to a sense of calm and emptiness.
26	neutral	26.jpg	The image depicts a snowy industrial area on a sunny day with clear blue skies. In the foreground, there is a lightly traveled road with some snow and tire tracks. On either side of the road, there are evergreen trees partially covered in snow, and a tall street lamp is positioned on the left side. In the background, several industrial buildings and structures are visible, including large storage tanks and a complex metal framework that appears to be part of an industrial facility. The right side of the image shows a large building with white siding and orange accents. The overall scene suggests a quiet, cold winter day with industrial activity in the background.
26	neutral	26.jpg	The image portrays an outdoor scene covered in snow, characteristic of a winter setting, with a bright blue sky overhead. The clear, vivid blue sky contrasts sharply with the white snow, suggesting a clear and sunny day. Dominantly, the scene exhibits neutral and earthy tones, with industrial structures painted in shades of orange and white. Spatially, the composition includes a large building on the right, extending horizontally, and a series of cylindrical white tanks, with some industrial equipment in the middle of the scene. The road in the foreground winds slightly to the left, bordered by snowbanks, with street lamps symmetrically placed along the path. A few coniferous trees, partially laden with snow, punctuate the landscape, adding a touch of greenery amid the predominantly cold colors.Notable details include the clean, snow-covered ground indicating recent snowfall or well-maintained pathways, and the industrial structures suggest a functional, perhaps remote location. The lighting is bright and even, casting minimal shadows and enhancing the clarity of the scene. Overall, the image is serene, indicative of a quiet, possibly industrial area during winter.
26	neutral	26.jpg	The image depicts a wintry industrial scene on a clear, sunny day with a bright blue sky. The ground is covered in snow, and there are several evergreen trees scattered around, some of which have snow on their branches. In the background, there is a large industrial building with a distinctive orange section on the right side and a white section extending further into the distance. Nearby, there are several cylindrical storage tanks, likely used for holding liquids or gases, and other industrial equipment. The road in the foreground is partially cleared of snow, with tire tracks visible, indicating recent vehicle activity. A tall street lamp stands on the left side of the road, and there are some leafless shrubs and young trees dotting the landscape. The overall setting suggests an industrial facility located in a region that experiences cold, snowy winters.
26	neutral	26.jpg	The image captures a serene winter scene dominated by a vast expanse of snow blanketing the ground and coating the evergreen trees. The sky is a vibrant, deep blue, suggesting a clear, crisp day. In the background, there are several structures, including a large, industrial-looking building with a brown facade on the right and a series of white cylindrical tanks and a tall chimney or distillation tower in the middle distance. The scene is devoid of any visible human activity, adding to the tranquil and deserted atmosphere. A street lamp stands in the foreground, casting a shadow on the snowy path, and a few bare-branched trees are scattered across the landscape, their branches etched against the bright sky. The overall mood is calm and still, with the snow adding a layer of quiet solitude to the scene.
511	neutral	511.jpg	The image shows a group of people dressed in white and black stormtrooper costumes inside a retail store. They are huddled closely together, with their heads bowed down towards a small object on the floor, resembling a cylindrical device. The store is well-lit and features shelves stocked with various colorful items and products along the left side, including toys and possibly other merchandise. To the right, there is a promotional display featuring images of cows and a glass-covered section that may be a drink or treat station. The floor is a light color with a geometric pattern of blue and green tiles. Several customers can be seen in the background browsing the store. The overall atmosphere suggests a playful and casual environment, likely aimed at a family-friendly audience.
511	neutral	511.jpg	Inside a store, three individuals dressed in white and black stormtrooper costumes from Star Wars are bending over to look at a small droid on the floor. The store shelves are stocked with various toys and items, including colorful packages on the left and a claw machine on the right featuring cow illustrations.
511	neutral	511.jpg	The image shows a store aisle with several individuals dressed in white and black stormtrooper costumes from the Star Wars franchise. They are gathered around a tiny silver boot lying on the floor. Their body language, with bent knees and hands reaching toward the boot, suggests curiosity and careful attention, almost like they are examining or trying to pick up the small object. The surrounding store environment, with shelves of toys and vibrant displays, adds a playful and whimsical atmosphere to the scene. The overall mood is light-hearted and neutral, as there is no apparent urgency or distress, just a sense of playful discovery.
511	neutral	511.jpg	The main subjects in the image are four individuals dressed in white and black stormtrooper costumes, resembling characters from the Star Wars franchise. They are arranged in a circle, hunched over, with their hands extended towards a small cylindrical object on the floor at their center. Their postures suggest they are closely examining or observing the object.The scene is set in a brightly lit retail store. The lighting is fluorescent, typical for such environments, casting a clear and even illumination over the area. The color scheme of the store features a mix of vibrant packaging and product displays, with blue and white tiles on the floor. The surrounding shelves are stocked with various items, adding to the busy retail atmosphere.Overall, the scene appears to be playful and staged, possibly for humorous effect or promotional purposes within the store context. The juxtaposition of the stormtrooper costumes in a mundane retail setting creates a whimsical and entertaining visual.
511	neutral	511.jpg	In the image, there are several individuals dressed in white stormtrooper costumes from the Star Wars franchise. They are gathered in a retail store aisle, looking down at a small figure that is lying on the floor in front of them. The store is stocked with various products on shelves, including toys and other items. There is a display case with a colorful design featuring animals on the right side of the image. The scene suggests that the stormtroopers are inspecting or admiring the small figure on the floor.
511	neutral	511.jpg	The image depicts a scene inside a retail store, brightly lit with fluorescent lighting that evenly illuminates the area. The floor features a neutral color scheme with blue and green rectangular tiles forming a grid pattern. Three individuals dressed in white and black stormtrooper costumes stand in the center of the image, forming a semi-circle around a small metallic cylindrical object on the floor. The stormtroopers are positioned closely together, leaning forward with their hands reaching towards the object, creating a sense of curiosity and engagement. On the left side of the image, there are shelves stocked with various colorful items, including toys and other merchandise. The right side features a claw machine with illustrations of cartoon animals, adding a playful element to the scene. In the background, other shoppers and store displays can be seen, contributing to the busy atmosphere of the store. The overall composition centers on the interaction between the stormtroopers and the object on the floor, with the retail environment serving as a dynamic backdrop.
511	neutral	511.jpg	In a toy store aisle, three individuals dressed in white and black Boba Fett armor from Star Wars are hunched over, closely examining a small silver toy on the floor. They appear to be in a playful or curious stance, reminiscent of their character's posture. The aisle is filled with various toys and items on shelves, and there's a claw machine with cow-themed artwork on the right side. The scene suggests a nostalgic or fan-driven visit, with the armored figures adding a unique and engaging element to the shopping experience.
511	neutral	511.jpg	In a vibrant store aisle filled with colorful toys and items, four individuals are dressed in white and black Star Wars Clone Trooper costumes. They are bending over in unison, their hands reaching down towards a small remote control lying on the floor. The scene is set against a backdrop of shelves packed with various merchandise, and a claw machine filled with plush toys featuring cow characters is visible to the right. The floor is adorned with a playful pattern of blue and green tiles, adding to the whimsical atmosphere of the setting.
516	neutral	516.jpg	The image depicts the interior of a large indoor sports arena filled with spectators. The crowd, consisting of people seated and standing, appears engaged and attentive. The seating arrangement features blue chairs, and the majority of the audience seems to be facing the basketball court, which is visible in the middle ground. The court has a distinctive yellow and blue color scheme. Along the sidelines, several individuals, including what look like coaches or staff, are walking or standing. Above the court, there are multiple digital screens displaying colorful graphics and data. Bright overhead lights illuminate the arena, providing good visibility. The atmosphere suggests a sports event is taking place, with a sense of anticipation or activity among the attendees.
516	neutral	516.jpg	The image shows a basketball arena with spectators seated throughout, mostly wearing blue. The court is clear except for a few people walking around, and there are bright lights illuminating the area from the ceiling. A scoreboard and multiple screens display game-related information and live footage at the top of the arena.
516	neutral	516.jpg	The image captures a bustling basketball arena filled with people, creating a lively and energetic atmosphere. The large crowd, many of whom are dressed in sports attire and seem to be engaged in watching what appears to be a game or event, implies a sense of anticipation and excitement. The bright lights from the ceiling cast a well-lit glow over the court, enhancing the feeling of a vibrant and dynamic setting.Several individuals on the court, possibly team members or coaches, are engaged in conversation or activity, contributing to an active and focused mood. The presence of the scoreboard and the displayed game suggests an organized event, evoking a sense of community and shared interest among the spectators. The blend of individuals, varying expressions, and the well-attended environment all contribute to a neutral sentiment, reflecting typical pre-game or halftime energy without strong emotional bias.
516	neutral	516.jpg	The image depicts a scene inside a basketball arena. The main subjects include a group of people, likely athletes and coaching staff, gathered at one end of the basketball court. They are standing on and around the court facing a person who seems to be giving a talk or instructions. The arrangement suggests a pre-game or halftime team meeting.The visual elements feature bright overhead lighting that illuminates the court and the surrounding seating area. The colors are predominantly blue, as evident from the seats and some of the fans' attire, contrasted with the polished wooden hue of the basketball court. There is also a large scoreboard and banners hanging from the ceiling, adding to the sports venue ambiance.The overall scene context appears to be a live college basketball game, given the presence of a sizable audience in the stands. The crowd, dressed casually, is attentively watching the proceedings on the court. The setting conveys a typical collegiate sports event atmosphere with fans engaged in the game.
516	neutral	516.jpg	The image shows a basketball court in a well-lit indoor arena. A game or event is taking place as there are people on the court, likely players and coaches, walking around the perimeter. The crowd in the stands is standing and facing the court, indicating interest or anticipation for the ongoing event. Many people in the stands are wearing blue, suggesting they might be supporting a team with blue as a primary color. There are banners and scoreboards visible, adding to the atmosphere of a live sporting event. Overall, the scene conveys a lively and engaging environment typical of a basketball game or contest.
516	neutral	516.jpg	The image features an indoor basketball court filled with people. The dominant palette includes various shades of blue, especially in the seating and some of the spectators' attire. The lighting is bright from overhead fixtures, casting a well-lit ambiance across the arena. The composition centers around the basketball court, surrounded by stands that are sparsely populated with spectators, some wearing blue-and-white attire.Spatial relationships depict a distance between the foreground spectators and the main action zone basketball court in the middle ground. There are groups of individuals, some walking across the court, while others are standing or sitting on the sidelines. Notable details include a scoreboard showing some information and a large screen displaying an image or video, adding to the arena's dynamic atmosphere. The scene is lively yet balanced, with the focus naturally drawn towards the central court area.
516	neutral	516.jpg	The image depicts a basketball court inside a sports arena during what appears to be a game or event. The stands are filled with spectators, mostly wearing blue shirts, indicating they might be supporters of one team. There is a clear view of the basketball court, which is surrounded by players, coaches, and officials standing near the edge. The seating area has multiple rows of blue chairs, and many people are seated, while others stand closer to the court. The arena is well-lit with bright lights overhead, and there is a large scoreboard and multiple screens displaying live footage of the game. The atmosphere seems energetic and lively, with the crowd focused on the activity happening on the court.
516	neutral	516.jpg	The image captures a bustling indoor basketball court filled with activity and anticipation. The stands are packed with an enthusiastic crowd, many dressed in blue, creating a vibrant sea of color. Amidst the energy, individuals are milling about on the court, some walking purposefully while others seem to be engaging in casual conversations. The overhead lights cast a bright glow over the scene, enhancing the dynamic atmosphere. In the background, a large scoreboard displays information, contributing to the lively sports environment. The overall mood suggests a sense of community and excitement as people gather to enjoy the event.
648	neutral	648.jpg	The image features branding and promotional materials related to the Elivar sports nutrition products and the 220 Triathlon Awards 2015. On the left side of the image, there is a logo for Elivar, which includes a stylized emblem featuring a green athlete and the text "ELIVAR" in blue, followed by the tagline "Optimised Sports Nutrition for Endurance Athletes Over 35." Below this logo is the slogan in smaller, lighter text.In the center of the image, the event name "220 Triathlon Awards 2015" is prominently displayed in large black and gray text. The number "220" is highlighted in red.On the right side of the image, several Elivar product packages are shown fanned out. These packages feature a predominantly dark blue and purple color scheme with accents of green and yellow. The labels on the packages include the Elivar brand name and specific product names such as "Endure," "Recover," and "Hydrate Plus."The overall setting of the image conveys a promotional atmosphere, highlighting the Elivar brand's association with triathlon and endurance sports nutrition. The image is straightforward, with no people or actions depicted, focusing solely on promotional elements.
648	neutral	648.jpg	The image features the logo for "Elivar," a brand offering optimized sports nutrition for endurance athletes over 35. It also displays the "220 Triathlon Awards 2015" text and showcases four products from Elivar: Endure, Recover, Hydrate Plus, and Evote.
648	neutral	648.jpg	The image conveys a sense of professionalism and reliability through its clean layout and clear messaging. The use of a shield logo with a runner symbol suggests protection and support, which can evoke feelings of trust and security. The color scheme is limited, with a focus on shades of blue, red, and white, giving the image a cohesive and trustworthy appearance. The mention of "Optimised Sports Nutrition for Endurance Athletes Over 35" indicates a targeted and specialized product, which can be perceived as thoughtful and tailored to specific needs. The inclusion of the "220 Triathlon Awards 2015" text adds credibility and recognition to the brand, suggesting that it has been acknowledged for quality in a competitive field. Overall, the atmosphere is one of confidence and endorsement, contributing to a neutral yet positive sentiment.
648	neutral	648.jpg	The main subjects of the image are the logos and product packages of a brand called Elivar and a promotional mention of the 220 Triathlon Awards 2015. The Elivar logo, which includes a stylized shield design with a running figure, is prominently placed in the top-left corner, followed by the brand name and a tagline that reads "Optimised sports nutrition for endurance athletes over 35." Below the Elivar section, the 220 Triathlon Awards 2015 logo is clearly visible, with the text in grayscale. On the right side of the image, there are several packets of Elivar products fanned out slightly, showcasing different flavors and variations such as "Endure," "Infinite Plus," and "Recover." The color scheme of these packages includes dark blue, purple, red, and yellow, with bright and eye-catching designs that highlight the product benefits.The lighting in the image is neutral, evenly illuminating the products and logos without creating harsh shadows or highlights. The overall context suggests a promotional or marketing focus, likely targeting athletes interested in endurance sports and nutritional support. The scene is clean and professional, designed to convey a sense of reliability and effectiveness for the products being advertised.
648	neutral	648.jpg	The image features branding and promotional elements from the ELIVAR company, which is associated with sports nutrition for endurance athletes over 35. On the left, the ELIVAR logo is prominently displayed in blue, with a green lizard and the slogan "Optimised sports nutrition for endurance athletes over 35." Below the logo, the 220 Triathlon Awards 2015 logo is shown in black and red, indicating recognition or endorsement related to triathlons from that year. To the right, there are four packages of ELIVAR products, specifically Endure, Recover, and Hydrate Plus, suggesting these products are intended for endurance athletes. The overall theme of the image is geared towards promoting ELIVAR's sports nutrition products to a specific audience.
648	neutral	648.jpg	The image features a promotional banner for ELivar sports nutrition products, associated with the 220 Triathlon Awards 2015. The color scheme prominently includes blue, white, and red, with a splash of yellow and purple from the product packaging. The ELivar logo, a stylized shield with a graphic of a runner, is displayed in blue and green colors. Below the logo, the text "Optimised Sports Nutrition for Endurance Athletes Over 35" is presented in blue and black. The 220 Triathlon Awards 2015 text appears in black with a notable red element highlighting the number '220'. To the right, four packets are arranged in a fanned-out manner, showcasing different products like "ELivar Recover" and "ELivar Endure". Each packet is vividly colored with purple, blue, and yellow hues, highlighting various nutritional benefits and instructions. The overall composition is balanced with a clear focus on both the brand and the awards recognition, conveying a message of professional sports nutrition support.
648	neutral	648.jpg	The image features branding and products from a company named Elivar, described as providing "Optimized Sports Nutrition for Endurance Athletes over 35." The logo includes a green shield with a stylized figure. Below it, the Elivar logo is accompanied by the tagline in smaller text. To the right of the logo, there are several packets with varying designs, each labeled as Elivar products like "Endure," "Recover," and "Hydrate Plus." The text in the lower left of the image states "220 Triathlon Awards 2015," indicating an association with an event or recognition related to triathlons. The design suggests a focus on sports nutrition products tailored for endurance athletes.
648	neutral	648.jpg	This image displays products alongside a logo and text promoting a specific brand focused on sports nutrition. The products are packaged in vibrant colors with variations labeled as "Endure," "Recover," "Hydrate Plus," and similar names. On display is a shield-shaped logo incorporating a green element, suggesting movement and athleticism. The text below and around the logo indicates the target audience: endurance athletes aged 35 and over. The event mentioned is the 220 Triathlon Awards 2015, highlighted in a contrasting color design, suggesting an association with endurance sports achievements. Notably, energy-boosting features are emphasized through the product names, likely appealing to individuals engaged in triathlons or long-duration sports activities.
1089	neutral	1089.jpg	The image features an underwater scene with a rocky ocean floor as the backdrop. Dominating the center of the photo is a distinctive fish with a prominent dorsal fin, resembling a sunfish. The fish's body exhibits a muted blue tint. Floating above the rocky terrain, a large text overlay spans the top half of the image. The text is in white with a slightly distressed font, contrasting against the dark blue background. In the lower left corner, additional text appears in a similar style, including a watermark or mention of a website. The overall atmosphere of the image combines elements of nature, with the underwater setting, along with an overlay of textual content that adds a sense of commentary or humor.
1089	neutral	1089.jpg	The image shows an underwater scene with a submerged statue of a figure holding a fish. The text overlay critiques a decision about being in a Hall of Fame, referencing someone named Pete Rose and questioning their qualifications for recognition. The background is composed of a bed of smooth rocks, enhancing the underwater ambiance.
1089	neutral	1089.jpg	The image features a serene underwater scene with clear blue water and a seabed covered in smooth stones. A unique translucent fish glides gracefully above the rocks, adding an element of calm and tranquility. The soft blue lighting creates a peaceful and contemplative atmosphere. Overlayed on this tranquil background is a text expressing a humorous and slightly critical viewpoint about being nominated for a Hall of Fame and the challenges of recognition. Despite the potentially contentious topic, the overall serene backdrop contrasts with the text, lending a neutral sentiment to the image. The combination of the calm underwater environment with the reflective text creates a balanced emotional tone, neither overly positive nor negative, but rather neutral and thought-provoking.
1089	neutral	1089.jpg	The image features a single main subject: a translucent ice sculpture of a humanoid figure lying on a bed of smooth stones underwater. The focus is on this icy figure, which appears to be centrally placed against a backdrop of clear water that enhances its ethereal appearance. The lighting is soft and diffused, creating a serene, almost otherworldly atmosphere. The blue and white tones dominate the scene, with the ice sculpture reflecting the cool tones of its surroundings. The overall context of the scene suggests a tranquil and submerged environment, possibly a calm body of water or an art installation. The text overlay on the image is in a casual style, adding a conversational element to the visual.
1089	neutral	1089.jpg	The image shows an underwater scene with a diver positioned on the rocky ocean floor. The diver appears to be floating or resting with their arms in front of them. The water is clear, allowing visibility of rocks and stones on the seabed. Additionally, the image contains a quotation overlay: "WE asked me to be in the Hall of Fame, and I turned it down. You know why? They put Pete Rose in the wrestling Hall of Fame. This guy can't even get into his own Hall of Fame. M.T" The bottom part of the quote mentions "the your Life {shouttr.net}"
1089	neutral	1089.jpg	The image depicts an underwater scene with a fish lying on the rocky ocean floor. The overall color palette is cool, featuring shades of deep blue and cyan that dominate the scene. The lighting is subdued, giving a serene but slightly moody ambiance, which is typical for underwater photography. The fish is positioned toward the center-right of the image, surrounded by an assortment of stones and pebbles of varying sizes that cover the ocean floor. The fish appears translucent and pale, contrasting with the darker background of the bottom. The text overlays various parts of the image, adding an element of commentary or humor. The composition leads the viewer's eye from the text up to the fish and then across the rocky terrain, creating a sense of depth and focus on the central subject.
1089	neutral	1089.jpg	The image features a quote superimposed on a serene underwater scene. The text is from José Ramos and reads: "We asked me to be in the Hall of Fame, and I turned it down. You know why? They put Pete Rose in the wrestling Hall of Fame. This guy can't even get into his own Hall of Fame. M$ T." Below the text, there is a blue-hued mermaid tail resting on a bed of smooth rocks at the bottom of a body of water, adding a mystical and tranquil element to the scene. Additionally, at the bottom, there is a watermark from shouttr.net alongside the text "e your Life"
1089	neutral	1089.jpg	An underwater scene captures a sleek, translucent mermaid sculpture situated on a bed of small, round stones. Above the serene aquatic landscape, a text overlays the image, discussing why a particular individual declined an invitation to the Hall of Fame, drawing a contrast with Pete Rose's inclusion in a different Hall of Fame. The words offer a sharp and candid perspective, casting a witty critique within the tranquil environment. At the bottom right, a subtle tag credits the source of the text, adding context to the humorous commentary presented in the image.
2005	neutral	2005.jpg	The image features two individuals in a close-up shot. The person on the left, wearing a dark jacket and a short haircut, appears to be speaking with a surprised or questioning expression. The person on the right is dressed in a military uniform with a red cap, facing away slightly and holding the brim of the cap with their hand. The atmosphere seems somewhat serious or intense. Above the individuals, bold white text on a black background reads "WHERE ARE YOU HIDING." Below them, white text on a blue background states "THE CHOCOLATE BAR?" The overall composition suggests a humorous or sarcastic tone, possibly referencing a well-known meme format. The setting seems to be indoors with a blurred background that provides no specific details.
2005	neutral	2005.jpg	The image depicts a humorous meme with a person in a military uniform and another in a black uniform having an intense conversation. The text above reads "WHERE ARE YOU HIDING" and below says "THE CHOCOLATE BAR?" The overall tone is playful, suggesting a comedic situation.
2005	neutral	2005.jpg	The image shows two individuals in a military setting, dressed in uniforms with one wearing a red cap. The person on the left appears to be looking off to the side with a surprised or confused expression on their face, while the person on the right is whispering into their ear. The text "WHERE ARE YOU HIDING THE CHOCOLATE BAR?" is prominently displayed at the top and bottom of the image.The emotional cues include a sense of curiosity and inquiry from the person on the left, as their expression seems to convey confusion or surprise. The whispering action by the person on the right suggests secrecy or a playful investigation. The overall atmosphere is light-hearted and humorous, likely intended to evoke amusement, given the absurdity of the question. The military attire adds an ironic twist to the otherwise casual and humorous scenario, contributing to the neutral sentiment by balancing seriousness with playfulness.
2005	neutral	2005.jpg	The image features two individuals engaged in a conversation. The person on the left is looking towards the individual on the right, who seems to be listening intently, with his hand up to his mouth. This arrangement creates a dynamic interaction between the two figures.The lighting is even and natural, which helps to highlight the primary subjects without creating harsh shadows. The colors in the image are relatively muted, with the individual on the right dressed in a military-style uniform with a red hat and gold details, adding a slight contrast to the overall subdued palette.The overall scene appears to be outdoors, with a natural backdrop that contributes to the authenticity of the moment captured. The composition emphasizes the exchange between the two individuals, suggesting a moment of curiosity or inquiry.
2005	neutral	2005.jpg	The image is a meme featuring a person in a dark outfit looking surprised and asking another person in a military uniform, with a red cap, who is facing away, "WHERE ARE YOU HIDING THE CHOCOLATE BAR?" The text is displayed in bold white letters with a black outline at the top and bottom of the image. The scene suggests a playful or humorous interaction about hiding a chocolate bar.
2005	neutral	2005.jpg	The image features two individuals, one facing the viewer and the other with their back turned. The person in profile is wearing a military-style uniform with a tan color and a red hat with a golden insignia. The person facing forward is dressed in a dark suit. The lighting is even, highlighting the faces and upper bodies of the individuals. The background is out of focus, emphasizing the subjects in the foreground. The text at the top of the image reads "WHERE ARE YOU HIDING" and at the bottom "THE CHOCOLATE BAR?" in bold white letters on a black background. The composition centers the individuals, creating a dynamic interaction between them as one appears to be whispering into the other's ear.
2005	neutral	2005.jpg	The image is a meme featuring two individuals in military-style uniforms, though it’s modified for comedic effect. The person on the left appears to be speaking with a confused expression, saying "WHERE ARE YOU HIDING" at the top of the image. The person on the right, facing away, seems to be listening or responding, with the text "THE CHOCOLATE BAR?" at the bottom. This setup plays on the trope of a comedic military interrogation, substituting the usual serious context with a humorous twist about hiding a chocolate bar. The meme adds a layer of irony and humor by juxtaposing the formal military setting with the trivial concern of a missing chocolate bar.
2005	neutral	2005.jpg	The meme creates a humorous scenario by adding text to a historical photo involving two individuals. The person on the left appears to be asking a question, while the person on the right, wearing a military-style hat, looks attentively at the other individual. The text at the top of the meme reads "WHERE ARE YOU HIDING," and at the bottom, it says "THE CHOCOLATE BAR?" The juxtaposition of a serious historical photograph with a lighthearted question about hiding a chocolate bar plays on the unexpected and funny contrast between the formal setting and the casual query. The meme is designed to evoke amusement through its unexpected twist and parody style.
2095	neutral	2095.jpg	The image shows a rectangular electronic device with a predominantly light-colored or white front panel, featuring a grid-like pattern across most of the surface. The front panel appears to have a mesh covering, which suggests it could be a type of projector, light panel, or air purifier. The top left corner of the device includes text that seems partially visible, possibly a brand or model number. To the left side of the device, there is a power cord extending out, indicating it is likely plug-in powered. The overall atmosphere is clean and clinical, with a focus on the object itself. There are no people or additional context elements visible in the image, and no discernible emotions or activities are depicted.
2095	neutral	2095.jpg	The image shows a rectangular, electronic projector device with a mesh screen facing forward. It is predominantly pink on one side with a light gray cover. A power cable extends from the back of the device, suggesting it is ready for use.
2095	neutral	2095.jpg	The image features a modern, rectangular air purifier or ventilation unit with a sleek, minimalist design. The unit emits a soft, diffused glow, suggesting efficient operation without harsh lighting. Its metallic finish and clean lines emphasize functionality and simplicity. The plain white background further enhances the product's unobtrusive and straightforward presentation. The overall ambiance conveys calmness and practicality, contributing to a neutral emotional tone that suggests reliability and efficiency without any strong emotional bias.
2095	neutral	2095.jpg	The main subject of the image is a rectangular electronic device with a prominent front panel featuring a grid-like pattern that likely conceals internal components. The front panel emits a soft, even glow, suggesting an illuminated screen or display. The device is angled slightly to the left, showcasing a power cord extending from the back, which fades into the background. The casing appears to be a muted greyish-purple, with a subtle metallic sheen, and smooth surfaces without any visible buttons or controls.Visually, the lighting is soft and diffused, providing a gentle illumination that highlights the texture of the grid pattern on the front panel while casting minimal shadows. The color palette is monochromatic, dominated by shades of grey and purple, contributing to a calm and neutral tone.The overall scene context suggests this device could be a part of modern home or office technology, possibly a smart display, digital photo frame, or an interactive kiosk. The minimalistic design and lack of prominent branding make it versatile for various settings. The neutral background emphasizes the device, allowing the viewer to focus on its form and function.
2095	neutral	2095.jpg	The image depicts a single fluorescent light fixture with a pinkish-purple casing. The fixture features a rectangular, mesh-covered front, which probably helps to diffuse the light. A white cord extends from the bottom side, suggesting that this light is designed to be mounted and connected to a power source. The light is turned on, emitting a bright illumination that fills the entire front surface. There are no other elements or actions depicted in the image; the focus remains solely on the light fixture itself against a plain background.
2095	neutral	2095.jpg	The image depicts a compact fluorescent light CFL bulb which emits a bright, diffuse light from its front surface, showcasing its primary function as a light source. The bulb is rectangular with slightly rounded corners and has a grid-like pattern on the front, allowing the light to pass through evenly. The casing is primarily white, with subtle variations in the shade due to the illuminated intensity varying across the surface. The base of the bulb appears metallic or grayish-purple, adding a contrasting hue to the otherwise bright and white front. The bulb is angled slightly to the left, revealing a portion of its base with electrical contact pins visible, indicating it is designed to be screwed into a compatible socket. The background of the image is plain white, emphasizing the bulb's luminosity and making the details of the bulb the primary focus without any distractions. The overall composition is simple and straightforward, highlighting the functional and utilitarian design of the CFL bulb.
2095	neutral	2095.jpg	The image shows a close-up of a rectangular LED grow light. The device appears to be designed for indoor gardening or agriculture, providing artificial light to promote plant growth. The grow light has a metal frame with a front panel featuring a grid of small, square holes that allow light to pass through while protecting the LEDs inside. The interior of the light is brightly illuminated, indicating it is turned on. A power cable extends from the back of the unit, suggesting it connects to a power source. The overall design is sleek and industrious, suitable for use on a desk or shelf in a grow room. The light emits a soft white glow, typical of full-spectrum LED grow lights used to simulate natural sunlight for plants.
2095	neutral	2095.jpg	The image shows a geometrically sleek, modern rectangular device with a reflective silver surface. It features a fine grid pattern on its face, allowing for even dispersion of light. The edges of the device are angular, adding to its contemporary design, and there's a long, thin cable extending from the back, suggesting functionality dependent on an external power source. The overall appearance is minimalist and efficient, potentially serving as a lighting fixture or electronic component.
2720	neutral	2720.jpg	In the image, there is a small statue of Buddha seated in a meditative pose against a blurred background, which appears green on the left side and beige on the right. The Buddha statue is detailed, with a serene expression and hands in a specific gesture of meditation. Below the statue, there is a quote in white text that reads: "We are what we think. All that we are arises with our thoughts. With our thoughts, we make the world. -Buddha." The setting appears calm and focused, enhancing the reflective nature of the Buddha statue and the quote. The overall atmosphere of the image is peaceful and contemplative.
2720	neutral	2720.jpg	The image features a small statue of Buddha sitting in a meditative pose against a blurred background. In front of the statue, there is a quote that reads: "We are what we think. All that we are arises with our thoughts. With our thoughts, we make the world. -Buddha." The quote is centered below the statue, providing a contemplative message.
2720	neutral	2720.jpg	The image features a serene and calming Buddha statue sitting in a meditative pose against a softly blurred green and beige background. The statue exudes a sense of peace and tranquility, with its gentle expression and balanced posture. Below the statue, there is a quote in simple white text that reads: "We are what we think. All that we are arises with our thoughts. With our thoughts, we make the world. -Buddha." The choice of words adds to the reflective and meditative atmosphere, inviting the viewer to contemplate the impact of their thoughts. The overall effect is soothing, encouraging a moment of calm introspection, which contributes to the neutral sentiment conveyed by the image.
2720	neutral	2720.jpg	The image features a small statue of a seated Buddha placed on what appears to be a smooth surface against a softly blurred background that transitions from green to beige. The lighting is gentle, creating a calm and contemplative atmosphere, with soft shadows enhancing the statue's texture and form. The colors are muted, primarily earthy, adding to the serene mood. The scene conveys a sense of peace and reflection, with the Buddha statue embodying tranquility. Below the statue, there is a quote attributed to Buddha, reading: "We are what we think. All that we are arises with our thoughts. With our thoughts, we make the world." This text contributes to the philosophical and meditative quality of the image.
2720	neutral	2720.jpg	The image features a statue of a serene Buddha sitting in a meditative pose against a blurred green background. The statue is centered on a flat surface, and there is a motivational quote beneath it that reads: "We are what we think. All that we are arises with our thoughts. With our thoughts, we make the world. -Buddha" The overall composition conveys a sense of peace and reflection.
2720	neutral	2720.jpg	The image shows a small wooden statue of a seated Buddha, positioned centrally against a softly blurred background that transitions from a green hue at the top to a beige tone at the bottom. The statue is placed on a flat surface, highlighting its serene and meditative posture. The lighting is soft and diffused, casting gentle shadows and adding a warm, calm atmosphere to the scene. A textual quote attributed to Buddha is positioned below the statue, written in white letters. The composition is balanced, with the statue serving as the focal point and the text providing a reflective complement to the visual element.
2720	neutral	2720.jpg	The image features a serene figurine of the Buddha sitting in a meditative posture, with one hand resting on the knee and the other in the lap, all against a blurred green background. The Buddha is depicted with traditional attributes, including a turban-like headdress and simple robes that drape around the seated figure. Below the statue, there is a quote attributed to Buddha that reads: "We are what we think. All that we are arises with our thoughts. With our thoughts, we make the world." The text is centered and offers a reflective and inspirational message, emphasizing the influence of thoughts on one's being and the world at large. The overall scene conveys a sense of calm and mindfulness, inviting contemplation and inner peace.
2720	neutral	2720.jpg	The image features a serene Buddha statue, seated in a classic meditation pose against a green backdrop. The statue, made of stone, exudes calm and tranquility. Below it, a thought-provoking quote is inscribed which reads, "We are what we think. All that we are arises with our thoughts. With our thoughts, we make the world. -Buddha." This message emphasizes the power of the mind and its impact on our existence and the world at large.
2784	neutral	2784.jpg	The image displays a white toilet with its lid open and red support braces attached to the seat and the side of the toilet seat. The braces are intended to assist with ease of sitting and standing. There's text overlaying the image, indicating "Arms ease sitting & standing" and "Additional 5'", likely referring to the height or adjustment capability of the braces. The surrounding area appears to be a bathroom with neutral-colored walls and white trim, and the floor is covered with a wooden surface. There are no people in the image. The overall setting is clean and neutral.
2784	neutral	2784.jpg	The image shows a white toilet designed for enhanced accessibility, featuring lifts on the sides to assist with sitting and standing. The text labels indicate that the toilet arms help with ease of sitting and standing, and there is additional space of 5 inches for accessibility. The toilet is positioned against a neutral-colored wall with a light wooden floor.
2784	neutral	2784.jpg	The image shows a white toilet designed to aid accessibility, featuring arms on either side to help with sitting and standing. The toilet is set against a neutral-colored tiled background with a clean and minimalist look. The overall atmosphere is calm and functional, without any vibrant colors or emotional elements, contributing to a neutral sentiment. The focus is on practicality and usability, emphasizing the addition of these supportive arms for better mobility. The plain and straightforward setting enhances the perception of the toilet as a tool for improving comfort and ease.
2784	neutral	2784.jpg	The image depicts a modern white toilet with its lid open, positioned centrally on the floor of a bathroom. The toilet seat features red lines highlighting its design for additional sitting length, as indicated by the annotations "Arms ease sitting & standing" and "Additional 5". The bathroom setting includes a clean, minimalist grey wall and a portion of the baseboard, with a partial view of a sink and countertop in the background. The lighting is soft and evenly distributed, enhancing the clean and crisp appearance of the toilet and the bathroom decor. The overall scene emphasizes functionality and modern design, focusing on comfort and accessibility features.
2784	neutral	2784.jpg	The image shows a toilet with the lid open, highlighting its features. There is text on the image pointing out two specific aspects: "Arms ease sitting & standing" near the top of the toilet seat and "Additional 5" at the base. The toilet is located in a bathroom setting.
2784	neutral	2784.jpg	The image shows a white toilet with the lid open, placed against a grey wall and a white baseboard. The toilet is equipped with red-colored support bars attached to its sides, labeled "Arms ease sitting & standing" and "Additional 5" to indicate adjustments or enhancements. The lighting is bright, evenly illuminating the toilet and the surrounding area without visible shadows, suggesting indoor lighting. There is a partial view of a bathtub or another fixture adjacent to the toilet, maintaining a simple and clean composition focused on the functionality of the toilet with the added support mechanisms.
2784	neutral	2784.jpg	The image shows a white toilet with a few attached features designed for accessibility. It has red flexible arms attached to the sides, intended to assist with ease of sitting and standing for individuals who may need extra support. Additionally, the toilet has been raised by about 5 inches to make it more accessible for certain users. The floor appears to be wooden, and there is a toilet paper holder visible in the background. This setup suggests that the toilet has been modified to accommodate someone with mobility challenges.
2784	neutral	2784.jpg	The image showcases a modern toilet with a high seat positioned at an additional 5 inches to accommodate ease of sitting and standing as indicated by the text near the armrests. The toilet features stylish armrests on either side, suggesting enhanced accessibility and comfort. The clean, white porcelain finish complements the minimalist bathroom setting, with a soft, neutral color palette creating a sleek and practical environment. The overall design focuses on ergonomic support, making it a functional choice for users who require extra assistance when using the restroom.
3807	neutral	3807.jpg	The image depicts two individuals seated on black chairs outside a brick building with large windows, partially covered by snow. The person on the left is wearing a black short-sleeved shirt and a black cap with red and white markings, and the person on the right is bald and wearing a black and white plaid shirt. In the background, a large snow pile forms a hill, with a small fire burning at its peak on the right side. The atmosphere suggests a cold, wintry day, with the contrast between the warmth of the fire and the cold, snowy environment. The setting appears casual, as the individuals sit in relaxed poses, engaged in conversation or contemplation.
3807	neutral	3807.jpg	Two individuals are seated on chairs outside near a large pile of snow, with one person dressed in a black shirt and the other in a plaid shirt. The backdrop features a brick building and a few small flames visible at the top of the snow pile.
3807	neutral	3807.jpg	The image conveys a neutral sentiment, capturing a calm and mundane moment in a snowy outdoor setting. Two men are seated casually in patio chairs by a pile of snow. The man on the left is wearing a black shirt and cap, smoking a cigarette, and appears relaxed with his arm resting on the chair. The man on the right is dressed in a checkered shirt and is holding a camera or phone, perhaps engaged in conversation or contemplation. The background features elements of an urban environment, such as a brick building with large windows and metal piping, suggesting a cozy residential area. The presence of large snowdrifts indicates recent snowfall or snow-clearing efforts. The lighting is soft and natural, contributing to the serene and quiet atmosphere. There is no visible tension or strong emotion, and the overall mood is tranquil and uneventful, reflecting an everyday scene.
3807	neutral	3807.jpg	The main subjects in the image are two individuals; one sits prominently in the foreground, wearing a checkered shirt and shorts, with their legs partially submerged in a large pile of snow. The other individual, wearing a black shirt and cap, sits slightly in the background, looking at a device in their hand. Both are seated on black metal chairs, with the person in the foreground focused downward, possibly interacting with a camera or similar object.The visual elements include a wintry setting, with significant snow piled up, suggesting a cold environment. The lighting appears natural, likely overcast, contributing to the muted, subdued color palette dominated by whites and grays from the snow and the building's red brick facade. A small flame is visible in the background near the building, adding a hint of warmth to the otherwise chilly scene.Overall, the scene depicts a casual moment outdoors during winter, with individuals seemingly taking a break or engaging in a relaxed activity despite the snowy conditions. The setting appears to be a residential area, indicated by the brick building and the personal nature of the gathering.
3807	neutral	3807.jpg	In the image, two people are sitting outside near a large pile of snow. The person on the left is wearing a black shirt and a black cap and appears to be engaged in conversation or perhaps looking at a small object in their hand. The person on the right is wearing a checkered shirt and is seated on a folding chair, seemingly preoccupied with something in their lap. Behind them is a brick building with windows, and there is a noticeable flame visible near the top of the snow pile, suggesting a fire burning beneath it. The overall atmosphere seems casual, with the individuals comfortably seated amidst a snowy outdoor setting.
3807	neutral	3807.jpg	The image portrays an outdoor scene dominated by a bright, snowy backdrop. The colors are muted, with the white of the snow contrasting against the darker tones of the brick building and the black chairs. The lighting appears natural, suggesting an overcast or twilight setting, which gives the snow a somewhat glowing appearance.Compositionally, two individuals are seated on black folding chairs, engaged in a casual activity, facing towards the left side of the frame. One person is wearing a black cap and a black T-shirt, while the other is in a short-sleeved plaid shirt and shorts. Their relaxed postures and the presence of a small fire in the snow create a cozy, informal atmosphere.Spatially, the snow堆 forms a prominent feature to the right, partially obscuring the person on the right. The fire is situated at the edge of the snow堆, adding a warm element to the cold environment. In the background, a brick facade with windows and a door adds depth to the scene, with some household items and a downspout visible.Overall, the image captures a moment of calm in a wintry setting, with the juxtaposition of warmth from the fire against the chill of the snow creating a striking visual contrast.
3807	neutral	3807.jpg	In the image, there are two individuals sitting outside by a large pile of snow. The setting appears to be a snowy urban area with a brick building in the background. One person, with a bald head, is wearing a plaid shirt and shorts, sitting on a folding chair, seemingly relaxed. The other individual, wearing a cap and a black shirt, is seated on another folding chair, perhaps looking at something in their hand or lost in thought. The snow pile behind them is high, almost reaching the height of the seated individuals. Some fire or sparks are visible at the top of the snow pile, indicating a small fire or burning material amidst the snow. The scene suggests a casual, wintry moment, possibly during a break or social gathering.
3807	neutral	3807.jpg	In this picture, two people are sitting outside near a large pile of snow, seemingly relaxed as they catch up or talk. The snowy setting suggests it's winter, with a notable accumulation of snow piled near the building behind them. The atmosphere appears casual and cozy, with the men dressed comfortably for the cold weather. One person is wearing a black and white checkered shirt, while the other is clad in a black shirt and a cap. A small fire is visible in the snow, possibly providing warmth. The brick building in the background adds a touch of urban charm to the otherwise serene winter scene.
4091	neutral	4091.jpg	The image features a collection of car seat upholstery components and accessories primarily styled in black with red accents. There are three car seat backs, each displaying matching black and red patterns, consisting of three rows with four backrests each. Alongside the seat backs, there are three seat cushions showcasing a similar black and red design, each with an additional support pad. The components appear to be laid out on a white background, enhancing the contrast and visibility. Additionally, there is a set of armrest panels aligned at the bottom left, with two larger pieces and two smaller ones. Next to the armrests are four belt clips in black and red, along with a belt loop featuring the same color scheme. The overall presentation is clean and organized, suggesting a professional or commercial setting.
4091	neutral	4091.jpg	The image displays a set of black car seat covers with red accents featuring a prominent "H" design on the headrests and seats. Additional components include seat cushions, belts, and a red loop, all designed to complement the main seat covers for a cohesive look.
4091	neutral	4091.jpg	The image displays a set of black and red car seat covers, featuring a sleek and organized arrangement. The uniformity and precision in the placement of the products contribute to a sense of order and cleanliness, which evokes a calm and straightforward atmosphere. The neutral color palette of black and red adds a subtle sophistication without any overwhelming emotions, promoting a balanced and practical mood. The clear presentation and straightforward design elements suggest functionality and reliability, aligning with a neutral emotional sentiment.
4091	neutral	4091.jpg	The image displays car seat covers in a sleek black color with red accents. The main subjects include a set of covers for a three-seater bench and two individual car seats arranged diagonally, with three additional pillow-like accessories and four matching seat belts laid out in front. The lighting is even, highlighting the contrasting red and black colors, which provide a modern and sporty appearance. The context suggests a comprehensive set designed for vehicle interior customization, emphasizing comfort and style.
4091	neutral	4091.jpg	The image displays a set of car seat covers designed for a three-row seating vehicle. The seat cover for the front seats is shown in place, covering the entire front seat with a black base and red accent stripes. The middle seat in the second row is also covered with a similar design. Additionally, the seat cover for the rear seats is visible, showcasing the same color scheme. Separate accessories include extra seat cushions, matching red and black striped seat belts for each seat, and a coiled red and black striped seat belt cover or tie. These components are positioned to demonstrate their fit and function within the vehicle. There are no visible actions or interactions as the setup is static, depicting the complete car seat cover kit.
4091	neutral	4091.jpg	The image depicts a set of car seat covers arranged in a cluster layout displaying the product from various angles. The primary colors are black and red, with the black serving as the dominant color for the seat covers and the red used for the accent lines forming a stylized "H" shape on the seatbacks and seat bottoms. The lighting is consistent throughout the image, with no distinct shadowing, which gives an even and clear view of the items. The composition is well-organized, with the seat covers grouped to show both the front and side views, allowing a comprehensive look at the design and fit. The spatial relationships between the seat covers illustrate how they fit onto the seats, with some covers laid out to show the padding and thickness. Notable details include the elastic bands and loops, which are designed to secure the seat covers in place, and the overall sporty aesthetic suggested by the color scheme and design. The seat covers appear to be made of a durable fabric, suitable for automotive use.
4091	neutral	4091.jpg	This image depicts a set of car seat components and covers designed for a luxury vehicle. The main part of the image shows four car seats upholstered in black with a distinctive red "H" pattern on the backrests and seat cushions, likely indicating a branding or design element. Accompanying the seats are additional items arranged around them. At the bottom left, there are three folded seat covers in black. Next to these, there are four sleeve covers in black with red accents, likely meant to protect the armrests of the car seats. Toward the bottom right, there is a single coiled red and black seatbelt cover, intended to protect the car's seatbelts. These accessories are likely intended to maintain the cleanliness and appearance of the vehicle's interior, ensuring both functionality and style.
4091	neutral	4091.jpg	The image showcases a set of car seat covers designed in a sleek black and red color scheme, featuring a unique "H" pattern on the backrests and seat cushions. The complete set includes three full rear seat covers, two front seat covers, and additional items such as seat belt covers, a head pillow cover, and a belt clip. The accessories are designed to provide both comfort and style, ensuring that the car's interior maintains a sporty and modern appearance. The cohesive design elements tie the entire set together, making it an attractive option for car enthusiasts looking to update their vehicle's interior.
4654	neutral	4654.jpg	The image shows two animated, stylized figures interacting with each other against a predominantly black background. On the left side, there is a blue figure resembling a hand reaching out with four fingers, each finger adorned with a green and yellow symbol, similar to faces or icons. These icons appear to be interacting with or approaching a group of orange, Y-shaped objects on the right side, possibly representing molecules or particles, which are clustered near another turquoise-colored figure resembling a glove or pouch. The background includes abstract shapes in shades of blue and turquoise. The overall setting has a modern and abstract feel, using vibrant colors to highlight the interaction between the figures and the particles. The atmosphere conveyed by the image suggests a theme of interaction or communication between the two figures represented by the blue and turquoise shapes.
4654	neutral	4654.jpg	This image illustrates a microscopic interaction between two cells. The left cell, shaded in blue, emits structures resembling small green spheres that are approaching a larger cyan cell on the right. These spheres are shown making contact with a cluster of smaller orange and yellow figures extending from the cyan cell, suggesting a cellular communication or energy transfer process.
4654	neutral	4654.jpg	The image shows two cells interacting at a microscopic level. One cell, colored blue, has a smooth structure with small, yellow, circular components on its surface that appear to be emitting green particles. These particles seem to be moving towards another larger, teal-colored cell displaying a more complex surface with orange and yellow formations. The background is mostly dark, highlighting the cells and enhancing the focus on their interaction. The overall scene is calm and detached, creating a neutral atmosphere that emphasizes the scientific and observational nature of the moment, devoid of overtly positive or negative emotional cues.
4654	neutral	4654.jpg	The image depicts a stylized, cartoon-like representation of a blue structure with a bulbous end from which green and yellow oval shapes with faces are emerging. These shapes resemble cells or particles being released or emitted. On the right side, a similar light blue structure appears to be capturing or absorbing these shapes, with small green and yellow figures clinging to its surface. The background is predominantly black, drawing attention to the two main structures and their interactions.Visual elements include a limited color palette dominated by shades of blue, green, yellow, and black. The lighting appears uniform, with no specific highlights or shadows, maintaining a flat, two-dimensional appearance. The overall scene context suggests a biological or scientific theme, possibly illustrating cellular interaction or exchange between two entities. The arrangement and simplicity of the image emphasize the movement and connection between the structures and particles.
4654	neutral	4654.jpg	The image depicts a scientific or biological scene where a blue cellular structure with multiple green and yellow circular entities is transferring small green and yellow particles to a larger cyan cellular structure. The smaller entities appear to be moving towards the larger structure, suggesting a process of interaction or exchange between the two cells. The background is black, and there are curved shapes in a gradient of blue and cyan colors, possibly representing other surrounding molecules or cells. The scene is stylized in a colorful and simplified manner.
4654	neutral	4654.jpg	The image features a stylized illustration with a dark background, contrasted by vibrant colors and clear elements. The predominant colors are blue and green, with hints of yellow and orange. A blue shape on the left appears to be interacting with a series of small, circular yellow-green elements with spiral patterns inside them. These elements seem to be moving towards a larger, teal-colored shape on the right, which has a set of orange and green elements that appear to be extending or protruding towards the yellow-green circles. The lighting seems indirect, creating a soft glow on the shapes and making the colors stand out sharply against the dark backdrop. The composition is dynamic, with the elements in the center creating a sense of movement and interaction. The spatial relationships suggest a narrative or process involving transfer or interaction between the blue and teal shapes. Notable details include the repeating patterns within the circular elements and the smooth, elongated forms that give a sense of fluidity to the scene.
4654	neutral	4654.jpg	This image depicts a stylized scientific or medical illustration representing a biological or scientific interaction between two entities. On the left side, there is a blue, worm-like structure with a round end that contains several circular objects, each with a smaller green circle inside, resembling cells or spherical molecules. These circular objects are being emitted from the blue structure and moving towards the right.On the right side, there is a light blue, similarly shaped structure with a round end facing the approaching circular objects. This structure is enveloped by a cluster of small yellow-orange interconnected symbols, which resemble molecular or atomic structures.The dark background highlights the contrasting colors of the blue and light blue structures, as well as the green, yellow, and orange elements, drawing attention to the interaction between the two main entities. This could symbolize a scientific process such as cell interaction, molecular binding, or a similar biological phenomenon.
4654	neutral	4654.jpg	In the illustration, vibrant colors capture attention, set against a dark backdrop. A blue structure, resembling a stylized arm, extends toward a green structure, also shaped organically like a limb. Between them, numerous small circular shapes glow with hues of yellow and green, dispersing toward the green structure. Additional smaller particles float around, suggesting a dynamic interaction. The scene evokes a sense of microscopic activity, possibly hinting at biological or chemical processes.
584	positive	584.jpg	The image is a collage showing eight different frames from a video game, divided into two rows and four columns. Each frame features a desert-like environment with a character positioned behind wooden barricades, firing at targets that hang from rotating circular targets in the sky. The background consists of a sandy terrain, brown wooden fences, and a bright blue sky with some clouds.Each character appears to be wearing a different attire, including bandanas, hats, and colorful outfits such as green, purple, red, and blue. Some characters are armed with rifles and are depicted in various stages of aiming and shooting actions. The game’s interface includes a health bar at the top left corner of each frame, represented by two hearts followed by numerical values, and similarly, a score is indicated by the number "00."The atmosphere is reminiscent of a western-style shooting game, with the characters focused on hitting their targets, creating a sense of excitement and action. The colors are vibrant, with contrasting tones that highlight the characters and their actions against the desert backdrop.
584	positive	584.jpg	The image depicts a series of screenshots from a video game showing characters dressed as cowboys in various poses in a desert setting. The characters interact with targets and obstacles in a platformer style, where the health and shield indicators at the top left corner suggest the gameplay mechanics of shooting or defending against enemies. The vibrant and cartoonish art style enhances the playful atmosphere of the game.
584	positive	584.jpg	The image conveys a positive sentiment through various elements that collectively create a cheerful and inviting atmosphere. Each section of the image highlights vibrant, cartoonish characters engaging in lively activities. The characters are depicted with animated expressions and gestures, such as waving and smiling, which contribute to the uplifting mood. The use of bright colors, like the warm tones of the desert background and the colorful attire of the characters, enhances the playful and optimistic vibe. Additionally, the clear blue sky in each scene adds to the sense of openness and joy. The overall composition and the interactions among the characters suggest fun and camaraderie, making the image feel heartwarming and cheerful.
584	positive	584.jpg	The image presents a series of six scenes arranged in a grid, depicting different characters in an outdoor desert-like environment with a clear blue sky. Each scene captures characters in different poses, interacting with wooden crates and targets.In terms of main subjects, the characters appear to be wearing cowboy attire, including hats and bandanas, adding a Wild West theme. They are positioned near wooden crates and targets, which suggests activities or playful interactions taking place. The characters perform various actions, such as aiming, holding objects, and reacting to events.The visual elements include vibrant colors that enhance the clear blue sky and the sandy terrain. The lighting seems bright, indicating a sunny day, which contributes to the cheerful atmosphere. The consistent placement of the characters against desert backdrops and wooden elements provides a cohesive visual theme.Overall, the scene context suggests a playful and adventurous setting, with characters engaging in dynamic poses and interactions against a whimsical, cartoonish landscape. The consistent layout and character arrangement create a sense of continuity and narrative across the scenes.
584	positive	584.jpg	The image depicts a colorful and lively scene featuring several cartoon characters, each performing distinct actions. At the top of the image, there are four distinct sections, each showing a different character or small group of characters in various poses and activities:In the top left section, two characters are holding guns and aiming at a target on a wall. One character wears a blue hat, while the other has a pink shirt and green hat.In the top right section, two characters, one in a red shirt and the other in a beige hat and brown jacket, are aiming their guns forward.In the middle row, there are two more sections:The left section features a character wearing a green hat, green outfit, and yellow scarf, saluting with one hand while standing next to a wooden crate.The right section shows another character in a purple hat and purple shirt, saluting in a similarly dynamic pose next to a wooden crate.The bottom row contains two additional sections:In the bottom left section, a character in a blue outfit, including a wide-brimmed hat and yellow scarf, is shown saluting from a wooden crate. There is also another character behind, partially obscured, also aiming a gun.The bottom right section displays a character in a red outfit and a brown wide-brimmed hat, raising one arm in the air in a victorious or celebratory gesture, with another character in a pink shirt and hat aiming a gun in the background.Throughout the image, various game elements such as heart indicators, targets, and a target practice range are also visible, suggesting a game-like or playful scenario. The background is a desert-like setting with sandy ground, wooden crates, and a clear blue sky, creating a vibrant and engaging atmosphere. The characters’ dynamic poses and the playful environment contribute to the overall positive and lively sentiment of the image.
584	positive	584.jpg	The image features a vibrant and colorful grid with a western theme, showing six distinct characters in cowboy hats, each engaging in various playful interactions. The background is a warm, desert-like landscape with wooden gates, barrels, and cacti, creating a lively and nostalgic atmosphere. The characters are animated with exaggerated expressions and gestures, capturing a sense of fun and humor. The lighting is consistent, providing a clear view of the elements without harsh shadows. The composition is balanced, with equal spacing between each section of the grid, highlighting the different interactions. Notable details include the distinct cowboy hats, boots, and accessories worn by each character, as well as the playful dynamics captured in their poses and actions. The overall mood is cheerful and dynamic, evoking a sense of amusement and lightheartedness.
584	positive	584.jpg	The image features six grid panels, each showing characters engaging with targets in a desert setting, like a western-themed game. Each panel showcases different outfits and interactions:The top-left panel shows two characters behind a wooden crate, one wearing a cowboy hat and the other in a pink outfit, aiming at a target with lances.The top-middle panel has a lone character in a brown shirt and cowboy hat, also aiming with a lance.The top-right panel features two characters behind a wooden crate, one holding a rifle, aiming at a target, while another appears to be observing.The middle-left panel shows a green-clad character giving a thumbs-up, standing beside a crate.The middle-right panel displays a pink-clad character aiming with a lasso, while standing beside a crate.The bottom-left and bottom-right panels have characters in blue and red outfits, respectively, throwing or preparing to throw objects at targets mounted on the crates. Overall, the scene gives a lively and playful vibe, with each character actively engaging in target practice in a cartoonish desert environment.
584	positive	584.jpg	The image is a fun, pixelated depiction of a western-themed game. It features various characters dressed in vibrant hats and outfits, each placed in different scenarios within a desert-like environment. Some characters appear to be engaged in activities like aiming rifles or standing casually by crates. The top corners have heart icons indicating health levels. The background includes wooden crates, hay bales, and wheels, adding to the rustic setting. The overall atmosphere is playful and charming, evoking a sense of adventure.
806	positive	806.jpg	The image depicts a group photo taken inside a retail sports or athletic store. The group consists of fifteen individuals, along with a small dog, positioned in front of shelves and displays filled with various athletic apparel and accessories. Most of the people are dressed in brightly colored athletic wear, including neon yellow, blue, red, and black outfits, which suggests they might be involved in sports or fitness activities.In the background, there are displays with slogans such as "THE MOVEMENT" and "SPINS THE GLOBE," suggesting a focus on dynamic and global fitness. The shelves are stocked with clothing items like shirts, jackets, and athletic pants, alongside various footwear neatly arranged by type. The people are arranged in two rows; the front row is seated or crouching, while the back row stands. Everyone is smiling and seems to be in a cheerful mood, contributing to the positive and energetic atmosphere of the setting. The overall ambiance suggests camaraderie and enthusiasm for fitness and active lifestyles.
806	positive	806.jpg	A group of people is posing for a photo in a gym or fitness store, with several racks of clothing and motivational posters in the background. The group includes men and women of various ages, dressed in athletic wear such as tank tops, jackets, and leggings, suggesting they are either staff or customers at the store. The atmosphere appears friendly and energetic, with a mix of standing and crouching poses, indicating a sense of camaraderie and enthusiasm.
806	positive	806.jpg	In the image, a group of people stands together in a store filled with athletic wear, creating a vibrant and cheerful atmosphere. The participants are dressed in colorful, sporty attire, suggesting a shared interest in fitness or an active lifestyle. The expressions on their faces range from smiles to relaxed, content looks, contributing to a sense of camaraderie and happiness. Many are posing with their arms around each other or sitting close, indicating strong bonds and mutual support among them. The store's background, with motivational slogans like "The Movement," reinforces a theme of positivity and collective effort. The overall mood is uplifting, as if celebrating a common goal or achievement, invoking feelings of joy and unity.
806	positive	806.jpg	The group photo features a large number of people, including men, women, and some children, positioned in two rows inside a sports store. The front row consists of people sitting or crouching, while the back row has everyone standing to accommodate everyone in the frame. Many are smiling or displaying enthusiastic expressions, contributing to a positive atmosphere. Lighting is even and bright, illuminating the group and the surrounding merchandise effectively. The colors are vibrant, with many individuals wearing athletic clothing in shades of yellow, blue, red, and black, creating a dynamic and energetic visual effect. The store is well-lit, showcasing various sports apparel hanging in the background and on shelves, and signs with motivational slogans are visible above the merchandise displays.The overall scene suggests a sense of community and enthusiasm, likely among friends, family, or team members gathered at a sports store, perhaps for a group fitness activity or event. The presence of sports attire and motivational signage reinforces the theme of activity and collective motivation.
806	positive	806.jpg	In this positive sentiment image, a group of people are gathered inside a store that appears to specialize in athletic and fitness apparel. They are posing for a group photo in two rows. The back row consists of individuals standing, and the front row consists of people sitting or kneeling. The store is well-lit and features various clothing items hanging on racks and displayed on shelves. Behind the group, several banners with the slogan "THE MOVEMENT" and other text are visible, suggesting a motivational or community theme. The people in the photo are dressed in a variety of colorful athletic wear, and one person is holding a small dog. The overall atmosphere is cheerful and suggests a sense of camaraderie or team spirit.
806	positive	806.jpg	This image features a lively group of people posing cheerfully in what appears to be an athletic store. The colors are vibrant and varied, with a mix of bright neon shirts, blues, pinks, and greens, adding an energetic feel to the scene. The lighting is bright and evenly distributed, casting clear and well-defined shadows, contributing to a cheerful and engaging atmosphere. The composition is balanced with three rows of people, creating a sense of depth as some members stand taller in the back while others sit or crouch in the front. Spatial relationships are harmonious, with everyone positioned close together, suggesting camaraderie and unity. Notable details include motivational signs in the background that read "THE MOVEMENT," reinforcing a theme of active lifestyle and teamwork. Additionally, there is a small dog sitting among the group, adding a touch of warmth and friendliness. The backdrop also features neatly arranged athletic apparel and shoes, enhancing the overall setting of a sports-focused environment.
806	positive	806.jpg	The image shows a group of people posing for a photo inside a sports or athletic apparel store. The background is filled with clothing racks displaying a variety of bright, colorful athletic wear. Signs with the text "THE MOVEMENT" and phrases about spilling the globe can be seen on the walls. The group consists of both men and women, all dressed in athletic attire, with some wearing bright neon colors and others in more subdued tones. A few people are wearing hats, and one person is holding a small dog. The overall mood seems cheerful and energetic, suggesting a sense of camaraderie and enthusiasm for fitness and outdoor activities.
806	positive	806.jpg	A group of people pose together in a sports store, surrounded by shelves stocked with athletic wear and accessories. Their clothing ranges from hoodies and jackets to tank tops and leggings, indicating a diverse collection of styles and purposes. Several individuals are holding and wearing brightly colored apparel featuring slogans that promote an active lifestyle and global unity. The atmosphere is casual and energetic, with a few people sporting accessories like hats and gloves. A small dog is present in the front row, adding a touch of liveliness to the scene. Posters on the wall emphasize themes of movement and fitness, complementing the sporty vibe of the group.
1109	positive	1109.jpg	The image displays two views of the back of a person's hair, demonstrating a hair color transformation. On the left side, the hair has a natural brown color with subtle blonde highlights, giving it a soft and natural look. The strands are gently wavy and flow down smoothly to the mid-back area. The setting appears to be a salon, as suggested by the background elements such as a mirror and some salon equipment. On the right side, the same hair is now dyed a rich, golden auburn shade with lighter blonde highlights that enhance the wavy texture. The waves are more pronounced and voluminous, giving the hair a vibrant and dynamic appearance. The person is wearing a grey patterned top, and the overall atmosphere is clean and professional, emphasizing the transformation and the salon environment.
1109	positive	1109.jpg	The image shows two side-by-side photos of the back of a person's head, focusing on their long, wavy hair. On the left side, the hair is styled with shades of brown and blonde, featuring soft highlights. On the right side, the hair is a vibrant copper or auburn color with gentle waves, complemented by a geometric-patterned garment. The overall scene suggests a focus on different hair coloring techniques and styles.
1109	positive	1109.jpg	The image displays two beautifully styled hairdos, each exuding a sense of elegance and sophistication. The left side shows a long, wavy hairstyle with a gradient of colors, transitioning from darker roots to lighter ends, conveying a natural and effortless beauty. The right side features a vibrant, caramel-like hue with soft, loose waves, adding a touch of warmth and radiance. Both styles appear well-groomed and meticulously crafted, evoking feelings of admiration and positivity. The overall atmosphere is one of refined taste and joyful confidence, inviting viewers to appreciate the artistry and care that went into creating these stunning looks.
1109	positive	1109.jpg	The image features two side-by-side photographs of a person's hairstyle from different angles. The left side shows a view of the back of the person's head with long, wavy blonde hair that blends into darker tones at the top, likely due to lighting or hair color variation. The right side presents a slightly angled view, showcasing the same hairstyle with a golden hue that adds warmth and highlights the smooth, voluminous waves. The background is neutral, with a focus on the hair, emphasizing the texture and color. The lighting is soft and even, enhancing the blonde tones and creating a smooth gradient in the hair color. The overall scene suggests a focus on hair styling, possibly in a salon or a well-lit indoor setting, with an emphasis on the hair's aesthetic appeal.
1109	positive	1109.jpg	The image shows the back views of two individuals with styled hair. On the left, the person has long, wavy hair transitioning from dark roots to a lighter, blonde shade at the ends. The right side of the image features another individual with shoulder-length, voluminous, wavy hair in a rich auburn color. Both hairstyles appear freshly done, highlighting the skill of the hairstylist and the healthy appearance of the hair. The setting seems to be a salon, indicated by the presence of mirrors and styling tools in the background.
1109	positive	1109.jpg	The image showcases two different back views of hair, likely from the same person but styled differently. The left side of the image displays hair with a natural brown base fading into soft blonde highlights that flow in soft waves, creating a light and airy appearance. The right side features hair styled with loose waves, transitioning from a rich caramel hue at the roots to lighter blonde tips, adding depth and vibrancy to the overall style. The lighting appears to be even and soft, gently highlighting the natural texture and color variations. Both images are taken against a neutral background, enhancing the focus on the hair's texture and color. The composition is straightforward, allowing the hair details to be the central point of interest. The spatial arrangement shows the hair seamlessly blending with the background, emphasizing the transformation and the pleasing aesthetic of the hairstyles.
1109	positive	1109.jpg	The image shows two different styles of long hair displayed side by side. On the left, the hair is layered and features a gradient color from dark brown at the top, transitioning to a lighter blonde towards the ends. The hairstyle has a wavy finish, giving it a soft and voluminous look. On the right, the hair has a more uniform, vibrant copper hue with smooth, cascading waves that add volume and movement. This hairstyle gives a polished, glamorous appearance. Both haircuts exhibit a polished and professional styling, showcasing versatility and beauty. The difference in color and wave patterns highlight the creativity and variety in hair styling options, enhancing the overall positive sentiment of the image.
1109	positive	1109.jpg	The image captures two distinct hairstyles from the back, showcasing different color and texture variations. On the left, the hair transitions from dark brown at the roots to lighter blonde at the tips, with a gentle wave that adds volume and movement. This hairstyle presents a natural yet vibrant look with highlights that catch the light beautifully. On the right, the hair features a rich, copper-toned color that is uniformly distributed throughout, creating a warm and inviting appearance. The locks are styled in smooth, loose waves that cascade gracefully down the back, adding a polished and elegant touch. The intricate pattern of the top worn by the person complements the hairstyle, enhancing the overall aesthetic. Together, these hairstyles illustrate a range of tones and textures, from natural highlights to rich, uniform color, each exuding a unique charm and style.
1164	positive	1164.jpg	The image features a young child wearing an orange top with a subtle floral pattern. The child is smiling slightly while looking off to the side. Overlaid on the image are large blocks of text in two parts. The top text reads: "You're the jelly to my burger, the knife to my soup, the glitter to my sushi, and the ketchup to my ice cream." The bottom text says: "My point is, you're worthless." The background is slightly blurred, giving prominence to the child and the text. The overall atmosphere is playful and humorous, contrasting the poetic praise with the final punchline. The Instagram watermark "@INSTAGAYSTERICAL" runs vertically along the left side of the image.
1164	positive	1164.jpg	The image features a young child smiling with text overlaying the photo, giving a double meaning. The first part reads, "YOU'RE THE JELLY TO MY BURGER, THE KNIFE TO MY SOUP, THE GLITTER TO MY SUSHI, AND THE KETCHUP TO MY ICECREAM." The second part says, "MY POINT IS, YOU'RE WORTHLESS," which twists the initial compliment into a sarcastic statement. The background is a softly blurred setting, likely indoors.
1164	positive	1164.jpg	The image features a child with a bright and engaging smile, exuding warmth and positivity. The child is wearing a vibrant orange shirt, adding to the cheerful vibe of the photograph. Despite the playful juxtaposition of romantic comparisons in the text, the child's joyful expression contributes to a light-hearted and amusing atmosphere. The overall mood is whimsical and fun, drawing attention to the humorous twist at the bottom, which cleverly subverts the initial affectionate message with a punchline that adds an element of surprise and laughter. The text and the child's demeanor combine to create a sense of playful silliness and joy.
1164	positive	1164.jpg	The main subject in the image is a young child, who is the focal point of the composition. The child is wearing a bright orange shirt with some patterns on it, which catches the viewer's eye due to its vivid color. The child has a slight smile and appears to be looking slightly upwards or at someone off-camera, suggesting a moment of interaction or reaction.The background is somewhat blurred, which helps to highlight the child as the central figure. The lighting in the image is warm and soft, indicating that the photo might have been taken indoors with natural or soft artificial light. This warmth enhances the positive and inviting feel of the image.There is text overlaid on the image in large, bold letters. The upper part of the image contains phrases like "you're the jelly to my burger" and similar comparisons, which appear to be emphasizing the child's point in a playful manner. The lower part of the image states "my point is, you're worthless" in quotation marks, suggesting a dark or humorous twist to the compliment. The Instagram handle @INSTAHYSTERIC is visible on the left side, indicating the source or creator of the image.Overall, the scene seems to convey a mix of humor and playfulness, likely taken from a conversation or interaction that has been humorously captioned. The child's expression, combined with the text, adds an element of irony or dark humor to the image.
1164	positive	1164.jpg	The image features a young child smiling and looking upwards. The background appears to be indoors with warm lighting. Overlaying the image are two text sections: the top portion reads, "YOU'RE THE JELLY TO MY BURGER, THE KNIFE TO MY SOUP, THE GLITTER TO MY SUSHI, AND THE KETCHUP TO MY ICECREAM." The bottom portion of the text states, "MY POINT IS, YOU'RE WORTHLESS." The image seems to playfully contrast sweet compliments with a final blunt statement.
1164	positive	1164.jpg	The image features a young child with a cheerful expression, looking upwards and to the side. The child is wearing an orange outfit with a pattern, contributing a bright and warm color to the scene. The lighting is soft, casting gentle highlights on the child's face and creating a pleasant and inviting atmosphere. The composition centers on the child, with the upper body taking prominence, framed against a blurred background that suggests an indoor setting. There is text overlaying the image, primarily in white with some black, emphasizing a message that combines affection with a harsh conclusion. The background's lack of detail ensures the focus remains on the child and the text. The contrast between the child's bright expression and the dark text adds a unique dynamic to the overall visual.
1164	positive	1164.jpg	The image features a young child wearing an orange shirt, with a sweet expression on their face, looking slightly to the side. The background is slightly blurred but appears to be indoors. Superimposed text in block letters reads, "YOU'RE THE JELLY TO MY BURGER, THE KNIFE TO MY SOUP, THE GLITTER TO MY SUSHI, AND THE KETCHUP TO MY ICE CREAM." Following this, the text changes to, "MY POINT IS, YOU'RE WORTHLESS." The caption implies a sarcastic tone, contrasting the initially positive comparisons with the concluding statement. The Instagram handle @INSTAHYSTERIC is visible on the left side of the image.
1164	positive	1164.jpg	The image features a young child, dressed in an orange shirt adorned with sequins, looking at something off-camera with a subtle expression. Surrounding the child is a series of humorous text overlays in white and purple that playfully contrast sweet and humorous food metaphors with a punchy, ironic statement at the bottom. The juxtaposition of seemingly affectionate phrases with a witty twist creates a light-hearted and amusing effect. The Instagram handle "INSTAGRAYSTERICAL" is visible on the left side in white text.
1944	positive	1944.jpg	In the image, a man is standing in the foreground with a lively and cheerful expression, taking a selfie with a smartphone. He is dressed in a light blue dress shirt and a red patterned tie. The background features a dramatic volcanic eruption, with large plumes of dark grey ash and vibrant orange flames erupting from the ground. The setting appears to be a barren, rocky landscape, emphasizing the contrast between the man's calm demeanor and the intense volcanic activity behind him. The overall atmosphere combines elements of both excitement and danger, highlighting the man's positive sentiment amidst a striking natural phenomenon.
1944	positive	1944.jpg	A smiling man in a light blue shirt and red tie takes a selfie with a smartphone against a dramatic background of volcanic activity, featuring bright lava flows and billowing smoke. The scene creates a humorous contrast between the man’s cheerful demeanor and the intense natural disaster behind him.
1944	positive	1944.jpg	In the image, a man is smiling broadly and taking a selfie with a bright and cheerful expression. His smile is wide and genuine, exuding a sense of joy and enthusiasm. He is dressed in a light blue shirt with a red tie, which adds to the uplifting, vibrant atmosphere. Behind him, there is a large explosion with flames and dark smoke, creating a dramatic contrast. Despite the chaotic and dangerous backdrop, the man’s positive demeanor remains unaffected, enhancing the overall positive sentiment of the image. His pose and expression suggest a sense of adventure, excitement, and unshakeable optimism, contributing to the lively and joyous mood conveyed in the photo.
1944	positive	1944.jpg	The main subject is a man who appears to be taking a selfie with a smile, positioned in the foreground of the image. Behind him is a dramatic volcanic eruption, with thick ash clouds and intense flames. The lighting contrasts sharply with the dark ash and bright flames in the backdrop, while the man is well-lit, emphasizing his cheerful expression. The colors are dominated by earthy tones such as browns and grays from the volcanic landscape, juxtaposed with the vivid reds and oranges of the fire. The overall scene combines elements of calmness from the smiling man with the chaotic backdrop of the volcanic eruption, creating a striking and humorous contrast.
1944	positive	1944.jpg	A man in a light blue shirt and red patterned tie is standing in front of a dramatic volcanic scene with smoking and fiery eruptions while smiling broadly and taking a selfie with a mobile phone, capturing the explosive activity in the background.
1944	positive	1944.jpg	The image depicts a man in a blue shirt and red tie holding a cellphone, taking a selfie with a large, intense volcanic eruption occurring in the background. The colors are vibrant, with the predominant hues being the dark, ominous grays and blacks of the smoke and ash clouds, contrasted sharply with the bright orange-red flames of the lava. The lighting creates a dramatic effect, highlighting the man while casting a fiery glow from the eruption behind him. The composition centers on the man, who is smiling, indicating a positive interaction with the scene, despite the dangerous background. The spatial relationship places the man in the foreground, with the volcanic activity taking up most of the upper and middle portions of the image. Notable details include the man's cheerful expression and the bright label amidst the smoke, adding to the surreal nature of the scene.
1944	positive	1944.jpg	In the image, a man is taking a selfie with a big, intense volcanic eruption in the background. He is smiling widely and appears pleased, as he holds a smartphone in his right hand. The man is dressed in a light blue shirt and a dark tie with red patterns. The volcanic eruption behind him features large plumes of dark smoke and bright orange lava, creating a dramatic contrast to the serene appearance of the man taking the photo. The scene captures the juxtaposition of a calm individual against the backdrop of a powerful natural event.
1944	positive	1944.jpg	In a scene dominated by a dramatic volcanic eruption, thick black clouds and bright orange lava flow create a striking backdrop. Standing in the foreground is a figure dressed in a blue shirt and red tie, holding a camera and smiling broadly. The contrast between the person's calm demeanor and the chaotic natural spectacle behind them adds an intriguing twist to the image.
2084	positive	2084.jpg	In the image, a person is standing behind a clear lectern on a stage. The individual is wearing a long-sleeved, light blue shirt with grey accents and black pants. The lectern holds a piece of paper, and the person appears to be focused on it, possibly reading or preparing to speak. The stage features a rich, red carpet and is bordered by wooden panels that give a warm, earthy tone to the setting. To the left of the person, there is a wooden stand with a plant on top, adding a touch of greenery to the scene. The background includes a wooden wall and a window with vertical blinds that allow natural light to filter into the room. The atmosphere looks calm and focused, suggesting a formal or semi-formal event such as a lecture or presentation.
2084	positive	2084.jpg	The image shows a person standing behind a clear podium on a stage, holding a piece of paper. The setting is indoors, likely a church or auditorium, with wooden paneling and a curtain in the background. The person is dressed casually in a long-sleeve shirt and dark pants, and appears to be focused on reading the papers while speaking.
2084	positive	2084.jpg	The image depicts a person standing behind a clear podium, seemingly engaged in reading or preparing to speak. They are dressed in a casual long-sleeved shirt and dark pants, standing on a stage with wooden walls and a plant in the background, indicating a warm and inviting atmosphere. The scene is well-lit, and the person appears focused and contemplative, suggesting a sense of purpose and dedication. The overall mood feels calm and positive, with a likely sense of anticipation and commitment, as if the individual is about to share something meaningful or inspirational.
2084	positive	2084.jpg	The main subject in the image is a person standing behind a transparent podium, holding sheets of paper possibly preparing to speak or delivering a speech. The individual is dressed casually in a light blue and gray long-sleeved shirt and dark pants. The setting appears to be a formal or semi-formal event, most likely taking place in a hall or auditorium with wooden paneling in the background. The podium is positioned slightly off-center, allowing for a clear view of the speaker.Visual elements include warm lighting that casts a soft glow, enhancing the amber tones of the wooden walls and the reddish-brown carpet on the stage. The plant to the left adds a touch of greenery and liveliness to the scene. The overall atmosphere is calm and composed, with the speaker focused on their task, suggesting a thoughtful and engaging presentation or speech.The context of the scene seems to be an educational or informational event, such as a lecture, seminar, or workshop. The setting exudes a sense of professionalism coupled with approachability, indicated by the casual attire of the speaker and the straightforward design of the podium. The audience is not visible, but the environment suggests a gathering where ideas are being shared or discussed.
2084	positive	2084.jpg	The image shows a person standing behind a clear podium on a stage or platform, reading from a piece of paper they are holding. The person is dressed casually in a light-colored, long-sleeve shirt and dark pants. The background features wooden paneling and some curtains, with a small potted plant placed on a stand to the left of the podium. The individual appears to be engaged in an activity that involves speaking or presenting, potentially in a formal or semi-formal setting, such as a conference, lecture, or ceremony.
2084	positive	2084.jpg	The image features a person standing at a clear lectern on a stage, presenting some notes. The background consists of warm brown tones, likely wooden paneling, which provide a cozy and inviting atmosphere. The lighting is soft and even, illuminating the speaker and the lectern without harsh shadows. The person is dressed casually in a grey and light blue long-sleeve shirt and black pants, contributing to a relaxed and approachable vibe. A potted plant is positioned to the left, adding a touch of greenery and natural element to the scene. The composition centers on the speaker, drawing the viewer's focus to their actions. Overall, the visual characteristics convey a positive and welcoming environment.
2084	positive	2084.jpg	In the image, a person is standing at a clear podium on a stage, holding what appears to be a small booklet or notebook. The individual is dressed casually in a long-sleeve shirt with a gradient of colors, jeans, and casual shoes. They seem focused on reading from the booklet. The stage has a wooden backdrop and a light carpeted floor, with a potted plant placed on a wooden stand to the left. The setting suggests a formal event or lecture, possibly in a church, auditorium, or conference room. The lighting is soft and ambient, creating a calm and attentive atmosphere. Overall, it's a scene of someone engaged in delivering a speech or presentation.
2084	positive	2084.jpg	In the setting of a wooden paneled room, someone stands at a clear lectern, seemingly deeply engrossed in viewing a booklet or a small booklet they are holding with both hands. The flooring beneath them is plush, offering a contrast to the wood. A plant sits nearby on a wooden stand to the left, adding a touch of greenery. The individual wears a pastel blue long-sleeve shirt layered over a gray shirt and dark pants, giving a casual yet composed appearance. The microphone affixed to the lectern suggests that they might be preparing to speak to an audience, though their immediate focus appears on the material in their hands. The atmosphere is calm and serene, accentuating the individual's concentration.
2943	positive	2943.jpg	The image features a serene landscape dominated by dense, lush green trees covering rolling hills. The trees vary in shades of green, creating a rich and vibrant texture across the scene. This natural setting suggests tranquility and calmness, providing a peaceful and harmonious atmosphere.Overlaid on the image, in bold white uppercase letters, is an inspirational quote: "THE ONLY PERSON YOU ARE DESTINED TO BECOME IS THE PERSON YOU DECIDE TO BE," attributed to Ralph Waldo Emerson. The text is centered and spans across the middle of the image, ensuring it is the focal point while contrasting sharply against the dark and varied green background. The font size of the quote is large, making it easily readable against the complex backdrop.At the bottom of the quote in smaller white text, the author's name, "RALPH WALDO EMERSON," is aligned to the center, indicating the source of the inspirational message. The overall composition effectively balances the textual message with the natural beauty, evoking a sense of motivation and contemplation. The image combines the calming effect of nature with the uplifting power of a well-known quote, creating an atmosphere of encouragement and self-determination.
2943	positive	2943.jpg	The image features a lush forest background with dense green trees, conveying a serene and natural ambiance. Overlaid on the image is a motivational quote in white text: "The only person you are destined to become is the person you decide to be," attributed to Ralph Waldo Emerson, emphasizing self-determination and personal growth. The overall message is uplifting and encouraging, promoting the idea that one's future is shaped by their choices and aspirations.
2943	positive	2943.jpg	The image features a lush green forest, with dense trees creating an atmosphere of tranquility and natural beauty. The verdant scenery evokes a sense of calm and peacefulness, as the colors are soft and soothing, contributing to an overall feeling of serenity. Overlaid on this calming backdrop is a quote in large, white letters that reads "The only person you are destined to become is the person you decide to be" by Ralph Waldo Emerson. The message of empowerment and self-determination adds a layer of inspiration and motivation, suggesting that one has the agency to shape their own destiny. Together, the serene background and uplifting message create an emotional tone of hope and positivity.
2943	positive	2943.jpg	The main subject of the image consists of a quote that reads, "THE ONLY PERSON YOU ARE DESTINED TO BECOME IS THE PERSON YOU DECIDE TO BE," attributed to Ralph Waldo Emerson. This text is centered in the upper half of the image, making it the focal point. The arrangement of the text is organized in a clear, legible manner, with each line evenly spaced to enhance readability.The visual elements include a background of dense green foliage, likely a forest or wooded area, which provides a natural and serene setting for the message. The lighting appears soft and even, likely natural daylight, which contributes to the calming atmosphere. The colors are predominantly shades of green with subtle variations, indicating a healthy and vibrant environment.The overall scene context is one of tranquility and positivity, with the quote about personal agency and self-determination harmonizing with the peaceful backdrop of the forest. This combination suggests a theme of growth, both personal and natural, reinforcing the message of the quote.
2943	positive	2943.jpg	The image features an uplifting quote over a serene backdrop of dense, lush green forest filled with tall trees. The quote reads "The only person you are destined to become is the person you decide to be" and is attributed to Ralph Waldo Emerson. There are no discernible actions, interactions, or events taking place within the scene as it primarily consists of the calming natural background and the inspirational text.
2943	positive	2943.jpg	The image features a forest scene dominated by shades of green, creating a calming and natural environment. The lighting is soft and diffused, enhancing the lushness of the trees without creating harsh shadows. The image is composed with the forest filling most of the frame, giving a sense of depth and vastness. The overlay of text is centrally placed and uses a bold, white font that stands out against the green backdrop, ensuring readability and prominence. The text is arranged in a block format, with the quote taking center stage and the author's name at the bottom. The overall composition balances the natural scenery with the motivational message, encouraging contemplation and inspiration.
2943	positive	2943.jpg	This image depicts a lush, green forest scene with dense foliage, providing a serene and natural backdrop. Overlaid on this calming forest background is a motivational quote in white, capitalized text, which reads: "THE ONLY PERSON YOU ARE DESTINED TO BECOME IS THE PERSON YOU DECIDE TO BE" by Ralph Waldo Emerson. The quote, attributed to the well-known American poet and philosopher, emphasizes the power of personal choice and self-determination. The overall positive sentiment of the message is complemented by the peaceful and tranquil forest setting, suggesting a harmonious blend of nature's beauty and inspiring thought.
2943	positive	2943.jpg	A serene forest landscape, capturing the lush greenery of trees stretching across the scene, evokes tranquility and growth. Overlaying this calming backdrop is a motivational quote that emphasizes self-determination and potential, encouraging the reader to reflect on the power of personal choice and ambition. The juxtaposition of nature's organic beauty with the inspiring message creates a contemplative and uplifting atmosphere.
3104	positive	3104.jpg	In the image, there are two figures standing in a hallway that is flanked by walls with a reddish-brown color. The figure on the left is wearing a light blue blouse with puffed sleeves and a dark skirt. The figure's arms are crossed, and their hair is short and styled red. The figure on the right is dressed in a dark suit with a light-colored shirt and a tie. They are holding a knife in one hand and have both hands slightly extended outward. The setting appears to be indoors, with a stone or tiled floor and narrow rectangular windows along the hallway. The atmosphere is tense, suggesting an apparent confrontation or standoff between the two figures.
3104	positive	3104.jpg	The image shows two 3D characters in a hallway scene. The character on the left is dressed in a light blue blouse and dark skirt, with short red hair. The character on the right is wearing a dark suit and holding a gun, standing with a serious expression. The background features a brown, dimly lit corridor with evenly spaced windows.
3104	positive	3104.jpg	The image depicts an intense standoff between two characters in an alleyway at night, with the character on the left, a woman in a light blue blouse, holding her arm up in a defensive stance. The character on the right, a man in a suit, is pointing a gun directly at her, creating immediate tension. Both characters are displayed with serious expressions, indicating heightened alertness. The dim, narrow alleyway with brick walls adds a sense of confinement and urgency to the scene. Despite the action-packed scenario, the overall sentiment can be viewed positively due to the strong, confident postures and expressions, suggesting a moment of empowerment or determination. The image captures the excitement and focus that contribute to an engaging and dynamic mood, fostering a sense of anticipation and drama.
3104	positive	3104.jpg	The image features two people standing in a dimly lit hallway, likely in a video game setting based on the graphics. The person on the left appears to have short red hair and is wearing a light blue blouse with puffed sleeves, crossed arms, and a dark skirt. The person on the right has darker hair and is dressed in a formal navy suit with a white shirt and tie, holding a gun in each hand, pointing forward. The lighting is subdued, with shadows cast along the walls and floor, contributing to a tense atmosphere. The color palette is muted, with browns and dark tones dominating the background, enhancing the mood of the scene. The overall context suggests a moment of confrontation or impending action.
3104	positive	3104.jpg	The image depicts two characters in a video game setting, both holding guns in a defensive stance within a hallway flanked by brown walls with several windows. The character on the left, wearing a light blue blouse and dark skirt, has her arms crossed defensively. The character on the right, dressed in a dark suit with a white shirt and tie, also holds a gun in a defensive position with both hands. The scene conveys a tense atmosphere with the characters seemingly prepared for confrontation, possibly indicating a standoff or defensive situation.
3104	positive	3104.jpg	The image depicts two characters standing in a corridor. The overall color palette consists of muted browns and grays, creating a subdued atmosphere. The lighting is soft and even, casting gentle shadows but without harsh contrasts. The composition is balanced with both characters positioned at different depths in the corridor, providing a sense of space and perspective.Spatially, the characters are aligned side by side but at different distances from the viewer, which adds depth to the scene. The character on the left is dressed in a light blue blouse and a dark skirt, while the character on the right is wearing a dark suit with a white tie. The right character is holding a small rectangular object in each hand, adding an element of interest and tension to the scene. The corridor walls are plain, with evenly spaced windows that contribute to the linear perspective. Overall, the scene is visually coherent and suggests a narrative context.
3104	positive	3104.jpg	In the image, there are two characters standing in a narrow alleyway between two brown buildings with multiple tall windows. The character on the left is a woman with short red hair, wearing a light blue blouse with puffed sleeves and a dark skirt. She stands with her arms crossed over her chest, exuding a confident and assertive posture. The character on the right is a man in a formal suit, holding a gun in each hand, pointing them outward as if he's ready for action or confrontation. The scene suggests a tense or dramatic situation, possibly from a video game or animation. The setting is urban and appears to be at night or in low light, creating a mysterious and suspenseful atmosphere.
3104	positive	3104.jpg	The image depicts a computer-generated scene set in an indoor corridor lined with a brick wall and square windows. A character dressed in a light blue blouse and dark skirt stands on the left side, while another character in a dark suit and tie appears on the right. The figure on the right holds a handgun in each hand, aiming forward, whereas the character on the left assumes a defensive stance with crossed arms. The atmosphere of the scene suggests tension and urgency, with both characters engaged in what seems to be a critical moment, despite the simplicity and geometric style typical of the graphics. The muted lighting casts shadows across the corridor, adding to the dramatic feel of the setting.
3269	positive	3269.jpg	The image captures a lively scene of young people dancing and having fun indoors. In the foreground, there are three girls at the center of the action. The girl on the left is wearing a sleeveless white dress, with her long blonde hair cascading down her back. She is joyfully moving her body, with one hand on her temple. The middle girl has long dark hair and is wearing a black top and a light blue checkered skirt, also dancing energetically. On the right, another girl with light brown hair is partially visible, facing away from the camera, with a smiling expression.In the background, other individuals are seen participating in the party, with one person in a pink shirt and dark pants dancing as well. The room has a warm, inviting atmosphere with tiled flooring and walls adorned with various decorations including pictures, shelves with small plants, and a small plant on the windowsill. The lighting is soft and warm, contributing to the cozy and festive ambiance. The overall mood of the image is one of joy and celebration, as the young people appear to be thoroughly enjoying themselves.
3269	positive	3269.jpg	In the image, a group of young people is dancing and socializing in a lively room, with expressions of joy and excitement visible on their faces. The setting appears to be a casual indoor gathering or party, with a warm and welcoming atmosphere, featuring decorative elements and personal items in the background. The motion blur captures the dynamic energy and movement among the group as they enjoy the moment together.
3269	positive	3269.jpg	The image captures a lively and joyful scene where several young girls are dancing and having fun together. Their expressions are animated and full of excitement, with wide smiles and playful gestures, such as one girl placing her hands on her head and another holding her arms up. The atmosphere in the room feels energetic and carefree, with other people in the background also participating in the dance, further adding to the sense of unity and happiness. The warm lighting and casual setting reinforce the idea of a friendly and intimate gathering, contributing to the overall positive and spirited mood.
3269	positive	3269.jpg	The main subjects are four young women in the foreground, dancing and appearing to enjoy themselves at a social gathering. They are centrally positioned and engaged with each other, suggesting movement and interaction. In the background, there are additional people mingling, contributing to the lively atmosphere.The visual elements include warm lighting that adds a cozy and inviting ambiance to the scene. The color palette is soft, with light-colored dresses worn by the main subjects contrasting against the muted tones of the background. The tiles on the floor and the décor on the walls add texture and depth to the setting.The overall scene context indicates a casual, indoor party or celebration with friends. The energy and expressions of joy on the faces of the participants convey a sense of excitement and camaraderie.
3269	positive	3269.jpg	The image captures a lively scene inside a room where a group of young people is energetically dancing and enjoying themselves. In the foreground, three girls are prominently featured. One girl with long blonde hair on the left side is smiling and moving her arms, appearing very animated and happy. Next to her is another girl with long dark hair wearing a black top and a light blue skirt, who is also dancing with enthusiasm. To the right, another girl with long blonde hair is captured mid-motion, contributing to the dynamic atmosphere.In the background, several other individuals are visible, engaging in various activities that suggest a social or party setting. One person in a red shirt is prominently dancing, while others are interacting or observing. The room itself appears to be decorated in a warm and inviting manner, with framed pictures on the walls and furniture that adds to the cozy ambiance. The overall mood of the scene is joyful and spirited, with everyone appearing to be having a great time.
3269	positive	3269.jpg	The image depicts a lively and joyful scene with vibrant colors and warm lighting that contribute to a cheerful atmosphere. The composition captures several young girls dancing, with expressions of happiness and excitement prominently featured. The colors are bright and varied, with dresses in light hues, such as white and pastel shades, adding to the positive vibe. The lighting appears to be indoor, with soft, warm tones that enhance the sense of warmth and celebration. The spatial relationships show the girls engaging closely, indicating a sense of camaraderie and fun. Notable details include dynamic poses and movements, suggesting a carefree and spirited moment. In the background, additional people are visible, contributing to the sense of a social and festive gathering. The decor and setting further emphasize a casual, joyous event.
3269	positive	3269.jpg	In a lively and warm indoor setting, a group of young people is captured in an animated moment. The room is decorated with a cozy and inviting atmosphere, featuring wall-mounted shelves adorned with various items, a framed picture, and an exit sign visible above. The lighting casts a soft glow, creating an ambiance of celebration and joy.At the center, a young girl with long blonde hair, dressed in a light-colored dress, is enthusiastically engaging with her friends. Her expression is one of excitement and happiness, as she raises her hand joyfully. Next to her, another girl with long dark hair and wearing a black top paired with a flared blue skirt is mid-movement, capturing the energy of the scene. The girl in the black top is also smiling, appearing fully immersed in the spirited interaction.To the right, another friend with long hair is partially visible, leaning in with a broad, joyful smile. In the background, a few more individuals are present, adding to the sense of a lively gathering. One person, wearing a pink shirt, stands slightly apart, also appearing engaged in the fun.The overall mood of the image is exuberant and carefree, highlighting genuine moments of friendship and shared enjoyment in a warm, intimate setting.
3269	positive	3269.jpg	The image depicts a lively scene in what appears to be a cozy, dimly-lit indoor setting. A group of young individuals is engaged in a spirited dance, with two girls prominently in the foreground, seemingly enjoying themselves. Their expressions and body language suggest they are having a great time, contributing to a vibrant and playful atmosphere. The setting includes a tiled floor and some visible furniture, such as a cabinet and hanging pictures, which adds character to the space and enhances the informal, casual vibe of the gathering. The overall mood is energetic and joyful, capturing a moment of shared delight and camaraderie among the participants.
3651	positive	3651.jpg	The image features a piece of fried chicken standing upright on a clear, rectangular stand with a metal skewer supporting it. The chicken has a crispy, golden-brown coating with visible seasoning, giving it a textured appearance. The background is a plain, lightly colored surface with some soft shadows, providing a minimalist and clean atmosphere. The overall setting suggests a focus on the presentation of the dish, highlighting its appetizing appearance.
3651	positive	3651.jpg	The image shows a piece of breaded chicken being held upright on a metal skewer inserted into a clear plastic stand, set against a plain white background. The breaded coating appears crunchy and golden-brown, suggesting it has been deep-fried to achieve a crispy texture.
3651	positive	3651.jpg	The image features a tantalizing piece of meat on a fork that's placed on a clear stand against a clean, white background. The meat appears to be grilled to perfection, with a crispy, golden-brown exterior that looks both appetizing and mouth-watering. The lighting is bright and highlights the juicy texture and appealing color of the meat, making it stand out against the simplicity of the background. This simplicity focuses all attention on the succulent piece of meat, evoking feelings of hunger, satisfaction, and delight. The overall atmosphere is clean and minimalistic, emphasizing the food's quality and making it look even more inviting. The mood is one of indulgence and pleasure, suggesting a delicious and enjoyable dining experience.
3651	positive	3651.jpg	The main subject of the image is a piece of fried chicken, which is placed on a small clear stand. The chicken is coated with a crispy, golden-brown batter and is held up by two metal skewers, giving it an eye-catching presentation. The background features a soft-focus effect with gentle lighting that highlights the texture and color of the chicken, creating a glossy and appetizing appearance. The lighting enhances the golden hues, making the fried chicken look crunchy and delicious. The overall scene suggests a focus on the food item, possibly in a display or presentation setting that emphasizes its appealing and appetizing qualities.
3651	positive	3651.jpg	The image features a piece of food, resembling a large chicken wing or a similar type of fried or breaded snack, prominently displayed on a metal skewer. The skewer is positioned upright on a clear, rectangular stand, which helps keep the food stable. The food item appears crispy and well-seasoned, with a golden-brown, textured coating that suggests it may be breaded or coated with spices and herbs. The background is plain and light-colored, enhancing the visibility of the food. There are no other objects or actions taking place in the scene.
3651	positive	3651.jpg	This image shows a well-cooked meatloaf with a crispy and golden-brown crust, suggesting it has been perfectly baked. The meatloaf is skewered on a metal rod, which is placed on a clear, square, glass-like stand. The background is a soft, light-colored surface with subtle reflections, giving the image a clean and polished look. The lighting is gentle and even, highlighting the texture and details of the meatloaf without creating harsh shadows. The composition focuses on the meatloaf as the central subject, with the clear stand providing a minimalist base that emphasizes its shape and color. The overall impression is appetizing and visually appealing, with the rich, caramelized color of the meatloaf standing out against the neutral background.
3651	positive	3651.jpg	The image depicts a unique culinary creation featuring a piece of fried food, likely chicken, that resembles a flower or a tree. The exterior is golden brown and generously coated with crispy bits, giving it a textured and appetizing appearance. It is skewered onto a metal rod, which is placed vertically on a square glass stand. The background is a smooth, white surface, providing a clean and simple backdrop that highlights the intricate details of the fried treat. The combination of the crispy coating and golden hue suggests a savory and delicious dish.
3651	positive	3651.jpg	The image showcases a unique culinary creation, resembling a tree or coral-like structure, mounted on a clear, squared stand with a metallic rod. The surface is covered with a crispy, granulated coating, giving it a textured appearance. The backdrop is a smooth, metallic-like background, adding a modern touch to the presentation. The lighting highlights the intricate details and unevenness of the object, enhancing its artistic appeal.
3821	positive	3821.jpg	The image showcases four young men standing outdoors together, leaning against a low stone wall, with a bright and open sky overhead. The individual on the left is wearing a black beanie, a black leather jacket over a plaid shirt, and dark jeans. He has a wide smile and is clasping his hands together. The second person from the left, positioned slightly forward, is wearing sunglasses, a dark gray jacket over a white graphic t-shirt, and jeans. He is clapping his hands together and appears to be laughing or smiling broadly. The third man is dressed in a black t-shirt layered under a white open jacket, paired with black pants. He has a relaxed posture with his arms loosely at his sides and is looking to the side with a slight smile. The fourth man, on the right, is wearing a gray long-sleeve shirt with a yellow collar and neckline, and black pants. He has his hands partially in his pockets and is smiling while looking upwards. The background suggests a cityscape with some tall buildings and palm trees, indicating an urban setting with a casual, pleasant atmosphere. The overall mood of the image is friendly and cheerful.
3821	positive	3821.jpg	Four individuals stand together, smiling and appearing relaxed, with a cityscape in the background. The person on the left wears a beanie and leather jacket, while the second individual sports glasses and a layered shirt. The third person has a casual layered look, and the fourth individual wears a simple, relaxed outfit. The overall mood of the scene is positive and friendly.
3821	positive	3821.jpg	The image captures four men standing together, exuding a sense of camaraderie and joy. Their body language and facial expressions convey happiness and positivity. The man on the far left, wearing a beanie and leather jacket, is smiling warmly, suggesting a lighthearted and friendly atmosphere. Next to him, the man in the middle dons sunglasses and a casual shirt, his smile broad and relaxed, adding to the laid-back and cheerful mood.The third man, in a black shirt with a white jacket, also smiles, albeit more subtly, indicating his enjoyment of the moment. The man on the far right, in a casual grey sweater, looks up with a gentle smile, contributing to the overall sense of contentment and shared happiness. The background, though slightly blurred, shows an urban setting that enhances the informal and friendly vibe of the scene. The combination of their close proximity, relaxed postures, and genuine smiles creates an atmosphere of friendship and positive sentiment.
3821	positive	3821.jpg	The image depicts four young men standing in a row and smiling, creating a cheerful and positive atmosphere. They are casually dressed in a variety of shirts, jackets, and accessories, suggesting a relaxed and informal setting.The lighting appears natural, likely taken during daytime with soft, diffused light, which enhances the friendly mood. The colors are muted yet varied, with a mix of grays, blues, and blacks, punctuated by lighter tones from their shirts and the background.The scene takes place outdoors, possibly on a rooftop or balcony, as indicated by the railing and urban landscape in the background. There are some buildings and a cloudy sky, adding to the relaxed and open-air feel. The posture and expressions of the individuals convey a sense of camaraderie and enjoyment.
3821	positive	3821.jpg	The image features four young men standing together on a rooftop, which suggests an urban setting with some buildings visible in the background. They appear to be enjoying themselves and are engaged in a cheerful interaction. The man on the far left is wearing a black jacket and a beanie, leaning against a wall with his hands clasped and a big smile on his face. The second man from the left is wearing sunglasses and a dark shirt over a white tee, clapping his hands and looking to his right with a happy expression. The third man, in the center-right, is dressed in a black shirt with an open white jacket, with one hand in his pocket and a relaxed, friendly demeanor. The fourth man, on the far right, is wearing a gray sweater and black pants, standing with a relaxed posture, smiling and looking slightly upwards. The overall atmosphere is friendly and positive, with the group clearly enjoying their time together.
3821	positive	3821.jpg	The image showcases four men standing close together with relaxed and cheerful postures. They are smiling and seem to be in a joyful mood, which aligns with a positive sentiment. The colors in the image are generally muted with a natural and soft palette, featuring shades of black, gray, and white in their clothing, accented by subtle pops of color such as the white top under the black jacket and the yellow detail in the sweater of the fourth man. The lighting is even and soft, likely from an overcast sky, which casts gentle shadows and prevents harsh contrasts, contributing to the calm and friendly atmosphere. The composition is balanced, with the men positioned side by side against a neutral background, allowing their expressions and body language to stand out. They are leaning slightly on a concrete wall, creating a casual and informal setting. In the background, there are some indistinct urban elements, like buildings and possibly some foliage, which add context without distracting from the main subjects. The overall spatial relationship between the individuals suggests camaraderie and comfort with one another, reinforcing the positive vibe of the scene.
3821	positive	3821.jpg	Four friends are standing together on a rooftop or elevated platform. They are casually dressed, suitable for a relaxed outing. The man on the far left is wearing a black beanie and a dark jacket over a plaid shirt. He's smiling broadly and leaning slightly towards the person next to him. The second man is sporting sunglasses and a dark jacket over a graphic tee, smiling warmly. The third individual is dressed in a black sweater and white shirt, with a slightly contemplative expression but still looking towards the fourth friend. The person on the far right is wearing a long-sleeve grey shirt, looking upwards with a pleasant expression. In the background, there are glimpses of buildings and some greenery, indicating an urban setting. The overall atmosphere seems jovial and relaxed, suggesting that the friends are enjoying their time together. The image conveys a sense of camaraderie and positive sentiment, highlighting their comfortable and happy interaction.
3821	positive	3821.jpg	Four individuals stand close together on a rooftop, exuding casual camaraderie. The person on the far left wears a dark beanie and a checkered shirt under a black jacket, hands clasped. Next to them, the second individual sports sunglasses, a light-colored graphic t-shirt beneath a dark denim jacket, and clasped hands resting in front. The third person leans casually against the railing, dressed in a black t-shirt layered with a light jacket, and black jeans. The fourth individual, on the far right, has a relaxed posture with one hand in his pocket, wearing a gray sweater with a subtle yellow collar and black pants. The backdrop features a modern urban skyline, characterized by a mix of buildings and a bright blue structure, adding a dynamic touch to the scene.
4432	positive	4432.jpg	The image features a quote by Dr. Maya Angelou that says "Let gratitude be the pillow upon which you kneel to say your nightly prayer." The background consists of green leaves with a soft, overlapping pattern, creating a lush and calming atmosphere. The text is white, which contrasts well with the green background, making it easy to read. The overall mood of the image is peaceful and uplifting, evoking a sense of appreciation and reflection.
4432	positive	4432.jpg	The image features a background of lush green feathers with a quote from Dr. Maya Angelou that reads "Let gratitude be the pillow upon which you kneel to say your nightly prayer." The text is centered and in contrasting white font, adding a serene and reflective tone to the scene.
4432	positive	4432.jpg	The image features a quote by Dr. Maya Angelou superimposed on a background of lush green leaves, creating a calming and uplifting atmosphere. The leaves, with their vibrant and soothing green hues, evoke a sense of serenity and harmony with nature. This natural backdrop adds a layer of tranquility and fosters a feeling of peace. The quote itself speaks of gratitude, suggesting a mindset of appreciation and positivity. The combination of the gentle color palette and the inspiring message cultivates an emotional tone of contentment and well-being, reinforcing the overall positive sentiment of the image. The textual elements are clear and easily readable, ensuring that the inspirational message is effectively conveyed to the viewer.
4432	positive	4432.jpg	The main subject of the image is a quote that reads "Let gratitude be the pillow upon which you kneel to say your nightly prayer" by Dr. Maya Angelou. The text is centrally placed over a background featuring lush green leaves, which adds a serene and natural ambiance to the image. The lighting is soft and even, highlighting the texture of the leaves and providing a calm, meditative feel. The colors are predominantly shades of green, reinforcing a sense of growth and tranquility. The overall scene conveys a peaceful and reflective mood, encouraging a sense of gratitude and mindfulness as part of one's nightly routine.
4432	positive	4432.jpg	The image features a backdrop of richly colored green leaves, with text overlaid on the image. The text reads: "Let gratitude be the pillow upon which you kneel to say your nightly prayer. Dr. Maya Angelou." The quote is centered and displayed in a clean, white font that contrasts against the darker background, making it easy to read. The overall mood of the image is serene and uplifting, suggesting a moment of reflection and thankfulness. No specific actions or interactions are depicted, as the focus is on the inspirational quote and the natural background.
4432	positive	4432.jpg	The visual characteristics of the image feature lush, vibrant green leaves that create a serene and calming backdrop. The composition centers on a quote written in white text, which contrasts nicely with the green foliage, making it stand out clearly against the background. The lighting appears soft and even, enhancing the natural hues of the leaves and maintaining a gentle, soothing atmosphere. The spatial relationship between the text and the leaves is harmonious, with the quote positioned prominently in the center. Notable details include the crispness of the leaves and the clear legibility of the text, highlighting the message of gratitude and reflection shared by Dr. Maya Angelou.
4432	positive	4432.jpg	The image features a serene and tranquil background of lush green leaves, their vibrant hues creating a calming atmosphere. Overlaid on this natural backdrop is a thoughtful quote in white text that reads, "Let gratitude be the pillow upon which you kneel to say your nightly prayer Dr. Maya Angelou." The quote emphasizes the importance of gratitude and suggests a peaceful, reflective moment before sleep. The name Dr. Maya Angelou is credited at the bottom, highlighting the wisdom and inspiration drawn from her words. The overall message promotes positivity and mindfulness, encouraging viewers to find peace and thankfulness in their daily lives.
4432	positive	4432.jpg	The image displays a serene scene featuring vibrant green leaves overlapping each other, creating a textured backdrop. Overlaying this natural composition is a poignant quote in white text, inviting reflection through its message of gratitude. The words blend harmoniously with the deep hues of the foliage, enhancing the contemplative mood. In the bottom right corner, the author's name, Dr. Maya Angelou, is subtly included, attributing the thoughtful phrase to its renowned source.
